,pmid,entity_1,entity_1_type,entity_1_identifier,relation,entity_2,entity_2_type,entity_2_identifier,split
0,10491763,Hepatocyte nuclear factor-6,GeneOrGeneProduct,3175,Association,type II diabetes,DiseaseOrPhenotypicFeature,D003924,train
1,10491763,glucose,ChemicalEntity,D005947,Positive_Correlation,insulin,GeneOrGeneProduct,3630,train
2,10491763,glucose,ChemicalEntity,D005947,Association,type II diabetes,DiseaseOrPhenotypicFeature,D003924,train
3,10661407,Langerin,GeneOrGeneProduct,50489,Bind,mannose,ChemicalEntity,D008358,train
4,10788334,breast or ovarian cancer,DiseaseOrPhenotypicFeature,D001943,Positive_Correlation,5382insC,SequenceVariant,c|INS|5382|C,train
5,10788334,breast or ovarian cancer,DiseaseOrPhenotypicFeature,D001943,Positive_Correlation,4153delA,SequenceVariant,c|DEL|4153|A,train
6,10788334,breast or ovarian cancer,DiseaseOrPhenotypicFeature,D001943,Positive_Correlation,C61G,SequenceVariant,rs28897672,train
7,10788334,breast or ovarian cancer,DiseaseOrPhenotypicFeature,D010051,Positive_Correlation,5382insC,SequenceVariant,c|INS|5382|C,train
8,10788334,breast or ovarian cancer,DiseaseOrPhenotypicFeature,D010051,Positive_Correlation,4153delA,SequenceVariant,c|DEL|4153|A,train
9,10788334,breast or ovarian cancer,DiseaseOrPhenotypicFeature,D010051,Positive_Correlation,C61G,SequenceVariant,rs28897672,train
10,10788334,5382insC,SequenceVariant,c|INS|5382|C,Positive_Correlation,breast-ovarian cancer,DiseaseOrPhenotypicFeature,D061325,train
11,10788334,4153delA,SequenceVariant,c|DEL|4153|A,Positive_Correlation,breast-ovarian cancer,DiseaseOrPhenotypicFeature,D061325,train
12,10788334,C61G,SequenceVariant,rs28897672,Positive_Correlation,breast-ovarian cancer,DiseaseOrPhenotypicFeature,D061325,train
13,10788334,BRCA1 abnormalities,DiseaseOrPhenotypicFeature,OMIM:604370,Positive_Correlation,5382insC,SequenceVariant,c|INS|5382|C,train
14,10788334,BRCA1 abnormalities,DiseaseOrPhenotypicFeature,OMIM:604370,Positive_Correlation,4153delA,SequenceVariant,c|DEL|4153|A,train
15,10788334,BRCA1 abnormalities,DiseaseOrPhenotypicFeature,OMIM:604370,Positive_Correlation,C61G,SequenceVariant,rs28897672,train
16,10788334,BRCA1,GeneOrGeneProduct,672,Association,breast or ovarian cancer,DiseaseOrPhenotypicFeature,D001943,train
17,10788334,BRCA1,GeneOrGeneProduct,672,Association,breast or ovarian cancer,DiseaseOrPhenotypicFeature,D010051,train
18,10788334,BRCA1,GeneOrGeneProduct,672,Association,BRCA1 abnormalities,DiseaseOrPhenotypicFeature,OMIM:604370,train
19,10788334,BRCA1,GeneOrGeneProduct,672,Association,breast-ovarian cancer,DiseaseOrPhenotypicFeature,D061325,train
20,11009181,levodopa,ChemicalEntity,D007980,Positive_Correlation,dyskinesias,DiseaseOrPhenotypicFeature,D004409,train
21,11009181,Apomorphine,ChemicalEntity,D001058,Negative_Correlation,levodopa,ChemicalEntity,D007980,train
22,11009181,Apomorphine,ChemicalEntity,D001058,Negative_Correlation,dyskinesias,DiseaseOrPhenotypicFeature,D004409,train
23,11009181,Apomorphine,ChemicalEntity,D001058,Negative_Correlation,Parkinson's disease,DiseaseOrPhenotypicFeature,D010300,train
24,11054569,uterine sarcoma,DiseaseOrPhenotypicFeature,D014594,Association,Rab6c,GeneOrGeneProduct,84084,train
25,11054569,Rab6c,GeneOrGeneProduct,84084,Positive_Correlation,vincristine,ChemicalEntity,D014750,train
26,11054569,Rab6c,GeneOrGeneProduct,84084,Positive_Correlation,vinblastine,ChemicalEntity,D014747,train
27,11054569,Rab6c,GeneOrGeneProduct,84084,Positive_Correlation,taxol,ChemicalEntity,D017239,train
28,11054569,Rab6c,GeneOrGeneProduct,84084,Positive_Correlation,doxorubicin,ChemicalEntity,D004317,train
29,11773892,calcineurin,GeneOrGeneProduct,5530,Negative_Correlation,tacrolimus,ChemicalEntity,D016559,train
30,11773892,calcineurin,GeneOrGeneProduct,5530,Negative_Correlation,cyclosporine,ChemicalEntity,D016572,train
31,11773892,hepatorenal syndrome,DiseaseOrPhenotypicFeature,D006530,Positive_Correlation,creatinine,ChemicalEntity,D003404,train
32,11773892,tacrolimus,ChemicalEntity,D016559,Positive_Correlation,nephrotoxic,DiseaseOrPhenotypicFeature,D007674,train
33,11773892,End-stage renal disease,DiseaseOrPhenotypicFeature,D007676,Positive_Correlation,creatinine,ChemicalEntity,D003404,train
34,11773892,cyclosporine,ChemicalEntity,D016572,Positive_Correlation,nephrotoxic,DiseaseOrPhenotypicFeature,D007674,train
35,12442272,SOD1,GeneOrGeneProduct,6647,Association,amyotrophic lateral sclerosis,DiseaseOrPhenotypicFeature,D000690,train
36,12442272,D90A,SequenceVariant,rs80265967,Negative_Correlation,amyotrophic lateral sclerosis,DiseaseOrPhenotypicFeature,D000690,train
37,1353340,arylsulfatase A,GeneOrGeneProduct,410,Association,metachromatic leukodystrophy,DiseaseOrPhenotypicFeature,D007966,train
38,1353340,arginine84,SequenceVariant,rs74315458,Positive_Correlation,metachromatic leukodystrophy,DiseaseOrPhenotypicFeature,D007966,train
39,14722929,GJB2,GeneOrGeneProduct,2706,Association,non-syndromic autosomal recessive deafness,DiseaseOrPhenotypicFeature,C567134,train
40,15099351,N157K,SequenceVariant,rs143117125,Positive_Correlation,autosomal dominant hypercholesterolemia,DiseaseOrPhenotypicFeature,D006938,train
41,15099351,autosomal dominant hypercholesterolemia,DiseaseOrPhenotypicFeature,D006938,Association,PCSK9,GeneOrGeneProduct,255738,train
42,15099351,PCSK9,GeneOrGeneProduct,255738,Association,cholesterol,ChemicalEntity,D002784,train
43,15099351,PCSK9,GeneOrGeneProduct,255738,Association,hypercholesterolemia,DiseaseOrPhenotypicFeature,D006937,train
44,15099351,D374Y,SequenceVariant,rs137852912,Positive_Correlation,autosomal dominant hypercholesterolemia,DiseaseOrPhenotypicFeature,D006938,train
45,15099351,hypercholesterolemia,DiseaseOrPhenotypicFeature,D006937,Association,D374Y,SequenceVariant,rs137852912,train
46,15122708,alpha-B crystallin,GeneOrGeneProduct,1410,Association,Desmin-related myopathy,DiseaseOrPhenotypicFeature,C563319,train
47,15122708,desmin,GeneOrGeneProduct,1674,Association,Desmin-related myopathy,DiseaseOrPhenotypicFeature,C563319,train
48,15122708,selenoprotein N,GeneOrGeneProduct,57190,Association,multiminicore disease,DiseaseOrPhenotypicFeature,C564969,train
49,15122708,selenoprotein N,GeneOrGeneProduct,57190,Association,rigid spine muscular dystrophy,DiseaseOrPhenotypicFeature,C535683,train
50,15122708,selenoprotein N,GeneOrGeneProduct,57190,Association,muscle disorders,DiseaseOrPhenotypicFeature,D009135,train
51,15122708,Desmin-related myopathy,DiseaseOrPhenotypicFeature,C563319,Positive_Correlation,del 92 nucleotide -19/+73,SequenceVariant,c|DEL|-19_+73|92,train
52,15122708,Desmin-related myopathy,DiseaseOrPhenotypicFeature,C563319,Association,selenoprotein N,GeneOrGeneProduct,57190,train
53,15177686,HIRA,GeneOrGeneProduct,7290,Association,DiGeorge and Velocardiofacial syndromes,DiseaseOrPhenotypicFeature,D004062,train
54,15188772,Catecholamine,ChemicalEntity,D002395,Positive_Correlation,cardiomyopathy,DiseaseOrPhenotypicFeature,D009202,train
55,15188772,cardiomyopathy,DiseaseOrPhenotypicFeature,D009202,Positive_Correlation,epinephrine,ChemicalEntity,D004837,train
56,15188772,epinephrine,ChemicalEntity,D004837,Positive_Correlation,myocardial stunning,DiseaseOrPhenotypicFeature,D017682,train
57,15188772,left ventricular systolic and diastolic dysfunction,DiseaseOrPhenotypicFeature,D018487,Positive_Correlation,epinephrine,ChemicalEntity,D004837,train
58,15266215,thrombotic,DiseaseOrPhenotypicFeature,D013927,Positive_Correlation,aspirin,ChemicalEntity,D001241,train
59,15266215,valdecoxib,ChemicalEntity,C406224,Negative_Correlation,rheumatoid arthritis,DiseaseOrPhenotypicFeature,D001172,train
60,15266215,valdecoxib,ChemicalEntity,C406224,Negative_Correlation,osteoarthritis,DiseaseOrPhenotypicFeature,D010003,train
61,15266215,valdecoxib,ChemicalEntity,C406224,Comparison,nonsteroidal antiinflammatory agents,ChemicalEntity,D000894,train
62,15266215,valdecoxib,ChemicalEntity,C406224,Negative_Correlation,arthritis,DiseaseOrPhenotypicFeature,D001168,train
63,15266215,cyclooxygenase-2,GeneOrGeneProduct,5743,Negative_Correlation,valdecoxib,ChemicalEntity,C406224,train
64,16005363,nine nucleotide insertion,SequenceVariant,c|INS||9,Positive_Correlation,Wolfram syndrome,DiseaseOrPhenotypicFeature,D014929,train
65,16005363,WFS1,GeneOrGeneProduct,7466,Association,Wolfram syndrome,DiseaseOrPhenotypicFeature,D014929,train
66,16005363,AFF344-345ins,SequenceVariant,p|INS|344_345|AFF,Positive_Correlation,Wolfram syndrome,DiseaseOrPhenotypicFeature,D014929,train
67,16200390,5-hydroxytryptamine,ChemicalEntity,D012701,Positive_Correlation,migraine,DiseaseOrPhenotypicFeature,D008881,train
68,16369751,S-1,ChemicalEntity,C079198,Comparison,5-Fluorouracil,ChemicalEntity,D005472,train
69,16369751,cardiac symptoms,DiseaseOrPhenotypicFeature,D006331,Negative_Correlation,S-1,ChemicalEntity,C079198,train
70,16369751,cardiotoxicity,DiseaseOrPhenotypicFeature,D066126,Negative_Correlation,S-1,ChemicalEntity,C079198,train
71,16369751,cardiotoxicity,DiseaseOrPhenotypicFeature,D066126,Positive_Correlation,alpha-fluoro-beta-alanine,ChemicalEntity,C032348,train
72,16369751,precordial pain,DiseaseOrPhenotypicFeature,D002637,Positive_Correlation,alpha-fluoro-beta-alanine,ChemicalEntity,C032348,train
73,16369751,precordial pain,DiseaseOrPhenotypicFeature,D002637,Positive_Correlation,5-Fluorouracil,ChemicalEntity,D005472,train
74,16369751,alpha-fluoro-beta-alanine,ChemicalEntity,C032348,Negative_Correlation,S-1,ChemicalEntity,C079198,train
75,16369751,right bundle branch block,DiseaseOrPhenotypicFeature,D002037,Positive_Correlation,alpha-fluoro-beta-alanine,ChemicalEntity,C032348,train
76,16369751,5-Fluorouracil,ChemicalEntity,D005472,Negative_Correlation,malignancies,DiseaseOrPhenotypicFeature,D009369,train
77,16369751,5-Fluorouracil,ChemicalEntity,D005472,Positive_Correlation,cardiotoxicity,DiseaseOrPhenotypicFeature,D066126,train
78,16369751,5-Fluorouracil,ChemicalEntity,D005472,Positive_Correlation,alpha-fluoro-beta-alanine,ChemicalEntity,C032348,train
79,16369751,5-Fluorouracil,ChemicalEntity,D005472,Positive_Correlation,right bundle branch block,DiseaseOrPhenotypicFeature,D002037,train
80,16596970,Pilocarpine,ChemicalEntity,D010862,Positive_Correlation,status epilepticus,DiseaseOrPhenotypicFeature,D013226,train
81,16596970,Pilocarpine,ChemicalEntity,D010862,Positive_Correlation,impairment in auditory location discrimination,DiseaseOrPhenotypicFeature,D001308,train
82,16596970,Pilocarpine,ChemicalEntity,D010862,Positive_Correlation,seizures,DiseaseOrPhenotypicFeature,D012640,train
83,17000021,PTPN22,GeneOrGeneProduct,26191,Association,autoimmune diseases,DiseaseOrPhenotypicFeature,D001327,train
84,17000021,PTPN22,GeneOrGeneProduct,26191,Association,type 1 diabetes,DiseaseOrPhenotypicFeature,D003922,train
85,17000021,PTPN22,GeneOrGeneProduct,26191,Association,juvenile idiopathic arthritis,DiseaseOrPhenotypicFeature,D001171,train
86,17000021,+1858C>T,SequenceVariant,rs2476601,Positive_Correlation,autoimmune diseases,DiseaseOrPhenotypicFeature,D001327,train
87,17000021,+1858C>T,SequenceVariant,rs2476601,Positive_Correlation,type 1 diabetes,DiseaseOrPhenotypicFeature,D003922,train
88,17000021,+1858C>T,SequenceVariant,rs2476601,Positive_Correlation,juvenile idiopathic arthritis,DiseaseOrPhenotypicFeature,D001171,train
89,17000021,-1123 G>C,SequenceVariant,rs2488457,Association,+2740 A>G,SequenceVariant,rs1217412,train
90,17006606,-511C/T,SequenceVariant,rs1143634,Association,C-to-T substitution at -31,SequenceVariant,rs1143627,train
91,17006606,nuclear factor of kappa B,GeneOrGeneProduct,4790,Association,cancer,DiseaseOrPhenotypicFeature,D009369,train
92,17006606,IL1B,GeneOrGeneProduct,3553,Association,cancer,DiseaseOrPhenotypicFeature,D009369,train
93,17006606,IL1B,GeneOrGeneProduct,3553,Association,nuclear factor of kappa B,GeneOrGeneProduct,4790,train
94,17006606,IL1B,GeneOrGeneProduct,3553,Association,gastric adenocarcinoma,DiseaseOrPhenotypicFeature,D013274,train
95,17006606,gastric adenocarcinoma,DiseaseOrPhenotypicFeature,D013274,Positive_Correlation,-511C/T,SequenceVariant,rs1143634,train
96,17006606,C-to-T substitution at -31,SequenceVariant,rs1143627,Positive_Correlation,gastric adenocarcinoma,DiseaseOrPhenotypicFeature,D013274,train
97,17035713,cisplatin,ChemicalEntity,D002945,Negative_Correlation,Chloroacetaldehyde,ChemicalEntity,C004656,train
98,17035713,cysteine proteases,GeneOrGeneProduct,841,Positive_Correlation,cisplatin,ChemicalEntity,D002945,train
99,17035713,caspase-3,GeneOrGeneProduct,836,Positive_Correlation,cisplatin,ChemicalEntity,D002945,train
100,17035713,Chloroacetaldehyde,ChemicalEntity,C004656,Negative_Correlation,cysteine proteases,GeneOrGeneProduct,1508,train
101,17035713,Chloroacetaldehyde,ChemicalEntity,C004656,Negative_Correlation,cysteine proteases,GeneOrGeneProduct,841,train
102,17035713,Chloroacetaldehyde,ChemicalEntity,C004656,Negative_Correlation,caspase-3,GeneOrGeneProduct,836,train
103,17035713,Chloroacetaldehyde,ChemicalEntity,C004656,Positive_Correlation,necrosis,DiseaseOrPhenotypicFeature,D009336,train
104,17035713,Chloroacetaldehyde,ChemicalEntity,C004656,Negative_Correlation,thiol,ChemicalEntity,D013438,train
105,17035713,Chloroacetaldehyde,ChemicalEntity,C004656,Positive_Correlation,nephropathy,DiseaseOrPhenotypicFeature,D007674,train
106,17035713,nephropathy,DiseaseOrPhenotypicFeature,D007674,Positive_Correlation,ifosfamide,ChemicalEntity,D007069,train
107,17035713,tumor,DiseaseOrPhenotypicFeature,D009369,Negative_Correlation,ifosfamide,ChemicalEntity,D007069,train
108,1711760,phenylephrine,ChemicalEntity,D010656,Positive_Correlation,hypertension,DiseaseOrPhenotypicFeature,D006973,train
109,17391797,phosphatidylethanolamine N-methyltransferase,GeneOrGeneProduct,10400,Association,NASH,DiseaseOrPhenotypicFeature,D065626,train
110,17391797,phosphatidylethanolamine,ChemicalEntity,D010714,Conversion,phosphatidylcholine,ChemicalEntity,D010713,train
111,17391797,V175M,SequenceVariant,rs7946,Association,phosphatidylcholine,ChemicalEntity,D010713,train
112,17391797,V175M,SequenceVariant,rs7946,Association,phosphatidylethanolamine,ChemicalEntity,D010714,train
113,17391797,V175M,SequenceVariant,rs7946,Positive_Correlation,NASH,DiseaseOrPhenotypicFeature,D065626,train
114,17495183,rs1155974,SequenceVariant,rs1155974,Association,obesity,DiseaseOrPhenotypicFeature,D009765,train
115,17495183,rs2073162,SequenceVariant,rs2073162,Positive_Correlation,type 2 diabetes,DiseaseOrPhenotypicFeature,D003924,train
116,17495183,rs2073162,SequenceVariant,rs2073162,Association,obesity,DiseaseOrPhenotypicFeature,D009765,train
117,17495183,rs1155794,SequenceVariant,rs1155794,Positive_Correlation,type 2 diabetes,DiseaseOrPhenotypicFeature,D003924,train
118,17495183,type 2 diabetes,DiseaseOrPhenotypicFeature,D003924,Positive_Correlation,rs1155974,SequenceVariant,rs1155974,train
119,17495183,type 2 diabetes,DiseaseOrPhenotypicFeature,D003924,Positive_Correlation,glucose,ChemicalEntity,D005947,train
120,17495183,rs2073163,SequenceVariant,rs2073163,Positive_Correlation,type 2 diabetes,DiseaseOrPhenotypicFeature,D003924,train
121,17495183,rs2073163,SequenceVariant,rs2073163,Association,obesity,DiseaseOrPhenotypicFeature,D009765,train
122,17495183,glucose,ChemicalEntity,D005947,Association,rs1155794,SequenceVariant,rs1155794,train
123,17495183,glucose,ChemicalEntity,D005947,Association,rs2073163,SequenceVariant,rs2073163,train
124,17495183,obesity,DiseaseOrPhenotypicFeature,D009765,Association,rs11798018,SequenceVariant,rs11798018,train
125,17495183,obesity,DiseaseOrPhenotypicFeature,D009765,Association,rs4828037,SequenceVariant,rs4828037,train
126,17495183,obesity,DiseaseOrPhenotypicFeature,D009765,Association,rs5966709,SequenceVariant,rs5966709,train
127,17495183,Tenomodulin,GeneOrGeneProduct,64102,Association,type 2 diabetes,DiseaseOrPhenotypicFeature,D003924,train
128,17495183,Tenomodulin,GeneOrGeneProduct,64102,Association,glucose,ChemicalEntity,D005947,train
129,17495183,Tenomodulin,GeneOrGeneProduct,64102,Association,diabetes,DiseaseOrPhenotypicFeature,D003920,train
130,17495183,Tenomodulin,GeneOrGeneProduct,64102,Association,obesity,DiseaseOrPhenotypicFeature,D009765,train
131,17595233,innate immune receptor,GeneOrGeneProduct,7097,Association,inflammatory bowel disease,DiseaseOrPhenotypicFeature,D015212,train
132,17595233,innate immune receptor,GeneOrGeneProduct,7099,Association,inflammatory bowel disease,DiseaseOrPhenotypicFeature,D015212,train
133,17595233,P631H,SequenceVariant,p|SUB|P|631|H,Negative_Correlation,inflammatory bowel disease,DiseaseOrPhenotypicFeature,D015212,train
134,17595233,D299G,SequenceVariant,rs4986790,Negative_Correlation,inflammatory bowel disease,DiseaseOrPhenotypicFeature,D015212,train
135,17595233,innate immune receptor,GeneOrGeneProduct,64127,Association,inflammatory bowel disease,DiseaseOrPhenotypicFeature,D015212,train
136,17595233,Crohn's disease,DiseaseOrPhenotypicFeature,D003424,Association,innate immune receptor,GeneOrGeneProduct,64127,train
137,17595233,Crohn's disease,DiseaseOrPhenotypicFeature,D003424,Association,innate immune receptor,GeneOrGeneProduct,10392,train
138,17683901,FGFR3,GeneOrGeneProduct,2261,Association,achondroplasia,DiseaseOrPhenotypicFeature,D000130,train
139,17683901,G380R,SequenceVariant,rs28931614,Positive_Correlation,achondroplasia,DiseaseOrPhenotypicFeature,D000130,train
140,18166824,DMC1,GeneOrGeneProduct,11144,Association,infertility,DiseaseOrPhenotypicFeature,D007247,train
141,18166824,DMC1,GeneOrGeneProduct,11144,Association,premature ovarian failure,DiseaseOrPhenotypicFeature,D016649,train
142,18166824,MSH5,GeneOrGeneProduct,4439,Association,premature ovarian failure,DiseaseOrPhenotypicFeature,D016649,train
143,18166824,infertility,DiseaseOrPhenotypicFeature,D007247,Association,MSH5,GeneOrGeneProduct,4439,train
144,18166824,infertility,DiseaseOrPhenotypicFeature,D007247,Association,M200V,SequenceVariant,rs2227914,train
145,18166824,infertility,DiseaseOrPhenotypicFeature,D007247,Association,cytosine residue with thymidine,SequenceVariant,rs2075789,train
146,18166824,M200V,SequenceVariant,rs2227914,Association,premature ovarian failure,DiseaseOrPhenotypicFeature,D016649,train
147,18166824,premature ovarian failure,DiseaseOrPhenotypicFeature,D016649,Association,cytosine residue with thymidine,SequenceVariant,rs2075789,train
148,18408250,IRF5,GeneOrGeneProduct,3663,Association,systemic lupus erythaematosus,DiseaseOrPhenotypicFeature,D008180,train
149,18408250,IRF5,GeneOrGeneProduct,3663,Association,rheumatoid arthritis,DiseaseOrPhenotypicFeature,D001172,train
150,18408250,rs729302,SequenceVariant,rs729302,Positive_Correlation,rheumatoid arthritis,DiseaseOrPhenotypicFeature,D001172,train
151,18439317,"guanine insertion/deletion (G/D), the -1607 promoter polymorphism",SequenceVariant,c|DEL|-1607|G,Positive_Correlation,lumbar disc disease,DiseaseOrPhenotypicFeature,C535531,train
152,18439317,DDD,DiseaseOrPhenotypicFeature,D055959,Association,"guanine insertion/deletion (G/D), the -1607 promoter polymorphism",SequenceVariant,c|DEL|-1607|G,train
153,18439317,D allele for the -1607,SequenceVariant,c|Allele|D|-1607,Positive_Correlation,DDD,DiseaseOrPhenotypicFeature,D055959,train
154,18439317,MMP1,GeneOrGeneProduct,4312,Association,DDD,DiseaseOrPhenotypicFeature,D055959,train
155,18439317,lumbar disc disease,DiseaseOrPhenotypicFeature,C535531,Association,MMP1,GeneOrGeneProduct,4312,train
156,18657397,epileptiform activity,DiseaseOrPhenotypicFeature,D004827,Positive_Correlation,penicillin-G potassium,ChemicalEntity,D010400,train
157,18657397,penicillin,ChemicalEntity,D010406,Positive_Correlation,epileptiform activity,DiseaseOrPhenotypicFeature,D004827,train
158,18681856,ventriculomegaly,DiseaseOrPhenotypicFeature,D006849,Positive_Correlation,p.M453T,SequenceVariant,rs121908864,train
159,18681856,hyperthyroidism,DiseaseOrPhenotypicFeature,D006980,Positive_Correlation,p.M453T,SequenceVariant,rs121908864,train
160,18681856,thyrotropin receptor,GeneOrGeneProduct,7253,Association,ventriculomegaly,DiseaseOrPhenotypicFeature,D006849,train
161,18681856,thyrotropin receptor,GeneOrGeneProduct,7253,Association,hyperthyroidism,DiseaseOrPhenotypicFeature,D006980,train
162,18681856,non-autoimmune hyperthyroidism,DiseaseOrPhenotypicFeature,C563786,Association,thyrotropin receptor,GeneOrGeneProduct,7253,train
163,18681856,non-autoimmune hyperthyroidism,DiseaseOrPhenotypicFeature,C563786,Positive_Correlation,p.M453T,SequenceVariant,rs121908864,train
164,19067809,angiotensin II receptor type 1,GeneOrGeneProduct,185,Association,vasovagal syncope,DiseaseOrPhenotypicFeature,D019462,train
165,19067809,angiotensin II receptor type 1,GeneOrGeneProduct,185,Association,hypotension,DiseaseOrPhenotypicFeature,D007022,train
166,19067809,syncope,DiseaseOrPhenotypicFeature,D013575,Association,angiotensin II receptor type 1,GeneOrGeneProduct,185,train
167,19067809,syncope,DiseaseOrPhenotypicFeature,D013575,Association,A 11666C,SequenceVariant,rs5186,train
168,19067809,A 11666C,SequenceVariant,rs5186,Positive_Correlation,vasovagal syncope,DiseaseOrPhenotypicFeature,D019462,train
169,19067809,A 11666C,SequenceVariant,rs5186,Association,hypotension,DiseaseOrPhenotypicFeature,D007022,train
170,19508969,Joubert syndrome (JBTS) type 6,DiseaseOrPhenotypicFeature,C537689,Positive_Correlation,p.G821S,SequenceVariant,rs267607116,train
171,19508969,Joubert syndrome (JBTS) type 6,DiseaseOrPhenotypicFeature,C537689,Positive_Correlation,p.C615R,SequenceVariant,rs201893408,train
172,19508969,Joubert syndrome (JBTS) type 6,DiseaseOrPhenotypicFeature,C537689,Positive_Correlation,p.W290L,SequenceVariant,rs267607117,train
173,19508969,Meckel-Gruber syndrome (MKS) type 3,DiseaseOrPhenotypicFeature,C536132,Positive_Correlation,p.G821S,SequenceVariant,rs267607116,train
174,19508969,Meckel-Gruber syndrome (MKS) type 3,DiseaseOrPhenotypicFeature,C536132,Positive_Correlation,p.C615R,SequenceVariant,rs201893408,train
175,19508969,Meckel-Gruber syndrome (MKS) type 3,DiseaseOrPhenotypicFeature,C536132,Positive_Correlation,p.W290L,SequenceVariant,rs267607117,train
176,19508969,p.G821S,SequenceVariant,rs267607116,Positive_Correlation,Nephronophthisis,DiseaseOrPhenotypicFeature,C537699,train
177,19508969,p.G821S,SequenceVariant,rs267607116,Positive_Correlation,MKS,DiseaseOrPhenotypicFeature,C536133,train
178,19508969,p.G821S,SequenceVariant,rs267607116,Positive_Correlation,Joubert syndrome,DiseaseOrPhenotypicFeature,C536293,train
179,19508969,p.G821S,SequenceVariant,rs267607116,Positive_Correlation,liver fibrosis,DiseaseOrPhenotypicFeature,D008103,train
180,19508969,p.C615R,SequenceVariant,rs201893408,Positive_Correlation,Nephronophthisis,DiseaseOrPhenotypicFeature,C537699,train
181,19508969,p.C615R,SequenceVariant,rs201893408,Positive_Correlation,MKS,DiseaseOrPhenotypicFeature,C536133,train
182,19508969,p.C615R,SequenceVariant,rs201893408,Positive_Correlation,Joubert syndrome,DiseaseOrPhenotypicFeature,C536293,train
183,19508969,p.C615R,SequenceVariant,rs201893408,Positive_Correlation,liver fibrosis,DiseaseOrPhenotypicFeature,D008103,train
184,19508969,p.W290L,SequenceVariant,rs267607117,Positive_Correlation,Nephronophthisis,DiseaseOrPhenotypicFeature,C537699,train
185,19508969,p.W290L,SequenceVariant,rs267607117,Positive_Correlation,MKS,DiseaseOrPhenotypicFeature,C536133,train
186,19508969,p.W290L,SequenceVariant,rs267607117,Positive_Correlation,Joubert syndrome,DiseaseOrPhenotypicFeature,C536293,train
187,19508969,p.W290L,SequenceVariant,rs267607117,Positive_Correlation,liver fibrosis,DiseaseOrPhenotypicFeature,D008103,train
188,19508969,nephronophthisis with liver fibrosis,DiseaseOrPhenotypicFeature,OMIM:613550,Positive_Correlation,p.G821S,SequenceVariant,rs267607116,train
189,19508969,nephronophthisis with liver fibrosis,DiseaseOrPhenotypicFeature,OMIM:613550,Positive_Correlation,p.C615R,SequenceVariant,rs201893408,train
190,19508969,nephronophthisis with liver fibrosis,DiseaseOrPhenotypicFeature,OMIM:613550,Positive_Correlation,p.W290L,SequenceVariant,rs267607117,train
191,19508969,meckelin,GeneOrGeneProduct,91147,Association,Joubert syndrome (JBTS) type 6,DiseaseOrPhenotypicFeature,C537689,train
192,19508969,meckelin,GeneOrGeneProduct,91147,Association,Meckel-Gruber syndrome (MKS) type 3,DiseaseOrPhenotypicFeature,C536132,train
193,19508969,meckelin,GeneOrGeneProduct,91147,Association,Nephronophthisis,DiseaseOrPhenotypicFeature,C537699,train
194,19508969,meckelin,GeneOrGeneProduct,91147,Association,MKS,DiseaseOrPhenotypicFeature,C536133,train
195,19508969,meckelin,GeneOrGeneProduct,91147,Association,Joubert syndrome,DiseaseOrPhenotypicFeature,C536293,train
196,19508969,meckelin,GeneOrGeneProduct,91147,Association,liver fibrosis,DiseaseOrPhenotypicFeature,D008103,train
197,19508969,meckelin,GeneOrGeneProduct,91147,Association,nephronophthisis with liver fibrosis,DiseaseOrPhenotypicFeature,OMIM:613550,train
198,19521089,Parkinson's disease,DiseaseOrPhenotypicFeature,D010300,Positive_Correlation,insertion/deletion (long allele-L/short allele-S) of 43 bp,SequenceVariant,c|INDEL||43,train
199,19521089,Serotonin transporter,GeneOrGeneProduct,6532,Association,Parkinson's disease,DiseaseOrPhenotypicFeature,D010300,train
200,19728177,acetaminophen,ChemicalEntity,D000082,Positive_Correlation,depressed,DiseaseOrPhenotypicFeature,D003866,train
201,19728177,acetaminophen,ChemicalEntity,D000082,Positive_Correlation,fulminant hepatic failure,DiseaseOrPhenotypicFeature,D017114,train
202,19728177,acetaminophen,ChemicalEntity,D000082,Positive_Correlation,cerebral edema,DiseaseOrPhenotypicFeature,D001929,train
203,19881468,squamous- and small-cell lung cancers,DiseaseOrPhenotypicFeature,D055752,Association,Ser326Cys,SequenceVariant,rs1052133,train
204,19881468,squamous- and small-cell lung cancers,DiseaseOrPhenotypicFeature,D002289,Association,Ser326Cys,SequenceVariant,rs1052133,train
205,19881468,adenocarcinoma,DiseaseOrPhenotypicFeature,D000230,Positive_Correlation,Ser326Cys,SequenceVariant,rs1052133,train
206,19881468,small-cell carcinoma,DiseaseOrPhenotypicFeature,D018288,Positive_Correlation,Ser326Cys,SequenceVariant,rs1052133,train
207,19881468,8-hydroxyguanine,ChemicalEntity,C024829,Association,hOGG1,GeneOrGeneProduct,4968,train
208,19881468,adenocarcinoma of lung,DiseaseOrPhenotypicFeature,D000077192,Positive_Correlation,Ser326Cys,SequenceVariant,rs1052133,train
209,19881468,hOGG1,GeneOrGeneProduct,4968,Positive_Correlation,squamous- and small-cell lung cancers,DiseaseOrPhenotypicFeature,D055752,train
210,19881468,hOGG1,GeneOrGeneProduct,4968,Positive_Correlation,squamous- and small-cell lung cancers,DiseaseOrPhenotypicFeature,D002289,train
211,19881468,hOGG1,GeneOrGeneProduct,4968,Positive_Correlation,adenocarcinoma,DiseaseOrPhenotypicFeature,D000230,train
212,19881468,hOGG1,GeneOrGeneProduct,4968,Positive_Correlation,small-cell carcinoma,DiseaseOrPhenotypicFeature,D018288,train
213,19881468,hOGG1,GeneOrGeneProduct,4968,Association,adenocarcinoma of lung,DiseaseOrPhenotypicFeature,D000077192,train
214,19881468,hOGG1,GeneOrGeneProduct,4968,Association,lung cancer,DiseaseOrPhenotypicFeature,D008175,train
215,19881468,lung cancer,DiseaseOrPhenotypicFeature,D008175,Positive_Correlation,Ser326Cys,SequenceVariant,rs1052133,train
216,20005218,Klotho,GeneOrGeneProduct,9365,Association,essential hypertension,DiseaseOrPhenotypicFeature,D000075222,train
217,20005218,Klotho,GeneOrGeneProduct,16591,Association,arteriosclerosis,DiseaseOrPhenotypicFeature,D001161,train
218,20005218,Klotho,GeneOrGeneProduct,16591,Association,essential hypertension,DiseaseOrPhenotypicFeature,D000075222,train
219,20005218,G-395A,SequenceVariant,rs1207568,Positive_Correlation,essential hypertension,DiseaseOrPhenotypicFeature,D000075222,train
220,20034406,seizures,DiseaseOrPhenotypicFeature,D012640,Association,CCR2,GeneOrGeneProduct,60463,train
221,20034406,status epilepticus,DiseaseOrPhenotypicFeature,D013226,Positive_Correlation,CCR2,GeneOrGeneProduct,60463,train
222,20034406,status epilepticus,DiseaseOrPhenotypicFeature,D013226,Positive_Correlation,CCL2,GeneOrGeneProduct,24770,train
223,20034406,pilocarpine,ChemicalEntity,D010862,Positive_Correlation,status epilepticus,DiseaseOrPhenotypicFeature,D013226,train
224,20034406,pilocarpine,ChemicalEntity,D010862,Positive_Correlation,CCR2,GeneOrGeneProduct,60463,train
225,20034406,pilocarpine,ChemicalEntity,D010862,Positive_Correlation,CCL2,GeneOrGeneProduct,24770,train
226,20034406,CCR2,GeneOrGeneProduct,60463,Association,Neuroinflammation,DiseaseOrPhenotypicFeature,D007249,train
227,20034406,CCL2,GeneOrGeneProduct,24770,Bind,CCR2,GeneOrGeneProduct,60463,train
228,20105310,inflammation,DiseaseOrPhenotypicFeature,D007249,Association,MMP2,GeneOrGeneProduct,4313,train
229,20105310,inflammation,DiseaseOrPhenotypicFeature,D007249,Association,PIG7,GeneOrGeneProduct,9516,train
230,20105310,inflammation,DiseaseOrPhenotypicFeature,D007249,Association,TIMP4,GeneOrGeneProduct,7079,train
231,20105310,inflammation,DiseaseOrPhenotypicFeature,D007249,Association,TIMP3,GeneOrGeneProduct,7078,train
232,20105310,inflammation,DiseaseOrPhenotypicFeature,D007249,Association,TIMP1,GeneOrGeneProduct,7076,train
233,20105310,inflammation,DiseaseOrPhenotypicFeature,D007249,Association,TGFB1,GeneOrGeneProduct,7040,train
234,20105310,adipsin,GeneOrGeneProduct,1675,Positive_Correlation,ASP,GeneOrGeneProduct,718,train
235,20105310,factor B,GeneOrGeneProduct,629,Positive_Correlation,adipsin,GeneOrGeneProduct,1675,train
236,20105310,factor B,GeneOrGeneProduct,629,Positive_Correlation,ASP,GeneOrGeneProduct,718,train
237,20105310,ASP,GeneOrGeneProduct,718,Positive_Correlation,Triglyceride,ChemicalEntity,D014280,train
238,20105310,obese,DiseaseOrPhenotypicFeature,D009765,Association,ASP,GeneOrGeneProduct,718,train
239,20105310,obese,DiseaseOrPhenotypicFeature,D009765,Association,adipokine,GeneOrGeneProduct,9370,train
240,20105310,obese,DiseaseOrPhenotypicFeature,D009765,Positive_Correlation,Triglyceride,ChemicalEntity,D014280,train
241,20105310,lipid,ChemicalEntity,D008055,Association,PPARgamma,GeneOrGeneProduct,5468,train
242,20105310,lipid,ChemicalEntity,D008055,Association,CEBPbeta,GeneOrGeneProduct,1051,train
243,20105310,lipid,ChemicalEntity,D008055,Association,CEBPalpha,GeneOrGeneProduct,1050,train
244,20105310,lipid,ChemicalEntity,D008055,Association,fatty acid binding proteins,GeneOrGeneProduct,2170,train
245,20105310,lipid,ChemicalEntity,D008055,Association,fatty acid binding proteins,GeneOrGeneProduct,2168,train
246,20105310,lipid,ChemicalEntity,D008055,Association,perilipin,GeneOrGeneProduct,5346,train
247,20105310,lipid,ChemicalEntity,D008055,Association,CES1,GeneOrGeneProduct,1066,train
248,20105310,lipid,ChemicalEntity,D008055,Association,HSL,GeneOrGeneProduct,3991,train
249,20105310,lipid,ChemicalEntity,D008055,Association,LPL,GeneOrGeneProduct,4023,train
250,20105310,lipid,ChemicalEntity,D008055,Association,FASN,GeneOrGeneProduct,2194,train
251,20105310,lipid,ChemicalEntity,D008055,Association,SCD1,GeneOrGeneProduct,6319,train
252,20105310,lipid,ChemicalEntity,D008055,Association,DGAT2,GeneOrGeneProduct,84649,train
253,20105310,lipid,ChemicalEntity,D008055,Association,DGAT1,GeneOrGeneProduct,8694,train
254,20105310,lipid,ChemicalEntity,D008055,Association,CD36,GeneOrGeneProduct,948,train
255,20105310,C5L2,GeneOrGeneProduct,27202,Bind,ASP,GeneOrGeneProduct,718,train
256,20105310,C5L2,GeneOrGeneProduct,27202,Positive_Correlation,Triglyceride,ChemicalEntity,D014280,train
257,20105310,insulin,GeneOrGeneProduct,3630,Association,IRS-1,GeneOrGeneProduct,3667,train
258,20105310,insulin,GeneOrGeneProduct,3630,Association,InsR,GeneOrGeneProduct,3643,train
259,20606392,GH insensitivity syndrome,DiseaseOrPhenotypicFeature,D046150,Positive_Correlation,899dupC,SequenceVariant,c|DUP|899|C|,train
260,20606392,GH insensitivity syndrome,DiseaseOrPhenotypicFeature,D046150,Positive_Correlation,R211H,SequenceVariant,p|SUB|R|211|H,train
261,20606392,GH insensitivity syndrome,DiseaseOrPhenotypicFeature,D046150,Association,GH receptor,GeneOrGeneProduct,2690,train
262,20606392,insulin-like growth factor-I deficiency,DiseaseOrPhenotypicFeature,C563867,Positive_Correlation,899dupC,SequenceVariant,c|DUP|899|C|,train
263,20606392,insulin-like growth factor-I deficiency,DiseaseOrPhenotypicFeature,C563867,Positive_Correlation,R211H,SequenceVariant,p|SUB|R|211|H,train
264,20606392,insulin-like growth factor-I deficiency,DiseaseOrPhenotypicFeature,C563867,Association,GH receptor,GeneOrGeneProduct,2690,train
265,20708777,CYP11B1,GeneOrGeneProduct,1584,Association,hypertension,DiseaseOrPhenotypicFeature,D006973,train
266,20708777,hypertension,DiseaseOrPhenotypicFeature,D006973,Association,CYP11B2,GeneOrGeneProduct,1585,train
267,20708777,hypertension,DiseaseOrPhenotypicFeature,D006973,Positive_Correlation,rs6387,SequenceVariant,rs6387,train
268,20708777,hypertension,DiseaseOrPhenotypicFeature,D006973,Positive_Correlation,rs6410,SequenceVariant,rs6410,train
269,20708777,hypertension,DiseaseOrPhenotypicFeature,D006973,Positive_Correlation,rs4539,SequenceVariant,rs4539,train
270,20708777,hypertension,DiseaseOrPhenotypicFeature,D006973,Positive_Correlation,rs1799998,SequenceVariant,rs1799998,train
271,20708777,aldosterone-producing adenomas,DiseaseOrPhenotypicFeature,D000236,Association,CYP11B1,GeneOrGeneProduct,1584,train
272,20708777,aldosterone-producing adenomas,DiseaseOrPhenotypicFeature,D000236,Association,CYP11B2,GeneOrGeneProduct,1585,train
273,20708777,aldosterone-producing adenomas,DiseaseOrPhenotypicFeature,D000236,Association,rs6387,SequenceVariant,rs6387,train
274,20708777,aldosterone-producing adenomas,DiseaseOrPhenotypicFeature,D000236,Association,rs6410,SequenceVariant,rs6410,train
275,20708777,aldosterone-producing adenomas,DiseaseOrPhenotypicFeature,D000236,Association,rs4539,SequenceVariant,rs4539,train
276,20708777,aldosterone-producing adenomas,DiseaseOrPhenotypicFeature,D000236,Association,rs1799998,SequenceVariant,rs1799998,train
277,20806042,c.592C-->T,SequenceVariant,c|SUB|C|592|T,Positive_Correlation,microcornea,DiseaseOrPhenotypicFeature,D005124,train
278,20806042,c.592C-->T,SequenceVariant,c|SUB|C|592|T,Positive_Correlation,cataract-microcornea syndrome,DiseaseOrPhenotypicFeature,C538287,train
279,20806042,cataract,DiseaseOrPhenotypicFeature,D002386,Positive_Correlation,c.592C-->T,SequenceVariant,c|SUB|C|592|T,train
280,20806042,arginine to tryptophan at codon 198,SequenceVariant,p|SUB|R|198|W,Positive_Correlation,microcornea,DiseaseOrPhenotypicFeature,D005124,train
281,20806042,arginine to tryptophan at codon 198,SequenceVariant,p|SUB|R|198|W,Positive_Correlation,cataract,DiseaseOrPhenotypicFeature,D002386,train
282,20806042,arginine to tryptophan at codon 198,SequenceVariant,p|SUB|R|198|W,Positive_Correlation,cataract-microcornea syndrome,DiseaseOrPhenotypicFeature,C538287,train
283,20806042,GJA8,GeneOrGeneProduct,2703,Association,microcornea,DiseaseOrPhenotypicFeature,D005124,train
284,20806042,GJA8,GeneOrGeneProduct,2703,Association,cataract,DiseaseOrPhenotypicFeature,D002386,train
285,20806042,cataract-microcornea syndrome,DiseaseOrPhenotypicFeature,C538287,Association,GJA8,GeneOrGeneProduct,2703,train
286,21163864,angiotensinogen,GeneOrGeneProduct,183,Association,hypertrophic cardiomyopathy,DiseaseOrPhenotypicFeature,D002312,train
287,21163864,hypertrophic cardiomyopathy,DiseaseOrPhenotypicFeature,D002312,Positive_Correlation,M235T,SequenceVariant,rs699,train
288,21615796,Interleukin-17F,GeneOrGeneProduct,112744,Association,thrombocytopenic,DiseaseOrPhenotypicFeature,D011696,train
289,21615796,Interleukin-17F,GeneOrGeneProduct,112744,Association,chronic immune thrombocytopenia,DiseaseOrPhenotypicFeature,D016553,train
290,21615796,autoimmune diseases,DiseaseOrPhenotypicFeature,D001327,Association,Interleukin-17F,GeneOrGeneProduct,112744,train
291,21615796,rs763780,SequenceVariant,rs763780,Association,thrombocytopenic,DiseaseOrPhenotypicFeature,D011696,train
292,21615796,chronic immune thrombocytopenia,DiseaseOrPhenotypicFeature,D016553,Association,rs763780,SequenceVariant,rs763780,train
293,21682595,XRCC1,GeneOrGeneProduct,7515,Association,systemic lupus erythematosus,DiseaseOrPhenotypicFeature,D008180,train
294,21682595,XRCC1,GeneOrGeneProduct,7515,Association,malar rash,DiseaseOrPhenotypicFeature,D005076,train
295,21682595,Arg399Gln,SequenceVariant,rs25487,Positive_Correlation,systemic lupus erythematosus,DiseaseOrPhenotypicFeature,D008180,train
296,21682595,malar rash,DiseaseOrPhenotypicFeature,D005076,Positive_Correlation,Arg399Gln,SequenceVariant,rs25487,train
297,22808010,Stat5,GeneOrGeneProduct,20850,Association,anemia,DiseaseOrPhenotypicFeature,D000740,train
298,22808010,Jak2,GeneOrGeneProduct,16452,Association,anemia,DiseaseOrPhenotypicFeature,D000740,train
299,22808010,Eaf1,GeneOrGeneProduct,74427,Positive_Correlation,EPO,GeneOrGeneProduct,13856,train
300,22808010,Spred1,GeneOrGeneProduct,114715,Positive_Correlation,EPO,GeneOrGeneProduct,13856,train
301,22808010,Spred2,GeneOrGeneProduct,114716,Positive_Correlation,EPO,GeneOrGeneProduct,13856,train
302,22808010,Socs2,GeneOrGeneProduct,216233,Association,anemia,DiseaseOrPhenotypicFeature,D000740,train
303,22808010,Socs2,GeneOrGeneProduct,216233,Positive_Correlation,EPO,GeneOrGeneProduct,13856,train
304,22808010,Socs3,GeneOrGeneProduct,12702,Positive_Correlation,EPO,GeneOrGeneProduct,13856,train
305,22808010,EPO,GeneOrGeneProduct,13856,Association,Lyl1,GeneOrGeneProduct,17095,train
306,22808010,EPO,GeneOrGeneProduct,13856,Association,CyclinB1-IP-1,GeneOrGeneProduct,239083,train
307,22808010,EPO,GeneOrGeneProduct,13856,Association,Cyclin-g2,GeneOrGeneProduct,12452,train
308,22808010,EPO,GeneOrGeneProduct,13856,Association,p27-kip1,GeneOrGeneProduct,12576,train
309,22808010,EPO,GeneOrGeneProduct,13856,Association,Cyclin-d2,GeneOrGeneProduct,12444,train
310,22808010,EPO,GeneOrGeneProduct,13856,Association,Btg3,GeneOrGeneProduct,12228,train
311,22808010,EPO,GeneOrGeneProduct,13856,Association,Cdc25a,GeneOrGeneProduct,12530,train
312,22808010,EPO,GeneOrGeneProduct,13856,Association,Serpina 3g,GeneOrGeneProduct,20715,train
313,22808010,EPO,GeneOrGeneProduct,13856,Association,Trib3,GeneOrGeneProduct,228775,train
314,22808010,EPO,GeneOrGeneProduct,13856,Association,Bim,GeneOrGeneProduct,12125,train
315,22808010,EPO,GeneOrGeneProduct,13856,Association,Pim1,GeneOrGeneProduct,18712,train
316,22808010,EPO,GeneOrGeneProduct,13856,Association,Pim3,GeneOrGeneProduct,223775,train
317,22808010,EPO,GeneOrGeneProduct,13856,Association,Gas5,GeneOrGeneProduct,14455,train
318,22808010,EPO,GeneOrGeneProduct,13856,Bind,EPOR,GeneOrGeneProduct,13857,train
319,22808010,Tnfr-sf13c,GeneOrGeneProduct,72049,Positive_Correlation,EPO,GeneOrGeneProduct,13856,train
320,22808010,EPOR,GeneOrGeneProduct,13857,Association,p85/PI3K,GeneOrGeneProduct,18708,train
321,22808010,EPOR,GeneOrGeneProduct,13857,Association,polycythemia,DiseaseOrPhenotypicFeature,D011086,train
322,22808010,EPOR,GeneOrGeneProduct,13857,Association,anemia,DiseaseOrPhenotypicFeature,D000740,train
323,22808010,EPOR,GeneOrGeneProduct,13857,Association,CyclinB1-IP-1,GeneOrGeneProduct,239083,train
324,22808010,EPOR,GeneOrGeneProduct,13857,Association,Cyclin-g2,GeneOrGeneProduct,12452,train
325,22808010,EPOR,GeneOrGeneProduct,13857,Association,p27-kip1,GeneOrGeneProduct,12576,train
326,22808010,EPOR,GeneOrGeneProduct,13857,Association,Cyclin-d2,GeneOrGeneProduct,12444,train
327,22808010,EPOR,GeneOrGeneProduct,13857,Association,Btg3,GeneOrGeneProduct,12228,train
328,22808010,EPOR,GeneOrGeneProduct,13857,Association,Cdc25a,GeneOrGeneProduct,12530,train
329,22808010,EPOR,GeneOrGeneProduct,13857,Association,Tnfr-sf13c,GeneOrGeneProduct,72049,train
330,24126708,HOMER1,GeneOrGeneProduct,9456,Association,glutamate,ChemicalEntity,D018698,train
331,24126708,HOMER1,GeneOrGeneProduct,9456,Association,levodopa,ChemicalEntity,D007980,train
332,24126708,HOMER1,GeneOrGeneProduct,9456,Association,visual hallucinations,DiseaseOrPhenotypicFeature,D006212,train
333,24126708,HOMER1,GeneOrGeneProduct,9456,Association,dyskinesia,DiseaseOrPhenotypicFeature,D004409,train
334,24126708,levodopa,ChemicalEntity,D007980,Negative_Correlation,Parkinson's disease,DiseaseOrPhenotypicFeature,D010300,train
335,24126708,levodopa,ChemicalEntity,D007980,Positive_Correlation,visual hallucinations,DiseaseOrPhenotypicFeature,D006212,train
336,24126708,levodopa,ChemicalEntity,D007980,Positive_Correlation,dyskinesia,DiseaseOrPhenotypicFeature,D004409,train
337,24126708,rs4704559,SequenceVariant,rs4704559,Negative_Correlation,levodopa,ChemicalEntity,D007980,train
338,24126708,rs4704559,SequenceVariant,rs4704559,Negative_Correlation,visual hallucinations,DiseaseOrPhenotypicFeature,D006212,train
339,24126708,rs4704559,SequenceVariant,rs4704559,Negative_Correlation,dyskinesia,DiseaseOrPhenotypicFeature,D004409,train
340,2422478,methyldopa,ChemicalEntity,D008750,Positive_Correlation,hypotensive,DiseaseOrPhenotypicFeature,D007022,train
341,2422478,serotonin,ChemicalEntity,D012701,Association,"5,7-dihydroxytryptamine",ChemicalEntity,D015116,train
342,2422478,serotonin,ChemicalEntity,D012701,Positive_Correlation,methyldopa,ChemicalEntity,D008750,train
343,2422478,serotonin,ChemicalEntity,D012701,Positive_Correlation,hypotensive,DiseaseOrPhenotypicFeature,D007022,train
344,24623966,STAT3,GeneOrGeneProduct,6774,Association,VEGF,GeneOrGeneProduct,7422,train
345,24623966,VEGF,GeneOrGeneProduct,7422,Positive_Correlation,VEGF receptor 2,GeneOrGeneProduct,3791,train
346,24623966,VEGF,GeneOrGeneProduct,7422,Positive_Correlation,reactive oxygen species,ChemicalEntity,D017382,train
347,24623966,NADPH oxidase,GeneOrGeneProduct,66021,Positive_Correlation,reactive oxygen species,ChemicalEntity,D017382,train
348,24623966,NADPH oxidase,GeneOrGeneProduct,50507,Positive_Correlation,STAT3,GeneOrGeneProduct,6774,train
349,24623966,NADPH oxidase,GeneOrGeneProduct,50507,Positive_Correlation,VEGF receptor 2,GeneOrGeneProduct,3791,train
350,24623966,NADPH oxidase,GeneOrGeneProduct,50507,Association,VEGF,GeneOrGeneProduct,7422,train
351,24623966,NADPH oxidase,GeneOrGeneProduct,50507,Positive_Correlation,reactive oxygen species,ChemicalEntity,D017382,train
352,24623966,NADPH oxidase,GeneOrGeneProduct,114243,Positive_Correlation,reactive oxygen species,ChemicalEntity,D017382,train
353,24623966,oxygen,ChemicalEntity,D010100,Positive_Correlation,retinopathy,DiseaseOrPhenotypicFeature,D012164,train
354,24623966,NADPH oxidase 4,GeneOrGeneProduct,85431,Positive_Correlation,reactive oxygen species,ChemicalEntity,D017382,train
355,24623966,NADPH oxidase 4,GeneOrGeneProduct,85431,Association,vascular endothelial growth factor receptor 2,GeneOrGeneProduct,25589,train
356,24632946,tamoxifen,ChemicalEntity,D013629,Association,Shh,GeneOrGeneProduct,20423,train
357,24632946,tamoxifen,ChemicalEntity,D013629,Association,b-catenin,GeneOrGeneProduct,12387,train
358,24632946,bone morphogenetic protein,GeneOrGeneProduct,12162,Association,b-catenin,GeneOrGeneProduct,12387,train
359,24632946,bone morphogenetic protein,GeneOrGeneProduct,12159,Association,b-catenin,GeneOrGeneProduct,12387,train
360,24632946,anorectal malformations,DiseaseOrPhenotypicFeature,D000071056,Association,bone morphogenetic protein,GeneOrGeneProduct,12162,train
361,24632946,anorectal malformations,DiseaseOrPhenotypicFeature,D000071056,Association,bone morphogenetic protein,GeneOrGeneProduct,12159,train
362,24632946,b-catenin,GeneOrGeneProduct,12387,Association,Smad1/5/8,GeneOrGeneProduct,55994,train
363,24632946,b-catenin,GeneOrGeneProduct,12387,Association,Smad1/5/8,GeneOrGeneProduct,17129,train
364,24632946,b-catenin,GeneOrGeneProduct,12387,Association,Smad1/5/8,GeneOrGeneProduct,17125,train
365,24632946,b-catenin,GeneOrGeneProduct,12387,Association,Msx2,GeneOrGeneProduct,17702,train
366,24632946,b-catenin,GeneOrGeneProduct,12387,Association,hypoplastic,DiseaseOrPhenotypicFeature,D029502,train
367,24632946,b-catenin,GeneOrGeneProduct,12387,Association,Shh,GeneOrGeneProduct,20423,train
368,24632946,b-catenin,GeneOrGeneProduct,12387,Association,anorectal malformations,DiseaseOrPhenotypicFeature,D000071056,train
369,24911645,aspartate,ChemicalEntity,D001224,Negative_Correlation,pilocarpine,ChemicalEntity,D010862,train
370,24911645,aspartate,ChemicalEntity,D001224,Negative_Correlation,garcinielliptone FC,ChemicalEntity,C573355,train
371,24911645,pilocarpine,ChemicalEntity,D010862,Positive_Correlation,status epilepticus,DiseaseOrPhenotypicFeature,D013226,train
372,24911645,pilocarpine,ChemicalEntity,D010862,Positive_Correlation,acetylcholinesterase,GeneOrGeneProduct,11423,train
373,24911645,pilocarpine,ChemicalEntity,D010862,Positive_Correlation,seizures,DiseaseOrPhenotypicFeature,D012640,train
374,24911645,glutamine,ChemicalEntity,D018698,Negative_Correlation,pilocarpine,ChemicalEntity,D010862,train
375,24911645,glutamine,ChemicalEntity,D018698,Negative_Correlation,garcinielliptone FC,ChemicalEntity,C573355,train
376,24911645,r-aminobutyric acid,ChemicalEntity,D005680,Positive_Correlation,pilocarpine,ChemicalEntity,D010862,train
377,24911645,r-aminobutyric acid,ChemicalEntity,D005680,Positive_Correlation,garcinielliptone FC,ChemicalEntity,C573355,train
378,24911645,garcinielliptone FC,ChemicalEntity,C573355,Negative_Correlation,diarrheas,DiseaseOrPhenotypicFeature,D003967,train
379,24911645,garcinielliptone FC,ChemicalEntity,C573355,Negative_Correlation,skin diseases,DiseaseOrPhenotypicFeature,D012871,train
380,24911645,garcinielliptone FC,ChemicalEntity,C573355,Negative_Correlation,status epilepticus,DiseaseOrPhenotypicFeature,D013226,train
381,24911645,garcinielliptone FC,ChemicalEntity,C573355,Cotreatment,pilocarpine,ChemicalEntity,D010862,train
382,24911645,garcinielliptone FC,ChemicalEntity,C573355,Positive_Correlation,acetylcholinesterase,GeneOrGeneProduct,11423,train
383,24911645,garcinielliptone FC,ChemicalEntity,C573355,Negative_Correlation,inflammatory diseases,DiseaseOrPhenotypicFeature,D007249,train
384,24911645,garcinielliptone FC,ChemicalEntity,C573355,Negative_Correlation,seizures,DiseaseOrPhenotypicFeature,D012640,train
385,24971338,NGAL,GeneOrGeneProduct,170496,Association,nephropathy,DiseaseOrPhenotypicFeature,D007674,train
386,24971338,NGAL,GeneOrGeneProduct,170496,Association,sirolimus,ChemicalEntity,D020123,train
387,24971338,cyclosporine,ChemicalEntity,D016572,Association,TBARs,ChemicalEntity,D017392,train
388,24971338,cyclosporine,ChemicalEntity,D016572,Association,IL-7,GeneOrGeneProduct,25647,train
389,24971338,cyclosporine,ChemicalEntity,D016572,Association,NF- kb,GeneOrGeneProduct,81736,train
390,24971338,cyclosporine,ChemicalEntity,D016572,Association,TGF-b,GeneOrGeneProduct,59086,train
391,24971338,cyclosporine,ChemicalEntity,D016572,Association,CTGF,GeneOrGeneProduct,64032,train
392,24971338,cyclosporine,ChemicalEntity,D016572,Association,KIM-1,GeneOrGeneProduct,286934,train
393,24971338,cyclosporine,ChemicalEntity,D016572,Association,TP53,GeneOrGeneProduct,24842,train
394,24971338,cyclosporine,ChemicalEntity,D016572,Association,PCNA,GeneOrGeneProduct,25737,train
395,24971338,cyclosporine,ChemicalEntity,D016572,Association,mTOR,GeneOrGeneProduct,56718,train
396,24971338,cyclosporine,ChemicalEntity,D016572,Positive_Correlation,nephropathy,DiseaseOrPhenotypicFeature,D007674,train
397,24971338,nephropathy,DiseaseOrPhenotypicFeature,D007674,Association,TBARs,ChemicalEntity,D017392,train
398,24971338,nephropathy,DiseaseOrPhenotypicFeature,D007674,Association,IL-7,GeneOrGeneProduct,25647,train
399,24971338,nephropathy,DiseaseOrPhenotypicFeature,D007674,Association,NF- kb,GeneOrGeneProduct,81736,train
400,24971338,nephropathy,DiseaseOrPhenotypicFeature,D007674,Association,TGF-b,GeneOrGeneProduct,59086,train
401,24971338,nephropathy,DiseaseOrPhenotypicFeature,D007674,Association,CTGF,GeneOrGeneProduct,64032,train
402,24971338,nephropathy,DiseaseOrPhenotypicFeature,D007674,Association,KIM-1,GeneOrGeneProduct,286934,train
403,24971338,nephropathy,DiseaseOrPhenotypicFeature,D007674,Association,TP53,GeneOrGeneProduct,24842,train
404,24971338,nephropathy,DiseaseOrPhenotypicFeature,D007674,Association,PCNA,GeneOrGeneProduct,25737,train
405,24971338,nephropathy,DiseaseOrPhenotypicFeature,D007674,Association,mTOR,GeneOrGeneProduct,56718,train
406,24971338,sirolimus,ChemicalEntity,D020123,Association,proteinuria,DiseaseOrPhenotypicFeature,D011507,train
407,24971338,sirolimus,ChemicalEntity,D020123,Comparison,cyclosporine,ChemicalEntity,D016572,train
408,24971338,sirolimus,ChemicalEntity,D020123,Negative_Correlation,nephropathy,DiseaseOrPhenotypicFeature,D007674,train
409,25054547,Butyrylcholinesterase deficiency,DiseaseOrPhenotypicFeature,C537417,Positive_Correlation,mivacurium,ChemicalEntity,D000077590,train
410,25054547,Butyrylcholinesterase deficiency,DiseaseOrPhenotypicFeature,C537417,Positive_Correlation,suxamethonium,ChemicalEntity,D013390,train
411,25054547,Butyrylcholinesterase deficiency,DiseaseOrPhenotypicFeature,C537417,Positive_Correlation,p.Val204Asp,SequenceVariant,p|SUB|V|204|D,train
412,25054547,p.Ala539Thr,SequenceVariant,rs1803274,Association,butyrylthiocholine,ChemicalEntity,D002092,train
413,25054547,p.Asp70Gly,SequenceVariant,rs1799807,Association,p.Ala539Thr,SequenceVariant,rs1803274,train
414,25054547,p.Asp70Gly,SequenceVariant,rs1799807,Association,butyrylthiocholine,ChemicalEntity,D002092,train
415,25054547,neuromuscular block,DiseaseOrPhenotypicFeature,D055191,Positive_Correlation,c.695T>A,SequenceVariant,c|SUB|T|695|A,train
416,25054547,neuromuscular block,DiseaseOrPhenotypicFeature,D055191,Positive_Correlation,suxamethonium,ChemicalEntity,D013390,train
417,25054547,neuromuscular block,DiseaseOrPhenotypicFeature,D055191,Positive_Correlation,p.Val204Asp,SequenceVariant,p|SUB|V|204|D,train
418,25054547,BCHE,GeneOrGeneProduct,590,Negative_Correlation,Butyrylcholinesterase deficiency,DiseaseOrPhenotypicFeature,C537417,train
419,25054547,BCHE,GeneOrGeneProduct,590,Association,butyrylthiocholine,ChemicalEntity,D002092,train
420,25054547,BCHE,GeneOrGeneProduct,590,Association,neuromuscular block,DiseaseOrPhenotypicFeature,D055191,train
421,25054547,BCHE,GeneOrGeneProduct,590,Association,suxamethonium,ChemicalEntity,D013390,train
422,25054547,BCHE,GeneOrGeneProduct,590,Association,apnea,DiseaseOrPhenotypicFeature,D001049,train
423,25054547,suxamethonium,ChemicalEntity,D013390,Association,c.695T>A,SequenceVariant,c|SUB|T|695|A,train
424,25054547,suxamethonium,ChemicalEntity,D013390,Positive_Correlation,apnea,DiseaseOrPhenotypicFeature,D001049,train
425,25054547,apnea,DiseaseOrPhenotypicFeature,D001049,Positive_Correlation,mivacurium,ChemicalEntity,D000077590,train
426,25054547,p.Val204Asp,SequenceVariant,p|SUB|V|204|D,Association,p.Ala539Thr,SequenceVariant,rs1803274,train
427,25054547,p.Val204Asp,SequenceVariant,p|SUB|V|204|D,Association,p.Asp70Gly,SequenceVariant,rs1799807,train
428,25054547,p.Val204Asp,SequenceVariant,p|SUB|V|204|D,Association,butyrylthiocholine,ChemicalEntity,D002092,train
429,25054547,p.Val204Asp,SequenceVariant,p|SUB|V|204|D,Association,suxamethonium,ChemicalEntity,D013390,train
430,25054547,p.Val204Asp,SequenceVariant,p|SUB|V|204|D,Positive_Correlation,apnea,DiseaseOrPhenotypicFeature,D001049,train
431,25983002,FX11,ChemicalEntity,C547455,Negative_Correlation,cathepsin B,GeneOrGeneProduct,1508,train
432,25983002,FX11,ChemicalEntity,C547455,Negative_Correlation,PLAU,GeneOrGeneProduct,5328,train
433,25983002,FX11,ChemicalEntity,C547455,Negative_Correlation,MMP-9,GeneOrGeneProduct,4318,train
434,25983002,LDHA,GeneOrGeneProduct,3939,Association,prostate cancer,DiseaseOrPhenotypicFeature,D011471,train
435,25983002,LDHA,GeneOrGeneProduct,3939,Positive_Correlation,cathepsin B,GeneOrGeneProduct,1508,train
436,25983002,LDHA,GeneOrGeneProduct,3939,Positive_Correlation,PLAU,GeneOrGeneProduct,5328,train
437,25983002,LDHA,GeneOrGeneProduct,3939,Positive_Correlation,MMP-9,GeneOrGeneProduct,4318,train
438,25983002,LDHA,GeneOrGeneProduct,3939,Negative_Correlation,FX11,ChemicalEntity,C547455,train
439,25983002,LDHA,GeneOrGeneProduct,3939,Association,tumor,DiseaseOrPhenotypicFeature,D009369,train
440,27640183,Erythropoietin,GeneOrGeneProduct,2056,Association,lipid,ChemicalEntity,D008055,train
441,27640183,erythropoietin receptor,GeneOrGeneProduct,2057,Association,p38MAPK,GeneOrGeneProduct,1432,train
442,27640183,erythropoietin receptor,GeneOrGeneProduct,2057,Association,LYN,GeneOrGeneProduct,4067,train
443,27640183,erythropoietin receptor,GeneOrGeneProduct,2057,Association,p70s6k,GeneOrGeneProduct,6198,train
444,27640183,erythropoietin receptor,GeneOrGeneProduct,2057,Association,STAT5,GeneOrGeneProduct,6776,train
445,27640183,erythropoietin receptor,GeneOrGeneProduct,2057,Association,Akt,GeneOrGeneProduct,207,train
446,27999109,insulitis,DiseaseOrPhenotypicFeature,D007410,Association,Type I Interferon Receptor,GeneOrGeneProduct,288264,train
447,27999109,Diabetes,DiseaseOrPhenotypicFeature,D003920,Association,IFN,GeneOrGeneProduct,25712,train
448,27999109,Diabetes,DiseaseOrPhenotypicFeature,D003920,Positive_Correlation,polyinosinic:polycytidylic acid,ChemicalEntity,D011070,train
449,27999109,Diabetes,DiseaseOrPhenotypicFeature,D003920,Association,Type I Interferon Receptor,GeneOrGeneProduct,686326,train
450,27999109,Diabetes,DiseaseOrPhenotypicFeature,D003920,Association,Type I Interferon Receptor,GeneOrGeneProduct,288264,train
451,27999109,IFN receptor,GeneOrGeneProduct,3454,Association,Autoimmune Diabetes,DiseaseOrPhenotypicFeature,D003922,train
452,27999109,type I interferon,GeneOrGeneProduct,3456,Association,Autoimmune Diabetes,DiseaseOrPhenotypicFeature,D003922,train
453,27999109,Type I Interferon Receptor,GeneOrGeneProduct,686326,Association,Autoimmune Diabetes,DiseaseOrPhenotypicFeature,D003922,train
454,27999109,Autoimmune Diabetes,DiseaseOrPhenotypicFeature,D003922,Association,insulin,GeneOrGeneProduct,3630,train
455,27999109,Type I Interferon Receptor,GeneOrGeneProduct,288264,Association,Autoimmune Diabetes,DiseaseOrPhenotypicFeature,D003922,train
456,28411266,Sulfonylurea Receptor,GeneOrGeneProduct,6833,Association,Coronary Heart Disease,DiseaseOrPhenotypicFeature,D003324,train
457,28411266,Sulfonylurea Receptor,GeneOrGeneProduct,6833,Association,Type 2 Diabetes,DiseaseOrPhenotypicFeature,D003924,train
458,28411266,Sulfonylurea Receptor,GeneOrGeneProduct,6833,Association,sulfonylurea,ChemicalEntity,D013453,train
459,28411266,Type 2 Diabetes,DiseaseOrPhenotypicFeature,D003924,Negative_Correlation,sulfonylurea,ChemicalEntity,D013453,train
460,28411266,p.A1369S,SequenceVariant,rs757110,Negative_Correlation,Coronary Heart Disease,DiseaseOrPhenotypicFeature,D003324,train
461,28411266,p.A1369S,SequenceVariant,rs757110,Negative_Correlation,Type 2 Diabetes,DiseaseOrPhenotypicFeature,D003924,train
462,28411266,p.A1369S,SequenceVariant,rs757110,Association,sulfonylurea,ChemicalEntity,D013453,train
463,28411266,sulfonylurea,ChemicalEntity,D013453,Negative_Correlation,Coronary Heart Disease,DiseaseOrPhenotypicFeature,D003324,train
464,28411266,insulin,GeneOrGeneProduct,3630,Positive_Correlation,Sulfonylurea Receptor,GeneOrGeneProduct,6833,train
465,28411266,insulin,GeneOrGeneProduct,3630,Positive_Correlation,sulfonylurea,ChemicalEntity,D013453,train
466,28428256,lipopolysaccharide,ChemicalEntity,D008070,Positive_Correlation,inflammatory,DiseaseOrPhenotypicFeature,D007249,train
467,28428256,acute lung injury,DiseaseOrPhenotypicFeature,D055371,Association,thrombin receptor,GeneOrGeneProduct,14062,train
468,28428256,inflammatory,DiseaseOrPhenotypicFeature,D007249,Association,EC adhesion molecules,GeneOrGeneProduct,7412,train
469,28428256,inflammatory,DiseaseOrPhenotypicFeature,D007249,Association,EC adhesion molecules,GeneOrGeneProduct,3383,train
470,28428256,prostaglandin A2,ChemicalEntity,C100008,Association,thrombin,GeneOrGeneProduct,14061,train
471,28428256,prostaglandin A2,ChemicalEntity,C100008,Negative_Correlation,lipopolysaccharide,ChemicalEntity,D008070,train
472,28428256,prostaglandin A2,ChemicalEntity,C100008,Association,acute lung injury,DiseaseOrPhenotypicFeature,D055371,train
473,28428256,prostaglandin A2,ChemicalEntity,C100008,Negative_Correlation,inflammatory,DiseaseOrPhenotypicFeature,D007249,train
474,28428256,prostaglandin A2,ChemicalEntity,C100008,Negative_Correlation,EC adhesion molecules,GeneOrGeneProduct,7412,train
475,28428256,prostaglandin A2,ChemicalEntity,C100008,Negative_Correlation,EC adhesion molecules,GeneOrGeneProduct,3383,train
476,28428256,prostaglandin A2,ChemicalEntity,C100008,Association,protein kinase A,GeneOrGeneProduct,5566,train
477,28428256,prostaglandin A2,ChemicalEntity,C100008,Association,Rap1/Rac1 GTPase,GeneOrGeneProduct,5906,train
478,28428256,prostaglandin A2,ChemicalEntity,C100008,Association,Rap1/Rac1 GTPase,GeneOrGeneProduct,5879,train
479,28428256,prostaglandin A2,ChemicalEntity,C100008,Bind,EP4,GeneOrGeneProduct,5734,train
480,28428256,EP4,GeneOrGeneProduct,5734,Association,inflammatory,DiseaseOrPhenotypicFeature,D007249,train
481,28428256,EP4,GeneOrGeneProduct,5734,Positive_Correlation,protein kinase A,GeneOrGeneProduct,5566,train
482,28428256,EP4,GeneOrGeneProduct,5734,Positive_Correlation,Rap1/Rac1 GTPase,GeneOrGeneProduct,5906,train
483,28428256,EP4,GeneOrGeneProduct,5734,Positive_Correlation,Rap1/Rac1 GTPase,GeneOrGeneProduct,5879,train
484,28487437,glucagon,GeneOrGeneProduct,14526,Association,hypoglycemia,DiseaseOrPhenotypicFeature,D007003,train
485,28487437,glucagon,GeneOrGeneProduct,14526,Negative_Correlation,Ghrelin,GeneOrGeneProduct,58991,train
486,28487437,insulin,GeneOrGeneProduct,3630,Negative_Correlation,type 1 diabetes,DiseaseOrPhenotypicFeature,D003922,train
487,28487437,Ghrelin,GeneOrGeneProduct,58991,Negative_Correlation,hypoglycemia,DiseaseOrPhenotypicFeature,D007003,train
488,28487437,streptozotocin,ChemicalEntity,D013311,Positive_Correlation,Ghrelin,GeneOrGeneProduct,58991,train
489,28487437,streptozotocin,ChemicalEntity,D013311,Positive_Correlation,hyperglycemia,DiseaseOrPhenotypicFeature,D006943,train
490,28487437,Glucagon receptor,GeneOrGeneProduct,2642,Association,hyperglycemia,DiseaseOrPhenotypicFeature,D006943,train
491,28487437,Glucagon receptor,GeneOrGeneProduct,2642,Association,type 1 diabetes,DiseaseOrPhenotypicFeature,D003922,train
492,28487437,glycemia,ChemicalEntity,D001786,Negative_Correlation,Glucagon Receptor,GeneOrGeneProduct,14527,train
493,28487437,glycemia,ChemicalEntity,D001786,Association,ghrelin receptor,GeneOrGeneProduct,208188,train
494,28487437,glycemia,ChemicalEntity,D001786,Negative_Correlation,streptozotocin,ChemicalEntity,D013311,train
495,28487437,ghrelin,GeneOrGeneProduct,51738,Association,glycemia,ChemicalEntity,D001786,train
496,28487437,ghrelin,GeneOrGeneProduct,51738,Association,glucose,ChemicalEntity,D005947,train
497,28777492,chronic liver inflammation,DiseaseOrPhenotypicFeature,D007249,Positive_Correlation,gankyrin,GeneOrGeneProduct,5716,train
498,28777492,gankyrin,GeneOrGeneProduct,5716,Positive_Correlation,vascular endothelial growth factor,GeneOrGeneProduct,22339,train
499,28777492,sorafenib,ChemicalEntity,D000077157,Negative_Correlation,hepatocellular carcinoma,DiseaseOrPhenotypicFeature,D006528,train
500,28777492,Gankyrin,GeneOrGeneProduct,53380,Association,hepatocellular carcinoma,DiseaseOrPhenotypicFeature,D006528,train
501,28777492,Gankyrin,GeneOrGeneProduct,53380,Association,chronic liver inflammation,DiseaseOrPhenotypicFeature,D007249,train
502,28777492,Gankyrin,GeneOrGeneProduct,53380,Association,tumor,DiseaseOrPhenotypicFeature,D009369,train
503,28777492,Gankyrin,GeneOrGeneProduct,53380,Positive_Correlation,epithelial cell adhesion molecule,GeneOrGeneProduct,17075,train
504,28777492,Gankyrin,GeneOrGeneProduct,53380,Positive_Correlation,Bmi1,GeneOrGeneProduct,12151,train
505,28777492,Gankyrin,GeneOrGeneProduct,53380,Positive_Correlation,interleukin (IL)-6,GeneOrGeneProduct,16193,train
506,28777492,Gankyrin,GeneOrGeneProduct,53380,Bind,Src homology 2 domain-containing protein tyrosine phosphatase-1,GeneOrGeneProduct,15170,train
507,28777492,Gankyrin,GeneOrGeneProduct,53380,Negative_Correlation,sorafenib,ChemicalEntity,D000077157,train
508,28777492,Gankyrin,GeneOrGeneProduct,53380,Positive_Correlation,STAT3,GeneOrGeneProduct,20848,train
509,7018927,luteinizing hormone,GeneOrGeneProduct,1081,Association,luteinizing hormone-releasing hormone,GeneOrGeneProduct,2796,train
510,7018927,luteinizing hormone-releasing hormone,GeneOrGeneProduct,2796,Association,haloperidol,ChemicalEntity,D006220,train
511,7018927,hyperprolactinemia,DiseaseOrPhenotypicFeature,D006966,Association,luteinizing hormone-releasing hormone,GeneOrGeneProduct,2796,train
512,7018927,haloperidol,ChemicalEntity,D006220,Positive_Correlation,hyperprolactinemia,DiseaseOrPhenotypicFeature,D006966,train
513,7468724,preterm labor,DiseaseOrPhenotypicFeature,D007752,Negative_Correlation,corticosteroid,ChemicalEntity,D000305,train
514,7468724,terbutaline,ChemicalEntity,D013726,Association,corticosteroid,ChemicalEntity,D000305,train
515,7468724,terbutaline,ChemicalEntity,D013726,Negative_Correlation,preterm labor,DiseaseOrPhenotypicFeature,D007752,train
516,7468724,Cardiovascular complications,DiseaseOrPhenotypicFeature,D002318,Positive_Correlation,corticosteroid,ChemicalEntity,D000305,train
517,7468724,Cardiovascular complications,DiseaseOrPhenotypicFeature,D002318,Association,terbutaline,ChemicalEntity,D013726,train
518,7668252,VLCAD-deficient,DiseaseOrPhenotypicFeature,C536353,Negative_Correlation,long-chain fatty acid,ChemicalEntity,D005227,train
519,7668252,VLCAD-deficient,DiseaseOrPhenotypicFeature,C536353,Positive_Correlation,105-bp deletion encompassing bases 1078-1182,SequenceVariant,c|DEL|1078-1182|,train
520,7668252,VLCAD-deficient,DiseaseOrPhenotypicFeature,C536353,Negative_Correlation,very-long-chain acyl-coenzyme A dehydrogenase,GeneOrGeneProduct,37,train
521,7668252,palmitic acid,ChemicalEntity,D019308,Association,VLCAD-deficient,DiseaseOrPhenotypicFeature,C536353,train
522,7668252,very-long-chain acyl-coenzyme A dehydrogenase,GeneOrGeneProduct,37,Positive_Correlation,palmitic acid,ChemicalEntity,D019308,train
523,7905839,neuropsychiatric disorders,DiseaseOrPhenotypicFeature,D001523,Association,mu opiate receptor,GeneOrGeneProduct,4988,train
524,7905839,cyclic AMP,ChemicalEntity,D000242,Association,mu opiate receptor,GeneOrGeneProduct,25601,train
525,7905839,GTP,ChemicalEntity,D006160,Association,mu opiate receptor,GeneOrGeneProduct,25601,train
526,7905839,mu opiate receptor,GeneOrGeneProduct,25601,Association,opioid peptides,ChemicalEntity,D018847,train
527,7905839,mu opiate receptor,GeneOrGeneProduct,25601,Association,opiate,ChemicalEntity,D053610,train
528,7905839,sodium,ChemicalEntity,D012964,Association,mu opiate receptor,GeneOrGeneProduct,25601,train
529,8002973,X-linked adrenoleukodystrophy,DiseaseOrPhenotypicFeature,D000326,Association,Adrenoleukodystrophy gene,GeneOrGeneProduct,215,train
530,8755918,ATM,GeneOrGeneProduct,472,Association,cerebellar ataxia,DiseaseOrPhenotypicFeature,D002524,train
531,8755918,ataxia-telangiectasia,DiseaseOrPhenotypicFeature,D001260,Association,ATM,GeneOrGeneProduct,472,train
532,8755918,137-bp insertion,SequenceVariant,c|INS||137,Association,cerebellar ataxia,DiseaseOrPhenotypicFeature,D002524,train
533,8755918,137-bp insertion,SequenceVariant,c|INS||137,Positive_Correlation,ataxia-telangiectasia,DiseaseOrPhenotypicFeature,D001260,train
534,9294109,Myotonic dystrophy,DiseaseOrPhenotypicFeature,D009223,Association,Myotonic dystrophy protein kinase,GeneOrGeneProduct,13400,train
535,9294109,Ca2+,ChemicalEntity,D002118,Negative_Correlation,Myotonic dystrophy protein kinase,GeneOrGeneProduct,13400,train
536,9647766,casein kinase II,GeneOrGeneProduct,1457,Association,enzymatic complex I-deficient,DiseaseOrPhenotypicFeature,C537475,train
537,9647766,nuclear encoded iron sulphur protein (IP) subunits of complex I,GeneOrGeneProduct,4722,Bind,nuclear encoded iron sulphur protein (IP) subunits of complex I,GeneOrGeneProduct,4726,train
538,9647766,nuclear encoded iron sulphur protein (IP) subunits of complex I,GeneOrGeneProduct,4722,Association,casein kinase II,GeneOrGeneProduct,1457,train
539,9647766,nuclear encoded iron sulphur protein (IP) subunits of complex I,GeneOrGeneProduct,4722,Association,enzymatic complex I-deficient,DiseaseOrPhenotypicFeature,C537475,train
540,9647766,protein kinase C,GeneOrGeneProduct,5578,Association,enzymatic complex I-deficient,DiseaseOrPhenotypicFeature,C537475,train
541,9647766,nuclear encoded iron sulphur protein (IP) subunits of complex I,GeneOrGeneProduct,4720,Bind,nuclear encoded iron sulphur protein (IP) subunits of complex I,GeneOrGeneProduct,4726,train
542,9647766,nuclear encoded iron sulphur protein (IP) subunits of complex I,GeneOrGeneProduct,4720,Bind,nuclear encoded iron sulphur protein (IP) subunits of complex I,GeneOrGeneProduct,4722,train
543,9647766,nuclear encoded iron sulphur protein (IP) subunits of complex I,GeneOrGeneProduct,4720,Association,enzymatic complex I-deficient,DiseaseOrPhenotypicFeature,C537475,train
544,9647766,nuclear encoded iron sulphur protein (IP) subunits of complex I,GeneOrGeneProduct,4720,Association,protein kinase C,GeneOrGeneProduct,5578,train
545,9746003,lamotrigine,ChemicalEntity,D000077213,Cotreatment,ethosuximide,ChemicalEntity,D005013,train
546,9746003,sodium valproate,ChemicalEntity,D014635,Cotreatment,ethosuximide,ChemicalEntity,D005013,train
547,9746003,sodium valproate,ChemicalEntity,D014635,Cotreatment,lamotrigine,ChemicalEntity,D000077213,train
548,9746003,absence seizures,DiseaseOrPhenotypicFeature,D004832,Negative_Correlation,ethosuximide,ChemicalEntity,D005013,train
549,9746003,absence seizures,DiseaseOrPhenotypicFeature,D004832,Negative_Correlation,lamotrigine,ChemicalEntity,D000077213,train
550,9746003,absence seizures,DiseaseOrPhenotypicFeature,D004832,Negative_Correlation,sodium valproate,ChemicalEntity,D014635,train
551,9746003,absence seizures,DiseaseOrPhenotypicFeature,D004832,Positive_Correlation,vigabatrin,ChemicalEntity,D020888,train
552,9746003,absence seizures,DiseaseOrPhenotypicFeature,D004832,Positive_Correlation,carbamazepine,ChemicalEntity,D002220,train
553,9746003,carbamazepine,ChemicalEntity,D002220,Comparison,vigabatrin,ChemicalEntity,D020888,train
554,9746003,myoclonic jerks,DiseaseOrPhenotypicFeature,D009207,Positive_Correlation,carbamazepine,ChemicalEntity,D002220,train
555,15459183,Ile232Thr,SequenceVariant,rs1050501,Positive_Correlation,systemic lupus erythematosus,DiseaseOrPhenotypicFeature,D008180,train
556,15459183,nephritis,DiseaseOrPhenotypicFeature,D009393,Association,CD72,GeneOrGeneProduct,971,train
557,15459183,FCGR2B,GeneOrGeneProduct,2213,Association,systemic lupus erythematosus,DiseaseOrPhenotypicFeature,D008180,train
558,15459183,CD72,GeneOrGeneProduct,971,Association,FCGR2B,GeneOrGeneProduct,2213,train
559,15459183,systemic lupus erythematosus,DiseaseOrPhenotypicFeature,D008180,Association,CD72,GeneOrGeneProduct,971,train
560,15459183,CD72,GeneOrGeneProduct,12517,Association,systemic lupus erythematosus,DiseaseOrPhenotypicFeature,D008180,train
561,15599941,G/A,SequenceVariant,c|SUB|G||A,Positive_Correlation,prostate cancer,DiseaseOrPhenotypicFeature,D011471,train
562,15599941,glutamine repeat,SequenceVariant,c|DUP||G|,Positive_Correlation,malignant disease,DiseaseOrPhenotypicFeature,D009369,train
563,15599941,malignant disease,DiseaseOrPhenotypicFeature,D009369,Association,androgen receptor,GeneOrGeneProduct,367,train
564,15599941,prostate specific antigen,GeneOrGeneProduct,354,Association,androgen receptor,GeneOrGeneProduct,367,train
565,15599941,CAG and GGC repeat,SequenceVariant,c|DUP||CAG_GGC|,Positive_Correlation,prostate cancer,DiseaseOrPhenotypicFeature,D011471,train
566,15599941,prostate cancer,DiseaseOrPhenotypicFeature,D011471,Association,prostate specific antigen,GeneOrGeneProduct,354,train
567,15599941,androgen receptor,GeneOrGeneProduct,367,Association,prostate cancer,DiseaseOrPhenotypicFeature,D011471,train
568,15609295,glycoprotein (GP) Ib/IX/V,GeneOrGeneProduct,2814,Bind,von Willebrand factor,GeneOrGeneProduct,7450,train
569,15609295,glycoprotein (GP) Ib/IX/V,GeneOrGeneProduct,2814,Association,Bernard-Soulier syndrome,DiseaseOrPhenotypicFeature,D001606,train
570,15609295,glycoprotein (GP) Ib/IX/V,GeneOrGeneProduct,2811,Bind,von Willebrand factor,GeneOrGeneProduct,7450,train
571,15609295,glycoprotein (GP) Ib/IX/V,GeneOrGeneProduct,2811,Association,Bernard-Soulier syndrome,DiseaseOrPhenotypicFeature,D001606,train
572,15609295,von Willebrand factor,GeneOrGeneProduct,7450,Association,Bernard-Soulier syndrome,DiseaseOrPhenotypicFeature,D001606,train
573,15609295,glycoprotein IX,GeneOrGeneProduct,2815,Bind,von Willebrand factor,GeneOrGeneProduct,7450,train
574,15609295,glycoprotein IX,GeneOrGeneProduct,2815,Association,Bernard-Soulier syndrome,DiseaseOrPhenotypicFeature,D001606,train
575,15609295,Asn45Ser,SequenceVariant,rs5030764,Positive_Correlation,Bernard-Soulier syndrome,DiseaseOrPhenotypicFeature,D001606,train
576,15609295,"changes asparagine 86 for alanine and eliminates amino acids 87, 88, and 89 (arginine, threonine, and proline)",SequenceVariant,p|SUB|NRTP|86_89|A,Positive_Correlation,Bernard-Soulier syndrome,DiseaseOrPhenotypicFeature,D001606,train
577,15609295,nine-nucleotide deletion starting at position 1952,SequenceVariant,c|DEL|1952|9,Positive_Correlation,Bernard-Soulier syndrome,DiseaseOrPhenotypicFeature,D001606,train
578,16288197,DCT,GeneOrGeneProduct,1638,Association,pigmentation,DiseaseOrPhenotypicFeature,D010859,train
579,16288197,144 G>A,SequenceVariant,rs74315339,Positive_Correlation,glaucoma,DiseaseOrPhenotypicFeature,D005901,train
580,16288197,CYP1B1,GeneOrGeneProduct,1545,Association,glaucoma,DiseaseOrPhenotypicFeature,D005901,train
581,16288197,optineurin,GeneOrGeneProduct,10133,Association,glaucoma,DiseaseOrPhenotypicFeature,D005901,train
582,16288197,congenital microcoria,DiseaseOrPhenotypicFeature,C537550,Association,MCOR,GeneOrGeneProduct,8104,train
583,16288197,congenital microcoria,DiseaseOrPhenotypicFeature,C537550,Association,144 G>A,SequenceVariant,rs74315339,train
584,16288197,congenital microcoria,DiseaseOrPhenotypicFeature,C537550,Association,CYP1B1,GeneOrGeneProduct,1545,train
585,16288197,congenital microcoria,DiseaseOrPhenotypicFeature,C537550,Association,optineurin,GeneOrGeneProduct,10133,train
586,16288197,congenital microcoria,DiseaseOrPhenotypicFeature,C537550,Association,myocilin,GeneOrGeneProduct,4653,train
587,16288197,myocilin,GeneOrGeneProduct,4653,Association,glaucoma,DiseaseOrPhenotypicFeature,D005901,train
588,17177139,1284A>C,SequenceVariant,c|SUB|A|1284|C,Positive_Correlation,resistance to thyroid hormone syndrome,DiseaseOrPhenotypicFeature,D018382,train
589,17177139,thyroid stimulating hormone,GeneOrGeneProduct,1081,Positive_Correlation,thyroid hormone beta receptor,GeneOrGeneProduct,6955,train
590,17177139,thyroxine,ChemicalEntity,D013974,Association,thyroid hormone beta receptor,GeneOrGeneProduct,6955,train
591,17177139,thyroxine,ChemicalEntity,D013974,Positive_Correlation,E333D,SequenceVariant,p|SUB|E|333|D,train
592,17177139,triiodothyronine,ChemicalEntity,D014284,Association,thyroid hormone beta receptor,GeneOrGeneProduct,6955,train
593,17177139,triiodothyronine,ChemicalEntity,D014284,Positive_Correlation,E333D,SequenceVariant,p|SUB|E|333|D,train
594,17177139,thyroid hormone beta receptor,GeneOrGeneProduct,6955,Association,resistance to thyroid hormone syndrome,DiseaseOrPhenotypicFeature,D018382,train
595,17177139,resistance to thyroid hormone syndrome,DiseaseOrPhenotypicFeature,D018382,Positive_Correlation,thyroid hormones,ChemicalEntity,D013963,train
596,17177139,resistance to thyroid hormone syndrome,DiseaseOrPhenotypicFeature,D018382,Association,thyroid stimulating hormone,GeneOrGeneProduct,1081,train
597,17177139,resistance to thyroid hormone syndrome,DiseaseOrPhenotypicFeature,D018382,Positive_Correlation,thyroxine,ChemicalEntity,D013974,train
598,17177139,resistance to thyroid hormone syndrome,DiseaseOrPhenotypicFeature,D018382,Positive_Correlation,triiodothyronine,ChemicalEntity,D014284,train
599,17177139,E333D,SequenceVariant,p|SUB|E|333|D,Positive_Correlation,resistance to thyroid hormone syndrome,DiseaseOrPhenotypicFeature,D018382,train
600,17634480,reactive oxygen species,ChemicalEntity,D017382,Positive_Correlation,cancer,DiseaseOrPhenotypicFeature,D009369,train
601,17634480,GPX4,GeneOrGeneProduct,2879,Association,death,DiseaseOrPhenotypicFeature,D003643,train
602,17634480,GPX4,GeneOrGeneProduct,2879,Association,breast cancer,DiseaseOrPhenotypicFeature,D001943,train
603,17634480,rs713041,SequenceVariant,rs713041,Positive_Correlation,death,DiseaseOrPhenotypicFeature,D003643,train
604,17634480,breast cancer,DiseaseOrPhenotypicFeature,D001943,Positive_Correlation,rs757229,SequenceVariant,rs757229,train
605,17634480,breast cancer,DiseaseOrPhenotypicFeature,D001943,Positive_Correlation,rs713041,SequenceVariant,rs713041,train
606,18699851,mantle cell lymphoma,DiseaseOrPhenotypicFeature,D020522,Association,ERCC5,GeneOrGeneProduct,2073,train
607,18699851,mantle cell lymphoma,DiseaseOrPhenotypicFeature,D020522,Association,ATM,GeneOrGeneProduct,472,train
608,18699851,mantle cell lymphoma,DiseaseOrPhenotypicFeature,D020522,Association,PRKACB,GeneOrGeneProduct,5567,train
609,18699851,mantle cell lymphoma,DiseaseOrPhenotypicFeature,D020522,Association,ARHGAP29,GeneOrGeneProduct,9411,train
610,18699851,mantle cell lymphoma,DiseaseOrPhenotypicFeature,D020522,Association,FBXO5,GeneOrGeneProduct,26271,train
611,20086182,cancer,DiseaseOrPhenotypicFeature,D009369,Association,D302H,SequenceVariant,rs1045485,train
612,20086182,cancer,DiseaseOrPhenotypicFeature,D009369,Association,-652 6N ins/del,SequenceVariant,c|INDEL|-652|6,train
613,20086182,camptothecin,ChemicalEntity,D002166,Association,p53,GeneOrGeneProduct,7157,train
614,20086182,-652 6N del,SequenceVariant,c|DEL|-652|6,Positive_Correlation,camptothecin,ChemicalEntity,D002166,train
615,20086182,-652 6N del,SequenceVariant,c|DEL|-652|6,Positive_Correlation,squamous cell carcinoma of the head and neck,DiseaseOrPhenotypicFeature,D000077195,train
616,20086182,CASP8,GeneOrGeneProduct,841,Association,cancer,DiseaseOrPhenotypicFeature,D009369,train
617,20086182,CASP8,GeneOrGeneProduct,841,Association,p53,GeneOrGeneProduct,7157,train
618,20086182,CASP8,GeneOrGeneProduct,841,Association,camptothecin,ChemicalEntity,D002166,train
619,20086182,CASP8,GeneOrGeneProduct,841,Association,squamous cell carcinoma of the head and neck,DiseaseOrPhenotypicFeature,D000077195,train
620,24914936,developmental delay,DiseaseOrPhenotypicFeature,D002658,Negative_Correlation,thyroxine,ChemicalEntity,D013974,train
621,24914936,hypothyroidism,DiseaseOrPhenotypicFeature,D007037,Negative_Correlation,thyroxine,ChemicalEntity,D013974,train
622,24914936,THRA,GeneOrGeneProduct,7067,Association,constipation,DiseaseOrPhenotypicFeature,D003248,train
623,24914936,THRA,GeneOrGeneProduct,7067,Association,intellectual deficit,DiseaseOrPhenotypicFeature,D008607,train
624,24914936,THRA,GeneOrGeneProduct,7067,Association,skeletal dysplasia,DiseaseOrPhenotypicFeature,D001848,train
625,24914936,thyroxine,ChemicalEntity,D013974,Negative_Correlation,TSH,GeneOrGeneProduct,22094,train
626,24914936,thyroxine,ChemicalEntity,D013974,Negative_Correlation,TSH,GeneOrGeneProduct,12640,train
627,24914936,thyroxine,ChemicalEntity,D013974,Association,skeletal dysplasia,DiseaseOrPhenotypicFeature,D001848,train
628,24914936,Thyroid hormone receptor a,GeneOrGeneProduct,21833,Association,short stature,DiseaseOrPhenotypicFeature,D006130,train
629,24914936,Thyroid hormone receptor a,GeneOrGeneProduct,21833,Association,skeletal dysplasia,DiseaseOrPhenotypicFeature,D001848,train
630,27014915,RIP1,GeneOrGeneProduct,8737,Positive_Correlation,caspases,GeneOrGeneProduct,836,train
631,27014915,BV6,ChemicalEntity,C582180,Negative_Correlation,tumor,DiseaseOrPhenotypicFeature,D009369,train
632,27014915,cIAP2,GeneOrGeneProduct,330,Negative_Correlation,BV6,ChemicalEntity,C582180,train
633,27014915,cIAP2,GeneOrGeneProduct,330,Association,tumor,DiseaseOrPhenotypicFeature,D009369,train
634,27014915,cIAP1,GeneOrGeneProduct,329,Negative_Correlation,BV6,ChemicalEntity,C582180,train
635,27014915,cIAP1,GeneOrGeneProduct,329,Association,tumor,DiseaseOrPhenotypicFeature,D009369,train
636,27014915,Smac,GeneOrGeneProduct,56616,Negative_Correlation,cIAP2,GeneOrGeneProduct,330,train
637,27014915,Smac,GeneOrGeneProduct,56616,Negative_Correlation,cIAP1,GeneOrGeneProduct,329,train
638,27014915,Smac,GeneOrGeneProduct,56616,Association,tumor,DiseaseOrPhenotypicFeature,D009369,train
639,27014915,tumor,DiseaseOrPhenotypicFeature,D009369,Association,FasL,GeneOrGeneProduct,14103,train
640,27014915,tumor,DiseaseOrPhenotypicFeature,D009369,Association,perforin,GeneOrGeneProduct,18646,train
641,27014915,TNFa,GeneOrGeneProduct,7124,Positive_Correlation,RIP3,GeneOrGeneProduct,11035,train
642,27014915,TNFa,GeneOrGeneProduct,7124,Positive_Correlation,RIP1,GeneOrGeneProduct,8737,train
643,27014915,TNFa,GeneOrGeneProduct,7124,Positive_Correlation,caspases,GeneOrGeneProduct,836,train
644,27014915,TNFa,GeneOrGeneProduct,7124,Association,tumor,DiseaseOrPhenotypicFeature,D009369,train
645,27014915,TNFa,GeneOrGeneProduct,7124,Association,soft tissue sarcoma,DiseaseOrPhenotypicFeature,D012509,train
646,27014915,NF-kB,GeneOrGeneProduct,4790,Association,tumor,DiseaseOrPhenotypicFeature,D009369,train
647,27014915,NF-kB,GeneOrGeneProduct,4790,Positive_Correlation,TNFa,GeneOrGeneProduct,7124,train
648,27014915,NF-kB,GeneOrGeneProduct,4790,Association,soft tissue sarcoma,DiseaseOrPhenotypicFeature,D012509,train
649,27014915,NF-kB,GeneOrGeneProduct,4790,Bind,NF-kB,GeneOrGeneProduct,4790,train
650,27014915,p65,GeneOrGeneProduct,5970,Positive_Correlation,TNFa,GeneOrGeneProduct,7124,train
651,27014915,p65,GeneOrGeneProduct,5970,Association,soft tissue sarcoma,DiseaseOrPhenotypicFeature,D012509,train
652,27014915,p65,GeneOrGeneProduct,5970,Bind,NF-kB,GeneOrGeneProduct,4790,train
653,27959382,fibrosis,DiseaseOrPhenotypicFeature,D005355,Association,Bach1,GeneOrGeneProduct,12013,train
654,27959382,bleomycin,ChemicalEntity,D001761,Positive_Correlation,pulmonary fibrosis,DiseaseOrPhenotypicFeature,D011658,train
655,27959382,Bach1,GeneOrGeneProduct,12013,Positive_Correlation,interleukin-6,GeneOrGeneProduct,16193,train
656,27959382,Bach1,GeneOrGeneProduct,12013,Positive_Correlation,transforming growth factor (TGF)-b1,GeneOrGeneProduct,21803,train
657,27959382,Bach1,GeneOrGeneProduct,12013,Negative_Correlation,glutathione peroxidase 1,GeneOrGeneProduct,14775,train
658,27959382,Bach1,GeneOrGeneProduct,12013,Negative_Correlation,heme oxygenase-1,GeneOrGeneProduct,15368,train
659,27959382,Bach1,GeneOrGeneProduct,12013,Positive_Correlation,pulmonary fibrosis,DiseaseOrPhenotypicFeature,D011658,train
660,27959382,Bach1,GeneOrGeneProduct,12013,Positive_Correlation,bleomycin,ChemicalEntity,D001761,train
661,28368537,LIF Receptor,GeneOrGeneProduct,16880,Positive_Correlation,Msx1,GeneOrGeneProduct,17701,train
662,28368537,leukemia inhibitory factor,GeneOrGeneProduct,16878,Association,Msx1,GeneOrGeneProduct,17701,train
663,28368537,leukemia inhibitory factor,GeneOrGeneProduct,16878,Bind,LIF Receptor,GeneOrGeneProduct,16880,train
664,28368537,signal transducer and activation of transcription (STAT) 3,GeneOrGeneProduct,20848,Association,LIF Receptor,GeneOrGeneProduct,16880,train
665,28368537,signal transducer and activation of transcription (STAT) 3,GeneOrGeneProduct,20848,Association,leukemia inhibitory factor,GeneOrGeneProduct,16878,train
666,28368537,Janus kinase,GeneOrGeneProduct,16452,Association,LIF Receptor,GeneOrGeneProduct,16880,train
667,28368537,Janus kinase,GeneOrGeneProduct,16452,Association,leukemia inhibitory factor,GeneOrGeneProduct,16878,train
668,28368537,Janus kinase,GeneOrGeneProduct,16452,Association,signal transducer and activation of transcription (STAT) 3,GeneOrGeneProduct,20848,train
669,28650467,asparagine,ChemicalEntity,D001216,Association,NH3,ChemicalEntity,D000641,train
670,28650467,asparagine,ChemicalEntity,D001216,Association,aspartate,ChemicalEntity,D001224,train
671,28650467,Methadone,ChemicalEntity,D008691,Association,leukemic,DiseaseOrPhenotypicFeature,D007938,train
672,28650467,Methadone,ChemicalEntity,D008691,Positive_Correlation,opioid receptor u1,GeneOrGeneProduct,4988,train
673,28650467,ubiquitin-conjugating enzyme E2C,GeneOrGeneProduct,11065,Association,acute lymphoblastic leukemia,DiseaseOrPhenotypicFeature,D054198,train
674,28650467,carbonic anhydrase 1,GeneOrGeneProduct,759,Association,acute lymphoblastic leukemia,DiseaseOrPhenotypicFeature,D054198,train
675,28650467,L-asparaginase,ChemicalEntity,D001215,Positive_Correlation,asparagine deficit,DiseaseOrPhenotypicFeature,OMIM:615574,train
676,28650467,L-asparaginase,ChemicalEntity,D001215,Association,asparagine,ChemicalEntity,D001216,train
677,28650467,L-asparaginase,ChemicalEntity,D001215,Cotreatment,Methadone,ChemicalEntity,D008691,train
678,28650467,L-asparaginase,ChemicalEntity,D001215,Negative_Correlation,leukemic,DiseaseOrPhenotypicFeature,D007938,train
679,28650467,L-asparaginase,ChemicalEntity,D001215,Negative_Correlation,acute lymphoblastic leukemia,DiseaseOrPhenotypicFeature,D054198,train
680,28650467,opioid receptor u1,GeneOrGeneProduct,4988,Association,leukemic,DiseaseOrPhenotypicFeature,D007938,train
681,28650467,opioid receptor u1,GeneOrGeneProduct,4988,Negative_Correlation,acute lymphoblastic leukemia,DiseaseOrPhenotypicFeature,D054198,train
682,28650467,opioid receptor u1,GeneOrGeneProduct,4988,Positive_Correlation,L-asparaginase,ChemicalEntity,D001215,train
683,15748645,skin cancer,DiseaseOrPhenotypicFeature,D012878,Negative_Correlation,antioxidant,ChemicalEntity,D000975,train
684,15748645,skin cancer,DiseaseOrPhenotypicFeature,D012878,Positive_Correlation,ornithine decarboxylase,GeneOrGeneProduct,4953,train
685,15748645,skin cancer,DiseaseOrPhenotypicFeature,D012878,Positive_Correlation,prostaglandin,ChemicalEntity,D011453,train
686,16543197,CRB1,GeneOrGeneProduct,23418,Association,Leber congenital amaurosis,DiseaseOrPhenotypicFeature,D057130,train
687,16543197,CRB1,GeneOrGeneProduct,23418,Association,retinitis pigmentosa,DiseaseOrPhenotypicFeature,D012174,train
688,16543197,hyperopia,DiseaseOrPhenotypicFeature,D006956,Association,CRB1,GeneOrGeneProduct,23418,train
689,16543197,G1103R,SequenceVariant,rs62636275,Association,Leber congenital amaurosis,DiseaseOrPhenotypicFeature,D057130,train
690,16543197,G1103R,SequenceVariant,rs62636275,Association,hyperopia,DiseaseOrPhenotypicFeature,D006956,train
691,16543197,G1103R,SequenceVariant,rs62636275,Association,retinitis pigmentosa,DiseaseOrPhenotypicFeature,D012174,train
692,16574712,memory deficits,DiseaseOrPhenotypicFeature,D008569,Positive_Correlation,MDMA,ChemicalEntity,D018817,train
693,16574712,impaired social and emotional judgement processes,DiseaseOrPhenotypicFeature,D003072,Positive_Correlation,MDMA,ChemicalEntity,D018817,train
694,16575011,1494del6,SequenceVariant,c|DEL|1494|6,Association,Tumor,DiseaseOrPhenotypicFeature,D009369,train
695,16575011,1494del6,SequenceVariant,c|DEL|1494|6,Association,colorectal cancer,DiseaseOrPhenotypicFeature,D015179,train
696,16575011,thymidylate synthase,GeneOrGeneProduct,7298,Association,metastases,DiseaseOrPhenotypicFeature,D009362,train
697,16575011,thymidylate synthase,GeneOrGeneProduct,7298,Association,Tumor,DiseaseOrPhenotypicFeature,D009369,train
698,16575011,thymidylate synthase,GeneOrGeneProduct,7298,Association,colorectal cancer,DiseaseOrPhenotypicFeature,D015179,train
699,16575011,fluorouracil,ChemicalEntity,D005472,Cotreatment,leucovorin,ChemicalEntity,D002955,train
700,16575011,fluorouracil,ChemicalEntity,D005472,Cotreatment,levamisole,ChemicalEntity,D007978,train
701,16575011,colorectal cancer,DiseaseOrPhenotypicFeature,D015179,Negative_Correlation,fluorouracil,ChemicalEntity,D005472,train
702,16575011,colorectal cancer,DiseaseOrPhenotypicFeature,D015179,Negative_Correlation,leucovorin,ChemicalEntity,D002955,train
703,16575011,colorectal cancer,DiseaseOrPhenotypicFeature,D015179,Negative_Correlation,levamisole,ChemicalEntity,D007978,train
704,17074608,nonketotic hyperglycinemia,DiseaseOrPhenotypicFeature,D020158,Positive_Correlation,glycine,ChemicalEntity,D005998,train
705,17074608,Valproate,ChemicalEntity,D014635,Positive_Correlation,encephalopathy,DiseaseOrPhenotypicFeature,D001927,train
706,17074608,Valproate,ChemicalEntity,D014635,Positive_Correlation,chorea,DiseaseOrPhenotypicFeature,D002819,train
707,18310445,bone morphogenetic proteins (BMP)-4,GeneOrGeneProduct,443502,Negative_Correlation,FSH,GeneOrGeneProduct,443538,train
708,18310445,bone morphogenetic proteins (BMP)-4,GeneOrGeneProduct,443502,Negative_Correlation,FSHbeta,GeneOrGeneProduct,443387,train
709,18310445,p38 MAPK,GeneOrGeneProduct,26416,Negative_Correlation,Bone morphogenetic protein-4,GeneOrGeneProduct,652,train
710,18310445,Smad1/5,GeneOrGeneProduct,17129,Association,BMP,GeneOrGeneProduct,12159,train
711,18310445,Smad1/5,GeneOrGeneProduct,17129,Association,Bone morphogenetic protein-4,GeneOrGeneProduct,652,train
712,18310445,Smad1/5,GeneOrGeneProduct,17125,Association,BMP,GeneOrGeneProduct,12159,train
713,18310445,Smad1/5,GeneOrGeneProduct,17125,Association,Bone morphogenetic protein-4,GeneOrGeneProduct,652,train
714,18310445,GnRH receptor,GeneOrGeneProduct,14715,Positive_Correlation,LHbeta,GeneOrGeneProduct,16866,train
715,18310445,LHbeta,GeneOrGeneProduct,16866,Positive_Correlation,GnRH,GeneOrGeneProduct,14714,train
716,18310445,activin,GeneOrGeneProduct,16323,Association,Smad2/3,GeneOrGeneProduct,17127,train
717,18310445,activin,GeneOrGeneProduct,16323,Association,Smad2/3,GeneOrGeneProduct,17126,train
718,18310445,activin,GeneOrGeneProduct,16323,Positive_Correlation,FSH,GeneOrGeneProduct,443538,train
719,18310445,activin,GeneOrGeneProduct,16323,Positive_Correlation,FSHbeta,GeneOrGeneProduct,443387,train
720,18310445,activin,GeneOrGeneProduct,16323,Positive_Correlation,gonadotrophin,GeneOrGeneProduct,14308,train
721,18310445,activin,GeneOrGeneProduct,16323,Association,gonadotrophin,GeneOrGeneProduct,12640,train
722,18310445,activin,GeneOrGeneProduct,16323,Association,GnRH,GeneOrGeneProduct,14714,train
723,18310445,GnRH,GeneOrGeneProduct,14714,Positive_Correlation,p38 MAPK,GeneOrGeneProduct,26416,train
724,18310445,GnRH,GeneOrGeneProduct,14714,Association,cAMP response element-binding,GeneOrGeneProduct,12912,train
725,18310445,GnRH,GeneOrGeneProduct,14714,Association,ERK1/2,GeneOrGeneProduct,26417,train
726,18310445,GnRH,GeneOrGeneProduct,14714,Association,ERK1/2,GeneOrGeneProduct,26413,train
727,18310445,GnRH,GeneOrGeneProduct,14714,Positive_Correlation,FSH,GeneOrGeneProduct,443538,train
728,18310445,GnRH,GeneOrGeneProduct,14714,Positive_Correlation,FSHbeta,GeneOrGeneProduct,443387,train
729,18310445,GnRH,GeneOrGeneProduct,14714,Positive_Correlation,gonadotrophin,GeneOrGeneProduct,14308,train
730,18310445,GnRH,GeneOrGeneProduct,14714,Association,gonadotrophin,GeneOrGeneProduct,12640,train
731,18310445,activin,GeneOrGeneProduct,83729,Association,gonadotrophin,GeneOrGeneProduct,14308,train
732,18310445,activin,GeneOrGeneProduct,83729,Association,gonadotrophin,GeneOrGeneProduct,12640,train
733,18310445,activin,GeneOrGeneProduct,3624,Association,gonadotrophin,GeneOrGeneProduct,14308,train
734,18310445,activin,GeneOrGeneProduct,3624,Association,gonadotrophin,GeneOrGeneProduct,12640,train
735,18310445,Bone morphogenetic protein-4,GeneOrGeneProduct,652,Negative_Correlation,GnRH receptor,GeneOrGeneProduct,14715,train
736,18310445,Bone morphogenetic protein-4,GeneOrGeneProduct,652,Negative_Correlation,LHbeta,GeneOrGeneProduct,16866,train
737,18310445,Bone morphogenetic protein-4,GeneOrGeneProduct,652,Positive_Correlation,activin,GeneOrGeneProduct,16323,train
738,18310445,Bone morphogenetic protein-4,GeneOrGeneProduct,652,Association,gonadotrophin,GeneOrGeneProduct,14308,train
739,18310445,Bone morphogenetic protein-4,GeneOrGeneProduct,652,Association,gonadotrophin,GeneOrGeneProduct,12640,train
740,18310445,Bone morphogenetic protein-4,GeneOrGeneProduct,652,Positive_Correlation,GnRH,GeneOrGeneProduct,14714,train
741,18310445,Bone morphogenetic protein-4,GeneOrGeneProduct,652,Association,activin,GeneOrGeneProduct,83729,train
742,18310445,Bone morphogenetic protein-4,GeneOrGeneProduct,652,Association,activin,GeneOrGeneProduct,3624,train
743,19082493,ins/del 6 bp,SequenceVariant,c|INDEL||6,Positive_Correlation,5 fluorouracil,ChemicalEntity,D005472,train
744,19082493,ins/del 6 bp,SequenceVariant,c|INDEL||6,Association,colorectal cancer,DiseaseOrPhenotypicFeature,D015179,train
745,19082493,rectal cancers,DiseaseOrPhenotypicFeature,D012004,Association,ins/del 6 bp,SequenceVariant,c|INDEL||6,train
746,19082493,rectal cancers,DiseaseOrPhenotypicFeature,D012004,Association,thymidylate synthase,GeneOrGeneProduct,7298,train
747,19082493,thymidylate synthase,GeneOrGeneProduct,7298,Positive_Correlation,5 fluorouracil,ChemicalEntity,D005472,train
748,19082493,thymidylate synthase,GeneOrGeneProduct,7298,Association,colorectal cancer,DiseaseOrPhenotypicFeature,D015179,train
749,19082493,tumour,DiseaseOrPhenotypicFeature,D009369,Association,ins/del 6 bp,SequenceVariant,c|INDEL||6,train
750,19082493,tumour,DiseaseOrPhenotypicFeature,D009369,Association,thymidylate synthase,GeneOrGeneProduct,7298,train
751,19082493,deletion of 6 bp at position 1494,SequenceVariant,c|DEL|194|6,Association,colorectal cancer,DiseaseOrPhenotypicFeature,D015179,train
752,19082493,colorectal cancer,DiseaseOrPhenotypicFeature,D015179,Association,28 bp variable number of tandem repeats,SequenceVariant,c|DUP||28,train
753,19082493,colorectal cancer,DiseaseOrPhenotypicFeature,D015179,Negative_Correlation,5 fluorouracil,ChemicalEntity,D005472,train
754,19082493,colorectal cancer,DiseaseOrPhenotypicFeature,D015179,Association,G/C,SequenceVariant,c|SUB|G||C,train
755,19218574,testosterone,ChemicalEntity,D013739,Association,Met326Ile,SequenceVariant,rs3730089,train
756,19218574,testosterone,ChemicalEntity,D013739,Association,polycystic ovary syndrome,DiseaseOrPhenotypicFeature,D011085,train
757,19218574,17-hydroxyprogesterone,ChemicalEntity,D019326,Association,polycystic ovary syndrome,DiseaseOrPhenotypicFeature,D011085,train
758,19218574,Met326Ile,SequenceVariant,rs3730089,Positive_Correlation,17-hydroxyprogesterone,ChemicalEntity,D019326,train
759,19218574,Met326Ile,SequenceVariant,rs3730089,Association,polycystic ovary syndrome,DiseaseOrPhenotypicFeature,D011085,train
760,19218574,Phosphatidylinositol 3-kinase,GeneOrGeneProduct,5295,Association,testosterone,ChemicalEntity,D013739,train
761,19218574,Phosphatidylinositol 3-kinase,GeneOrGeneProduct,5295,Association,17-hydroxyprogesterone,ChemicalEntity,D019326,train
762,19218574,Phosphatidylinositol 3-kinase,GeneOrGeneProduct,5295,Association,polycystic ovary syndrome,DiseaseOrPhenotypicFeature,D011085,train
763,19218574,Phosphatidylinositol 3-kinase,GeneOrGeneProduct,5295,Association,glucose,ChemicalEntity,D005947,train
764,19218574,Phosphatidylinositol 3-kinase,GeneOrGeneProduct,5295,Association,insulin,GeneOrGeneProduct,3630,train
765,19218574,insulin,GeneOrGeneProduct,3630,Association,glucose,ChemicalEntity,D005947,train
766,19996135,tranexamic Acid,ChemicalEntity,D014148,Positive_Correlation,seizures,DiseaseOrPhenotypicFeature,D012640,train
767,20477932,GSH,ChemicalEntity,D005978,Association,nuclear factor kappa B,GeneOrGeneProduct,81736,train
768,20477932,neuronal nitric oxide synthase,GeneOrGeneProduct,24598,Association,GSH,ChemicalEntity,D005978,train
769,20477932,neuronal nitric oxide synthase,GeneOrGeneProduct,24598,Association,glutathione peroxidase,GeneOrGeneProduct,2876,train
770,20477932,neuronal nitric oxide synthase,GeneOrGeneProduct,24598,Positive_Correlation,Cocaine,ChemicalEntity,D003042,train
771,20477932,nuclear factor kappa B,GeneOrGeneProduct,81736,Negative_Correlation,neuronal nitric oxide synthase,GeneOrGeneProduct,24598,train
772,20477932,nuclear factor kappa B,GeneOrGeneProduct,81736,Association,glutathione peroxidase,GeneOrGeneProduct,2876,train
773,20477932,nuclear factor kappa B,GeneOrGeneProduct,81736,Negative_Correlation,Cocaine,ChemicalEntity,D003042,train
774,20477932,topiramate,ChemicalEntity,D000077236,Negative_Correlation,cocaine addiction,DiseaseOrPhenotypicFeature,D019970,train
775,20477932,topiramate,ChemicalEntity,D000077236,Negative_Correlation,memory and learning impairments,DiseaseOrPhenotypicFeature,D008569,train
776,20477932,topiramate,ChemicalEntity,D000077236,Negative_Correlation,memory and learning impairments,DiseaseOrPhenotypicFeature,D007859,train
777,20477932,Cocaine,ChemicalEntity,D003042,Association,glutathione peroxidase,GeneOrGeneProduct,2876,train
778,20477932,Cocaine,ChemicalEntity,D003042,Negative_Correlation,topiramate,ChemicalEntity,D000077236,train
779,20477932,Cocaine,ChemicalEntity,D003042,Positive_Correlation,memory and learning impairments,DiseaseOrPhenotypicFeature,D008569,train
780,20477932,Cocaine,ChemicalEntity,D003042,Positive_Correlation,memory and learning impairments,DiseaseOrPhenotypicFeature,D007859,train
781,24587916,dexamethasone,ChemicalEntity,D003907,Positive_Correlation,hydrogen peroxide,ChemicalEntity,D006861,train
782,24587916,dexamethasone,ChemicalEntity,D003907,Positive_Correlation,hypertension,DiseaseOrPhenotypicFeature,D006973,train
783,24587916,lactoferrin,GeneOrGeneProduct,301034,Negative_Correlation,ROS,ChemicalEntity,D017382,train
784,24587916,lactoferrin,GeneOrGeneProduct,301034,Negative_Correlation,weight loss,DiseaseOrPhenotypicFeature,D015431,train
785,24587916,lactoferrin,GeneOrGeneProduct,301034,Negative_Correlation,hydrogen peroxide,ChemicalEntity,D006861,train
786,24587916,lactoferrin,GeneOrGeneProduct,301034,Negative_Correlation,hypertension,DiseaseOrPhenotypicFeature,D006973,train
787,24587916,lactoferrin,GeneOrGeneProduct,301034,Negative_Correlation,dexamethasone,ChemicalEntity,D003907,train
788,24587916,iron,ChemicalEntity,D007501,Association,lactoferrin,GeneOrGeneProduct,301034,train
789,24743235,CSF-1R,GeneOrGeneProduct,12978,Positive_Correlation,c-Fos,GeneOrGeneProduct,14281,train
790,24743235,CSF-1,GeneOrGeneProduct,12977,Positive_Correlation,c-Fos,GeneOrGeneProduct,14281,train
791,24743235,CSF-1,GeneOrGeneProduct,12977,Bind,CSF-1R,GeneOrGeneProduct,12978,train
792,24743235,CSF-1,GeneOrGeneProduct,12977,Positive_Correlation,IL-10,GeneOrGeneProduct,16153,train
793,24743235,CSF-1,GeneOrGeneProduct,12977,Positive_Correlation,CD11c,GeneOrGeneProduct,16411,train
794,24743235,CSF-1,GeneOrGeneProduct,12977,Association,IL-3,GeneOrGeneProduct,16187,train
795,24743235,IL-10,GeneOrGeneProduct,16153,Association,LPS,ChemicalEntity,D008070,train
796,24743235,IL-3,GeneOrGeneProduct,16187,Positive_Correlation,IL-10,GeneOrGeneProduct,16153,train
797,24743235,IL-3,GeneOrGeneProduct,16187,Positive_Correlation,CD11c,GeneOrGeneProduct,16411,train
798,28348168,FGFR2,GeneOrGeneProduct,14183,Association,cancer,DiseaseOrPhenotypicFeature,D009369,train
799,28348168,FGFR2,GeneOrGeneProduct,14183,Association,SOX2,GeneOrGeneProduct,20674,train
800,28348168,degenerative disease,DiseaseOrPhenotypicFeature,D019636,Association,FGFR2,GeneOrGeneProduct,14183,train
801,28398555,N-type voltage-gated calcium channels,GeneOrGeneProduct,774,Positive_Correlation,calcium,ChemicalEntity,D002118,train
802,28398555,KCl,ChemicalEntity,D011189,Association,N-type voltage-gated calcium channels,GeneOrGeneProduct,774,train
803,28398555,calcium,ChemicalEntity,D002118,Association,KCl,ChemicalEntity,D011189,train
804,28398555,calcium,ChemicalEntity,D002118,Association,dystonia,DiseaseOrPhenotypicFeature,D004421,train
805,28398555,dystonia,DiseaseOrPhenotypicFeature,D004421,Positive_Correlation,A190T,SequenceVariant,rs550921485,train
806,28398555,dystonia,DiseaseOrPhenotypicFeature,D004421,Positive_Correlation,T71N,SequenceVariant,rs775863165,train
807,28398555,hippocalcin,GeneOrGeneProduct,3208,Association,N-type voltage-gated calcium channels,GeneOrGeneProduct,774,train
808,28398555,hippocalcin,GeneOrGeneProduct,3208,Association,KCl,ChemicalEntity,D011189,train
809,28398555,hippocalcin,GeneOrGeneProduct,3208,Positive_Correlation,calcium,ChemicalEntity,D002118,train
810,28398555,hippocalcin,GeneOrGeneProduct,3208,Bind,voltage-gated calcium channels,GeneOrGeneProduct,783,train
811,28398555,hippocalcin,GeneOrGeneProduct,3208,Association,dystonia,DiseaseOrPhenotypicFeature,D004421,train
812,30442153,glial fibrillary acidic protein,GeneOrGeneProduct,14580,Association,Alzheimer's disease,DiseaseOrPhenotypicFeature,D000544,train
813,30442153,Orai1,GeneOrGeneProduct,109305,Association,KCa3.1,GeneOrGeneProduct,16534,train
814,30442153,neuron loss,DiseaseOrPhenotypicFeature,D009422,Association,Ca2+,ChemicalEntity,D000069285,train
815,30442153,neuron loss,DiseaseOrPhenotypicFeature,D009422,Association,PS1,GeneOrGeneProduct,5663,train
816,30442153,neuron loss,DiseaseOrPhenotypicFeature,D009422,Association,APP,GeneOrGeneProduct,351,train
817,30442153,neuron loss,DiseaseOrPhenotypicFeature,D009422,Association,APP,GeneOrGeneProduct,11820,train
818,30442153,neuron loss,DiseaseOrPhenotypicFeature,D009422,Association,KCa3.1,GeneOrGeneProduct,16534,train
819,30442153,Ca2+,ChemicalEntity,D000069285,Association,APP,GeneOrGeneProduct,351,train
820,30442153,Ca2+,ChemicalEntity,D000069285,Association,memory deficits,DiseaseOrPhenotypicFeature,D008569,train
821,30442153,PS1,GeneOrGeneProduct,5663,Association,memory deficits,DiseaseOrPhenotypicFeature,D008569,train
822,30442153,APP,GeneOrGeneProduct,351,Association,memory deficits,DiseaseOrPhenotypicFeature,D008569,train
823,30442153,APP,GeneOrGeneProduct,11820,Association,memory deficits,DiseaseOrPhenotypicFeature,D008569,train
824,30442153,astrogliosis,DiseaseOrPhenotypicFeature,D005911,Association,glial fibrillary acidic protein,GeneOrGeneProduct,14580,train
825,30442153,mTOR,GeneOrGeneProduct,56717,Association,astrogliosis,DiseaseOrPhenotypicFeature,D005911,train
826,30442153,mTOR,GeneOrGeneProduct,2475,Association,astrogliosis,DiseaseOrPhenotypicFeature,D005911,train
827,30442153,AKT,GeneOrGeneProduct,207,Association,astrogliosis,DiseaseOrPhenotypicFeature,D005911,train
828,30442153,AKT,GeneOrGeneProduct,11651,Association,astrogliosis,DiseaseOrPhenotypicFeature,D005911,train
829,30442153,KCa3.1,GeneOrGeneProduct,3783,Association,Alzheimer's disease,DiseaseOrPhenotypicFeature,D000544,train
830,30442153,KCa3.1,GeneOrGeneProduct,3783,Association,neuron loss,DiseaseOrPhenotypicFeature,D009422,train
831,30442153,KCa3.1,GeneOrGeneProduct,3783,Association,memory deficits,DiseaseOrPhenotypicFeature,D008569,train
832,30442153,KCa3.1,GeneOrGeneProduct,3783,Association,astrogliosis,DiseaseOrPhenotypicFeature,D005911,train
833,30442153,KCa3.1,GeneOrGeneProduct,16534,Association,Alzheimer's disease,DiseaseOrPhenotypicFeature,D000544,train
834,30442153,KCa3.1,GeneOrGeneProduct,16534,Negative_Correlation,glial fibrillary acidic protein,GeneOrGeneProduct,14580,train
835,30442153,KCa3.1,GeneOrGeneProduct,16534,Negative_Correlation,CCAAT/enhancer-binding protein homologous protein,GeneOrGeneProduct,13198,train
836,30442153,KCa3.1,GeneOrGeneProduct,16534,Negative_Correlation,78-kDa glucose-regulated protein,GeneOrGeneProduct,14828,train
837,30442153,KCa3.1,GeneOrGeneProduct,16534,Association,Ca2+,ChemicalEntity,D000069285,train
838,30442153,KCa3.1,GeneOrGeneProduct,16534,Association,memory deficits,DiseaseOrPhenotypicFeature,D008569,train
839,30442153,KCa3.1,GeneOrGeneProduct,16534,Association,astrogliosis,DiseaseOrPhenotypicFeature,D005911,train
840,30442153,KCa3.1,GeneOrGeneProduct,16534,Negative_Correlation,mTOR,GeneOrGeneProduct,56717,train
841,30442153,KCa3.1,GeneOrGeneProduct,16534,Negative_Correlation,AKT,GeneOrGeneProduct,11651,train
842,30442153,Ca2+,ChemicalEntity,D002118,Association,Orai1,GeneOrGeneProduct,109305,train
843,30442153,Ca2+,ChemicalEntity,D002118,Association,astrogliosis,DiseaseOrPhenotypicFeature,D005911,train
844,30442153,Ca2+,ChemicalEntity,D002118,Association,mTOR,GeneOrGeneProduct,56717,train
845,30442153,Ca2+,ChemicalEntity,D002118,Association,mTOR,GeneOrGeneProduct,2475,train
846,30442153,Ca2+,ChemicalEntity,D002118,Association,AKT,GeneOrGeneProduct,207,train
847,30442153,Ca2+,ChemicalEntity,D002118,Association,AKT,GeneOrGeneProduct,11651,train
848,30442153,Ca2+,ChemicalEntity,D002118,Association,KCa3.1,GeneOrGeneProduct,3783,train
849,30442153,Ca2+,ChemicalEntity,D002118,Association,KCa3.1,GeneOrGeneProduct,16534,train
850,15461822,Delta30-4995,SequenceVariant,c|DEL|4995|30,Association,dengue,DiseaseOrPhenotypicFeature,D003715,train
851,15461822,30 nucleotide deletion,SequenceVariant,c|DEL||30,Association,dengue,DiseaseOrPhenotypicFeature,D003715,train
852,15461822,30 nucleotide deletion,SequenceVariant,c|DEL||30,Association,viremia,DiseaseOrPhenotypicFeature,D014766,train
853,16418600,sudden infant death with dysgenesis of the testes syndrome,DiseaseOrPhenotypicFeature,C563856,Positive_Correlation,457_458insG,SequenceVariant,c|INS|457_458|G,train
854,16418600,sudden infant death with dysgenesis of the testes syndrome,DiseaseOrPhenotypicFeature,C563856,Association,TSPYL1,GeneOrGeneProduct,7259,train
855,16720068,agitation,DiseaseOrPhenotypicFeature,D011595,Negative_Correlation,alprazolam,ChemicalEntity,D000525,train
856,16720068,agitation,DiseaseOrPhenotypicFeature,D011595,Negative_Correlation,paroxetine,ChemicalEntity,D017374,train
857,16720068,loss of appetite,DiseaseOrPhenotypicFeature,D001068,Negative_Correlation,alprazolam,ChemicalEntity,D000525,train
858,16720068,loss of appetite,DiseaseOrPhenotypicFeature,D001068,Negative_Correlation,paroxetine,ChemicalEntity,D017374,train
859,16720068,insomnia,DiseaseOrPhenotypicFeature,D007319,Negative_Correlation,alprazolam,ChemicalEntity,D000525,train
860,16720068,insomnia,DiseaseOrPhenotypicFeature,D007319,Negative_Correlation,paroxetine,ChemicalEntity,D017374,train
861,16720068,depressive symptoms,DiseaseOrPhenotypicFeature,D003866,Negative_Correlation,alprazolam,ChemicalEntity,D000525,train
862,16720068,depressive symptoms,DiseaseOrPhenotypicFeature,D003866,Negative_Correlation,paroxetine,ChemicalEntity,D017374,train
863,16720068,creatine phosphokinase,ChemicalEntity,D003402,Negative_Correlation,diazepam,ChemicalEntity,D003975,train
864,16720068,creatine phosphokinase,ChemicalEntity,D003402,Negative_Correlation,bromocriptine,ChemicalEntity,D001971,train
865,16720068,diazepam,ChemicalEntity,D003975,Negative_Correlation,extrapyramidal symptoms,DiseaseOrPhenotypicFeature,D001480,train
866,16720068,bromocriptine,ChemicalEntity,D001971,Negative_Correlation,extrapyramidal symptoms,DiseaseOrPhenotypicFeature,D001480,train
867,16720068,extrapyramidal symptoms,DiseaseOrPhenotypicFeature,D001480,Positive_Correlation,alanine aminotransferase,ChemicalEntity,D000410,train
868,16720068,extrapyramidal symptoms,DiseaseOrPhenotypicFeature,D001480,Positive_Correlation,aspartate aminotransferase,ChemicalEntity,D001219,train
869,16720068,extrapyramidal symptoms,DiseaseOrPhenotypicFeature,D001480,Positive_Correlation,creatine phosphokinase,ChemicalEntity,D003402,train
870,16720068,extrapyramidal symptoms,DiseaseOrPhenotypicFeature,D001480,Positive_Correlation,alprazolam,ChemicalEntity,D000525,train
871,16720068,extrapyramidal symptoms,DiseaseOrPhenotypicFeature,D001480,Positive_Correlation,paroxetine,ChemicalEntity,D017374,train
872,16720068,fever,DiseaseOrPhenotypicFeature,D005334,Positive_Correlation,alanine aminotransferase,ChemicalEntity,D000410,train
873,16720068,fever,DiseaseOrPhenotypicFeature,D005334,Positive_Correlation,aspartate aminotransferase,ChemicalEntity,D001219,train
874,16720068,fever,DiseaseOrPhenotypicFeature,D005334,Positive_Correlation,creatine phosphokinase,ChemicalEntity,D003402,train
875,16720068,fever,DiseaseOrPhenotypicFeature,D005334,Negative_Correlation,diazepam,ChemicalEntity,D003975,train
876,16720068,fever,DiseaseOrPhenotypicFeature,D005334,Negative_Correlation,bromocriptine,ChemicalEntity,D001971,train
877,16720068,tremors,DiseaseOrPhenotypicFeature,D014202,Negative_Correlation,diazepam,ChemicalEntity,D003975,train
878,16720068,tremors,DiseaseOrPhenotypicFeature,D014202,Negative_Correlation,bromocriptine,ChemicalEntity,D001971,train
879,16720068,muscle rigidity,DiseaseOrPhenotypicFeature,D009127,Negative_Correlation,diazepam,ChemicalEntity,D003975,train
880,16720068,muscle rigidity,DiseaseOrPhenotypicFeature,D009127,Negative_Correlation,bromocriptine,ChemicalEntity,D001971,train
881,16720068,psychomotor retardation,DiseaseOrPhenotypicFeature,D011596,Negative_Correlation,diazepam,ChemicalEntity,D003975,train
882,16720068,psychomotor retardation,DiseaseOrPhenotypicFeature,D011596,Negative_Correlation,bromocriptine,ChemicalEntity,D001971,train
883,16720068,alprazolam,ChemicalEntity,D000525,Positive_Correlation,fever,DiseaseOrPhenotypicFeature,D005334,train
884,16720068,alprazolam,ChemicalEntity,D000525,Positive_Correlation,tremors,DiseaseOrPhenotypicFeature,D014202,train
885,16720068,alprazolam,ChemicalEntity,D000525,Positive_Correlation,muscle rigidity,DiseaseOrPhenotypicFeature,D009127,train
886,16720068,alprazolam,ChemicalEntity,D000525,Positive_Correlation,psychomotor retardation,DiseaseOrPhenotypicFeature,D011596,train
887,16720068,alprazolam,ChemicalEntity,D000525,Positive_Correlation,neuroleptic malignant syndrome,DiseaseOrPhenotypicFeature,D009459,train
888,16720068,paroxetine,ChemicalEntity,D017374,Positive_Correlation,fever,DiseaseOrPhenotypicFeature,D005334,train
889,16720068,paroxetine,ChemicalEntity,D017374,Positive_Correlation,tremors,DiseaseOrPhenotypicFeature,D014202,train
890,16720068,paroxetine,ChemicalEntity,D017374,Positive_Correlation,muscle rigidity,DiseaseOrPhenotypicFeature,D009127,train
891,16720068,paroxetine,ChemicalEntity,D017374,Positive_Correlation,psychomotor retardation,DiseaseOrPhenotypicFeature,D011596,train
892,16720068,paroxetine,ChemicalEntity,D017374,Drug_Interaction,alprazolam,ChemicalEntity,D000525,train
893,16720068,paroxetine,ChemicalEntity,D017374,Positive_Correlation,neuroleptic malignant syndrome,DiseaseOrPhenotypicFeature,D009459,train
894,16904497,low back and right leg pain,DiseaseOrPhenotypicFeature,D017116,Negative_Correlation,steroid,ChemicalEntity,D013256,train
895,16904497,low back and right leg pain,DiseaseOrPhenotypicFeature,D010146,Negative_Correlation,steroid,ChemicalEntity,D013256,train
896,16904497,radiculopathy,DiseaseOrPhenotypicFeature,D011843,Negative_Correlation,steroid,ChemicalEntity,D013256,train
897,16904497,neurologic deterioration,DiseaseOrPhenotypicFeature,D009422,Positive_Correlation,steroid,ChemicalEntity,D013256,train
898,16904497,triamcinolone diacetate,ChemicalEntity,C030262,Positive_Correlation,lower extremity weakness,DiseaseOrPhenotypicFeature,D020335,train
899,16904497,triamcinolone diacetate,ChemicalEntity,C030262,Positive_Correlation,numbness,DiseaseOrPhenotypicFeature,D006987,train
900,16904497,bupivacaine,ChemicalEntity,D002045,Positive_Correlation,lower extremity weakness,DiseaseOrPhenotypicFeature,D020335,train
901,16904497,bupivacaine,ChemicalEntity,D002045,Positive_Correlation,numbness,DiseaseOrPhenotypicFeature,D006987,train
902,16904497,Cauda equina syndrome,DiseaseOrPhenotypicFeature,D011128,Positive_Correlation,triamcinolone,ChemicalEntity,D014221,train
903,16904497,Cauda equina syndrome,DiseaseOrPhenotypicFeature,D011128,Positive_Correlation,bupivacaine,ChemicalEntity,D002045,train
904,16904497,steroid,ChemicalEntity,D013256,Positive_Correlation,Cauda equina syndrome,DiseaseOrPhenotypicFeature,D011128,train
905,17083016,SP-D,GeneOrGeneProduct,6441,Bind,sugars,ChemicalEntity,D000073893,train
906,17083016,SP-D,GeneOrGeneProduct,6441,Association,inflammatory,DiseaseOrPhenotypicFeature,D007249,train
907,17083016,Surfactant protein (SP)-A,GeneOrGeneProduct,653509,Bind,sugars,ChemicalEntity,D000073893,train
908,17083016,Surfactant protein (SP)-A,GeneOrGeneProduct,653509,Association,inflammatory,DiseaseOrPhenotypicFeature,D007249,train
909,17083016,lysine at residue 223,SequenceVariant,c|Allele|K|223,Association,died,DiseaseOrPhenotypicFeature,D003643,train
910,17083016,carbohydrate,ChemicalEntity,D002241,Association,surfactant protein-A2,GeneOrGeneProduct,729238,train
911,17083016,lysine (in 1A1) rather than glutamine (in 1A5) at amino acid 223,SequenceVariant,c|SUB|Q|223|K,Positive_Correlation,died,DiseaseOrPhenotypicFeature,D003643,train
912,17083016,lysine (in 1A1) rather than glutamine (in 1A5) at amino acid 223,SequenceVariant,c|SUB|Q|223|K,Association,carbohydrate,ChemicalEntity,D002241,train
913,17083016,lysine (in 1A1) rather than glutamine (in 1A5) at amino acid 223,SequenceVariant,c|SUB|Q|223|K,Positive_Correlation,meningococcal disease,DiseaseOrPhenotypicFeature,D008589,train
914,17083016,surfactant protein-A2,GeneOrGeneProduct,729238,Bind,sugars,ChemicalEntity,D000073893,train
915,17083016,surfactant protein-A2,GeneOrGeneProduct,729238,Association,inflammatory,DiseaseOrPhenotypicFeature,D007249,train
916,17083016,surfactant protein-A2,GeneOrGeneProduct,729238,Association,died,DiseaseOrPhenotypicFeature,D003643,train
917,17083016,surfactant protein-A2,GeneOrGeneProduct,729238,Association,meningococcal disease,DiseaseOrPhenotypicFeature,D008589,train
918,17910065,MSX1,GeneOrGeneProduct,4487,Association,oligodontia,DiseaseOrPhenotypicFeature,C538049,train
919,17910065,C139T,SequenceVariant,rs121917720,Positive_Correlation,oligodontia,DiseaseOrPhenotypicFeature,C538049,train
920,17910065,PAX9,GeneOrGeneProduct,5083,Association,oligodontia,DiseaseOrPhenotypicFeature,C538049,train
921,18366737,FH,GeneOrGeneProduct,2271,Association,tricarboxylic acid,ChemicalEntity,D014233,train
922,18366737,FH,GeneOrGeneProduct,2271,Association,fumarase deficiency,DiseaseOrPhenotypicFeature,C538191,train
923,18366737,FH,GeneOrGeneProduct,2271,Association,tumor syndrome,DiseaseOrPhenotypicFeature,D009369,train
924,18366737,FH,GeneOrGeneProduct,2271,Association,MCUL,DiseaseOrPhenotypicFeature,C535516,train
925,18366737,FH,GeneOrGeneProduct,2271,Association,encephalopathy,DiseaseOrPhenotypicFeature,D001927,train
926,18827003,(G --> C) substitution at position 1201,SequenceVariant,c|SUB|G|1201|C,Positive_Correlation,glucocorticoid,ChemicalEntity,D005938,train
927,18827003,hypertension,DiseaseOrPhenotypicFeature,D006973,Association,glucocorticoid receptor,GeneOrGeneProduct,2908,train
928,18827003,obesity,DiseaseOrPhenotypicFeature,D009765,Association,glucocorticoid receptor,GeneOrGeneProduct,2908,train
929,18827003,glucocorticoid,ChemicalEntity,D005938,Association,cortisol,ChemicalEntity,D006854,train
930,18827003,glucocorticoid,ChemicalEntity,D005938,Association,dexamethasone,ChemicalEntity,D003907,train
931,18827003,glucocorticoid,ChemicalEntity,D005938,Bind,glucocorticoid receptor,GeneOrGeneProduct,2908,train
932,18827003,glucocorticoid,ChemicalEntity,D005938,Positive_Correlation,hypersensitivity,DiseaseOrPhenotypicFeature,D004342,train
933,18827003,aspartic acid to histidine substitution at amino acid position 401,SequenceVariant,p|SUB|D|401|H,Positive_Correlation,metabolic syndrome,DiseaseOrPhenotypicFeature,D008659,train
934,18827003,aspartic acid to histidine substitution at amino acid position 401,SequenceVariant,p|SUB|D|401|H,Positive_Correlation,hypertension,DiseaseOrPhenotypicFeature,D006973,train
935,18827003,aspartic acid to histidine substitution at amino acid position 401,SequenceVariant,p|SUB|D|401|H,Positive_Correlation,obesity,DiseaseOrPhenotypicFeature,D009765,train
936,18827003,aspartic acid to histidine substitution at amino acid position 401,SequenceVariant,p|SUB|D|401|H,Association,dexamethasone,ChemicalEntity,D003907,train
937,18827003,aspartic acid to histidine substitution at amino acid position 401,SequenceVariant,p|SUB|D|401|H,Positive_Correlation,glucocorticoid,ChemicalEntity,D005938,train
938,18827003,glucocorticoid receptor,GeneOrGeneProduct,2908,Association,metabolic syndrome,DiseaseOrPhenotypicFeature,D008659,train
939,18827003,glucocorticoid receptor,GeneOrGeneProduct,2908,Association,glucocorticoid receptor-interacting protein 1,GeneOrGeneProduct,23426,train
940,18827003,glucocorticoid receptor,GeneOrGeneProduct,2908,Association,dexamethasone,ChemicalEntity,D003907,train
941,18827003,hypersensitivity,DiseaseOrPhenotypicFeature,D004342,Association,(G --> C) substitution at position 1201,SequenceVariant,c|SUB|G|1201|C,train
942,18827003,hypersensitivity,DiseaseOrPhenotypicFeature,D004342,Association,aspartic acid to histidine substitution at amino acid position 401,SequenceVariant,p|SUB|D|401|H,train
943,18827003,hypersensitivity,DiseaseOrPhenotypicFeature,D004342,Association,glucocorticoid receptor,GeneOrGeneProduct,2908,train
944,20105280,Keratin 12,GeneOrGeneProduct,268482,Negative_Correlation,Ras,GeneOrGeneProduct,3265,train
945,20105280,Spry 2,GeneOrGeneProduct,24064,Negative_Correlation,Erk1,GeneOrGeneProduct,26417,train
946,20105280,Spry 2,GeneOrGeneProduct,24064,Negative_Correlation,Erk2,GeneOrGeneProduct,26413,train
947,20105280,Spry 2,GeneOrGeneProduct,24064,Negative_Correlation,Raf,GeneOrGeneProduct,109880,train
948,20105280,Spry 2,GeneOrGeneProduct,24064,Negative_Correlation,Ras,GeneOrGeneProduct,3265,train
949,20105280,Spry 1,GeneOrGeneProduct,24063,Negative_Correlation,Erk1,GeneOrGeneProduct,26417,train
950,20105280,Spry 1,GeneOrGeneProduct,24063,Negative_Correlation,Erk2,GeneOrGeneProduct,26413,train
951,20105280,Spry 1,GeneOrGeneProduct,24063,Negative_Correlation,Raf,GeneOrGeneProduct,109880,train
952,20105280,Spry 1,GeneOrGeneProduct,24063,Negative_Correlation,Ras,GeneOrGeneProduct,3265,train
953,20105280,p57Kip2,GeneOrGeneProduct,12577,Positive_Correlation,Ras,GeneOrGeneProduct,3265,train
954,20105280,cdk,GeneOrGeneProduct,12575,Negative_Correlation,p57Kip2,GeneOrGeneProduct,12577,train
955,20105280,cdk,GeneOrGeneProduct,12575,Negative_Correlation,p27Kip1,GeneOrGeneProduct,12576,train
956,20105280,p27Kip1,GeneOrGeneProduct,12576,Positive_Correlation,Ras,GeneOrGeneProduct,3265,train
957,20105280,Ras,GeneOrGeneProduct,3265,Positive_Correlation,Prox1,GeneOrGeneProduct,19130,train
958,20105280,Ras,GeneOrGeneProduct,3265,Association,cancers,DiseaseOrPhenotypicFeature,D009369,train
959,20105280,Ras,GeneOrGeneProduct,3265,Positive_Correlation,cyclin D1 and D2,GeneOrGeneProduct,12444,train
960,20105280,Ras,GeneOrGeneProduct,3265,Positive_Correlation,cyclin D1 and D2,GeneOrGeneProduct,12443,train
961,20846357,p.Asp50Asn,SequenceVariant,rs28931594,Positive_Correlation,keratitis-ichthyosis-deafness (KID) syndrome,DiseaseOrPhenotypicFeature,C536168,train
962,20846357,alanine for valine at position 88,SequenceVariant,p|SUB|A|88|V,Positive_Correlation,keratitis-ichthyosis-deafness (KID) syndrome,DiseaseOrPhenotypicFeature,C536168,train
963,20846357,c.263C>T,SequenceVariant,c|SUB|C|263|T,Positive_Correlation,keratitis-ichthyosis-deafness (KID) syndrome,DiseaseOrPhenotypicFeature,C536168,train
964,20846357,connexin 26,GeneOrGeneProduct,2706,Association,keratitis-ichthyosis-deafness (KID) syndrome,DiseaseOrPhenotypicFeature,C536168,train
965,20846357,hyperkeratosis,DiseaseOrPhenotypicFeature,D017488,Negative_Correlation,acitretin,ChemicalEntity,D017255,train
966,20846357,papillomatosis,DiseaseOrPhenotypicFeature,D010212,Negative_Correlation,acitretin,ChemicalEntity,D017255,train
967,20846357,acanthosis,DiseaseOrPhenotypicFeature,D000052,Negative_Correlation,acitretin,ChemicalEntity,D017255,train
968,20846357,keratitis-ichthyosis-deafness (KID) syndrome,DiseaseOrPhenotypicFeature,C536168,Negative_Correlation,acitretin,ChemicalEntity,D017255,train
969,25622904,G12D,SequenceVariant,rs121913529,Association,tumor,DiseaseOrPhenotypicFeature,D009369,train
970,25622904,Jun-B,GeneOrGeneProduct,16477,Association,Fbxw7,GeneOrGeneProduct,50754,train
971,25622904,Jun-B,GeneOrGeneProduct,16477,Association,p16,GeneOrGeneProduct,12578,train
972,25622904,tumor,DiseaseOrPhenotypicFeature,D009369,Association,Fbxw7,GeneOrGeneProduct,50754,train
973,25622904,p27,GeneOrGeneProduct,12576,Negative_Correlation,tumor,DiseaseOrPhenotypicFeature,D009369,train
974,25622904,p27,GeneOrGeneProduct,12576,Association,kras,GeneOrGeneProduct,16653,train
975,25622904,p21,GeneOrGeneProduct,12575,Negative_Correlation,tumor,DiseaseOrPhenotypicFeature,D009369,train
976,25622904,p21,GeneOrGeneProduct,12575,Association,kras,GeneOrGeneProduct,16653,train
977,25622904,DEPTOR,GeneOrGeneProduct,97998,Negative_Correlation,tumor,DiseaseOrPhenotypicFeature,D009369,train
978,25622904,DEPTOR,GeneOrGeneProduct,97998,Association,kras,GeneOrGeneProduct,16653,train
979,25622904,NFkappaB,GeneOrGeneProduct,18033,Negative_Correlation,tumor,DiseaseOrPhenotypicFeature,D009369,train
980,25622904,NFkappaB,GeneOrGeneProduct,18033,Association,kras,GeneOrGeneProduct,16653,train
981,25622904,kras,GeneOrGeneProduct,16653,Association,tumor,DiseaseOrPhenotypicFeature,D009369,train
982,25622904,kras,GeneOrGeneProduct,16653,Association,lung tumorigenesis,DiseaseOrPhenotypicFeature,D008175,train
983,25622904,Sag,GeneOrGeneProduct,19823,Association,NF1,GeneOrGeneProduct,18015,train
984,25622904,Sag,GeneOrGeneProduct,19823,Association,NOXA,GeneOrGeneProduct,58801,train
985,25622904,Sag,GeneOrGeneProduct,19823,Positive_Correlation,MAPK,GeneOrGeneProduct,26413,train
986,25622904,Sag,GeneOrGeneProduct,19823,Negative_Correlation,Jun-B,GeneOrGeneProduct,16477,train
987,25622904,Sag,GeneOrGeneProduct,19823,Negative_Correlation,p16,GeneOrGeneProduct,12578,train
988,25622904,Sag,GeneOrGeneProduct,19823,Association,tumor,DiseaseOrPhenotypicFeature,D009369,train
989,25622904,Sag,GeneOrGeneProduct,19823,Association,lung tumorigenesis,DiseaseOrPhenotypicFeature,D008175,train
990,25622904,Sag,GeneOrGeneProduct,19823,Association,p27,GeneOrGeneProduct,12576,train
991,25622904,Sag,GeneOrGeneProduct,19823,Association,p21,GeneOrGeneProduct,12575,train
992,25622904,Sag,GeneOrGeneProduct,19823,Association,DEPTOR,GeneOrGeneProduct,97998,train
993,25622904,Sag,GeneOrGeneProduct,19823,Association,NFkappaB,GeneOrGeneProduct,18033,train
994,25622904,Sag,GeneOrGeneProduct,19823,Positive_Correlation,kras,GeneOrGeneProduct,16653,train
995,26115410,inorganic arsenic,ChemicalEntity,D001152,Positive_Correlation,cancer,DiseaseOrPhenotypicFeature,D009369,train
996,28098423,cardiac dysfunction,DiseaseOrPhenotypicFeature,D006331,Association,Akt,GeneOrGeneProduct,24185,train
997,28098423,doxorubicin,ChemicalEntity,D004317,Positive_Correlation,cardiotoxicity,DiseaseOrPhenotypicFeature,D066126,train
998,28098423,doxorubicin,ChemicalEntity,D004317,Negative_Correlation,cancer,DiseaseOrPhenotypicFeature,D009369,train
999,28098423,doxorubicin,ChemicalEntity,D004317,Association,Akt,GeneOrGeneProduct,24185,train
1000,28098423,doxorubicin,ChemicalEntity,D004317,Positive_Correlation,cardiac dysfunction,DiseaseOrPhenotypicFeature,D006331,train
1001,28098423,Brain-derived neurotrophic factor,GeneOrGeneProduct,24225,Association,Bad,GeneOrGeneProduct,64639,train
1002,28098423,Brain-derived neurotrophic factor,GeneOrGeneProduct,24225,Association,mammalian target of rapamycin,GeneOrGeneProduct,56718,train
1003,28098423,Brain-derived neurotrophic factor,GeneOrGeneProduct,24225,Bind,tropomyosin-related kinase B,GeneOrGeneProduct,25054,train
1004,28098423,Brain-derived neurotrophic factor,GeneOrGeneProduct,24225,Positive_Correlation,Akt,GeneOrGeneProduct,24185,train
1005,28098423,Brain-derived neurotrophic factor,GeneOrGeneProduct,24225,Negative_Correlation,cardiac dysfunction,DiseaseOrPhenotypicFeature,D006331,train
1006,28098423,Brain-derived neurotrophic factor,GeneOrGeneProduct,24225,Negative_Correlation,doxorubicin,ChemicalEntity,D004317,train
1007,15042318,Atrial fibrillation,DiseaseOrPhenotypicFeature,D001281,Positive_Correlation,doxorubicin,ChemicalEntity,D004317,train
1008,15042318,muscular dystrophy,DiseaseOrPhenotypicFeature,D009136,Positive_Correlation,doxorubicin,ChemicalEntity,D004317,train
1009,15042318,gastric lymphoma,DiseaseOrPhenotypicFeature,C535648,Negative_Correlation,doxorubicin,ChemicalEntity,D004317,train
1010,15042318,doxorubicin,ChemicalEntity,D004317,Positive_Correlation,cardiac toxicity,DiseaseOrPhenotypicFeature,D066126,train
1011,15042318,doxorubicin,ChemicalEntity,D004317,Positive_Correlation,cardiac arrhythmias,DiseaseOrPhenotypicFeature,D001145,train
1012,15184369,fura-2,ChemicalEntity,D016257,Positive_Correlation,Ca2+,ChemicalEntity,D002118,train
1013,15184369,Delta695-725,SequenceVariant,p|DEL|695-725|,Association,Ca2+,ChemicalEntity,D002118,train
1014,15184369,EGTA,ChemicalEntity,D004533,Association,Ca2+,ChemicalEntity,D002118,train
1015,15184369,EGTA,ChemicalEntity,D004533,Association,TRPV6,GeneOrGeneProduct,55503,train
1016,15184369,TRPV6,GeneOrGeneProduct,55503,Negative_Correlation,Ca2+,ChemicalEntity,D002118,train
1017,15807692,3472delC,SequenceVariant,c|DEL|3472|C,Positive_Correlation,recessive dystrophic epidermolysis bullosa,DiseaseOrPhenotypicFeature,D016108,train
1018,15807692,single base pair deletion of a cytosine nucleotide,SequenceVariant,c|DEL||C,Positive_Correlation,recessive dystrophic epidermolysis bullosa,DiseaseOrPhenotypicFeature,D016108,train
1019,15807692,VII collagen,GeneOrGeneProduct,1294,Association,recessive dystrophic epidermolysis bullosa,DiseaseOrPhenotypicFeature,D016108,train
1020,15807692,recessive dystrophic epidermolysis bullosa,DiseaseOrPhenotypicFeature,D016108,Positive_Correlation,G-->A,SequenceVariant,c|SUB|G||A,train
1021,15807692,recessive dystrophic epidermolysis bullosa,DiseaseOrPhenotypicFeature,D016108,Positive_Correlation,IVS51 + 1G-->A,SequenceVariant,c|SUB|G|IVS51+1|A,train
1022,16157158,Cys 23-Ser 23,SequenceVariant,rs6318,Association,seasonal affective disorder,DiseaseOrPhenotypicFeature,D016574,train
1023,16157158,5-HT(2C) receptor,GeneOrGeneProduct,3358,Association,seasonal affective disorder,DiseaseOrPhenotypicFeature,D016574,train
1024,17192049,A to G,SequenceVariant,rs1048943,Negative_Correlation,prostate cancer,DiseaseOrPhenotypicFeature,D011471,train
1025,17192049,prostate cancer,DiseaseOrPhenotypicFeature,D011471,Association,T3801C,SequenceVariant,g|SUB|T|3801|C,train
1026,17192049,prostate cancer,DiseaseOrPhenotypicFeature,D011471,Association,Cytochrome p4501A1,GeneOrGeneProduct,1543,train
1027,18356633,hematologic/oncologic disorder,DiseaseOrPhenotypicFeature,D009369,Negative_Correlation,aminoglycoside,ChemicalEntity,D000617,train
1028,18356633,hematologic/oncologic disorder,DiseaseOrPhenotypicFeature,D009369,Negative_Correlation,amikacin,ChemicalEntity,D000583,train
1029,18356633,hematologic/oncologic disorder,DiseaseOrPhenotypicFeature,D006402,Negative_Correlation,aminoglycoside,ChemicalEntity,D000617,train
1030,18356633,hematologic/oncologic disorder,DiseaseOrPhenotypicFeature,D006402,Negative_Correlation,amikacin,ChemicalEntity,D000583,train
1031,18356633,nephrotoxicity,DiseaseOrPhenotypicFeature,D007674,Positive_Correlation,creatinine,ChemicalEntity,D003404,train
1032,18356633,amikacin,ChemicalEntity,D000583,Negative_Correlation,infections,DiseaseOrPhenotypicFeature,D007239,train
1033,18356633,amikacin,ChemicalEntity,D000583,Negative_Correlation,febrile neutropenia,DiseaseOrPhenotypicFeature,D009503,train
1034,18356633,amikacin,ChemicalEntity,D000583,Positive_Correlation,nephrotoxicity,DiseaseOrPhenotypicFeature,D007674,train
1035,19696792,rs2622604,SequenceVariant,rs2622604,Positive_Correlation,myelosuppression,DiseaseOrPhenotypicFeature,D001855,train
1036,19696792,rs2622604,SequenceVariant,rs2622604,Positive_Correlation,irinotecan,ChemicalEntity,D000077146,train
1037,19696792,myelosuppression,DiseaseOrPhenotypicFeature,D001855,Association,ABCG2,GeneOrGeneProduct,9429,train
1038,19696792,irinotecan,ChemicalEntity,D000077146,Positive_Correlation,diarrhea,DiseaseOrPhenotypicFeature,D003967,train
1039,19696792,irinotecan,ChemicalEntity,D000077146,Negative_Correlation,colorectal and lung cancers,DiseaseOrPhenotypicFeature,D015179,train
1040,19696792,irinotecan,ChemicalEntity,D000077146,Negative_Correlation,colorectal and lung cancers,DiseaseOrPhenotypicFeature,D008175,train
1041,19696792,irinotecan,ChemicalEntity,D000077146,Positive_Correlation,myelosuppression,DiseaseOrPhenotypicFeature,D001855,train
1042,19696792,irinotecan,ChemicalEntity,D000077146,Association,ABCG2,GeneOrGeneProduct,9429,train
1043,20226780,chordin,GeneOrGeneProduct,30161,Negative_Correlation,BMP1,GeneOrGeneProduct,30204,train
1044,20226780,chordin,GeneOrGeneProduct,30161,Association,TGFbeta,GeneOrGeneProduct,359834,train
1045,20226780,chordin-like,GeneOrGeneProduct,563085,Negative_Correlation,BMP1,GeneOrGeneProduct,30204,train
1046,20226780,chordin-like,GeneOrGeneProduct,563085,Association,cysteine-rich domain-containing proteins,GeneOrGeneProduct,25884,train
1047,20226780,chordin-like,GeneOrGeneProduct,563085,Association,cysteine-rich domain-containing proteins,GeneOrGeneProduct,91851,train
1048,20226780,chordin-like,GeneOrGeneProduct,563085,Association,cysteine-rich domain-containing proteins,GeneOrGeneProduct,69121,train
1049,20579626,type I collagen,GeneOrGeneProduct,1278,Association,bone fractures,DiseaseOrPhenotypicFeature,D050723,train
1050,20579626,type I collagen,GeneOrGeneProduct,1278,Association,osteoporosis,DiseaseOrPhenotypicFeature,D010024,train
1051,20579626,single base pair deletion,SequenceVariant,rs137853893,Association,recessive osteogenesis imperfecta,DiseaseOrPhenotypicFeature,D010013,train
1052,20579626,recessive osteogenesis imperfecta,DiseaseOrPhenotypicFeature,D010013,Association,type I collagen,GeneOrGeneProduct,1278,train
1053,20579626,recessive osteogenesis imperfecta,DiseaseOrPhenotypicFeature,D010013,Association,Osterix,GeneOrGeneProduct,121340,train
1054,22051099,CXCR2,GeneOrGeneProduct,3579,Association,chronic periodontitis,DiseaseOrPhenotypicFeature,D055113,train
1055,22051099,interleukin 8,GeneOrGeneProduct,3576,Association,inflammatory,DiseaseOrPhenotypicFeature,D007249,train
1056,22051099,interleukin 8,GeneOrGeneProduct,3576,Association,chronic periodontitis,DiseaseOrPhenotypicFeature,D055113,train
1057,22051099,CXCR1,GeneOrGeneProduct,3577,Association,inflammatory,DiseaseOrPhenotypicFeature,D007249,train
1058,22051099,CXCR1,GeneOrGeneProduct,3577,Bind,interleukin 8,GeneOrGeneProduct,3576,train
1059,22051099,CXCR1,GeneOrGeneProduct,3577,Association,lung cancer,DiseaseOrPhenotypicFeature,D008175,train
1060,22051099,rs2234671,SequenceVariant,rs2234671,Negative_Correlation,lung cancer,DiseaseOrPhenotypicFeature,D008175,train
1061,22303482,rs11079788,SequenceVariant,rs11079788,Negative_Correlation,atopic dermatitis,DiseaseOrPhenotypicFeature,D003876,train
1062,22303482,rs12141189,SequenceVariant,rs12141189,Association,Peptidoglycan,ChemicalEntity,D010457,train
1063,22303482,rs12141189,SequenceVariant,rs12141189,Association,Lipid A,ChemicalEntity,D008050,train
1064,22303482,IFN-g,GeneOrGeneProduct,3458,Association,Lipid A,ChemicalEntity,D008050,train
1065,22303482,GM-CSF,GeneOrGeneProduct,1437,Association,Peptidoglycan,ChemicalEntity,D010457,train
1066,22303482,GM-CSF,GeneOrGeneProduct,1437,Association,Lipid A,ChemicalEntity,D008050,train
1067,22303482,rs2738751,SequenceVariant,rs2738751,Association,Peptidoglycan,ChemicalEntity,D010457,train
1068,22303482,rs2738751,SequenceVariant,rs2738751,Association,Lipid A,ChemicalEntity,D008050,train
1069,22303482,rs17250932,SequenceVariant,rs17250932,Association,Lipid A,ChemicalEntity,D008050,train
1070,22303482,TNF-a,GeneOrGeneProduct,7124,Association,Lipid A,ChemicalEntity,D008050,train
1071,22303482,IL-13,GeneOrGeneProduct,3596,Association,Peptidoglycan,ChemicalEntity,D010457,train
1072,22303482,IL-13,GeneOrGeneProduct,3596,Association,Lipid A,ChemicalEntity,D008050,train
1073,22303482,IL-5,GeneOrGeneProduct,3567,Association,Peptidoglycan,ChemicalEntity,D010457,train
1074,22303482,IL-5,GeneOrGeneProduct,3567,Association,Lipid A,ChemicalEntity,D008050,train
1075,22303482,HLX1,GeneOrGeneProduct,3142,Association,IL-6,GeneOrGeneProduct,3569,train
1076,22303482,HLX1,GeneOrGeneProduct,3142,Association,Dermatophagoides pteronyssinus 1,GeneOrGeneProduct,113791973,train
1077,22303482,HLX1,GeneOrGeneProduct,3142,Association,IFN-g,GeneOrGeneProduct,3458,train
1078,22303482,HLX1,GeneOrGeneProduct,3142,Association,GM-CSF,GeneOrGeneProduct,1437,train
1079,22303482,HLX1,GeneOrGeneProduct,3142,Association,Peptidoglycan,ChemicalEntity,D010457,train
1080,22303482,HLX1,GeneOrGeneProduct,3142,Association,Lipid A,ChemicalEntity,D008050,train
1081,22303482,HLX1,GeneOrGeneProduct,3142,Association,TNF-a,GeneOrGeneProduct,7124,train
1082,22303482,HLX1,GeneOrGeneProduct,3142,Association,IL-13,GeneOrGeneProduct,3596,train
1083,22303482,HLX1,GeneOrGeneProduct,3142,Association,IL-5,GeneOrGeneProduct,3567,train
1084,22303482,HLX1,GeneOrGeneProduct,3142,Association,asthma,DiseaseOrPhenotypicFeature,D001249,train
1085,22303482,TBX21,GeneOrGeneProduct,30009,Association,atopic dermatitis,DiseaseOrPhenotypicFeature,D003876,train
1086,22303482,TBX21,GeneOrGeneProduct,30009,Association,Lipid A,ChemicalEntity,D008050,train
1087,22303482,TBX21,GeneOrGeneProduct,30009,Association,TNF-a,GeneOrGeneProduct,7124,train
1088,22303482,TBX21,GeneOrGeneProduct,30009,Association,IL-13,GeneOrGeneProduct,3596,train
1089,22303482,TBX21,GeneOrGeneProduct,30009,Association,IL-5,GeneOrGeneProduct,3567,train
1090,22303482,TBX21,GeneOrGeneProduct,30009,Association,asthma,DiseaseOrPhenotypicFeature,D001249,train
1091,23791840,embryopathy,DiseaseOrPhenotypicFeature,D005315,Association,Superoxide dismutase 1,GeneOrGeneProduct,20655,train
1092,23791840,calnexin,GeneOrGeneProduct,12330,Positive_Correlation,maternal diabetes,DiseaseOrPhenotypicFeature,D016640,train
1093,23791840,diabetic,DiseaseOrPhenotypicFeature,D003920,Association,Superoxide dismutase 1,GeneOrGeneProduct,20655,train
1094,23791840,X-box binding protein,GeneOrGeneProduct,22433,Association,maternal diabetes,DiseaseOrPhenotypicFeature,D016640,train
1095,23791840,kinases inositol-requiring protein-1a,GeneOrGeneProduct,78943,Association,maternal diabetes,DiseaseOrPhenotypicFeature,D016640,train
1096,23791840,protein kinase ribonucleic acid (RNA)-like ER kinase,GeneOrGeneProduct,13666,Association,maternal diabetes,DiseaseOrPhenotypicFeature,D016640,train
1097,23791840,eukaryotic initiation factor 2a,GeneOrGeneProduct,229317,Association,maternal diabetes,DiseaseOrPhenotypicFeature,D016640,train
1098,23791840,maternal diabetes,DiseaseOrPhenotypicFeature,D016640,Positive_Correlation,C/EBP-homologous protein,GeneOrGeneProduct,13198,train
1099,23791840,Superoxide dismutase 1,GeneOrGeneProduct,20655,Association,calnexin,GeneOrGeneProduct,12330,train
1100,23791840,Superoxide dismutase 1,GeneOrGeneProduct,20655,Association,X-box binding protein,GeneOrGeneProduct,22433,train
1101,23791840,Superoxide dismutase 1,GeneOrGeneProduct,20655,Association,kinases inositol-requiring protein-1a,GeneOrGeneProduct,78943,train
1102,23791840,Superoxide dismutase 1,GeneOrGeneProduct,20655,Association,protein kinase ribonucleic acid (RNA)-like ER kinase,GeneOrGeneProduct,13666,train
1103,23791840,Superoxide dismutase 1,GeneOrGeneProduct,20655,Association,eukaryotic initiation factor 2a,GeneOrGeneProduct,229317,train
1104,23791840,Superoxide dismutase 1,GeneOrGeneProduct,20655,Association,C/EBP-homologous protein,GeneOrGeneProduct,13198,train
1105,23791840,Superoxide dismutase 1,GeneOrGeneProduct,20655,Association,maternal diabetes,DiseaseOrPhenotypicFeature,D016640,train
1106,26027517,TNFalpha,GeneOrGeneProduct,21926,Positive_Correlation,autotaxin,GeneOrGeneProduct,84050,train
1107,26027517,radiation injury,DiseaseOrPhenotypicFeature,D011832,Association,GPCR,GeneOrGeneProduct,295589,train
1108,26027517,radiation injury,DiseaseOrPhenotypicFeature,D011832,Association,LPA2,GeneOrGeneProduct,498609,train
1109,26027517,radiation injury,DiseaseOrPhenotypicFeature,D011832,Association,autotaxin,GeneOrGeneProduct,84050,train
1110,26027517,C311A,SequenceVariant,p|SUB|C|311|A,Association,L351A,SequenceVariant,p|SUB|L|351|A,train
1111,26027517,C311A,SequenceVariant,p|SUB|C|311|A,Association,C314A,SequenceVariant,p|SUB|C|314|A,train
1112,26027517,C314A,SequenceVariant,p|SUB|C|314|A,Association,L351A,SequenceVariant,p|SUB|L|351|A,train
1113,26027517,AKT,GeneOrGeneProduct,11651,Association,LPA2,GeneOrGeneProduct,53978,train
1114,26027517,PI3K,GeneOrGeneProduct,18708,Association,AKT,GeneOrGeneProduct,11651,train
1115,26027517,PI3K,GeneOrGeneProduct,18708,Association,LPA2,GeneOrGeneProduct,53978,train
1116,26027517,ERK1    '2,GeneOrGeneProduct,26417,Association,LPA2,GeneOrGeneProduct,53978,train
1117,26027517,ERK1    '2,GeneOrGeneProduct,26413,Association,LPA2,GeneOrGeneProduct,53978,train
1118,26027517,LPA1    '3,GeneOrGeneProduct,65086,Association,gamma-H2AX,GeneOrGeneProduct,15270,train
1119,26027517,LPA1    '3,GeneOrGeneProduct,14745,Association,gamma-H2AX,GeneOrGeneProduct,15270,train
1120,26027517,gamma-H2AX,GeneOrGeneProduct,500987,Association,LPA2,GeneOrGeneProduct,53978,train
1121,26027517,ATM/ATR kinases,GeneOrGeneProduct,685055,Negative_Correlation,CGK-733,ChemicalEntity,C512273,train
1122,26027517,ATM/ATR kinases,GeneOrGeneProduct,300711,Association,NF-kappaB,GeneOrGeneProduct,81736,train
1123,26027517,ATM/ATR kinases,GeneOrGeneProduct,300711,Negative_Correlation,CGK-733,ChemicalEntity,C512273,train
1124,26027517,LPA2,GeneOrGeneProduct,53978,Positive_Correlation,TNFalpha,GeneOrGeneProduct,21926,train
1125,26027517,LPA2,GeneOrGeneProduct,53978,Association,c-Kit,GeneOrGeneProduct,16590,train
1126,26027517,LPA2,GeneOrGeneProduct,53978,Association,Sca-1,GeneOrGeneProduct,110454,train
1127,26027517,LPA2,GeneOrGeneProduct,53978,Association,Lin,GeneOrGeneProduct,83557,train
1128,26027517,LPA2,GeneOrGeneProduct,53978,Association,gamma-H2AX,GeneOrGeneProduct,15270,train
1129,26027517,LPA2,GeneOrGeneProduct,53978,Association,LPA1    '3,GeneOrGeneProduct,65086,train
1130,26027517,LPA2,GeneOrGeneProduct,53978,Association,LPA1    '3,GeneOrGeneProduct,14745,train
1131,26027517,LPA2,GeneOrGeneProduct,53978,Association,GPCR,GeneOrGeneProduct,295589,train
1132,26027517,LPA2,GeneOrGeneProduct,498609,Association,gamma-H2AX,GeneOrGeneProduct,500987,train
1133,26027517,LPA2,GeneOrGeneProduct,498609,Association,NF-kappaB,GeneOrGeneProduct,81736,train
1134,26027517,LPA2,GeneOrGeneProduct,498609,Negative_Correlation,CGK-733,ChemicalEntity,C512273,train
1135,26027517,LPA2,GeneOrGeneProduct,498609,Positive_Correlation,ATM/ATR kinases,GeneOrGeneProduct,300711,train
1136,26027517,LPA2,GeneOrGeneProduct,498609,Association,GPCR,GeneOrGeneProduct,295589,train
1137,26027517,autotaxin,GeneOrGeneProduct,84050,Association,GPCR,GeneOrGeneProduct,295589,train
1138,26027517,autotaxin,GeneOrGeneProduct,84050,Association,LPA2,GeneOrGeneProduct,53978,train
1139,26027517,autotaxin,GeneOrGeneProduct,84050,Association,LPA2,GeneOrGeneProduct,498609,train
1140,28101574,microtubule-associated protein,GeneOrGeneProduct,4130,Association,hepatocellular carcinoma,DiseaseOrPhenotypicFeature,D006528,train
1141,28101574,AKT,GeneOrGeneProduct,207,Association,hepatocellular carcinoma,DiseaseOrPhenotypicFeature,D006528,train
1142,28101574,NEK2,GeneOrGeneProduct,4751,Association,metastasis of HCC,DiseaseOrPhenotypicFeature,D009362,train
1143,28101574,NEK2,GeneOrGeneProduct,4751,Association,malignancies,DiseaseOrPhenotypicFeature,D009369,train
1144,28101574,NEK2,GeneOrGeneProduct,4751,Positive_Correlation,microtubule-associated protein,GeneOrGeneProduct,4130,train
1145,28101574,NEK2,GeneOrGeneProduct,4751,Positive_Correlation,AKT,GeneOrGeneProduct,207,train
1146,28101574,NEK2,GeneOrGeneProduct,4751,Association,hepatocellular carcinoma,DiseaseOrPhenotypicFeature,D006528,train
1147,15033202,Nijmegen breakage syndrome,DiseaseOrPhenotypicFeature,D049932,Association,NBS1,GeneOrGeneProduct,4683,train
1148,15033202,Nijmegen breakage syndrome,DiseaseOrPhenotypicFeature,D049932,Positive_Correlation,5 nucleotide deletion,SequenceVariant,c|DEL||5,train
1149,15198485,Lys198Asn,SequenceVariant,rs5370,Association,overweight,DiseaseOrPhenotypicFeature,D050177,train
1150,15198485,Lys198Asn,SequenceVariant,rs5370,Association,obesity,DiseaseOrPhenotypicFeature,D009765,train
1151,15198485,endothelin-1,GeneOrGeneProduct,1906,Association,overweight,DiseaseOrPhenotypicFeature,D050177,train
1152,15198485,endothelin-1,GeneOrGeneProduct,1906,Association,obesity,DiseaseOrPhenotypicFeature,D009765,train
1153,16120104,111G,SequenceVariant,c|Allele|G|111,Positive_Correlation,advanced sleep phase syndrome,DiseaseOrPhenotypicFeature,C565789,train
1154,16120104,hPER2,GeneOrGeneProduct,8864,Association,advanced sleep phase syndrome,DiseaseOrPhenotypicFeature,C565789,train
1155,17003357,1858C/T,SequenceVariant,rs2476601,Positive_Correlation,type 1 diabetes,DiseaseOrPhenotypicFeature,D003922,train
1156,17003357,type 1 diabetes,DiseaseOrPhenotypicFeature,D003922,Association,PTPN22,GeneOrGeneProduct,26191,train
1157,17003357,type 1 diabetes,DiseaseOrPhenotypicFeature,D003922,Positive_Correlation,2250G/C,SequenceVariant,rs56048322,train
1158,17628794,valine (Val) to alanine (Ala) substitution at amino acid 16,SequenceVariant,p|SUB|V|16|A,Positive_Correlation,urolithiasis,DiseaseOrPhenotypicFeature,D052878,train
1159,17628794,urolithiasis,DiseaseOrPhenotypicFeature,D052878,Association,Manganese superoxide dismutase,GeneOrGeneProduct,6648,train
1160,17628794,Manganese superoxide dismutase,GeneOrGeneProduct,6648,Association,stone formation,DiseaseOrPhenotypicFeature,D002137,train
1161,19160446,P2RX7,GeneOrGeneProduct,5027,Association,bipolar and unipolar disorder,DiseaseOrPhenotypicFeature,D003866,train
1162,19160446,P2RX7,GeneOrGeneProduct,5027,Association,bipolar and unipolar disorder,DiseaseOrPhenotypicFeature,D001714,train
1163,19549709,mammalian target of rapamycin,GeneOrGeneProduct,2475,Association,NSCLC,DiseaseOrPhenotypicFeature,D002289,train
1164,19549709,everolimus,ChemicalEntity,D000068338,Negative_Correlation,mammalian target of rapamycin,GeneOrGeneProduct,2475,train
1165,19549709,everolimus,ChemicalEntity,D000068338,Negative_Correlation,NSCLC,DiseaseOrPhenotypicFeature,D002289,train
1166,19549709,EGFR,GeneOrGeneProduct,1956,Association,NSCLC,DiseaseOrPhenotypicFeature,D002289,train
1167,19549709,platinum,ChemicalEntity,D010984,Negative_Correlation,NSCLC,DiseaseOrPhenotypicFeature,D002289,train
1168,19891556,Clopidogrel,ChemicalEntity,D000077144,Association,CYP2C19,GeneOrGeneProduct,1557,train
1169,19891556,Clopidogrel,ChemicalEntity,D000077144,Negative_Correlation,coronary artery disease,DiseaseOrPhenotypicFeature,D003324,train
1170,20367983,tumor,DiseaseOrPhenotypicFeature,D009369,Negative_Correlation,MEN1,GeneOrGeneProduct,4221,train
1171,20367983,cytosine insertion,SequenceVariant,c|INS||C,Positive_Correlation,multiple endocrine neoplasia type 1,DiseaseOrPhenotypicFeature,D018761,train
1172,20367983,cytosine insertion,SequenceVariant,c|INS||C,Positive_Correlation,pituitary adenoma,DiseaseOrPhenotypicFeature,D010911,train
1173,20367983,cytosine insertion,SequenceVariant,c|INS||C,Positive_Correlation,parathyroid hyperplasia,DiseaseOrPhenotypicFeature,D006965,train
1174,20367983,MEN1,GeneOrGeneProduct,4221,Association,multiple endocrine neoplasia type 1,DiseaseOrPhenotypicFeature,D018761,train
1175,20367983,MEN1,GeneOrGeneProduct,4221,Association,pituitary adenoma,DiseaseOrPhenotypicFeature,D010911,train
1176,20367983,MEN1,GeneOrGeneProduct,4221,Association,parathyroid hyperplasia,DiseaseOrPhenotypicFeature,D006965,train
1177,20367983,c.1546_1547insC,SequenceVariant,c|INS|1546_1547|C,Positive_Correlation,multiple endocrine neoplasia type 1,DiseaseOrPhenotypicFeature,D018761,train
1178,20367983,c.1546_1547insC,SequenceVariant,c|INS|1546_1547|C,Positive_Correlation,pituitary adenoma,DiseaseOrPhenotypicFeature,D010911,train
1179,20367983,c.1546_1547insC,SequenceVariant,c|INS|1546_1547|C,Positive_Correlation,parathyroid hyperplasia,DiseaseOrPhenotypicFeature,D006965,train
1180,20367983,c.1546_1547insC,SequenceVariant,c|INS|1546_1547|C,Association,IVS3 + 18C > T,SequenceVariant,c|SUB|C|IVS3+18|T,train
1181,22180037,A > G at nucleotide 313,SequenceVariant,rs1695,Association,benign prostate hyperplasia,DiseaseOrPhenotypicFeature,D011470,train
1182,22180037,A > G at nucleotide 313,SequenceVariant,rs1695,Positive_Correlation,prostate cancer,DiseaseOrPhenotypicFeature,D011471,train
1183,22180037,glutathione-S-transferase P1,GeneOrGeneProduct,2950,Association,benign prostate hyperplasia,DiseaseOrPhenotypicFeature,D011470,train
1184,22180037,glutathione-S-transferase P1,GeneOrGeneProduct,2950,Association,prostate cancer,DiseaseOrPhenotypicFeature,D011471,train
1185,24742750,Citalopram,ChemicalEntity,D015283,Positive_Correlation,Torsade de Pointes,DiseaseOrPhenotypicFeature,D016171,train
1186,24742750,Terfenadine,ChemicalEntity,D016593,Positive_Correlation,Torsade de Pointes,DiseaseOrPhenotypicFeature,D016171,train
1187,26270232,tumour,DiseaseOrPhenotypicFeature,D009369,Association,des-gamma-carboxy prothrombin,GeneOrGeneProduct,2147,train
1188,26270232,tumour,DiseaseOrPhenotypicFeature,D009369,Association,alpha-fetoprotein,GeneOrGeneProduct,174,train
1189,26270232,thrombopoietin,GeneOrGeneProduct,7066,Association,cirrhotic,DiseaseOrPhenotypicFeature,D008103,train
1190,26270232,hepatocellular carcinoma,DiseaseOrPhenotypicFeature,D006528,Positive_Correlation,thrombopoietin,GeneOrGeneProduct,7066,train
1191,26270232,hepatocellular carcinoma,DiseaseOrPhenotypicFeature,D006528,Positive_Correlation,chemokines,GeneOrGeneProduct,3576,train
1192,26270232,hepatocellular carcinoma,DiseaseOrPhenotypicFeature,D006528,Positive_Correlation,chemokines,GeneOrGeneProduct,6374,train
1193,26270232,hepatocellular carcinoma,DiseaseOrPhenotypicFeature,D006528,Positive_Correlation,chemokines,GeneOrGeneProduct,6352,train
1194,26270232,hepatocellular carcinoma,DiseaseOrPhenotypicFeature,D006528,Positive_Correlation,chemokines,GeneOrGeneProduct,6351,train
1195,26270232,hepatocellular carcinoma,DiseaseOrPhenotypicFeature,D006528,Positive_Correlation,chemokines,GeneOrGeneProduct,6348,train
1196,26270232,hepatocellular carcinoma,DiseaseOrPhenotypicFeature,D006528,Positive_Correlation,chemokines,GeneOrGeneProduct,6347,train
1197,26270232,chemokines,GeneOrGeneProduct,3576,Association,cirrhotic,DiseaseOrPhenotypicFeature,D008103,train
1198,26270232,chemokines,GeneOrGeneProduct,6374,Association,cirrhotic,DiseaseOrPhenotypicFeature,D008103,train
1199,26270232,chemokines,GeneOrGeneProduct,6352,Association,cirrhotic,DiseaseOrPhenotypicFeature,D008103,train
1200,26270232,chemokines,GeneOrGeneProduct,6351,Association,cirrhotic,DiseaseOrPhenotypicFeature,D008103,train
1201,26270232,chemokines,GeneOrGeneProduct,6348,Association,cirrhotic,DiseaseOrPhenotypicFeature,D008103,train
1202,26270232,chemokines,GeneOrGeneProduct,6347,Association,cirrhotic,DiseaseOrPhenotypicFeature,D008103,train
1203,26270232,neopterin,ChemicalEntity,D019798,Association,inflammatory,DiseaseOrPhenotypicFeature,D007249,train
1204,26270232,inflammatory,DiseaseOrPhenotypicFeature,D007249,Association,chemokines,GeneOrGeneProduct,3576,train
1205,26270232,inflammatory,DiseaseOrPhenotypicFeature,D007249,Association,chemokines,GeneOrGeneProduct,6374,train
1206,26270232,inflammatory,DiseaseOrPhenotypicFeature,D007249,Association,chemokines,GeneOrGeneProduct,6352,train
1207,26270232,inflammatory,DiseaseOrPhenotypicFeature,D007249,Association,chemokines,GeneOrGeneProduct,6351,train
1208,26270232,inflammatory,DiseaseOrPhenotypicFeature,D007249,Association,chemokines,GeneOrGeneProduct,6348,train
1209,26270232,inflammatory,DiseaseOrPhenotypicFeature,D007249,Association,chemokines,GeneOrGeneProduct,6347,train
1210,26270232,inflammatory,DiseaseOrPhenotypicFeature,D007249,Association,IL-6,GeneOrGeneProduct,3569,train
1211,26270232,CRP,GeneOrGeneProduct,1401,Association,inflammatory,DiseaseOrPhenotypicFeature,D007249,train
1212,28883039,DDB,GeneOrGeneProduct,76895,Association,spinal muscular atrophy,DiseaseOrPhenotypicFeature,D009134,train
1213,28883039,DDB,GeneOrGeneProduct,76895,Association,dynactin,GeneOrGeneProduct,1639,train
1214,28883039,DDB,GeneOrGeneProduct,76895,Association,dynein,GeneOrGeneProduct,1778,train
1215,28883039,DDB,GeneOrGeneProduct,76895,Association,BICD2,GeneOrGeneProduct,23299,train
1216,28883039,GTPase Rab6a,GeneOrGeneProduct,5870,Positive_Correlation,DDB,GeneOrGeneProduct,76895,train
1217,28883039,GTPase Rab6a,GeneOrGeneProduct,5870,Positive_Correlation,dynactin,GeneOrGeneProduct,1639,train
1218,28883039,GTPase Rab6a,GeneOrGeneProduct,5870,Positive_Correlation,dynein,GeneOrGeneProduct,1778,train
1219,28883039,dynactin,GeneOrGeneProduct,1639,Association,spinal muscular atrophy,DiseaseOrPhenotypicFeature,D009134,train
1220,28883039,dynein,GeneOrGeneProduct,1778,Association,spinal muscular atrophy,DiseaseOrPhenotypicFeature,D009134,train
1221,28883039,dynein,GeneOrGeneProduct,1778,Bind,dynactin,GeneOrGeneProduct,1639,train
1222,28883039,BICD2,GeneOrGeneProduct,23299,Association,spinal muscular atrophy,DiseaseOrPhenotypicFeature,D009134,train
1223,28883039,BICD2,GeneOrGeneProduct,23299,Bind,dynactin,GeneOrGeneProduct,1639,train
1224,28883039,BICD2,GeneOrGeneProduct,23299,Bind,dynein,GeneOrGeneProduct,1778,train
1225,29045486,alcohol,ChemicalEntity,D000438,Positive_Correlation,impaired mitochondrial function,DiseaseOrPhenotypicFeature,D028361,train
1226,29045486,alcohol,ChemicalEntity,D000438,Positive_Correlation,excitotoxicity,DiseaseOrPhenotypicFeature,D064420,train
1227,29045486,alcohol,ChemicalEntity,D000438,Positive_Correlation,inflammation,DiseaseOrPhenotypicFeature,D007249,train
1228,29045486,Thiamine,ChemicalEntity,D013831,Negative_Correlation,hypoxia inducible factor-1a,GeneOrGeneProduct,15251,train
1229,29045486,Thiamine,ChemicalEntity,D013831,Association,Thiamine deficiency,DiseaseOrPhenotypicFeature,D013832,train
1230,29045486,YC1,GeneOrGeneProduct,56878,Association,Thiamine deficiency,DiseaseOrPhenotypicFeature,D013832,train
1231,29045486,inflammation,DiseaseOrPhenotypicFeature,D007249,Association,Noxa,GeneOrGeneProduct,58801,train
1232,29045486,inflammation,DiseaseOrPhenotypicFeature,D007249,Association,Nix,GeneOrGeneProduct,12177,train
1233,29045486,inflammation,DiseaseOrPhenotypicFeature,D007249,Association,BNIP3,GeneOrGeneProduct,12176,train
1234,29045486,inflammation,DiseaseOrPhenotypicFeature,D007249,Association,MCP1,GeneOrGeneProduct,20296,train
1235,29045486,ischemia,DiseaseOrPhenotypicFeature,D007511,Association,hypoxia inducible factor-1a,GeneOrGeneProduct,15251,train
1236,29045486,hypoxia,DiseaseOrPhenotypicFeature,D000860,Association,hypoxia inducible factor-1a,GeneOrGeneProduct,15251,train
1237,29045486,hypoxia inducible factor-1a,GeneOrGeneProduct,15251,Negative_Correlation,YC1,GeneOrGeneProduct,56878,train
1238,29045486,hypoxia inducible factor-1a,GeneOrGeneProduct,15251,Association,inflammation,DiseaseOrPhenotypicFeature,D007249,train
1239,29045486,hypoxia inducible factor-1a,GeneOrGeneProduct,15251,Association,Noxa,GeneOrGeneProduct,58801,train
1240,29045486,hypoxia inducible factor-1a,GeneOrGeneProduct,15251,Association,Nix,GeneOrGeneProduct,12177,train
1241,29045486,hypoxia inducible factor-1a,GeneOrGeneProduct,15251,Association,BNIP3,GeneOrGeneProduct,12176,train
1242,29045486,hypoxia inducible factor-1a,GeneOrGeneProduct,15251,Association,MCP1,GeneOrGeneProduct,20296,train
1243,29045486,Thiamine deficiency,DiseaseOrPhenotypicFeature,D013832,Positive_Correlation,alcohol,ChemicalEntity,D000438,train
1244,29045486,Thiamine deficiency,DiseaseOrPhenotypicFeature,D013832,Association,Annexin V,GeneOrGeneProduct,11747,train
1245,29045486,Thiamine deficiency,DiseaseOrPhenotypicFeature,D013832,Association,Noxa,GeneOrGeneProduct,58801,train
1246,29045486,Thiamine deficiency,DiseaseOrPhenotypicFeature,D013832,Association,Nix,GeneOrGeneProduct,12177,train
1247,29045486,Thiamine deficiency,DiseaseOrPhenotypicFeature,D013832,Association,BNIP3,GeneOrGeneProduct,12176,train
1248,29045486,Thiamine deficiency,DiseaseOrPhenotypicFeature,D013832,Association,MCP1,GeneOrGeneProduct,20296,train
1249,29045486,Thiamine deficiency,DiseaseOrPhenotypicFeature,D013832,Positive_Correlation,hypoxia inducible factor-1a,GeneOrGeneProduct,15251,train
1250,15602202,antibiotic,ChemicalEntity,D000900,Positive_Correlation,renal injury,DiseaseOrPhenotypicFeature,D007674,train
1251,15602202,antibiotic,ChemicalEntity,D000900,Positive_Correlation,interstitial nephritis,DiseaseOrPhenotypicFeature,D009395,train
1252,15602202,corticosteroid,ChemicalEntity,D000305,Negative_Correlation,interstitial nephritis,DiseaseOrPhenotypicFeature,D009395,train
1253,15602202,interstitial nephritis,DiseaseOrPhenotypicFeature,D009395,Positive_Correlation,azithromycin,ChemicalEntity,D017963,train
1254,16160878,urotensin-II,GeneOrGeneProduct,24111,Positive_Correlation,bradycardia,DiseaseOrPhenotypicFeature,D001919,train
1255,16160878,urotensin-II,GeneOrGeneProduct,24111,Positive_Correlation,hypertension,DiseaseOrPhenotypicFeature,D006973,train
1256,16160878,urotensin-II,GeneOrGeneProduct,24111,Positive_Correlation,thyrotropin,GeneOrGeneProduct,12640,train
1257,16160878,urotensin-II,GeneOrGeneProduct,24111,Positive_Correlation,prolactin,GeneOrGeneProduct,19109,train
1258,16160878,urotensin-II,GeneOrGeneProduct,24111,Association,psychiatric disorders,DiseaseOrPhenotypicFeature,D001523,train
1259,16160878,urotensin-II,GeneOrGeneProduct,24111,Positive_Correlation,depressant,DiseaseOrPhenotypicFeature,D003866,train
1260,16160878,urotensin-II,GeneOrGeneProduct,24111,Positive_Correlation,anxiogenic,DiseaseOrPhenotypicFeature,D001008,train
1261,16288199,Nitric oxide,ChemicalEntity,D009569,Association,neurological and non-neurological disorders,DiseaseOrPhenotypicFeature,D009422,train
1262,16288199,(CCTTT)14,SequenceVariant,c|DUP||CCTTT|14,Association,primary open angle glaucoma,DiseaseOrPhenotypicFeature,D005902,train
1263,16288199,primary open angle glaucoma,DiseaseOrPhenotypicFeature,D005902,Association,(CCTTT)13,SequenceVariant,c|DUP||CCTTT|13,train
1264,16288199,primary open angle glaucoma,DiseaseOrPhenotypicFeature,D005902,Association,(CCTTT)10,SequenceVariant,c|DUP||CCTTT|10,train
1265,16288199,nitric oxide synthase,GeneOrGeneProduct,4843,Association,blindness,DiseaseOrPhenotypicFeature,D001766,train
1266,16288199,nitric oxide synthase,GeneOrGeneProduct,4843,Association,glaucoma,DiseaseOrPhenotypicFeature,D005901,train
1267,16288199,nitric oxide synthase,GeneOrGeneProduct,4843,Association,primary open angle glaucoma,DiseaseOrPhenotypicFeature,D005902,train
1268,16391785,Trichostatin A,ChemicalEntity,C012589,Negative_Correlation,lung cancer,DiseaseOrPhenotypicFeature,D008175,train
1269,16391785,Trichostatin A,ChemicalEntity,C012589,Positive_Correlation,DOCK8,GeneOrGeneProduct,81704,train
1270,16391785,5-Aza-2'-deoxy-cytidine,ChemicalEntity,D000077209,Negative_Correlation,lung cancer,DiseaseOrPhenotypicFeature,D008175,train
1271,16391785,5-Aza-2'-deoxy-cytidine,ChemicalEntity,D000077209,Positive_Correlation,DOCK8,GeneOrGeneProduct,81704,train
1272,16391785,DOCK8,GeneOrGeneProduct,81704,Association,lung and other cancers,DiseaseOrPhenotypicFeature,D009369,train
1273,16391785,DOCK8,GeneOrGeneProduct,81704,Negative_Correlation,breast cancer,DiseaseOrPhenotypicFeature,D001943,train
1274,16391785,DOCK8,GeneOrGeneProduct,81704,Negative_Correlation,lung cancer,DiseaseOrPhenotypicFeature,D008175,train
1275,17250663,p.D572H,SequenceVariant,rs121908072,Positive_Correlation,hearing loss,DiseaseOrPhenotypicFeature,D034381,train
1276,17250663,DFNA36,GeneOrGeneProduct,117531,Association,hearing loss,DiseaseOrPhenotypicFeature,D034381,train
1277,17318851,craniofacial syndromes,DiseaseOrPhenotypicFeature,D019465,Association,fibroblast growth factor receptor 1,GeneOrGeneProduct,2260,train
1278,17318851,craniofacial syndromes,DiseaseOrPhenotypicFeature,D019465,Association,Interferon regulatory factor 6,GeneOrGeneProduct,3664,train
1279,17318851,rs7802,SequenceVariant,rs7802,Positive_Correlation,Van der Woude and popliteal pterygium syndromes,DiseaseOrPhenotypicFeature,C562509,train
1280,17318851,rs7802,SequenceVariant,rs7802,Positive_Correlation,Van der Woude and popliteal pterygium syndromes,DiseaseOrPhenotypicFeature,C536528,train
1281,17318851,rs7802,SequenceVariant,rs7802,Association,orofacial clefts,DiseaseOrPhenotypicFeature,C566121,train
1282,17318851,rs7802,SequenceVariant,rs7802,Association,tooth agenesis,DiseaseOrPhenotypicFeature,D000848,train
1283,17318851,V274I,SequenceVariant,rs2235371,Positive_Correlation,Van der Woude and popliteal pterygium syndromes,DiseaseOrPhenotypicFeature,C562509,train
1284,17318851,V274I,SequenceVariant,rs2235371,Positive_Correlation,Van der Woude and popliteal pterygium syndromes,DiseaseOrPhenotypicFeature,C536528,train
1285,17318851,V274I,SequenceVariant,rs2235371,Association,orofacial clefts,DiseaseOrPhenotypicFeature,C566121,train
1286,17318851,V274I,SequenceVariant,rs2235371,Association,tooth agenesis,DiseaseOrPhenotypicFeature,D000848,train
1287,17318851,rs17015215,SequenceVariant,rs17015215,Positive_Correlation,Van der Woude and popliteal pterygium syndromes,DiseaseOrPhenotypicFeature,C562509,train
1288,17318851,rs17015215,SequenceVariant,rs17015215,Positive_Correlation,Van der Woude and popliteal pterygium syndromes,DiseaseOrPhenotypicFeature,C536528,train
1289,17318851,rs17015215,SequenceVariant,rs17015215,Association,orofacial clefts,DiseaseOrPhenotypicFeature,C566121,train
1290,17318851,rs17015215,SequenceVariant,rs17015215,Association,tooth agenesis,DiseaseOrPhenotypicFeature,D000848,train
1291,17318851,rs861019,SequenceVariant,rs861019,Positive_Correlation,Van der Woude and popliteal pterygium syndromes,DiseaseOrPhenotypicFeature,C562509,train
1292,17318851,rs861019,SequenceVariant,rs861019,Positive_Correlation,Van der Woude and popliteal pterygium syndromes,DiseaseOrPhenotypicFeature,C536528,train
1293,17318851,rs861019,SequenceVariant,rs861019,Association,orofacial clefts,DiseaseOrPhenotypicFeature,C566121,train
1294,17318851,rs861019,SequenceVariant,rs861019,Association,tooth agenesis,DiseaseOrPhenotypicFeature,D000848,train
1295,17318851,fibroblast growth factor receptor 1,GeneOrGeneProduct,2260,Association,tooth agenesis,DiseaseOrPhenotypicFeature,D000848,train
1296,17318851,Interferon regulatory factor 6,GeneOrGeneProduct,3664,Association,TGFA,GeneOrGeneProduct,7039,train
1297,17318851,Interferon regulatory factor 6,GeneOrGeneProduct,3664,Association,MSX1,GeneOrGeneProduct,4487,train
1298,17318851,Interferon regulatory factor 6,GeneOrGeneProduct,3664,Association,Van der Woude and popliteal pterygium syndromes,DiseaseOrPhenotypicFeature,C562509,train
1299,17318851,Interferon regulatory factor 6,GeneOrGeneProduct,3664,Association,Van der Woude and popliteal pterygium syndromes,DiseaseOrPhenotypicFeature,C536528,train
1300,17318851,Interferon regulatory factor 6,GeneOrGeneProduct,3664,Association,orofacial clefts,DiseaseOrPhenotypicFeature,C566121,train
1301,17318851,Interferon regulatory factor 6,GeneOrGeneProduct,3664,Association,tooth agenesis,DiseaseOrPhenotypicFeature,D000848,train
1302,17951029,glutamic acid residue (GAA) to a premature termination codon (TAA),SequenceVariant,p|SUB|E||X,Positive_Correlation,Focal dermal hypoplasia,DiseaseOrPhenotypicFeature,D005489,train
1303,17951029,G>T substitution at nucleotide c.898,SequenceVariant,c|SUB|G|898|T,Positive_Correlation,Focal dermal hypoplasia,DiseaseOrPhenotypicFeature,D005489,train
1304,17951029,Focal dermal hypoplasia,DiseaseOrPhenotypicFeature,D005489,Association,PORCN,GeneOrGeneProduct,64840,train
1305,17951029,p.E300X,SequenceVariant,p|SUB|E|300|X,Positive_Correlation,Focal dermal hypoplasia,DiseaseOrPhenotypicFeature,D005489,train
1306,19110214,c.6799G --> A,SequenceVariant,rs545688154,Association,calcium,ChemicalEntity,D002118,train
1307,19110214,recessive skeletal dysplasia,DiseaseOrPhenotypicFeature,D010009,Association,chondroitin sulfate proteoglycan 4,GeneOrGeneProduct,1464,train
1308,19110214,recessive skeletal dysplasia,DiseaseOrPhenotypicFeature,D010009,Association,tenascin-C,GeneOrGeneProduct,3371,train
1309,19110214,recessive skeletal dysplasia,DiseaseOrPhenotypicFeature,D010009,Positive_Correlation,c.6799G --> A,SequenceVariant,rs545688154,train
1310,19110214,aggrecan,GeneOrGeneProduct,176,Association,tenascin-C,GeneOrGeneProduct,3371,train
1311,19110214,aggrecan,GeneOrGeneProduct,176,Association,recessive skeletal dysplasia,DiseaseOrPhenotypicFeature,D010009,train
1312,19592582,hepcidin,GeneOrGeneProduct,57817,Association,iron-refractory iron deficiency anemia,DiseaseOrPhenotypicFeature,C562385,train
1313,19592582,iron-refractory iron deficiency anemia,DiseaseOrPhenotypicFeature,C562385,Positive_Correlation,A118D,SequenceVariant,p|SUB|A|118|D,train
1314,19592582,iron-refractory iron deficiency anemia,DiseaseOrPhenotypicFeature,C562385,Positive_Correlation,c.468C>T,SequenceVariant,c|SUB|C|468|T,train
1315,19592582,iron-refractory iron deficiency anemia,DiseaseOrPhenotypicFeature,C562385,Positive_Correlation,c.467C>A,SequenceVariant,c|SUB|C|467|A,train
1316,19592582,iron-refractory iron deficiency anemia,DiseaseOrPhenotypicFeature,C562385,Positive_Correlation,2172_2173insCCCC,SequenceVariant,c|INS|2172_2173|CCCC,train
1317,19592582,iron-refractory iron deficiency anemia,DiseaseOrPhenotypicFeature,C562385,Positive_Correlation,insertion of the four nucleotides CCCC,SequenceVariant,c|INS||CCCC,train
1318,19592582,iron-refractory iron deficiency anemia,DiseaseOrPhenotypicFeature,C562385,Positive_Correlation,P686fs,SequenceVariant,p|FS|P|686||,train
1319,19592582,iron,ChemicalEntity,D007501,Association,iron deficiency anemia,DiseaseOrPhenotypicFeature,D018798,train
1320,19592582,Matriptase-2,GeneOrGeneProduct,164656,Negative_Correlation,hepcidin,GeneOrGeneProduct,57817,train
1321,19592582,Matriptase-2,GeneOrGeneProduct,164656,Association,iron-refractory iron deficiency anemia,DiseaseOrPhenotypicFeature,C562385,train
1322,19592582,Matriptase-2,GeneOrGeneProduct,164656,Association,iron deficiency anemia,DiseaseOrPhenotypicFeature,D018798,train
1323,19841052,HIV seroconversion,DiseaseOrPhenotypicFeature,D006679,Positive_Correlation,crack cocaine,ChemicalEntity,D016578,train
1324,19841052,crack cocaine,ChemicalEntity,D016578,Positive_Correlation,HIV infection,DiseaseOrPhenotypicFeature,D015658,train
1325,21666969,IL-6,GeneOrGeneProduct,3569,Association,weight loss,DiseaseOrPhenotypicFeature,D015431,train
1326,21666969,leptin,GeneOrGeneProduct,3952,Association,weight loss,DiseaseOrPhenotypicFeature,D015431,train
1327,21666969,resistin,GeneOrGeneProduct,56729,Association,weight loss,DiseaseOrPhenotypicFeature,D015431,train
1328,21666969,cannabinoid receptor,GeneOrGeneProduct,1268,Association,obese,DiseaseOrPhenotypicFeature,D009765,train
1329,21666969,cannabinoid receptor,GeneOrGeneProduct,1268,Association,weight loss,DiseaseOrPhenotypicFeature,D015431,train
1330,21666969,G1359A,SequenceVariant,rs1049353,Association,weight loss,DiseaseOrPhenotypicFeature,D015431,train
1331,21810259,IDO,GeneOrGeneProduct,3620,Association,HIV-1-infected,DiseaseOrPhenotypicFeature,D015658,train
1332,21810259,IDO,GeneOrGeneProduct,3620,Association,depressive,DiseaseOrPhenotypicFeature,D000275,train
1333,21810259,tryptophan,ChemicalEntity,D014364,Association,"indoleamine 2,3 dioxygenase",GeneOrGeneProduct,15930,train
1334,21810259,tryptophan,ChemicalEntity,D014364,Association,depressive,DiseaseOrPhenotypicFeature,D000275,train
1335,21810259,IFNg,GeneOrGeneProduct,15978,Association,p38 mitogen-activated protein kinase,GeneOrGeneProduct,26416,train
1336,21810259,"indoleamine 2,3 dioxygenase",GeneOrGeneProduct,15930,Association,IFNg,GeneOrGeneProduct,15978,train
1337,21810259,"indoleamine 2,3 dioxygenase",GeneOrGeneProduct,15930,Association,p38 mitogen-activated protein kinase,GeneOrGeneProduct,26416,train
1338,21810259,"indoleamine 2,3 dioxygenase",GeneOrGeneProduct,15930,Association,depressive,DiseaseOrPhenotypicFeature,D000275,train
1339,21810259,"indoleamine 2,3 dioxygenase",GeneOrGeneProduct,15930,Positive_Correlation,Tat,GeneOrGeneProduct,155871,train
1340,21810259,SB 202190,ChemicalEntity,C090942,Negative_Correlation,serotonin transporter,GeneOrGeneProduct,15567,train
1341,21810259,SB 202190,ChemicalEntity,C090942,Negative_Correlation,inducible isoform of nitric oxide synthase,GeneOrGeneProduct,18126,train
1342,21810259,SB 202190,ChemicalEntity,C090942,Negative_Correlation,IL-6,GeneOrGeneProduct,16193,train
1343,21810259,SB 202190,ChemicalEntity,C090942,Negative_Correlation,TNFa,GeneOrGeneProduct,21926,train
1344,21810259,SB 202190,ChemicalEntity,C090942,Negative_Correlation,"indoleamine 2,3 dioxygenase",GeneOrGeneProduct,15930,train
1345,21810259,SB 202190,ChemicalEntity,C090942,Negative_Correlation,Tat,GeneOrGeneProduct,155871,train
1346,21810259,p38 mitogen-activated protein kinase,GeneOrGeneProduct,26416,Association,HIV-1-infected,DiseaseOrPhenotypicFeature,D015658,train
1347,21810259,p38 mitogen-activated protein kinase,GeneOrGeneProduct,26416,Negative_Correlation,SB 202190,ChemicalEntity,C090942,train
1348,21810259,p38 mitogen-activated protein kinase,GeneOrGeneProduct,26416,Association,depressive,DiseaseOrPhenotypicFeature,D000275,train
1349,21810259,Tat,GeneOrGeneProduct,155871,Association,IFNg,GeneOrGeneProduct,15978,train
1350,21810259,Tat,GeneOrGeneProduct,155871,Positive_Correlation,serotonin transporter,GeneOrGeneProduct,15567,train
1351,21810259,Tat,GeneOrGeneProduct,155871,Positive_Correlation,inducible isoform of nitric oxide synthase,GeneOrGeneProduct,18126,train
1352,21810259,Tat,GeneOrGeneProduct,155871,Positive_Correlation,IL-6,GeneOrGeneProduct,16193,train
1353,21810259,Tat,GeneOrGeneProduct,155871,Positive_Correlation,TNFa,GeneOrGeneProduct,21926,train
1354,21810259,Tat,GeneOrGeneProduct,155871,Association,p38 mitogen-activated protein kinase,GeneOrGeneProduct,26416,train
1355,21810259,Tat,GeneOrGeneProduct,155871,Positive_Correlation,depressive,DiseaseOrPhenotypicFeature,D000275,train
1356,25979836,P-21-activated kinases,GeneOrGeneProduct,311450,Positive_Correlation,neurotransmitters,ChemicalEntity,D018377,train
1357,25979836,P-21-activated kinases,GeneOrGeneProduct,311450,Positive_Correlation,Gastrointestinal hormones,ChemicalEntity,D005768,train
1358,25979836,P-21-activated kinases,GeneOrGeneProduct,296078,Positive_Correlation,neurotransmitters,ChemicalEntity,D018377,train
1359,25979836,P-21-activated kinases,GeneOrGeneProduct,296078,Positive_Correlation,Gastrointestinal hormones,ChemicalEntity,D005768,train
1360,25979836,P-21-activated kinases,GeneOrGeneProduct,29433,Positive_Correlation,neurotransmitters,ChemicalEntity,D018377,train
1361,25979836,P-21-activated kinases,GeneOrGeneProduct,29433,Positive_Correlation,Gastrointestinal hormones,ChemicalEntity,D005768,train
1362,25979836,P-21-activated kinases,GeneOrGeneProduct,29431,Positive_Correlation,neurotransmitters,ChemicalEntity,D018377,train
1363,25979836,P-21-activated kinases,GeneOrGeneProduct,29431,Positive_Correlation,Gastrointestinal hormones,ChemicalEntity,D005768,train
1364,25979836,P-21-activated kinases,GeneOrGeneProduct,292756,Positive_Correlation,neurotransmitters,ChemicalEntity,D018377,train
1365,25979836,P-21-activated kinases,GeneOrGeneProduct,292756,Positive_Correlation,Gastrointestinal hormones,ChemicalEntity,D005768,train
1366,25979836,amylase,GeneOrGeneProduct,24203,Positive_Correlation,CCK,GeneOrGeneProduct,25298,train
1367,25979836,IPA-3,ChemicalEntity,C541795,Negative_Correlation,amylase,GeneOrGeneProduct,24203,train
1368,25979836,IPA-3,ChemicalEntity,C541795,Negative_Correlation,ERK1/2,GeneOrGeneProduct,50689,train
1369,25979836,IPA-3,ChemicalEntity,C541795,Negative_Correlation,ERK1/2,GeneOrGeneProduct,116590,train
1370,25979836,IPA-3,ChemicalEntity,C541795,Association,small-GTPases,GeneOrGeneProduct,64465,train
1371,25979836,IPA-3,ChemicalEntity,C541795,Association,small-GTPases,GeneOrGeneProduct,363875,train
1372,25979836,IPA-3,ChemicalEntity,C541795,Association,bombesin,ChemicalEntity,D001839,train
1373,25979836,IPA-3,ChemicalEntity,C541795,Negative_Correlation,CCK,GeneOrGeneProduct,25298,train
1374,25979836,IPA-3,ChemicalEntity,C541795,Negative_Correlation,P21 activated kinase 2,GeneOrGeneProduct,29432,train
1375,25979836,PI3K,GeneOrGeneProduct,298947,Negative_Correlation,LY294002,ChemicalEntity,C085911,train
1376,25979836,PI3K,GeneOrGeneProduct,298947,Negative_Correlation,wortmannin,ChemicalEntity,D000077191,train
1377,25979836,CCK1-receptor,GeneOrGeneProduct,24889,Association,CCK,GeneOrGeneProduct,25298,train
1378,25979836,bombesin,ChemicalEntity,D001839,Positive_Correlation,amylase,GeneOrGeneProduct,24203,train
1379,25979836,CCK,GeneOrGeneProduct,25298,Association,Src,GeneOrGeneProduct,83805,train
1380,25979836,CCK,GeneOrGeneProduct,25298,Positive_Correlation,ERK1/2,GeneOrGeneProduct,50689,train
1381,25979836,CCK,GeneOrGeneProduct,25298,Positive_Correlation,ERK1/2,GeneOrGeneProduct,116590,train
1382,25979836,CCK,GeneOrGeneProduct,25298,Association,small-GTPases,GeneOrGeneProduct,64465,train
1383,25979836,CCK,GeneOrGeneProduct,25298,Association,small-GTPases,GeneOrGeneProduct,363875,train
1384,25979836,CCK,GeneOrGeneProduct,25298,Association,PKC,GeneOrGeneProduct,24681,train
1385,25979836,CCK,GeneOrGeneProduct,25298,Association,phospholipase-C,GeneOrGeneProduct,24655,train
1386,25979836,neurotransmitters,ChemicalEntity,D018377,Association,Src,GeneOrGeneProduct,83805,train
1387,25979836,neurotransmitters,ChemicalEntity,D018377,Association,small-GTPases,GeneOrGeneProduct,64465,train
1388,25979836,neurotransmitters,ChemicalEntity,D018377,Association,small-GTPases,GeneOrGeneProduct,363875,train
1389,25979836,neurotransmitters,ChemicalEntity,D018377,Association,PKC,GeneOrGeneProduct,24681,train
1390,25979836,neurotransmitters,ChemicalEntity,D018377,Positive_Correlation,P21 activated kinase 2,GeneOrGeneProduct,29432,train
1391,25979836,P21 activated kinase 2,GeneOrGeneProduct,29432,Association,pancreatitis,DiseaseOrPhenotypicFeature,D010195,train
1392,25979836,P21 activated kinase 2,GeneOrGeneProduct,29432,Association,pancreatic disorders,DiseaseOrPhenotypicFeature,D010182,train
1393,25979836,P21 activated kinase 2,GeneOrGeneProduct,29432,Association,Src,GeneOrGeneProduct,83805,train
1394,25979836,P21 activated kinase 2,GeneOrGeneProduct,29432,Bind,small-GTPases,GeneOrGeneProduct,64465,train
1395,25979836,P21 activated kinase 2,GeneOrGeneProduct,29432,Bind,small-GTPases,GeneOrGeneProduct,363875,train
1396,25979836,P21 activated kinase 2,GeneOrGeneProduct,29432,Association,CCK1-receptor,GeneOrGeneProduct,24889,train
1397,25979836,P21 activated kinase 2,GeneOrGeneProduct,29432,Positive_Correlation,pancreatic growth-factors,GeneOrGeneProduct,25266,train
1398,25979836,P21 activated kinase 2,GeneOrGeneProduct,29432,Positive_Correlation,pancreatic growth-factors,GeneOrGeneProduct,25313,train
1399,25979836,P21 activated kinase 2,GeneOrGeneProduct,29432,Positive_Correlation,bombesin,ChemicalEntity,D001839,train
1400,25979836,P21 activated kinase 2,GeneOrGeneProduct,29432,Positive_Correlation,TPA,ChemicalEntity,D013755,train
1401,25979836,P21 activated kinase 2,GeneOrGeneProduct,29432,Positive_Correlation,PKC,GeneOrGeneProduct,24681,train
1402,25979836,P21 activated kinase 2,GeneOrGeneProduct,29432,Positive_Correlation,carbachol,ChemicalEntity,D002217,train
1403,25979836,P21 activated kinase 2,GeneOrGeneProduct,29432,Positive_Correlation,CCK,GeneOrGeneProduct,25298,train
1404,25979836,P21 activated kinase 2,GeneOrGeneProduct,29432,Positive_Correlation,phospholipase-C,GeneOrGeneProduct,24655,train
1405,25979836,P21 activated kinase 2,GeneOrGeneProduct,29432,Positive_Correlation,pancreatic growth-factors,GeneOrGeneProduct,54250,train
1406,25979836,Gastrointestinal hormones,ChemicalEntity,D005768,Association,Src,GeneOrGeneProduct,83805,train
1407,25979836,Gastrointestinal hormones,ChemicalEntity,D005768,Association,small-GTPases,GeneOrGeneProduct,64465,train
1408,25979836,Gastrointestinal hormones,ChemicalEntity,D005768,Association,small-GTPases,GeneOrGeneProduct,363875,train
1409,25979836,Gastrointestinal hormones,ChemicalEntity,D005768,Association,PKC,GeneOrGeneProduct,24681,train
1410,25979836,Gastrointestinal hormones,ChemicalEntity,D005768,Positive_Correlation,P21 activated kinase 2,GeneOrGeneProduct,29432,train
1411,27930654,RABL4,GeneOrGeneProduct,11020,Association,Bardet-Biedl syndrome,DiseaseOrPhenotypicFeature,D020788,train
1412,27930654,RAB28,GeneOrGeneProduct,9364,Association,RABL4,GeneOrGeneProduct,11020,train
1413,27930654,RAB28,GeneOrGeneProduct,9364,Association,Bardet-Biedl syndrome,DiseaseOrPhenotypicFeature,D020788,train
1414,27930654,GTP,ChemicalEntity,D006160,Association,BBSome,GeneOrGeneProduct,260219,train
1415,27930654,GTP,ChemicalEntity,D006160,Bind,RAB-28,GeneOrGeneProduct,189429,train
1416,27930654,GDP,ChemicalEntity,D006153,Bind,RAB-28,GeneOrGeneProduct,189429,train
1417,27930654,Bardet-Biedl syndrome,DiseaseOrPhenotypicFeature,D020788,Association,BBSome,GeneOrGeneProduct,260219,train
1418,27930654,RAB-28,GeneOrGeneProduct,189429,Association,cone-rod dystrophy,DiseaseOrPhenotypicFeature,D000071700,train
1419,27930654,RAB-28,GeneOrGeneProduct,189429,Association,BBSome,GeneOrGeneProduct,260219,train
1420,28604678,ESCRT-III,GeneOrGeneProduct,51652,Association,Snf7,GeneOrGeneProduct,29082,train
1421,28604678,ESCRT-III,GeneOrGeneProduct,51652,Association,Vps4,GeneOrGeneProduct,9525,train
1422,28604678,ESCRT-III,GeneOrGeneProduct,51652,Association,Vps4,GeneOrGeneProduct,27183,train
1423,28604678,ESCRT-III,GeneOrGeneProduct,51652,Association,ESCRT-III,GeneOrGeneProduct,128866,train
1424,28604678,ESCRT-III,GeneOrGeneProduct,27243,Association,Snf7,GeneOrGeneProduct,29082,train
1425,28604678,ESCRT-III,GeneOrGeneProduct,27243,Association,Vps4,GeneOrGeneProduct,9525,train
1426,28604678,ESCRT-III,GeneOrGeneProduct,27243,Association,Vps4,GeneOrGeneProduct,27183,train
1427,28604678,ESCRT-III,GeneOrGeneProduct,27243,Association,ESCRT-III,GeneOrGeneProduct,128866,train
1428,28604678,ESCRT-III,GeneOrGeneProduct,128866,Association,Vps4,GeneOrGeneProduct,9525,train
1429,28604678,ESCRT-III,GeneOrGeneProduct,128866,Association,Vps4,GeneOrGeneProduct,27183,train
1430,16167916,venous thromboembolism,DiseaseOrPhenotypicFeature,D054556,Positive_Correlation,tPA,GeneOrGeneProduct,5327,train
1431,16167916,venous thromboembolism,DiseaseOrPhenotypicFeature,D054556,Positive_Correlation,raloxifene,ChemicalEntity,D020849,train
1432,16167916,osteoporosis,DiseaseOrPhenotypicFeature,D010024,Negative_Correlation,raloxifene,ChemicalEntity,D020849,train
1433,16167916,raloxifene,ChemicalEntity,D020849,Positive_Correlation,tPA,GeneOrGeneProduct,5327,train
1434,16167916,raloxifene,ChemicalEntity,D020849,Negative_Correlation,TAFI,GeneOrGeneProduct,1361,train
1435,16167916,raloxifene,ChemicalEntity,D020849,Negative_Correlation,osteopenia,DiseaseOrPhenotypicFeature,D001851,train
1436,16167916,PAI-1,GeneOrGeneProduct,5054,Association,raloxifene,ChemicalEntity,D020849,train
1437,16781314,inherited disorder,DiseaseOrPhenotypicFeature,D030342,Association,plakophilin 1,GeneOrGeneProduct,5317,train
1438,16781314,plakophilin 1,GeneOrGeneProduct,5317,Association,genodermatosis,DiseaseOrPhenotypicFeature,D012873,train
1439,16781314,888delC,SequenceVariant,c|DEL888|C,Association,genodermatosis,DiseaseOrPhenotypicFeature,D012873,train
1440,16781314,Ectodermal dysplasia-skin fragility syndrome,DiseaseOrPhenotypicFeature,C536183,Association,plakophilin 1,GeneOrGeneProduct,5317,train
1441,16781314,Ectodermal dysplasia-skin fragility syndrome,DiseaseOrPhenotypicFeature,C536183,Positive_Correlation,888delC,SequenceVariant,c|DEL888|C,train
1442,16843501,hOGG1,GeneOrGeneProduct,4968,Association,gastric cancer,DiseaseOrPhenotypicFeature,D013274,train
1443,16843501,G-->C substitution at position 135,SequenceVariant,g|SUB|G|135|C,Association,gastric cancer,DiseaseOrPhenotypicFeature,D013274,train
1444,16843501,G/C,SequenceVariant,g|SUB|G||C,Association,gastric cancer,DiseaseOrPhenotypicFeature,D013274,train
1445,16843501,gastric cancer,DiseaseOrPhenotypicFeature,D013274,Association,RAD51,GeneOrGeneProduct,5888,train
1446,17221831,purine nucleoside phosphorylase,GeneOrGeneProduct,4860,Association,Alzheimer's disease,DiseaseOrPhenotypicFeature,D000544,train
1447,17221831,neurodegenerative disorder,DiseaseOrPhenotypicFeature,D019636,Association,purine nucleoside phosphorylase,GeneOrGeneProduct,4860,train
1448,17221831,neurodegenerative disorder,DiseaseOrPhenotypicFeature,D019636,Association,G51S,SequenceVariant,rs1049564,train
1449,17221831,cognitive decline,DiseaseOrPhenotypicFeature,D003072,Association,purine nucleoside phosphorylase,GeneOrGeneProduct,4860,train
1450,17221831,G51S,SequenceVariant,rs1049564,Positive_Correlation,cognitive decline,DiseaseOrPhenotypicFeature,D003072,train
1451,17221831,G51S,SequenceVariant,rs1049564,Association,Alzheimer's disease,DiseaseOrPhenotypicFeature,D000544,train
1452,17286451,RB1,GeneOrGeneProduct,5925,Association,Retinoblastoma,DiseaseOrPhenotypicFeature,D012175,train
1453,17286451,RB1,GeneOrGeneProduct,5925,Association,tumors,DiseaseOrPhenotypicFeature,D009369,train
1454,17327131,CYP2F1,GeneOrGeneProduct,1572,Association,carcinogenic,DiseaseOrPhenotypicFeature,D009369,train
1455,19234905,levodopa,ChemicalEntity,D007980,Positive_Correlation,dyskinesias,DiseaseOrPhenotypicFeature,D004409,train
1456,19365571,Macular corneal dystrophy,DiseaseOrPhenotypicFeature,D003317,Association,c.1072T>C,SequenceVariant,c|SUB|T|1072|C,train
1457,19365571,Macular corneal dystrophy,DiseaseOrPhenotypicFeature,D003317,Association,c.892C>T,SequenceVariant,c|SUB|C|892|T,train
1458,19365571,Macular corneal dystrophy,DiseaseOrPhenotypicFeature,D003317,Association,CHST6,GeneOrGeneProduct,4166,train
1459,19365571,Macular corneal dystrophy,DiseaseOrPhenotypicFeature,D003317,Association,"codon 358, tyrosine to histidine",SequenceVariant,p|SUB|Y|358|H,train
1460,19365571,Macular corneal dystrophy,DiseaseOrPhenotypicFeature,D003317,Association,stop codon for glutamine at codon 298,SequenceVariant,p|SUB|Q|298|X,train
1461,19365571,keratan sulfate,ChemicalEntity,D007632,Association,c.1072T>C,SequenceVariant,c|SUB|T|1072|C,train
1462,19365571,keratan sulfate,ChemicalEntity,D007632,Association,c.892C>T,SequenceVariant,c|SUB|C|892|T,train
1463,19365571,keratan sulfate,ChemicalEntity,D007632,Association,CHST6,GeneOrGeneProduct,4166,train
1464,19365571,keratan sulfate,ChemicalEntity,D007632,Association,"codon 358, tyrosine to histidine",SequenceVariant,p|SUB|Y|358|H,train
1465,19365571,keratan sulfate,ChemicalEntity,D007632,Association,Macular corneal dystrophy,DiseaseOrPhenotypicFeature,D003317,train
1466,19365571,keratan sulfate,ChemicalEntity,D007632,Association,stop codon for glutamine at codon 298,SequenceVariant,p|SUB|Q|298|X,train
1467,19642243,vancomycin,ChemicalEntity,D014640,Positive_Correlation,Renal failure,DiseaseOrPhenotypicFeature,D051437,train
1468,19642243,osteomyelitis,DiseaseOrPhenotypicFeature,D010019,Negative_Correlation,vancomycin,ChemicalEntity,D014640,train
1469,19642243,tenofovir,ChemicalEntity,D000068698,Positive_Correlation,Fanconi syndrome,DiseaseOrPhenotypicFeature,D005198,train
1470,19642243,tenofovir,ChemicalEntity,D000068698,Positive_Correlation,Renal failure,DiseaseOrPhenotypicFeature,D051437,train
1471,19642243,tenofovir,ChemicalEntity,D000068698,Drug_Interaction,vancomycin,ChemicalEntity,D014640,train
1472,19642243,tenofovir,ChemicalEntity,D000068698,Positive_Correlation,Acute renal failure,DiseaseOrPhenotypicFeature,D058186,train
1473,19672862,tumorigenesis,DiseaseOrPhenotypicFeature,D009369,Association,ERK,GeneOrGeneProduct,5594,train
1474,19672862,tumorigenesis,DiseaseOrPhenotypicFeature,D009369,Association,Akt,GeneOrGeneProduct,207,train
1475,19672862,tumorigenesis,DiseaseOrPhenotypicFeature,D009369,Association,cyclin-dependent kinase,GeneOrGeneProduct,983,train
1476,19672862,tumorigenesis,DiseaseOrPhenotypicFeature,D009369,Association,p27,GeneOrGeneProduct,1027,train
1477,19672862,tumorigenesis,DiseaseOrPhenotypicFeature,D009369,Association,p21,GeneOrGeneProduct,1026,train
1478,19672862,endometrial cancer,DiseaseOrPhenotypicFeature,D016889,Association,Protein kinase C alpha,GeneOrGeneProduct,5578,train
1479,19672862,EGF,GeneOrGeneProduct,1950,Positive_Correlation,ERK,GeneOrGeneProduct,5594,train
1480,19672862,Akt,GeneOrGeneProduct,207,Association,glycogen synthase kinase-3beta,GeneOrGeneProduct,2932,train
1481,19672862,cyclin-dependent kinase,GeneOrGeneProduct,983,Negative_Correlation,p27,GeneOrGeneProduct,1027,train
1482,19672862,cyclin-dependent kinase,GeneOrGeneProduct,983,Negative_Correlation,p21,GeneOrGeneProduct,1026,train
1483,19672862,p27,GeneOrGeneProduct,1027,Association,ERK,GeneOrGeneProduct,5594,train
1484,19672862,p27,GeneOrGeneProduct,1027,Association,Akt,GeneOrGeneProduct,207,train
1485,19672862,p21,GeneOrGeneProduct,1026,Association,ERK,GeneOrGeneProduct,5594,train
1486,19672862,p21,GeneOrGeneProduct,1026,Association,Akt,GeneOrGeneProduct,207,train
1487,19672862,Protein kinase C alpha,GeneOrGeneProduct,5578,Association,tumorigenesis,DiseaseOrPhenotypicFeature,D009369,train
1488,19672862,Protein kinase C alpha,GeneOrGeneProduct,5578,Association,EGF,GeneOrGeneProduct,1950,train
1489,19672862,Protein kinase C alpha,GeneOrGeneProduct,5578,Positive_Correlation,ERK,GeneOrGeneProduct,5594,train
1490,19672862,Protein kinase C alpha,GeneOrGeneProduct,5578,Association,glycogen synthase kinase-3beta,GeneOrGeneProduct,2932,train
1491,19672862,Protein kinase C alpha,GeneOrGeneProduct,5578,Association,Akt,GeneOrGeneProduct,207,train
1492,19672862,Protein kinase C alpha,GeneOrGeneProduct,5578,Association,cyclin-dependent kinase,GeneOrGeneProduct,983,train
1493,19672862,Protein kinase C alpha,GeneOrGeneProduct,5578,Negative_Correlation,p27,GeneOrGeneProduct,1027,train
1494,19672862,Protein kinase C alpha,GeneOrGeneProduct,5578,Negative_Correlation,p21,GeneOrGeneProduct,1026,train
1495,20046642,ZnSO(4),ChemicalEntity,D019287,Negative_Correlation,caspase-3,GeneOrGeneProduct,25402,train
1496,20046642,ZnSO(4),ChemicalEntity,D019287,Negative_Correlation,malondialdehyde,ChemicalEntity,D008315,train
1497,20046642,ZnSO(4),ChemicalEntity,D019287,Negative_Correlation,TNFalpha,GeneOrGeneProduct,24835,train
1498,20046642,ZnSO(4),ChemicalEntity,D019287,Positive_Correlation,glutathione,ChemicalEntity,D005978,train
1499,20046642,ZnSO(4),ChemicalEntity,D019287,Positive_Correlation,glutathione reductase,GeneOrGeneProduct,116686,train
1500,20046642,ZnSO(4),ChemicalEntity,D019287,Cotreatment,carmustine,ChemicalEntity,D002330,train
1501,20046642,caspase-3,GeneOrGeneProduct,25402,Negative_Correlation,Metallothionein,ChemicalEntity,D008668,train
1502,20046642,Metallothionein,ChemicalEntity,D008668,Positive_Correlation,ZnSO(4),ChemicalEntity,D019287,train
1503,20046642,Metallothionein,ChemicalEntity,D008668,Negative_Correlation,malondialdehyde,ChemicalEntity,D008315,train
1504,20046642,Metallothionein,ChemicalEntity,D008668,Negative_Correlation,TNFalpha,GeneOrGeneProduct,24835,train
1505,20046642,Metallothionein,ChemicalEntity,D008668,Positive_Correlation,glutathione,ChemicalEntity,D005978,train
1506,20046642,Metallothionein,ChemicalEntity,D008668,Positive_Correlation,glutathione reductase,GeneOrGeneProduct,116686,train
1507,20046642,cognitive dysfunction,DiseaseOrPhenotypicFeature,D003072,Negative_Correlation,Metallothionein,ChemicalEntity,D008668,train
1508,20046642,carmustine,ChemicalEntity,D002330,Positive_Correlation,caspase-3,GeneOrGeneProduct,25402,train
1509,20046642,carmustine,ChemicalEntity,D002330,Positive_Correlation,malondialdehyde,ChemicalEntity,D008315,train
1510,20046642,carmustine,ChemicalEntity,D002330,Positive_Correlation,TNFalpha,GeneOrGeneProduct,24835,train
1511,20046642,carmustine,ChemicalEntity,D002330,Negative_Correlation,glutathione,ChemicalEntity,D005978,train
1512,20046642,carmustine,ChemicalEntity,D002330,Negative_Correlation,glutathione reductase,GeneOrGeneProduct,116686,train
1513,20046642,carmustine,ChemicalEntity,D002330,Positive_Correlation,deterioration of learning and short-term memory,DiseaseOrPhenotypicFeature,D008569,train
1514,20046642,carmustine,ChemicalEntity,D002330,Positive_Correlation,deterioration of learning and short-term memory,DiseaseOrPhenotypicFeature,D007859,train
1515,20046642,carmustine,ChemicalEntity,D002330,Positive_Correlation,Metallothionein,ChemicalEntity,D008668,train
1516,20046642,carmustine,ChemicalEntity,D002330,Positive_Correlation,cognitive dysfunction,DiseaseOrPhenotypicFeature,D003072,train
1517,20534142,abnormal glucose homeostasis,DiseaseOrPhenotypicFeature,D044882,Association,proinsulin,ChemicalEntity,D011384,train
1518,20534142,glucose,ChemicalEntity,D005947,Association,PCSK1,GeneOrGeneProduct,5122,train
1519,20534142,glucose,ChemicalEntity,D005947,Association,proinsulin,ChemicalEntity,D011384,train
1520,20534142,rs6232,SequenceVariant,rs6232,Association,glucose,ChemicalEntity,D005947,train
1521,20534142,rs6232,SequenceVariant,rs6232,Association,obesity,DiseaseOrPhenotypicFeature,D009765,train
1522,20534142,rs6232,SequenceVariant,rs6232,Association,insulin,GeneOrGeneProduct,3630,train
1523,20534142,PCSK1,GeneOrGeneProduct,5122,Association,abnormal glucose homeostasis,DiseaseOrPhenotypicFeature,D044882,train
1524,20534142,PCSK1,GeneOrGeneProduct,5122,Association,proinsulin,ChemicalEntity,D011384,train
1525,20534142,rs6235,SequenceVariant,rs6235,Association,obesity,DiseaseOrPhenotypicFeature,D009765,train
1526,20534142,proinsulin,ChemicalEntity,D011384,Association,obesity,DiseaseOrPhenotypicFeature,D009765,train
1527,20534142,obesity,DiseaseOrPhenotypicFeature,D009765,Association,PCSK1,GeneOrGeneProduct,5122,train
1528,20534142,insulin,GeneOrGeneProduct,3630,Association,PCSK1,GeneOrGeneProduct,5122,train
1529,20534142,insulin,GeneOrGeneProduct,3630,Association,proinsulin,ChemicalEntity,D011384,train
1530,20534142,insulin,GeneOrGeneProduct,3630,Association,obesity,DiseaseOrPhenotypicFeature,D009765,train
1531,28260110,fatty acid,ChemicalEntity,D005227,Association,colon cancer,DiseaseOrPhenotypicFeature,D015179,train
1532,28260110,Palmitate,ChemicalEntity,D010168,Association,fatty acid synthase,GeneOrGeneProduct,2194,train
1533,28260110,Palmitate,ChemicalEntity,D010168,Association,emodin,ChemicalEntity,D004642,train
1534,28260110,cerulenin,ChemicalEntity,D002569,Negative_Correlation,fatty acid synthase,GeneOrGeneProduct,2194,train
1535,28260110,cerulenin,ChemicalEntity,D002569,Negative_Correlation,colon cancer,DiseaseOrPhenotypicFeature,D015179,train
1536,28260110,fatty acid synthase,GeneOrGeneProduct,2194,Association,fatty acid,ChemicalEntity,D005227,train
1537,28260110,fatty acid synthase,GeneOrGeneProduct,2194,Association,mitogen-activated protein kinases/extracellular signal-regulated kinases 1/2,GeneOrGeneProduct,5595,train
1538,28260110,fatty acid synthase,GeneOrGeneProduct,2194,Association,mitogen-activated protein kinases/extracellular signal-regulated kinases 1/2,GeneOrGeneProduct,5594,train
1539,28260110,fatty acid synthase,GeneOrGeneProduct,2194,Association,Akt,GeneOrGeneProduct,207,train
1540,28260110,fatty acid synthase,GeneOrGeneProduct,2194,Association,phosphatidylinositol 3-kinase,GeneOrGeneProduct,5291,train
1541,28260110,fatty acid synthase,GeneOrGeneProduct,2194,Association,nicotinamide adenine dinucleotide phosphate,ChemicalEntity,D009249,train
1542,28260110,fatty acid synthase,GeneOrGeneProduct,2194,Association,colon cancer,DiseaseOrPhenotypicFeature,D015179,train
1543,28260110,fatty acid synthase,GeneOrGeneProduct,2194,Negative_Correlation,emodin,ChemicalEntity,D004642,train
1544,28260110,emodin,ChemicalEntity,D004642,Association,mitogen-activated protein kinases/extracellular signal-regulated kinases 1/2,GeneOrGeneProduct,5595,train
1545,28260110,emodin,ChemicalEntity,D004642,Association,mitogen-activated protein kinases/extracellular signal-regulated kinases 1/2,GeneOrGeneProduct,5594,train
1546,28260110,emodin,ChemicalEntity,D004642,Association,Akt,GeneOrGeneProduct,207,train
1547,28260110,emodin,ChemicalEntity,D004642,Association,phosphatidylinositol 3-kinase,GeneOrGeneProduct,5291,train
1548,28260110,emodin,ChemicalEntity,D004642,Cotreatment,cerulenin,ChemicalEntity,D002569,train
1549,28260110,emodin,ChemicalEntity,D004642,Negative_Correlation,free fatty acid,ChemicalEntity,D005230,train
1550,28260110,emodin,ChemicalEntity,D004642,Negative_Correlation,colon cancer,DiseaseOrPhenotypicFeature,D015179,train
1551,28260110,emodin,ChemicalEntity,D004642,Negative_Correlation,cancer,DiseaseOrPhenotypicFeature,D009369,train
1552,28747658,S75X,SequenceVariant,p|SUB|S|75|X,Association,cancer,DiseaseOrPhenotypicFeature,D009369,train
1553,28747658,Arginine (R) to Glycine (G) mutation at position 76,SequenceVariant,p|SUB|R|76|G,Association,cancer,DiseaseOrPhenotypicFeature,D009369,train
1554,28747658,cancer,DiseaseOrPhenotypicFeature,D009369,Association,PP2C-alpha,GeneOrGeneProduct,5494,train
1555,28747658,cancer,DiseaseOrPhenotypicFeature,D009369,Association,PAK1,GeneOrGeneProduct,5058,train
1556,28747658,cancer,DiseaseOrPhenotypicFeature,D009369,Association,GSK-3 beta,GeneOrGeneProduct,2932,train
1557,28747658,cancer,DiseaseOrPhenotypicFeature,D009369,Association,CHEK2,GeneOrGeneProduct,11200,train
1558,28747658,cancer,DiseaseOrPhenotypicFeature,D009369,Association,CHEK1,GeneOrGeneProduct,1111,train
1559,28747658,cancer,DiseaseOrPhenotypicFeature,D009369,Association,CDK8,GeneOrGeneProduct,1024,train
1560,28747658,cancer,DiseaseOrPhenotypicFeature,D009369,Association,CDK2,GeneOrGeneProduct,1017,train
1561,28747658,cancer,DiseaseOrPhenotypicFeature,D009369,Association,CDK1,GeneOrGeneProduct,983,train
1562,28747658,cancer,DiseaseOrPhenotypicFeature,D009369,Association,NPM,GeneOrGeneProduct,4869,train
1563,28747658,p17,GeneOrGeneProduct,155348,Association,lymphoma,DiseaseOrPhenotypicFeature,D008223,train
1564,28747658,p17,GeneOrGeneProduct,155348,Association,PP2C-alpha,GeneOrGeneProduct,5494,train
1565,28747658,p17,GeneOrGeneProduct,155348,Association,PAK1,GeneOrGeneProduct,5058,train
1566,28747658,p17,GeneOrGeneProduct,155348,Association,GSK-3 beta,GeneOrGeneProduct,2932,train
1567,28747658,p17,GeneOrGeneProduct,155348,Association,CHEK2,GeneOrGeneProduct,11200,train
1568,28747658,p17,GeneOrGeneProduct,155348,Association,CHEK1,GeneOrGeneProduct,1111,train
1569,28747658,p17,GeneOrGeneProduct,155348,Association,CDK8,GeneOrGeneProduct,1024,train
1570,28747658,p17,GeneOrGeneProduct,155348,Association,CDK2,GeneOrGeneProduct,1017,train
1571,28747658,p17,GeneOrGeneProduct,155348,Association,CDK1,GeneOrGeneProduct,983,train
1572,28747658,p17,GeneOrGeneProduct,155348,Association,cancer,DiseaseOrPhenotypicFeature,D009369,train
1573,28747658,p17,GeneOrGeneProduct,155348,Association,MAPK8,GeneOrGeneProduct,5599,train
1574,28747658,p17,GeneOrGeneProduct,155348,Association,PAX2,GeneOrGeneProduct,5076,train
1575,28747658,p17,GeneOrGeneProduct,155348,Association,Src,GeneOrGeneProduct,6714,train
1576,28747658,p17,GeneOrGeneProduct,155348,Association,YWHAZ,GeneOrGeneProduct,7534,train
1577,28747658,p17,GeneOrGeneProduct,155348,Association,NPM,GeneOrGeneProduct,4869,train
1578,28747658,p17,GeneOrGeneProduct,155348,Association,DFF-45,GeneOrGeneProduct,1676,train
1579,28747658,p17,GeneOrGeneProduct,155348,Association,CASP-7,GeneOrGeneProduct,840,train
1580,28747658,p17,GeneOrGeneProduct,155348,Association,CASP-9,GeneOrGeneProduct,842,train
1581,16410744,Gln/Gln,SequenceVariant,p|SUB|Q||Q,Association,glioblastomas,DiseaseOrPhenotypicFeature,D005909,train
1582,16410744,codon 787 CAG/CAA,SequenceVariant,p|SUB|Q|787|Q,Association,glioblastomas,DiseaseOrPhenotypicFeature,D005909,train
1583,16410744,TP53,GeneOrGeneProduct,7157,Positive_Correlation,p16,GeneOrGeneProduct,1029,train
1584,16410744,TP53,GeneOrGeneProduct,7157,Association,glioblastomas,DiseaseOrPhenotypicFeature,D005909,train
1585,16410744,EGFR,GeneOrGeneProduct,1956,Negative_Correlation,p16,GeneOrGeneProduct,1029,train
1586,16410744,glioblastomas,DiseaseOrPhenotypicFeature,D005909,Association,p16,GeneOrGeneProduct,1029,train
1587,16410744,glioblastomas,DiseaseOrPhenotypicFeature,D005909,Association,EGFR,GeneOrGeneProduct,1956,train
1588,17065198,p53,GeneOrGeneProduct,7157,Association,skin cancer,DiseaseOrPhenotypicFeature,D012878,train
1589,17065198,p53,GeneOrGeneProduct,7157,Association,actinic keratosis,DiseaseOrPhenotypicFeature,D055623,train
1590,17065198,p53,GeneOrGeneProduct,7157,Association,cyclosporin A,ChemicalEntity,D016572,train
1591,17065198,CC to TT,SequenceVariant,c|SUB|C||T,Positive_Correlation,skin cancer,DiseaseOrPhenotypicFeature,D012878,train
1592,17065198,CC to TT,SequenceVariant,c|SUB|C||T,Association,cyclosporin A,ChemicalEntity,D016572,train
1593,17344330,torsade de pointes,DiseaseOrPhenotypicFeature,D016171,Positive_Correlation,methadone,ChemicalEntity,D008691,train
1594,17344330,buprenorphine,ChemicalEntity,D002047,Negative_Correlation,heroin dependence,DiseaseOrPhenotypicFeature,D006556,train
1595,17344330,buprenorphine,ChemicalEntity,D002047,Comparison,methadone,ChemicalEntity,D008691,train
1596,17344330,methadone,ChemicalEntity,D008691,Association,opioid,ChemicalEntity,D000701,train
1597,17344330,methadone,ChemicalEntity,D008691,Negative_Correlation,heroin dependence,DiseaseOrPhenotypicFeature,D006556,train
1598,17344330,methadone,ChemicalEntity,D008691,Positive_Correlation,QT prolongation,DiseaseOrPhenotypicFeature,D008133,train
1599,17344330,methadone,ChemicalEntity,D008691,Positive_Correlation,Syncope,DiseaseOrPhenotypicFeature,D013575,train
1600,18945288,HGD,GeneOrGeneProduct,3081,Association,homogentisic acid,ChemicalEntity,D006713,train
1601,18945288,HGD,GeneOrGeneProduct,3081,Association,alkaptonuria,DiseaseOrPhenotypicFeature,D000474,train
1602,18945288,R58fs,SequenceVariant,p|FS|R|58||,Association,alkaptonuria,DiseaseOrPhenotypicFeature,D000474,train
1603,18945288,c.342delA,SequenceVariant,c|DEL|342|A,Association,alkaptonuria,DiseaseOrPhenotypicFeature,D000474,train
1604,19306381,focal adhesion kinase,GeneOrGeneProduct,5747,Association,erbB3,GeneOrGeneProduct,2065,train
1605,19306381,focal adhesion kinase,GeneOrGeneProduct,5747,Association,erbB3,GeneOrGeneProduct,13867,train
1606,19306381,erbB4,GeneOrGeneProduct,2066,Association,focal adhesion kinase,GeneOrGeneProduct,5747,train
1607,19306381,erbB4,GeneOrGeneProduct,2066,Association,laminin receptor,GeneOrGeneProduct,3688,train
1608,19306381,erbB4,GeneOrGeneProduct,2066,Association,malignant peripheral nerve sheath tumor,DiseaseOrPhenotypicFeature,D018319,train
1609,19306381,erbB4,GeneOrGeneProduct,13869,Association,focal adhesion kinase,GeneOrGeneProduct,5747,train
1610,19306381,erbB4,GeneOrGeneProduct,13869,Association,laminin receptor,GeneOrGeneProduct,3688,train
1611,19306381,erbB4,GeneOrGeneProduct,13869,Association,malignant peripheral nerve sheath tumor,DiseaseOrPhenotypicFeature,D018319,train
1612,19306381,erbB3,GeneOrGeneProduct,2065,Association,laminin receptor,GeneOrGeneProduct,3688,train
1613,19306381,erbB3,GeneOrGeneProduct,2065,Association,malignant peripheral nerve sheath tumor,DiseaseOrPhenotypicFeature,D018319,train
1614,19306381,erbB3,GeneOrGeneProduct,13867,Association,laminin receptor,GeneOrGeneProduct,3688,train
1615,19306381,erbB3,GeneOrGeneProduct,13867,Association,malignant peripheral nerve sheath tumor,DiseaseOrPhenotypicFeature,D018319,train
1616,19306381,laminin,GeneOrGeneProduct,16777,Bind,laminin receptor,GeneOrGeneProduct,3688,train
1617,19306381,Neuregulin-1 beta,GeneOrGeneProduct,3084,Positive_Correlation,Akt,GeneOrGeneProduct,207,train
1618,19306381,Neuregulin-1 beta,GeneOrGeneProduct,3084,Positive_Correlation,Akt,GeneOrGeneProduct,11651,train
1619,19306381,Neuregulin-1 beta,GeneOrGeneProduct,3084,Positive_Correlation,Erk 1/2,GeneOrGeneProduct,5595,train
1620,19306381,Neuregulin-1 beta,GeneOrGeneProduct,3084,Positive_Correlation,Erk 1/2,GeneOrGeneProduct,5594,train
1621,19306381,Neuregulin-1 beta,GeneOrGeneProduct,3084,Positive_Correlation,Erk 1/2,GeneOrGeneProduct,26417,train
1622,19306381,Neuregulin-1 beta,GeneOrGeneProduct,3084,Positive_Correlation,Erk 1/2,GeneOrGeneProduct,26413,train
1623,19306381,Neuregulin-1 beta,GeneOrGeneProduct,3084,Association,ROCK-I/II,GeneOrGeneProduct,9475,train
1624,19306381,Neuregulin-1 beta,GeneOrGeneProduct,3084,Association,ROCK-I/II,GeneOrGeneProduct,6093,train
1625,19306381,Neuregulin-1 beta,GeneOrGeneProduct,3084,Association,ROCK-I/II,GeneOrGeneProduct,19878,train
1626,19306381,Neuregulin-1 beta,GeneOrGeneProduct,3084,Association,ROCK-I/II,GeneOrGeneProduct,19877,train
1627,19306381,Neuregulin-1 beta,GeneOrGeneProduct,3084,Positive_Correlation,Src family kinases,GeneOrGeneProduct,6714,train
1628,19306381,Neuregulin-1 beta,GeneOrGeneProduct,3084,Positive_Correlation,Src family kinases,GeneOrGeneProduct,20779,train
1629,19306381,Neuregulin-1 beta,GeneOrGeneProduct,3084,Association,PI-3 kinase,GeneOrGeneProduct,5290,train
1630,19306381,Neuregulin-1 beta,GeneOrGeneProduct,3084,Association,PI-3 kinase,GeneOrGeneProduct,30955,train
1631,19306381,Neuregulin-1 beta,GeneOrGeneProduct,3084,Positive_Correlation,SAPK,GeneOrGeneProduct,5599,train
1632,19306381,Neuregulin-1 beta,GeneOrGeneProduct,3084,Positive_Correlation,SAPK,GeneOrGeneProduct,26419,train
1633,19306381,Neuregulin-1 beta,GeneOrGeneProduct,3084,Association,MEK 1/2,GeneOrGeneProduct,5605,train
1634,19306381,Neuregulin-1 beta,GeneOrGeneProduct,3084,Association,MEK 1/2,GeneOrGeneProduct,5604,train
1635,19306381,Neuregulin-1 beta,GeneOrGeneProduct,3084,Association,MEK 1/2,GeneOrGeneProduct,26396,train
1636,19306381,Neuregulin-1 beta,GeneOrGeneProduct,3084,Association,MEK 1/2,GeneOrGeneProduct,26395,train
1637,19306381,Neuregulin-1 beta,GeneOrGeneProduct,3084,Bind,erbB4,GeneOrGeneProduct,2066,train
1638,19306381,Neuregulin-1 beta,GeneOrGeneProduct,3084,Bind,erbB4,GeneOrGeneProduct,13869,train
1639,19306381,Neuregulin-1 beta,GeneOrGeneProduct,3084,Bind,erbB3,GeneOrGeneProduct,2065,train
1640,19306381,Neuregulin-1 beta,GeneOrGeneProduct,3084,Bind,erbB3,GeneOrGeneProduct,13867,train
1641,19306381,Neuregulin-1 beta,GeneOrGeneProduct,3084,Association,laminin,GeneOrGeneProduct,16777,train
1642,19306381,malignant peripheral nerve sheath tumor,DiseaseOrPhenotypicFeature,D018319,Association,neurofibromatosis Type 1,GeneOrGeneProduct,4763,train
1643,19306381,malignant peripheral nerve sheath tumor,DiseaseOrPhenotypicFeature,D018319,Association,focal adhesion kinase,GeneOrGeneProduct,5747,train
1644,19306381,malignant peripheral nerve sheath tumor,DiseaseOrPhenotypicFeature,D018319,Association,laminin receptor,GeneOrGeneProduct,3688,train
1645,19306381,malignant peripheral nerve sheath tumor,DiseaseOrPhenotypicFeature,D018319,Association,laminin,GeneOrGeneProduct,16777,train
1646,19306381,malignant peripheral nerve sheath tumor,DiseaseOrPhenotypicFeature,D018319,Association,Neuregulin-1 beta,GeneOrGeneProduct,3084,train
1647,22048266,rs2073416,SequenceVariant,rs2073416,Association,Down syndrome,DiseaseOrPhenotypicFeature,D004314,train
1648,22048266,rs2073601,SequenceVariant,rs2073601,Association,Down syndrome,DiseaseOrPhenotypicFeature,D004314,train
1649,22048266,rs461155,SequenceVariant,rs461155,Association,Down syndrome,DiseaseOrPhenotypicFeature,D004314,train
1650,22048266,ETS2,GeneOrGeneProduct,2114,Association,Down syndrome,DiseaseOrPhenotypicFeature,D004314,train
1651,22048266,SIM2,GeneOrGeneProduct,6493,Association,Down syndrome,DiseaseOrPhenotypicFeature,D004314,train
1652,24853300,CB,GeneOrGeneProduct,793,Negative_Correlation,Alzheimer's disease,DiseaseOrPhenotypicFeature,D000544,train
1653,24853300,mitochondrial dysfunction,DiseaseOrPhenotypicFeature,D028361,Association,calbindin-D28k,GeneOrGeneProduct,12307,train
1654,24853300,calbindin-D28k,GeneOrGeneProduct,12307,Association,cAMP response element-binding protein,GeneOrGeneProduct,12912,train
1655,24853300,calbindin-D28k,GeneOrGeneProduct,12307,Bind,calcium,ChemicalEntity,D002118,train
1656,24853300,calbindin-D28k,GeneOrGeneProduct,12307,Association,presenilin,GeneOrGeneProduct,19164,train
1657,24853300,calbindin-D28k,GeneOrGeneProduct,12307,Association,synaptophysin,GeneOrGeneProduct,20977,train
1658,24853300,calbindin-D28k,GeneOrGeneProduct,12307,Association,PSD-95,GeneOrGeneProduct,13385,train
1659,24853300,calbindin-D28k,GeneOrGeneProduct,12307,Association,NMDA receptor 2A,GeneOrGeneProduct,14811,train
1660,24853300,calbindin-D28k,GeneOrGeneProduct,12307,Association,N-methyl-D-aspartate receptor 1,GeneOrGeneProduct,14810,train
1661,24853300,calbindin-D28k,GeneOrGeneProduct,12307,Association,mitogen-activated protein kinase,GeneOrGeneProduct,26417,train
1662,24853300,calbindin-D28k,GeneOrGeneProduct,12307,Association,mitogen-activated protein kinase,GeneOrGeneProduct,26413,train
1663,24853300,calbindin-D28k,GeneOrGeneProduct,12307,Negative_Correlation,neuronal death,DiseaseOrPhenotypicFeature,D009410,train
1664,24853300,calbindin-D28k,GeneOrGeneProduct,12307,Negative_Correlation,Alzheimer's disease,DiseaseOrPhenotypicFeature,D000544,train
1665,26102294,p53,GeneOrGeneProduct,7157,Positive_Correlation,p21Cip1,GeneOrGeneProduct,1026,train
1666,26102294,p53,GeneOrGeneProduct,7157,Positive_Correlation,OCT4A,GeneOrGeneProduct,5460,train
1667,26102294,embryonal carcinoma,DiseaseOrPhenotypicFeature,D018236,Association,p53,GeneOrGeneProduct,7157,train
1668,26102294,embryonal carcinoma,DiseaseOrPhenotypicFeature,D018236,Association,p21Cip1,GeneOrGeneProduct,1026,train
1669,26102294,embryonal carcinoma,DiseaseOrPhenotypicFeature,D018236,Association,OCT4A,GeneOrGeneProduct,5460,train
1670,26102294,p16ink4a,GeneOrGeneProduct,1029,Association,etoposide,ChemicalEntity,D005047,train
1671,26102294,etoposide,ChemicalEntity,D005047,Association,p53,GeneOrGeneProduct,7157,train
1672,26102294,etoposide,ChemicalEntity,D005047,Negative_Correlation,embryonal carcinoma,DiseaseOrPhenotypicFeature,D018236,train
1673,26102294,etoposide,ChemicalEntity,D005047,Positive_Correlation,AMPK,GeneOrGeneProduct,5562,train
1674,26102294,etoposide,ChemicalEntity,D005047,Positive_Correlation,p21Cip1,GeneOrGeneProduct,1026,train
1675,26102294,etoposide,ChemicalEntity,D005047,Positive_Correlation,OCT4A,GeneOrGeneProduct,5460,train
1676,26102294,p21Cip1,GeneOrGeneProduct,1026,Association,AMPK,GeneOrGeneProduct,5562,train
1677,26102294,OCT4A,GeneOrGeneProduct,5460,Positive_Correlation,AMPK,GeneOrGeneProduct,5562,train
1678,26102294,OCT4A,GeneOrGeneProduct,5460,Positive_Correlation,p21Cip1,GeneOrGeneProduct,1026,train
1679,26411452,TMPRSS2,GeneOrGeneProduct,7113,Association,ERG,GeneOrGeneProduct,2078,train
1680,26411452,rs11891426,SequenceVariant,rs11891426,Association,Prostate Cancer,DiseaseOrPhenotypicFeature,D011471,train
1681,26411452,androgen,ChemicalEntity,D000728,Association,rs11891426,SequenceVariant,rs11891426,train
1682,26411452,Androgen Receptor,GeneOrGeneProduct,367,Association,Prostate Cancer,DiseaseOrPhenotypicFeature,D011471,train
1683,26411452,Androgen Receptor,GeneOrGeneProduct,367,Association,androgen,ChemicalEntity,D000728,train
1684,26411452,Melanophilin,GeneOrGeneProduct,79083,Association,Prostate Cancer,DiseaseOrPhenotypicFeature,D011471,train
1685,26411452,Melanophilin,GeneOrGeneProduct,79083,Association,androgen,ChemicalEntity,D000728,train
1686,26411452,Melanophilin,GeneOrGeneProduct,79083,Bind,Androgen Receptor,GeneOrGeneProduct,367,train
1687,27941998,ATF2,GeneOrGeneProduct,81647,Association,Desminopathy,DiseaseOrPhenotypicFeature,C563319,train
1688,27941998,ATF2,GeneOrGeneProduct,1386,Association,Desminopathy,DiseaseOrPhenotypicFeature,C563319,train
1689,27941998,bax,GeneOrGeneProduct,581,Association,Desminopathy,DiseaseOrPhenotypicFeature,C563319,train
1690,27941998,bax,GeneOrGeneProduct,24887,Association,Desminopathy,DiseaseOrPhenotypicFeature,C563319,train
1691,27941998,desmin,GeneOrGeneProduct,64362,Association,myopathies,DiseaseOrPhenotypicFeature,D009135,train
1692,27941998,desmin,GeneOrGeneProduct,64362,Association,Desminopathy,DiseaseOrPhenotypicFeature,C563319,train
1693,27941998,desmin,GeneOrGeneProduct,1674,Association,myopathies,DiseaseOrPhenotypicFeature,D009135,train
1694,27941998,desmin,GeneOrGeneProduct,1674,Association,Desminopathy,DiseaseOrPhenotypicFeature,C563319,train
1695,27941998,Voltage-Dependent Anion Channel 1,GeneOrGeneProduct,83529,Association,Desminopathy,DiseaseOrPhenotypicFeature,C563319,train
1696,27941998,Voltage-Dependent Anion Channel 1,GeneOrGeneProduct,83529,Association,desmin,GeneOrGeneProduct,64362,train
1697,27941998,Voltage-Dependent Anion Channel 1,GeneOrGeneProduct,83529,Association,desmin,GeneOrGeneProduct,1674,train
1698,27941998,Voltage-Dependent Anion Channel 1,GeneOrGeneProduct,83529,Association,Mitochondrial Dysfunction,DiseaseOrPhenotypicFeature,D028361,train
1699,27941998,Voltage-Dependent Anion Channel 1,GeneOrGeneProduct,7416,Association,Desminopathy,DiseaseOrPhenotypicFeature,C563319,train
1700,27941998,Voltage-Dependent Anion Channel 1,GeneOrGeneProduct,7416,Association,desmin,GeneOrGeneProduct,64362,train
1701,27941998,Voltage-Dependent Anion Channel 1,GeneOrGeneProduct,7416,Association,desmin,GeneOrGeneProduct,1674,train
1702,27941998,Voltage-Dependent Anion Channel 1,GeneOrGeneProduct,7416,Association,Mitochondrial Dysfunction,DiseaseOrPhenotypicFeature,D028361,train
1703,30836660,inflammatory,DiseaseOrPhenotypicFeature,D007249,Association,TNF-alpha,GeneOrGeneProduct,7124,train
1704,30836660,inflammatory,DiseaseOrPhenotypicFeature,D007249,Association,TNF-alpha,GeneOrGeneProduct,21926,train
1705,30836660,inflammatory,DiseaseOrPhenotypicFeature,D007249,Association,IL-6,GeneOrGeneProduct,3569,train
1706,30836660,inflammatory,DiseaseOrPhenotypicFeature,D007249,Association,IL-6,GeneOrGeneProduct,16193,train
1707,30836660,inflammatory,DiseaseOrPhenotypicFeature,D007249,Association,IL-1beta,GeneOrGeneProduct,3553,train
1708,30836660,inflammatory,DiseaseOrPhenotypicFeature,D007249,Association,IL-1beta,GeneOrGeneProduct,16176,train
1709,30836660,folic acid,ChemicalEntity,D005492,Positive_Correlation,Renal Interstitial Fibrosis,DiseaseOrPhenotypicFeature,D007674,train
1710,30836660,Renal Interstitial Fibrosis,DiseaseOrPhenotypicFeature,D007674,Association,MAPK,GeneOrGeneProduct,5594,train
1711,30836660,Renal Interstitial Fibrosis,DiseaseOrPhenotypicFeature,D007674,Association,MAPK,GeneOrGeneProduct,26413,train
1712,30836660,Renal Interstitial Fibrosis,DiseaseOrPhenotypicFeature,D007674,Association,NF-kappaB,GeneOrGeneProduct,4790,train
1713,30836660,Renal Interstitial Fibrosis,DiseaseOrPhenotypicFeature,D007674,Association,NF-kappaB,GeneOrGeneProduct,18033,train
1714,30836660,Renal Interstitial Fibrosis,DiseaseOrPhenotypicFeature,D007674,Association,IkappaBalpha,GeneOrGeneProduct,4792,train
1715,30836660,Renal Interstitial Fibrosis,DiseaseOrPhenotypicFeature,D007674,Association,IkappaBalpha,GeneOrGeneProduct,18035,train
1716,30836660,Renal Interstitial Fibrosis,DiseaseOrPhenotypicFeature,D007674,Association,TLR4,GeneOrGeneProduct,7099,train
1717,30836660,Renal Interstitial Fibrosis,DiseaseOrPhenotypicFeature,D007674,Association,TLR4,GeneOrGeneProduct,21898,train
1718,30836660,Salidroside,ChemicalEntity,C009172,Negative_Correlation,MAPK,GeneOrGeneProduct,5594,train
1719,30836660,Salidroside,ChemicalEntity,C009172,Negative_Correlation,MAPK,GeneOrGeneProduct,26413,train
1720,30836660,Salidroside,ChemicalEntity,C009172,Negative_Correlation,NF-kappaB,GeneOrGeneProduct,4790,train
1721,30836660,Salidroside,ChemicalEntity,C009172,Negative_Correlation,NF-kappaB,GeneOrGeneProduct,18033,train
1722,30836660,Salidroside,ChemicalEntity,C009172,Negative_Correlation,IkappaBalpha,GeneOrGeneProduct,4792,train
1723,30836660,Salidroside,ChemicalEntity,C009172,Negative_Correlation,IkappaBalpha,GeneOrGeneProduct,18035,train
1724,30836660,Salidroside,ChemicalEntity,C009172,Negative_Correlation,TLR4,GeneOrGeneProduct,7099,train
1725,30836660,Salidroside,ChemicalEntity,C009172,Negative_Correlation,TLR4,GeneOrGeneProduct,21898,train
1726,30836660,Salidroside,ChemicalEntity,C009172,Negative_Correlation,inflammatory,DiseaseOrPhenotypicFeature,D007249,train
1727,30836660,Salidroside,ChemicalEntity,C009172,Negative_Correlation,TNF-alpha,GeneOrGeneProduct,7124,train
1728,30836660,Salidroside,ChemicalEntity,C009172,Negative_Correlation,TNF-alpha,GeneOrGeneProduct,21926,train
1729,30836660,Salidroside,ChemicalEntity,C009172,Negative_Correlation,IL-6,GeneOrGeneProduct,3569,train
1730,30836660,Salidroside,ChemicalEntity,C009172,Negative_Correlation,IL-6,GeneOrGeneProduct,16193,train
1731,30836660,Salidroside,ChemicalEntity,C009172,Negative_Correlation,IL-1beta,GeneOrGeneProduct,3553,train
1732,30836660,Salidroside,ChemicalEntity,C009172,Negative_Correlation,IL-1beta,GeneOrGeneProduct,16176,train
1733,30836660,Salidroside,ChemicalEntity,C009172,Negative_Correlation,uric acid,ChemicalEntity,D014527,train
1734,30836660,Salidroside,ChemicalEntity,C009172,Negative_Correlation,creatinine,ChemicalEntity,D003404,train
1735,30836660,Salidroside,ChemicalEntity,C009172,Positive_Correlation,E-cadherin,GeneOrGeneProduct,999,train
1736,30836660,Salidroside,ChemicalEntity,C009172,Positive_Correlation,E-cadherin,GeneOrGeneProduct,12550,train
1737,30836660,Salidroside,ChemicalEntity,C009172,Negative_Correlation,slug,GeneOrGeneProduct,6591,train
1738,30836660,Salidroside,ChemicalEntity,C009172,Negative_Correlation,slug,GeneOrGeneProduct,20583,train
1739,30836660,Salidroside,ChemicalEntity,C009172,Negative_Correlation,snail,GeneOrGeneProduct,6615,train
1740,30836660,Salidroside,ChemicalEntity,C009172,Negative_Correlation,snail,GeneOrGeneProduct,20613,train
1741,30836660,Salidroside,ChemicalEntity,C009172,Negative_Correlation,TGF-beta1,GeneOrGeneProduct,7040,train
1742,30836660,Salidroside,ChemicalEntity,C009172,Negative_Correlation,transforming growth factor (TGF)-beta1,GeneOrGeneProduct,21803,train
1743,30836660,Salidroside,ChemicalEntity,C009172,Negative_Correlation,vimentin,GeneOrGeneProduct,7431,train
1744,30836660,Salidroside,ChemicalEntity,C009172,Negative_Correlation,vimentin,GeneOrGeneProduct,22352,train
1745,30836660,Salidroside,ChemicalEntity,C009172,Negative_Correlation,alpha-SMA,GeneOrGeneProduct,59,train
1746,30836660,Salidroside,ChemicalEntity,C009172,Negative_Correlation,alpha-SMA,GeneOrGeneProduct,11475,train
1747,30836660,Salidroside,ChemicalEntity,C009172,Negative_Correlation,collagen I,GeneOrGeneProduct,12843,train
1748,30836660,Salidroside,ChemicalEntity,C009172,Negative_Correlation,collagen I,GeneOrGeneProduct,12842,train
1749,30836660,Salidroside,ChemicalEntity,C009172,Negative_Correlation,collagen I,GeneOrGeneProduct,1278,train
1750,30836660,Salidroside,ChemicalEntity,C009172,Negative_Correlation,collagen I,GeneOrGeneProduct,1277,train
1751,30836660,Salidroside,ChemicalEntity,C009172,Negative_Correlation,collagen SH,GeneOrGeneProduct,12825,train
1752,30836660,Salidroside,ChemicalEntity,C009172,Negative_Correlation,collagen SH,GeneOrGeneProduct,1281,train
1753,30836660,Salidroside,ChemicalEntity,C009172,Negative_Correlation,Renal Interstitial Fibrosis,DiseaseOrPhenotypicFeature,D007674,train
1754,15749661,skin pigmentation,DiseaseOrPhenotypicFeature,D010859,Association,transferrin receptor 2,GeneOrGeneProduct,7036,train
1755,15749661,diabetes mellitus,DiseaseOrPhenotypicFeature,D003920,Association,transferrin receptor 2,GeneOrGeneProduct,7036,train
1756,15749661,glucose,ChemicalEntity,D005947,Association,diabetes mellitus,DiseaseOrPhenotypicFeature,D003920,train
1757,15749661,cirrhotic,DiseaseOrPhenotypicFeature,D008103,Association,iron,ChemicalEntity,D007501,train
1758,15749661,cirrhotic,DiseaseOrPhenotypicFeature,D008103,Association,transferrin receptor 2,GeneOrGeneProduct,7036,train
1759,15749661,714C,SequenceVariant,rs34242818,Association,hemochromatosis,DiseaseOrPhenotypicFeature,D006432,train
1760,15749661,V561X,SequenceVariant,rs80338887,Association,iron overload,DiseaseOrPhenotypicFeature,D019190,train
1761,15749661,V561X,SequenceVariant,rs80338887,Association,skin pigmentation,DiseaseOrPhenotypicFeature,D010859,train
1762,15749661,V561X,SequenceVariant,rs80338887,Association,diabetes mellitus,DiseaseOrPhenotypicFeature,D003920,train
1763,15749661,V561X,SequenceVariant,rs80338887,Association,cirrhotic,DiseaseOrPhenotypicFeature,D008103,train
1764,15749661,V561X,SequenceVariant,rs80338887,Association,hemochromatosis,DiseaseOrPhenotypicFeature,D006432,train
1765,15749661,L490R,SequenceVariant,rs80338886,Association,hemochromatosis,DiseaseOrPhenotypicFeature,D006432,train
1766,15749661,transferrin receptor 2,GeneOrGeneProduct,7036,Association,iron overload,DiseaseOrPhenotypicFeature,D019190,train
1767,15749661,hemochromatosis,DiseaseOrPhenotypicFeature,D006432,Association,transferrin receptor 2,GeneOrGeneProduct,7036,train
1768,15749661,hemochromatosis,DiseaseOrPhenotypicFeature,D006432,Association,AVAQ 594-597 deletion,SequenceVariant,p|DEL|594_597|AVAQ,train
1769,15893386,Succinylcholine,ChemicalEntity,D013390,Positive_Correlation,masseter muscle rigidity,DiseaseOrPhenotypicFeature,D014313,train
1770,17877751,p.R34X,SequenceVariant,rs121908073,Positive_Correlation,Non-syndromic deafness,DiseaseOrPhenotypicFeature,D003638,train
1771,17877751,DFNB7/B11 deafness,DiseaseOrPhenotypicFeature,C563417,Positive_Correlation,p.R34X,SequenceVariant,rs121908073,train
1772,17877751,DFNB7/B11 deafness,DiseaseOrPhenotypicFeature,C563417,Association,TMC1,GeneOrGeneProduct,117531,train
1773,17877751,Non-syndromic deafness,DiseaseOrPhenotypicFeature,D003638,Association,TMC1,GeneOrGeneProduct,117531,train
1774,17877751,non-syndromic recessive deafness,DiseaseOrPhenotypicFeature,C564609,Association,TMC1,GeneOrGeneProduct,117531,train
1775,18410548,pituitary adenomas,DiseaseOrPhenotypicFeature,D010911,Association,Aryl hydrocarbon receptor interacting protein,GeneOrGeneProduct,9049,train
1776,18410548,Aryl hydrocarbon receptor interacting protein,GeneOrGeneProduct,9049,Association,GH-secreting adenoma,DiseaseOrPhenotypicFeature,D049912,train
1777,18410548,Y248del,SequenceVariant,rs267606574,Association,GH-secreting adenoma,DiseaseOrPhenotypicFeature,D049912,train
1778,18593936,tumors,DiseaseOrPhenotypicFeature,D009369,Negative_Correlation,Curcumin,ChemicalEntity,D003474,train
1779,18593936,Sp4,GeneOrGeneProduct,20688,Association,tumors,DiseaseOrPhenotypicFeature,D009369,train
1780,18593936,Sp3,GeneOrGeneProduct,20687,Association,tumors,DiseaseOrPhenotypicFeature,D009369,train
1781,18593936,Sp1,GeneOrGeneProduct,20683,Association,tumors,DiseaseOrPhenotypicFeature,D009369,train
1782,18593936,bladder cancer,DiseaseOrPhenotypicFeature,D001749,Association,Sp4,GeneOrGeneProduct,20688,train
1783,18593936,bladder cancer,DiseaseOrPhenotypicFeature,D001749,Association,Sp3,GeneOrGeneProduct,20687,train
1784,18593936,bladder cancer,DiseaseOrPhenotypicFeature,D001749,Association,Sp1,GeneOrGeneProduct,20683,train
1785,18593936,bladder cancer,DiseaseOrPhenotypicFeature,D001749,Association,proapoptotic protein,GeneOrGeneProduct,332,train
1786,18593936,bladder cancer,DiseaseOrPhenotypicFeature,D001749,Association,angiogenic proteins,GeneOrGeneProduct,2321,train
1787,18593936,bladder cancer,DiseaseOrPhenotypicFeature,D001749,Association,angiogenic proteins,GeneOrGeneProduct,7422,train
1788,18593936,nuclear factor kappaB,GeneOrGeneProduct,4790,Association,cyclin D1,GeneOrGeneProduct,595,train
1789,18593936,nuclear factor kappaB,GeneOrGeneProduct,4790,Association,bcl-2,GeneOrGeneProduct,596,train
1790,18593936,nuclear factor kappaB,GeneOrGeneProduct,4790,Association,proapoptotic protein,GeneOrGeneProduct,332,train
1791,18593936,proteasome,GeneOrGeneProduct,5698,Association,specificity protein,GeneOrGeneProduct,6671,train
1792,18593936,proteasome,GeneOrGeneProduct,5698,Association,specificity protein,GeneOrGeneProduct,6670,train
1793,18593936,proteasome,GeneOrGeneProduct,5698,Association,specificity protein,GeneOrGeneProduct,6667,train
1794,18593936,angiogenic proteins,GeneOrGeneProduct,2321,Association,specificity protein,GeneOrGeneProduct,6671,train
1795,18593936,angiogenic proteins,GeneOrGeneProduct,2321,Association,specificity protein,GeneOrGeneProduct,6670,train
1796,18593936,angiogenic proteins,GeneOrGeneProduct,2321,Association,specificity protein,GeneOrGeneProduct,6667,train
1797,18593936,angiogenic proteins,GeneOrGeneProduct,7422,Association,specificity protein,GeneOrGeneProduct,6671,train
1798,18593936,angiogenic proteins,GeneOrGeneProduct,7422,Association,specificity protein,GeneOrGeneProduct,6670,train
1799,18593936,angiogenic proteins,GeneOrGeneProduct,7422,Association,specificity protein,GeneOrGeneProduct,6667,train
1800,18593936,specificity protein,GeneOrGeneProduct,6671,Association,bladder cancer,DiseaseOrPhenotypicFeature,D001749,train
1801,18593936,specificity protein,GeneOrGeneProduct,6671,Association,cyclin D1,GeneOrGeneProduct,595,train
1802,18593936,specificity protein,GeneOrGeneProduct,6671,Association,bcl-2,GeneOrGeneProduct,596,train
1803,18593936,specificity protein,GeneOrGeneProduct,6671,Association,nuclear factor kappaB,GeneOrGeneProduct,4790,train
1804,18593936,specificity protein,GeneOrGeneProduct,6671,Association,proapoptotic protein,GeneOrGeneProduct,332,train
1805,18593936,specificity protein,GeneOrGeneProduct,6670,Association,bladder cancer,DiseaseOrPhenotypicFeature,D001749,train
1806,18593936,specificity protein,GeneOrGeneProduct,6670,Association,cyclin D1,GeneOrGeneProduct,595,train
1807,18593936,specificity protein,GeneOrGeneProduct,6670,Association,bcl-2,GeneOrGeneProduct,596,train
1808,18593936,specificity protein,GeneOrGeneProduct,6670,Association,nuclear factor kappaB,GeneOrGeneProduct,4790,train
1809,18593936,specificity protein,GeneOrGeneProduct,6670,Association,proapoptotic protein,GeneOrGeneProduct,332,train
1810,18593936,specificity protein,GeneOrGeneProduct,6667,Association,bladder cancer,DiseaseOrPhenotypicFeature,D001749,train
1811,18593936,specificity protein,GeneOrGeneProduct,6667,Association,cyclin D1,GeneOrGeneProduct,595,train
1812,18593936,specificity protein,GeneOrGeneProduct,6667,Association,bcl-2,GeneOrGeneProduct,596,train
1813,18593936,specificity protein,GeneOrGeneProduct,6667,Association,nuclear factor kappaB,GeneOrGeneProduct,4790,train
1814,18593936,specificity protein,GeneOrGeneProduct,6667,Association,proapoptotic protein,GeneOrGeneProduct,332,train
1815,18593936,Curcumin,ChemicalEntity,D003474,Negative_Correlation,Sp4,GeneOrGeneProduct,20688,train
1816,18593936,Curcumin,ChemicalEntity,D003474,Negative_Correlation,Sp3,GeneOrGeneProduct,20687,train
1817,18593936,Curcumin,ChemicalEntity,D003474,Negative_Correlation,Sp1,GeneOrGeneProduct,20683,train
1818,18593936,Curcumin,ChemicalEntity,D003474,Negative_Correlation,bladder cancer,DiseaseOrPhenotypicFeature,D001749,train
1819,18593936,Curcumin,ChemicalEntity,D003474,Negative_Correlation,cyclin D1,GeneOrGeneProduct,595,train
1820,18593936,Curcumin,ChemicalEntity,D003474,Negative_Correlation,bcl-2,GeneOrGeneProduct,596,train
1821,18593936,Curcumin,ChemicalEntity,D003474,Association,nuclear factor kappaB,GeneOrGeneProduct,4790,train
1822,18593936,Curcumin,ChemicalEntity,D003474,Association,proteasome,GeneOrGeneProduct,5698,train
1823,18593936,Curcumin,ChemicalEntity,D003474,Negative_Correlation,proapoptotic protein,GeneOrGeneProduct,332,train
1824,18593936,Curcumin,ChemicalEntity,D003474,Negative_Correlation,angiogenic proteins,GeneOrGeneProduct,2321,train
1825,18593936,Curcumin,ChemicalEntity,D003474,Negative_Correlation,angiogenic proteins,GeneOrGeneProduct,7422,train
1826,18593936,Curcumin,ChemicalEntity,D003474,Negative_Correlation,specificity protein,GeneOrGeneProduct,6671,train
1827,18593936,Curcumin,ChemicalEntity,D003474,Negative_Correlation,specificity protein,GeneOrGeneProduct,6670,train
1828,18593936,Curcumin,ChemicalEntity,D003474,Negative_Correlation,specificity protein,GeneOrGeneProduct,6667,train
1829,19825989,Ca(2+),ChemicalEntity,D002118,Association,cholangiocarcinoma,DiseaseOrPhenotypicFeature,D018281,train
1830,19825989,"d-myo-inositol 1,4,5-trisphosphate",ChemicalEntity,D015544,Association,cholangiocarcinoma,DiseaseOrPhenotypicFeature,D018281,train
1831,19825989,HRH4,GeneOrGeneProduct,59340,Association,cholangiocarcinoma,DiseaseOrPhenotypicFeature,D018281,train
1832,19825989,HRH2,GeneOrGeneProduct,3274,Association,cholangiocarcinoma,DiseaseOrPhenotypicFeature,D018281,train
1833,19825989,HRH1,GeneOrGeneProduct,3269,Association,cholangiocarcinoma,DiseaseOrPhenotypicFeature,D018281,train
1834,19825989,Histamine,ChemicalEntity,D006632,Bind,HRH4,GeneOrGeneProduct,59340,train
1835,19825989,Histamine,ChemicalEntity,D006632,Bind,HRH2,GeneOrGeneProduct,3274,train
1836,19825989,Histamine,ChemicalEntity,D006632,Bind,HRH1,GeneOrGeneProduct,3269,train
1837,19825989,Histamine,ChemicalEntity,D006632,Bind,H3 histamine receptor,GeneOrGeneProduct,11255,train
1838,19825989,(R)-(alpha)-(-)-methylhistamine dihydrobromide,ChemicalEntity,C069357,Negative_Correlation,VEGF-C,GeneOrGeneProduct,7424,train
1839,19825989,(R)-(alpha)-(-)-methylhistamine dihydrobromide,ChemicalEntity,C069357,Negative_Correlation,vascular endothelial growth factor (VEGF)-A,GeneOrGeneProduct,7422,train
1840,19825989,(R)-(alpha)-(-)-methylhistamine dihydrobromide,ChemicalEntity,C069357,Positive_Correlation,"d-myo-inositol 1,4,5-trisphosphate",ChemicalEntity,D015544,train
1841,19825989,(R)-(alpha)-(-)-methylhistamine dihydrobromide,ChemicalEntity,C069357,Negative_Correlation,tumor,DiseaseOrPhenotypicFeature,D009369,train
1842,19825989,(R)-(alpha)-(-)-methylhistamine dihydrobromide,ChemicalEntity,C069357,Negative_Correlation,mitogen-activated protein kinase,GeneOrGeneProduct,5595,train
1843,19825989,(R)-(alpha)-(-)-methylhistamine dihydrobromide,ChemicalEntity,C069357,Negative_Correlation,mitogen-activated protein kinase,GeneOrGeneProduct,5594,train
1844,19825989,(R)-(alpha)-(-)-methylhistamine dihydrobromide,ChemicalEntity,C069357,Negative_Correlation,cholangiocarcinoma,DiseaseOrPhenotypicFeature,D018281,train
1845,19825989,mitogen-activated protein kinase,GeneOrGeneProduct,5595,Association,cholangiocarcinoma,DiseaseOrPhenotypicFeature,D018281,train
1846,19825989,mitogen-activated protein kinase,GeneOrGeneProduct,5594,Association,cholangiocarcinoma,DiseaseOrPhenotypicFeature,D018281,train
1847,19825989,protein kinase Calpha,GeneOrGeneProduct,5578,Association,HRH4,GeneOrGeneProduct,59340,train
1848,19825989,protein kinase Calpha,GeneOrGeneProduct,5578,Association,HRH2,GeneOrGeneProduct,3274,train
1849,19825989,protein kinase Calpha,GeneOrGeneProduct,5578,Association,HRH1,GeneOrGeneProduct,3269,train
1850,19825989,protein kinase Calpha,GeneOrGeneProduct,5578,Positive_Correlation,(R)-(alpha)-(-)-methylhistamine dihydrobromide,ChemicalEntity,C069357,train
1851,19825989,protein kinase Calpha,GeneOrGeneProduct,5578,Association,mitogen-activated protein kinase,GeneOrGeneProduct,5595,train
1852,19825989,protein kinase Calpha,GeneOrGeneProduct,5578,Association,mitogen-activated protein kinase,GeneOrGeneProduct,5594,train
1853,19825989,protein kinase Calpha,GeneOrGeneProduct,5578,Negative_Correlation,cholangiocarcinoma,DiseaseOrPhenotypicFeature,D018281,train
1854,19825989,H3 histamine receptor,GeneOrGeneProduct,11255,Association,cholangiocarcinoma,DiseaseOrPhenotypicFeature,D018281,train
1855,19825989,H3 histamine receptor,GeneOrGeneProduct,11255,Positive_Correlation,protein kinase Calpha,GeneOrGeneProduct,5578,train
1856,20080916,rs2004640,SequenceVariant,rs2004640,Association,rs10954213,SequenceVariant,rs10954213,train
1857,20080916,systemic lupus erythematosus,DiseaseOrPhenotypicFeature,D008180,Association,IRF5,GeneOrGeneProduct,3663,train
1858,20080916,systemic lupus erythematosus,DiseaseOrPhenotypicFeature,D008180,Association,rs10954213,SequenceVariant,rs10954213,train
1859,21496008,c.1074G>T,SequenceVariant,c|SUB|G|1074|T,Positive_Correlation,intellectual disability,DiseaseOrPhenotypicFeature,D008607,train
1860,21496008,dup33bp,SequenceVariant,c|DUP||33|,Positive_Correlation,intellectual disability,DiseaseOrPhenotypicFeature,D008607,train
1861,21496008,dup27bp,SequenceVariant,c|DUP||27|,Positive_Correlation,intellectual disability,DiseaseOrPhenotypicFeature,D008607,train
1862,21496008,Aristaless-related homeobox,GeneOrGeneProduct,170302,Association,polyalanine,ChemicalEntity,C019529,train
1863,21496008,Aristaless-related homeobox,GeneOrGeneProduct,170302,Association,intellectual disability,DiseaseOrPhenotypicFeature,D008607,train
1864,21496008,dup24bp,SequenceVariant,c|DUP||24|,Positive_Correlation,intellectual disability,DiseaseOrPhenotypicFeature,D008607,train
1865,21496008,c.429_452dup,SequenceVariant,c|DUP|429_452||,Positive_Correlation,intellectual disability,DiseaseOrPhenotypicFeature,D008607,train
1866,21496008,c.304ins(GCG)(7),SequenceVariant,c|INS|304|GCG(7),Positive_Correlation,intellectual disability,DiseaseOrPhenotypicFeature,D008607,train
1867,24768818,ponatinib,ChemicalEntity,C545373,Negative_Correlation,lung cancer,DiseaseOrPhenotypicFeature,D008175,train
1868,24768818,ponatinib,ChemicalEntity,C545373,Bind,Abelson kinase,GeneOrGeneProduct,25,train
1869,24768818,ponatinib,ChemicalEntity,C545373,Negative_Correlation,cancer,DiseaseOrPhenotypicFeature,D009369,train
1870,24768818,imatinib,ChemicalEntity,D000068877,Negative_Correlation,lung cancer,DiseaseOrPhenotypicFeature,D008175,train
1871,24768818,imatinib,ChemicalEntity,D000068877,Bind,Abelson kinase,GeneOrGeneProduct,25,train
1872,24768818,imatinib,ChemicalEntity,D000068877,Negative_Correlation,cancer,DiseaseOrPhenotypicFeature,D009369,train
1873,24768818,collagen receptor,GeneOrGeneProduct,4921,Positive_Correlation,collagen,GeneOrGeneProduct,1277,train
1874,24768818,collagen receptor,GeneOrGeneProduct,4921,Association,lung cancer,DiseaseOrPhenotypicFeature,D008175,train
1875,24768818,collagen receptor,GeneOrGeneProduct,4921,Negative_Correlation,ponatinib,ChemicalEntity,C545373,train
1876,24768818,collagen receptor,GeneOrGeneProduct,4921,Negative_Correlation,imatinib,ChemicalEntity,D000068877,train
1877,24768818,collagen receptor,GeneOrGeneProduct,4921,Association,cancer,DiseaseOrPhenotypicFeature,D009369,train
1878,24768818,collagen receptor,GeneOrGeneProduct,4921,Association,atherosclerosis,DiseaseOrPhenotypicFeature,D050197,train
1879,24768818,collagen receptor,GeneOrGeneProduct,4921,Association,fibrosis,DiseaseOrPhenotypicFeature,D005355,train
1880,24768818,collagen receptor,GeneOrGeneProduct,780,Positive_Correlation,collagen,GeneOrGeneProduct,1277,train
1881,24768818,collagen receptor,GeneOrGeneProduct,780,Association,lung cancer,DiseaseOrPhenotypicFeature,D008175,train
1882,24768818,collagen receptor,GeneOrGeneProduct,780,Association,DFG,ChemicalEntity,C553185,train
1883,24768818,collagen receptor,GeneOrGeneProduct,780,Negative_Correlation,ponatinib,ChemicalEntity,C545373,train
1884,24768818,collagen receptor,GeneOrGeneProduct,780,Negative_Correlation,imatinib,ChemicalEntity,D000068877,train
1885,24768818,collagen receptor,GeneOrGeneProduct,780,Association,cancer,DiseaseOrPhenotypicFeature,D009369,train
1886,24768818,collagen receptor,GeneOrGeneProduct,780,Association,atherosclerosis,DiseaseOrPhenotypicFeature,D050197,train
1887,24768818,collagen receptor,GeneOrGeneProduct,780,Association,fibrosis,DiseaseOrPhenotypicFeature,D005355,train
1888,25986755,interstitial fibrosis,DiseaseOrPhenotypicFeature,D005355,Positive_Correlation,creatinine,ChemicalEntity,D003404,train
1889,25986755,glomerulosclerosis,DiseaseOrPhenotypicFeature,D005921,Positive_Correlation,creatinine,ChemicalEntity,D003404,train
1890,25986755,AT2R,GeneOrGeneProduct,24182,Association,glomerulosclerosis,DiseaseOrPhenotypicFeature,D005921,train
1891,25986755,AT2R,GeneOrGeneProduct,24182,Association,tyrosine kinase receptor,GeneOrGeneProduct,24716,train
1892,25986755,AT2R,GeneOrGeneProduct,24182,Association,glial-cell-line-derived neurotrophic factor,GeneOrGeneProduct,25453,train
1893,25986755,AT2R,GeneOrGeneProduct,24182,Negative_Correlation,caffeine,ChemicalEntity,D002110,train
1894,25986755,angiotensin II receptor type 1a,GeneOrGeneProduct,24180,Association,caffeine,ChemicalEntity,D002110,train
1895,25986755,caffeine,ChemicalEntity,D002110,Negative_Correlation,podocin,GeneOrGeneProduct,170672,train
1896,25986755,caffeine,ChemicalEntity,D002110,Negative_Correlation,nephrin,GeneOrGeneProduct,64563,train
1897,25986755,caffeine,ChemicalEntity,D002110,Positive_Correlation,interstitial fibrosis,DiseaseOrPhenotypicFeature,D005355,train
1898,25986755,caffeine,ChemicalEntity,D002110,Positive_Correlation,creatinine,ChemicalEntity,D003404,train
1899,25986755,caffeine,ChemicalEntity,D002110,Positive_Correlation,glomerulosclerosis,DiseaseOrPhenotypicFeature,D005921,train
1900,25986755,caffeine,ChemicalEntity,D002110,Positive_Correlation,intrauterine growth retardation,DiseaseOrPhenotypicFeature,D005317,train
1901,25986755,caffeine,ChemicalEntity,D002110,Association,tyrosine kinase receptor,GeneOrGeneProduct,24716,train
1902,25986755,caffeine,ChemicalEntity,D002110,Positive_Correlation,dysplasia of fetal kidneys,DiseaseOrPhenotypicFeature,D007674,train
1903,25986755,caffeine,ChemicalEntity,D002110,Association,glial-cell-line-derived neurotrophic factor,GeneOrGeneProduct,25453,train
1904,28368423,B-cell non-Hodgkin lymphoma,DiseaseOrPhenotypicFeature,D016393,Association,B-cell receptor,GeneOrGeneProduct,16019,train
1905,28368423,Akt,GeneOrGeneProduct,11651,Negative_Correlation,ibrutinib,ChemicalEntity,C551803,train
1906,28368423,Akt,GeneOrGeneProduct,11651,Positive_Correlation,Myc,GeneOrGeneProduct,17869,train
1907,28368423,PI3K,GeneOrGeneProduct,18708,Association,Akt,GeneOrGeneProduct,11651,train
1908,28368423,PI3K,GeneOrGeneProduct,18708,Negative_Correlation,ibrutinib,ChemicalEntity,C551803,train
1909,28368423,PI3K,GeneOrGeneProduct,18708,Positive_Correlation,Myc,GeneOrGeneProduct,17869,train
1910,28368423,ibrutinib,ChemicalEntity,C551803,Negative_Correlation,Bruton's tyrosine kinase,GeneOrGeneProduct,695,train
1911,28368423,ibrutinib,ChemicalEntity,C551803,Association,Myc,GeneOrGeneProduct,17869,train
1912,28368423,B-cell receptor,GeneOrGeneProduct,16019,Association,ibrutinib,ChemicalEntity,C551803,train
1913,28368423,B-cell receptor,GeneOrGeneProduct,16019,Association,precancerous,DiseaseOrPhenotypicFeature,D011230,train
1914,28368423,Myc,GeneOrGeneProduct,17869,Association,B-cell non-Hodgkin lymphoma,DiseaseOrPhenotypicFeature,D016393,train
1915,28368423,Myc,GeneOrGeneProduct,17869,Positive_Correlation,Erk1/2,GeneOrGeneProduct,26417,train
1916,28368423,Myc,GeneOrGeneProduct,17869,Positive_Correlation,Erk1/2,GeneOrGeneProduct,26413,train
1917,28368423,Myc,GeneOrGeneProduct,17869,Positive_Correlation,Plcg2,GeneOrGeneProduct,234779,train
1918,28368423,Myc,GeneOrGeneProduct,17869,Positive_Correlation,CD79a,GeneOrGeneProduct,12518,train
1919,28368423,Myc,GeneOrGeneProduct,17869,Positive_Correlation,Btk,GeneOrGeneProduct,12229,train
1920,28368423,Myc,GeneOrGeneProduct,17869,Association,precancerous,DiseaseOrPhenotypicFeature,D011230,train
1921,28368423,Myc,GeneOrGeneProduct,17869,Positive_Correlation,B-cell receptor,GeneOrGeneProduct,16019,train
1922,28416580,collagenase,ChemicalEntity,D017364,Positive_Correlation,intracerebral hemorrhage,DiseaseOrPhenotypicFeature,D002543,train
1923,28416580,intracerebral hemorrhage,DiseaseOrPhenotypicFeature,D002543,Association,Iba1,GeneOrGeneProduct,199,train
1924,28416580,TSPO,GeneOrGeneProduct,706,Association,intracerebral hemorrhage,DiseaseOrPhenotypicFeature,D002543,train
1925,28416580,TSPO,GeneOrGeneProduct,706,Positive_Correlation,Iba1,GeneOrGeneProduct,199,train
1926,28416580,TSPO,GeneOrGeneProduct,12257,Association,CNS injury,DiseaseOrPhenotypicFeature,D002493,train
1927,28416580,TSPO,GeneOrGeneProduct,12257,Association,intracerebral hemorrhage,DiseaseOrPhenotypicFeature,D002543,train
1928,28416580,TSPO,GeneOrGeneProduct,12257,Association,inflammatory,DiseaseOrPhenotypicFeature,D007249,train
1929,28416580,TSPO,GeneOrGeneProduct,12257,Association,brain injury,DiseaseOrPhenotypicFeature,D001927,train
1930,28416580,TSPO,GeneOrGeneProduct,12257,Association,etifoxine,ChemicalEntity,C002125,train
1931,28416580,etifoxine,ChemicalEntity,C002125,Association,colony-stimulating factor 1 receptor,GeneOrGeneProduct,12978,train
1932,28416580,etifoxine,ChemicalEntity,C002125,Positive_Correlation,TNF-a,GeneOrGeneProduct,21926,train
1933,28416580,etifoxine,ChemicalEntity,C002125,Positive_Correlation,IL-6,GeneOrGeneProduct,16193,train
1934,28416580,etifoxine,ChemicalEntity,C002125,Negative_Correlation,brain edema,DiseaseOrPhenotypicFeature,D001929,train
1935,28416580,etifoxine,ChemicalEntity,C002125,Negative_Correlation,intracerebral hemorrhage,DiseaseOrPhenotypicFeature,D002543,train
1936,28416580,etifoxine,ChemicalEntity,C002125,Negative_Correlation,inflammatory,DiseaseOrPhenotypicFeature,D007249,train
1937,28416580,etifoxine,ChemicalEntity,C002125,Negative_Correlation,brain injury,DiseaseOrPhenotypicFeature,D001927,train
1938,28687665,TUBA1A,GeneOrGeneProduct,7846,Association,cortical malformations,DiseaseOrPhenotypicFeature,D054220,train
1939,28687665,a-tubulin,GeneOrGeneProduct,22142,Association,cortical malformations,DiseaseOrPhenotypicFeature,D054220,train
1940,28687665,a/b-tubulin,GeneOrGeneProduct,53857,Association,cortical malformations,DiseaseOrPhenotypicFeature,D054220,train
1941,29222418,IFNg,GeneOrGeneProduct,15978,Association,HEB,GeneOrGeneProduct,21406,train
1942,29222418,Vg4,GeneOrGeneProduct,21638,Association,IFNg,GeneOrGeneProduct,15978,train
1943,29222418,Vg4,GeneOrGeneProduct,21638,Association,HEB,GeneOrGeneProduct,21406,train
1944,29222418,Rorc,GeneOrGeneProduct,19885,Negative_Correlation,Id3,GeneOrGeneProduct,15903,train
1945,29222418,Sox13,GeneOrGeneProduct,20668,Negative_Correlation,Id3,GeneOrGeneProduct,15903,train
1946,29222418,Sox4,GeneOrGeneProduct,20677,Negative_Correlation,Id3,GeneOrGeneProduct,15903,train
1947,29222418,HEB,GeneOrGeneProduct,21406,Positive_Correlation,Rorc,GeneOrGeneProduct,19885,train
1948,29222418,HEB,GeneOrGeneProduct,21406,Positive_Correlation,Sox13,GeneOrGeneProduct,20668,train
1949,29222418,HEB,GeneOrGeneProduct,21406,Negative_Correlation,Id3,GeneOrGeneProduct,15903,train
1950,29222418,HEB,GeneOrGeneProduct,21406,Positive_Correlation,Sox4,GeneOrGeneProduct,20677,train
1951,29222418,HEB,GeneOrGeneProduct,21406,Association,IL-17,GeneOrGeneProduct,16171,train
1952,15649253,Primary malignant lymphoma of the brain,DiseaseOrPhenotypicFeature,D016543,Association,L50R,SequenceVariant,p|SUB|L|50|R,train
1953,15649253,Primary malignant lymphoma of the brain,DiseaseOrPhenotypicFeature,D016543,Association,p14,GeneOrGeneProduct,11102,train
1954,15649253,systemic lymphoma,DiseaseOrPhenotypicFeature,D008223,Association,p14,GeneOrGeneProduct,11102,train
1955,15649253,p14,GeneOrGeneProduct,11102,Association,carcinogenesis,DiseaseOrPhenotypicFeature,D063646,train
1956,15649253,p14,GeneOrGeneProduct,11102,Negative_Correlation,tumor,DiseaseOrPhenotypicFeature,D009369,train
1957,16321363,338G>A,SequenceVariant,rs768372697,Positive_Correlation,Congenital disorder of glycosylation Ic,DiseaseOrPhenotypicFeature,C535741,train
1958,16321363,del(1)(p31.2p32.3),SequenceVariant,c|DEL|p31.2_p32.3|,Positive_Correlation,CDG,DiseaseOrPhenotypicFeature,D018981,train
1959,16321363,del(1)(p31.2p32.3),SequenceVariant,c|DEL|p31.2_p32.3|,Positive_Correlation,Congenital disorder of glycosylation Ic,DiseaseOrPhenotypicFeature,C535741,train
1960,16321363,deletion (10-12Mb),SequenceVariant,c|DEL||10-12MB,Positive_Correlation,CDG,DiseaseOrPhenotypicFeature,D018981,train
1961,16321363,deletion (10-12Mb),SequenceVariant,c|DEL||10-12MB,Positive_Correlation,Congenital disorder of glycosylation Ic,DiseaseOrPhenotypicFeature,C535741,train
1962,16321363,hALG-6,GeneOrGeneProduct,29929,Association,CDG,DiseaseOrPhenotypicFeature,D018981,train
1963,16321363,hALG-6,GeneOrGeneProduct,29929,Association,Congenital disorder of glycosylation Ic,DiseaseOrPhenotypicFeature,C535741,train
1964,16506214,+8365 C/T,SequenceVariant,c|SUB|C|+8365|T,Negative_Correlation,prostate cancer,DiseaseOrPhenotypicFeature,D011471,train
1965,16506214,+3100 T/G,SequenceVariant,c|SUB|T|+3100|G,Association,+8365 C/T,SequenceVariant,c|SUB|C|+8365|T,train
1966,16506214,+3100 T/G,SequenceVariant,c|SUB|T|+3100|G,Negative_Correlation,prostate cancer,DiseaseOrPhenotypicFeature,D011471,train
1967,16506214,prostaglandins,ChemicalEntity,D011453,Association,pain,DiseaseOrPhenotypicFeature,D010146,train
1968,16506214,prostaglandins,ChemicalEntity,D011453,Association,inflammation,DiseaseOrPhenotypicFeature,D007249,train
1969,16506214,arachidonic acid,ChemicalEntity,D016718,Conversion,prostaglandins,ChemicalEntity,D011453,train
1970,16506214,COX-2,GeneOrGeneProduct,4513,Association,pain,DiseaseOrPhenotypicFeature,D010146,train
1971,16506214,COX-2,GeneOrGeneProduct,4513,Association,inflammation,DiseaseOrPhenotypicFeature,D007249,train
1972,16506214,COX-2,GeneOrGeneProduct,4513,Positive_Correlation,prostaglandins,ChemicalEntity,D011453,train
1973,16506214,COX-2,GeneOrGeneProduct,4513,Association,arachidonic acid,ChemicalEntity,D016718,train
1974,16506214,COX-2,GeneOrGeneProduct,4513,Positive_Correlation,prostate cancer,DiseaseOrPhenotypicFeature,D011471,train
1975,16506214,COX-2,GeneOrGeneProduct,4513,Association,carcinogenesis,DiseaseOrPhenotypicFeature,D009369,train
1976,16801510,cytochrome P-450 3A4 inhibitors,ChemicalEntity,D065692,Association,long QT syndrome,DiseaseOrPhenotypicFeature,D008133,train
1977,16801510,cytochrome P-450 3A4,GeneOrGeneProduct,1576,Negative_Correlation,cytochrome P-450 3A4 inhibitors,ChemicalEntity,D065692,train
1978,16801510,potassium,ChemicalEntity,D011188,Association,long QT syndrome,DiseaseOrPhenotypicFeature,D008133,train
1979,16801510,methadone,ChemicalEntity,D008691,Association,torsades de pointes,DiseaseOrPhenotypicFeature,D016171,train
1980,16801510,methadone,ChemicalEntity,D008691,Positive_Correlation,long QT syndrome,DiseaseOrPhenotypicFeature,D008133,train
1981,18809400,cisplatin,ChemicalEntity,D002945,Positive_Correlation,neurotoxicity,DiseaseOrPhenotypicFeature,D020258,train
1982,18809400,cisplatin,ChemicalEntity,D002945,Positive_Correlation,mitochondrial damage,DiseaseOrPhenotypicFeature,D028361,train
1983,18809400,paclitaxel,ChemicalEntity,D017239,Positive_Correlation,neurotoxicity,DiseaseOrPhenotypicFeature,D020258,train
1984,18809400,paclitaxel,ChemicalEntity,D017239,Positive_Correlation,mitochondrial damage,DiseaseOrPhenotypicFeature,D028361,train
1985,18809400,peripheral neuropathy,DiseaseOrPhenotypicFeature,D010523,Positive_Correlation,cisplatin,ChemicalEntity,D002945,train
1986,18809400,peripheral neuropathy,DiseaseOrPhenotypicFeature,D010523,Positive_Correlation,paclitaxel,ChemicalEntity,D017239,train
1987,18809400,Alpha-lipoic acid,ChemicalEntity,D008063,Positive_Correlation,frataxin,GeneOrGeneProduct,2395,train
1988,18809400,Alpha-lipoic acid,ChemicalEntity,D008063,Negative_Correlation,axonal damage,DiseaseOrPhenotypicFeature,D020833,train
1989,18809400,Alpha-lipoic acid,ChemicalEntity,D008063,Negative_Correlation,peripheral neuropathy,DiseaseOrPhenotypicFeature,D010523,train
1990,18809400,Alpha-lipoic acid,ChemicalEntity,D008063,Association,neuropathy,DiseaseOrPhenotypicFeature,D009422,train
1991,18809400,Alpha-lipoic acid,ChemicalEntity,D008063,Negative_Correlation,neurotoxicity,DiseaseOrPhenotypicFeature,D020258,train
1992,18809400,Alpha-lipoic acid,ChemicalEntity,D008063,Negative_Correlation,mitochondrial damage,DiseaseOrPhenotypicFeature,D028361,train
1993,23864035,dexamethasone,ChemicalEntity,D003907,Positive_Correlation,peripheral neuropathy,DiseaseOrPhenotypicFeature,D010523,train
1994,23864035,dexamethasone,ChemicalEntity,D003907,Negative_Correlation,multiple myeloma,DiseaseOrPhenotypicFeature,D009101,train
1995,23864035,Bortezomib,ChemicalEntity,D000069286,Positive_Correlation,peripheral neuropathy,DiseaseOrPhenotypicFeature,D010523,train
1996,23864035,Bortezomib,ChemicalEntity,D000069286,Cotreatment,dexamethasone,ChemicalEntity,D003907,train
1997,23864035,Bortezomib,ChemicalEntity,D000069286,Negative_Correlation,multiple myeloma,DiseaseOrPhenotypicFeature,D009101,train
1998,24842192,AMP-activated protein kinase,GeneOrGeneProduct,65248,Negative_Correlation,inflammatory,DiseaseOrPhenotypicFeature,D007249,train
1999,24842192,AMP-activated protein kinase,GeneOrGeneProduct,65248,Negative_Correlation,myocardial infarction,DiseaseOrPhenotypicFeature,D009203,train
2000,24842192,isoproterenol,ChemicalEntity,D007545,Positive_Correlation,tumor necrosis factor-alpha,GeneOrGeneProduct,24835,train
2001,24842192,isoproterenol,ChemicalEntity,D007545,Positive_Correlation,interleukin 6,GeneOrGeneProduct,24498,train
2002,24842192,isoproterenol,ChemicalEntity,D007545,Positive_Correlation,myeloid differentiation protein 88,GeneOrGeneProduct,301059,train
2003,24842192,isoproterenol,ChemicalEntity,D007545,Positive_Correlation,myocardial infarction,DiseaseOrPhenotypicFeature,D009203,train
2004,24842192,isoproterenol,ChemicalEntity,D007545,Positive_Correlation,toll-like receptor 4,GeneOrGeneProduct,29260,train
2005,24842192,toll-like receptor 4,GeneOrGeneProduct,29260,Association,inflammatory,DiseaseOrPhenotypicFeature,D007249,train
2006,24842192,toll-like receptor 4,GeneOrGeneProduct,29260,Association,cardiac dysfunction,DiseaseOrPhenotypicFeature,D006331,train
2007,24842192,toll-like receptor 4,GeneOrGeneProduct,29260,Association,myocardial infarction,DiseaseOrPhenotypicFeature,D009203,train
2008,24842192,metformin,ChemicalEntity,D008687,Negative_Correlation,inflammatory,DiseaseOrPhenotypicFeature,D007249,train
2009,24842192,metformin,ChemicalEntity,D008687,Negative_Correlation,cardiac dysfunction,DiseaseOrPhenotypicFeature,D006331,train
2010,24842192,metformin,ChemicalEntity,D008687,Positive_Correlation,AMP-activated protein kinase,GeneOrGeneProduct,65248,train
2011,24842192,metformin,ChemicalEntity,D008687,Negative_Correlation,tumor necrosis factor-alpha,GeneOrGeneProduct,24835,train
2012,24842192,metformin,ChemicalEntity,D008687,Negative_Correlation,interleukin 6,GeneOrGeneProduct,24498,train
2013,24842192,metformin,ChemicalEntity,D008687,Negative_Correlation,myeloid differentiation protein 88,GeneOrGeneProduct,301059,train
2014,24842192,metformin,ChemicalEntity,D008687,Negative_Correlation,myocardial infarction,DiseaseOrPhenotypicFeature,D009203,train
2015,24842192,metformin,ChemicalEntity,D008687,Negative_Correlation,isoproterenol,ChemicalEntity,D007545,train
2016,24842192,metformin,ChemicalEntity,D008687,Negative_Correlation,left ventricular dysfunction,DiseaseOrPhenotypicFeature,D018487,train
2017,24842192,metformin,ChemicalEntity,D008687,Negative_Correlation,toll-like receptor 4,GeneOrGeneProduct,29260,train
2018,27825100,myogenic factor 5,GeneOrGeneProduct,4617,Negative_Correlation,diabetic nephropathy,DiseaseOrPhenotypicFeature,D003928,train
2019,27825100,myogenic factor 5,GeneOrGeneProduct,4617,Negative_Correlation,glucose,ChemicalEntity,D005947,train
2020,27825100,myocyte-specific enhancer factor 2C,GeneOrGeneProduct,4208,Negative_Correlation,diabetic nephropathy,DiseaseOrPhenotypicFeature,D003928,train
2021,27825100,myocyte-specific enhancer factor 2C,GeneOrGeneProduct,4208,Negative_Correlation,glucose,ChemicalEntity,D005947,train
2022,27825100,serine-threonine liver kinase B1,GeneOrGeneProduct,6794,Association,glucose,ChemicalEntity,D005947,train
2023,27825100,AMPK,GeneOrGeneProduct,5562,Association,glucose,ChemicalEntity,D005947,train
2024,27825100,peroxisome proliferator-activated receptor-g coactivator 1a,GeneOrGeneProduct,10891,Negative_Correlation,diabetic nephropathy,DiseaseOrPhenotypicFeature,D003928,train
2025,27825100,peroxisome proliferator-activated receptor-g coactivator 1a,GeneOrGeneProduct,10891,Association,glucose,ChemicalEntity,D005947,train
2026,27825100,glucose,ChemicalEntity,D005947,Association,diabetic nephropathy,DiseaseOrPhenotypicFeature,D003928,train
2027,27825100,glucose,ChemicalEntity,D005947,Positive_Correlation,lactic acidosis,DiseaseOrPhenotypicFeature,D000140,train
2028,27860244,EPZ015666,ChemicalEntity,C000599896,Association,AKT,GeneOrGeneProduct,207,train
2029,27860244,EPZ015666,ChemicalEntity,C000599896,Association,p65,GeneOrGeneProduct,5970,train
2030,27860244,EPZ015666,ChemicalEntity,C000599896,Association,IkBa,GeneOrGeneProduct,4792,train
2031,27860244,EPZ015666,ChemicalEntity,C000599896,Association,IkB kinaseb,GeneOrGeneProduct,3551,train
2032,27860244,EPZ015666,ChemicalEntity,C000599896,Negative_Correlation,IL-8,GeneOrGeneProduct,3576,train
2033,27860244,EPZ015666,ChemicalEntity,C000599896,Negative_Correlation,IL-6,GeneOrGeneProduct,3569,train
2034,27860244,EPZ015666,ChemicalEntity,C000599896,Negative_Correlation,protein arginine methyltransferase 5,GeneOrGeneProduct,10419,train
2035,27860244,EPZ015666,ChemicalEntity,C000599896,Association,rheumatoid arthritis,DiseaseOrPhenotypicFeature,D001172,train
2036,27860244,protein arginine methyltransferase 5,GeneOrGeneProduct,10419,Association,synovial inflammation,DiseaseOrPhenotypicFeature,D013585,train
2037,27860244,protein arginine methyltransferase 5,GeneOrGeneProduct,10419,Association,inflammation,DiseaseOrPhenotypicFeature,D007249,train
2038,27860244,protein arginine methyltransferase 5,GeneOrGeneProduct,10419,Association,AKT,GeneOrGeneProduct,207,train
2039,27860244,protein arginine methyltransferase 5,GeneOrGeneProduct,10419,Association,p65,GeneOrGeneProduct,5970,train
2040,27860244,protein arginine methyltransferase 5,GeneOrGeneProduct,10419,Positive_Correlation,IL-8,GeneOrGeneProduct,3576,train
2041,27860244,protein arginine methyltransferase 5,GeneOrGeneProduct,10419,Positive_Correlation,IL-6,GeneOrGeneProduct,3569,train
2042,27860244,protein arginine methyltransferase 5,GeneOrGeneProduct,10419,Positive_Correlation,TNF-a,GeneOrGeneProduct,7124,train
2043,27860244,protein arginine methyltransferase 5,GeneOrGeneProduct,10419,Positive_Correlation,IL-1b,GeneOrGeneProduct,3553,train
2044,27860244,rheumatoid arthritis,DiseaseOrPhenotypicFeature,D001172,Association,AKT,GeneOrGeneProduct,207,train
2045,27860244,rheumatoid arthritis,DiseaseOrPhenotypicFeature,D001172,Association,p65,GeneOrGeneProduct,5970,train
2046,27860244,rheumatoid arthritis,DiseaseOrPhenotypicFeature,D001172,Association,protein arginine methyltransferase 5,GeneOrGeneProduct,10419,train
2047,28148288,EGF,GeneOrGeneProduct,1950,Association,Metalloprotease-disintegrin,GeneOrGeneProduct,8038,train
2048,28148288,batimastat,ChemicalEntity,C080985,Association,Epidermal Growth Factor Receptor,GeneOrGeneProduct,1956,train
2049,28148288,batimastat,ChemicalEntity,C080985,Negative_Correlation,Metalloprotease-disintegrin,GeneOrGeneProduct,8038,train
2050,28148288,claudin,GeneOrGeneProduct,9076,Association,breast cancer,DiseaseOrPhenotypicFeature,D001943,train
2051,28148288,Metalloprotease-disintegrin,GeneOrGeneProduct,8038,Association,estrogen receptor,GeneOrGeneProduct,2099,train
2052,28148288,Metalloprotease-disintegrin,GeneOrGeneProduct,8038,Positive_Correlation,Epidermal Growth Factor Receptor,GeneOrGeneProduct,1956,train
2053,28148288,Metalloprotease-disintegrin,GeneOrGeneProduct,8038,Positive_Correlation,tumors,DiseaseOrPhenotypicFeature,D009369,train
2054,28148288,Metalloprotease-disintegrin,GeneOrGeneProduct,8038,Association,breast cancer,DiseaseOrPhenotypicFeature,D001943,train
2055,28148288,Metalloprotease-disintegrin,GeneOrGeneProduct,8038,Association,claudin,GeneOrGeneProduct,9076,train
2056,15064320,testosterone,ChemicalEntity,D013739,Association,human chorionic gonadotropin,ChemicalEntity,D006063,train
2057,15064320,"T nucleotide deletion, which predicts a frameshift mutation from codon 219",SequenceVariant,c|DEL|CODON219|T,Association,male pseudohermaphrodite,DiseaseOrPhenotypicFeature,D058490,train
2058,15064320,guanine (CGA) by adenine (CAA),SequenceVariant,rs9332964,Association,male pseudohermaphrodite,DiseaseOrPhenotypicFeature,D058490,train
2059,15064320,SRD5A2,GeneOrGeneProduct,6716,Association,male pseudohermaphrodite,DiseaseOrPhenotypicFeature,D058490,train
2060,15623763,arginine 555-to-tryptophan,SequenceVariant,rs121909208,Association,GCD type I,DiseaseOrPhenotypicFeature,C537304,train
2061,15623763,arginine 555-to-tryptophan,SequenceVariant,rs121909208,Positive_Correlation,lattice and granular corneal dystrophies,DiseaseOrPhenotypicFeature,D003317,train
2062,15623763,GCD type I,DiseaseOrPhenotypicFeature,C537304,Association,leucine 269 to phenylalanine,SequenceVariant,rs199852470,train
2063,15623763,GCD type I,DiseaseOrPhenotypicFeature,C537304,Association,TGFBI,GeneOrGeneProduct,7045,train
2064,15623763,GCD type III,DiseaseOrPhenotypicFeature,C535476,Association,Arg124Leu,SequenceVariant,rs121909211,train
2065,15623763,GCD type III,DiseaseOrPhenotypicFeature,C535476,Association,TGFBI,GeneOrGeneProduct,7045,train
2066,15623763,lattice and granular corneal dystrophies,DiseaseOrPhenotypicFeature,D003317,Association,leucine 269 to phenylalanine,SequenceVariant,rs199852470,train
2067,15623763,lattice and granular corneal dystrophies,DiseaseOrPhenotypicFeature,D003317,Association,Arg124Leu,SequenceVariant,rs121909211,train
2068,15623763,lattice and granular corneal dystrophies,DiseaseOrPhenotypicFeature,C537881,Association,histidine 626-to-arginine,SequenceVariant,p|SUB|H|626|R,train
2069,15623763,lattice and granular corneal dystrophies,DiseaseOrPhenotypicFeature,C537881,Positive_Correlation,arginine 124-to-cysteine,SequenceVariant,rs121909210,train
2070,15623763,lattice and granular corneal dystrophies,DiseaseOrPhenotypicFeature,C537881,Association,"deletion of valine 624, valine 625",SequenceVariant,p|DEL|624_625|VV,train
2071,15623763,lattice and granular corneal dystrophies,DiseaseOrPhenotypicFeature,C537881,Association,valine-539-aspartic acid,SequenceVariant,p|SUB|V|539|D,train
2072,15623763,lattice and granular corneal dystrophies,DiseaseOrPhenotypicFeature,C537881,Association,glycine-594-valine,SequenceVariant,p|SUB|G|594|V,train
2073,15623763,TGFBI,GeneOrGeneProduct,7045,Association,lattice and granular corneal dystrophies,DiseaseOrPhenotypicFeature,D003317,train
2074,15623763,TGFBI,GeneOrGeneProduct,7045,Association,lattice and granular corneal dystrophies,DiseaseOrPhenotypicFeature,C537881,train
2075,17033686,c.461_462delAG,SequenceVariant,rs606231195,Association,X-linked mental retardation,DiseaseOrPhenotypicFeature,D038901,train
2076,17033686,c.461_462delAG,SequenceVariant,rs606231195,Association,Hamel cerebropalatocardiac syndrome,DiseaseOrPhenotypicFeature,C537761,train
2077,17033686,BCOR,GeneOrGeneProduct,54880,Association,Lenz microphthalmia syndrome,DiseaseOrPhenotypicFeature,C537464,train
2078,17033686,microphthalmia,DiseaseOrPhenotypicFeature,D008850,Association,c.461_462delAG,SequenceVariant,rs606231195,train
2079,17033686,PQBP1,GeneOrGeneProduct,10084,Association,X-linked mental retardation,DiseaseOrPhenotypicFeature,D038901,train
2080,17033686,PQBP1,GeneOrGeneProduct,10084,Association,Hamel cerebropalatocardiac syndrome,DiseaseOrPhenotypicFeature,C537761,train
2081,17033686,PQBP1,GeneOrGeneProduct,10084,Association,mental retardation,DiseaseOrPhenotypicFeature,D008607,train
2082,17033686,PQBP1,GeneOrGeneProduct,10084,Association,microcephaly,DiseaseOrPhenotypicFeature,D008831,train
2083,17033686,PQBP1,GeneOrGeneProduct,10084,Association,microphthalmia,DiseaseOrPhenotypicFeature,D008850,train
2084,17639754,levofloxacin,ChemicalEntity,D064704,Positive_Correlation,warfarin,ChemicalEntity,D014859,train
2085,17639754,bleeding,DiseaseOrPhenotypicFeature,D006470,Positive_Correlation,levofloxacin,ChemicalEntity,D064704,train
2086,17639754,bleeding,DiseaseOrPhenotypicFeature,D006470,Positive_Correlation,warfarin,ChemicalEntity,D014859,train
2087,19319147,warfarin,ChemicalEntity,D014859,Association,intracerebral hemorrhage,DiseaseOrPhenotypicFeature,D002543,train
2088,19319147,prothrombin complex concentrate,ChemicalEntity,C025667,Negative_Correlation,warfarin,ChemicalEntity,D014859,train
2089,19319147,prothrombin complex concentrate,ChemicalEntity,C025667,Negative_Correlation,intracerebral hemorrhage,DiseaseOrPhenotypicFeature,D002543,train
2090,19319147,hemorrhage,DiseaseOrPhenotypicFeature,D006470,Negative_Correlation,prothrombin complex concentrate,ChemicalEntity,C025667,train
2091,19319147,collagenase,ChemicalEntity,D017364,Positive_Correlation,hemorrhage,DiseaseOrPhenotypicFeature,D006470,train
2092,19918264,Gly388Arg,SequenceVariant,rs351855,Association,prostate cancer,DiseaseOrPhenotypicFeature,D011471,train
2093,19918264,FGFR4,GeneOrGeneProduct,2264,Association,prostate cancer,DiseaseOrPhenotypicFeature,D011471,train
2094,20335448,arginine 714,SequenceVariant,c|Allele|R|714,Association,hypokalemia,DiseaseOrPhenotypicFeature,D007008,train
2095,20335448,arginine 714,SequenceVariant,c|Allele|R|714,Association,hypoglycemia,DiseaseOrPhenotypicFeature,D007003,train
2096,20335448,arginine 714,SequenceVariant,c|Allele|R|714,Association,hypertension,DiseaseOrPhenotypicFeature,D006973,train
2097,20335448,arginine 714,SequenceVariant,c|Allele|R|714,Positive_Correlation,glucocorticoid resistance,DiseaseOrPhenotypicFeature,C564221,train
2098,20335448,premature pubarche,DiseaseOrPhenotypicFeature,C567552,Association,arginine 714,SequenceVariant,c|Allele|R|714,train
2099,20335448,premature pubarche,DiseaseOrPhenotypicFeature,C567552,Negative_Correlation,dexamethasone,ChemicalEntity,D003907,train
2100,20335448,premature pubarche,DiseaseOrPhenotypicFeature,C567552,Association,glucocorticoid receptor,GeneOrGeneProduct,2908,train
2101,20335448,dexamethasone,ChemicalEntity,D003907,Negative_Correlation,hypokalemia,DiseaseOrPhenotypicFeature,D007008,train
2102,20335448,dexamethasone,ChemicalEntity,D003907,Negative_Correlation,hypoglycemia,DiseaseOrPhenotypicFeature,D007003,train
2103,20335448,dexamethasone,ChemicalEntity,D003907,Negative_Correlation,seizure,DiseaseOrPhenotypicFeature,D012640,train
2104,20335448,hypertension,DiseaseOrPhenotypicFeature,D006973,Negative_Correlation,dexamethasone,ChemicalEntity,D003907,train
2105,20335448,glucocorticoid resistance,DiseaseOrPhenotypicFeature,C564221,Negative_Correlation,glucocorticoids,ChemicalEntity,D005938,train
2106,20335448,glucocorticoid resistance,DiseaseOrPhenotypicFeature,C564221,Positive_Correlation,arginine by glutamine at amino acid position 714,SequenceVariant,c|SUB|R|714|Q,train
2107,20335448,glucocorticoid resistance,DiseaseOrPhenotypicFeature,C564221,Positive_Correlation,(G-->A) at nucleotide position 2141,SequenceVariant,c|SUB|G|2141|A,train
2108,20335448,glucocorticoid receptor,GeneOrGeneProduct,2908,Association,hypokalemia,DiseaseOrPhenotypicFeature,D007008,train
2109,20335448,glucocorticoid receptor,GeneOrGeneProduct,2908,Association,hypoglycemia,DiseaseOrPhenotypicFeature,D007003,train
2110,20335448,glucocorticoid receptor,GeneOrGeneProduct,2908,Association,seizure,DiseaseOrPhenotypicFeature,D012640,train
2111,20335448,glucocorticoid receptor,GeneOrGeneProduct,2908,Association,hypertension,DiseaseOrPhenotypicFeature,D006973,train
2112,20335448,glucocorticoid receptor,GeneOrGeneProduct,2908,Association,glucocorticoid resistance,DiseaseOrPhenotypicFeature,C564221,train
2113,21695597,MHC,GeneOrGeneProduct,720,Association,systemic lupus erythematosus,DiseaseOrPhenotypicFeature,D008180,train
2114,21695597,MHC,GeneOrGeneProduct,3123,Association,systemic lupus erythematosus,DiseaseOrPhenotypicFeature,D008180,train
2115,21695597,rs2844580,SequenceVariant,rs2844580,Positive_Correlation,systemic lupus erythematosus,DiseaseOrPhenotypicFeature,D008180,train
2116,21695597,rs2071349,SequenceVariant,rs2071349,Positive_Correlation,systemic lupus erythematosus,DiseaseOrPhenotypicFeature,D008180,train
2117,21695597,rs204890,SequenceVariant,rs204890,Positive_Correlation,systemic lupus erythematosus,DiseaseOrPhenotypicFeature,D008180,train
2118,21695597,systemic lupus erythematosus,DiseaseOrPhenotypicFeature,D008180,Positive_Correlation,rs9271366,SequenceVariant,rs9271366,train
2119,21911891,triglycerides,ChemicalEntity,D014280,Positive_Correlation,obese,DiseaseOrPhenotypicFeature,D009765,train
2120,21911891,Plasminogen activator inhibitor type 1,GeneOrGeneProduct,5054,Association,obese,DiseaseOrPhenotypicFeature,D009765,train
2121,28468941,type I TGFb receptors,GeneOrGeneProduct,94,Association,Smad,GeneOrGeneProduct,4093,train
2122,28468941,type I TGFb receptors,GeneOrGeneProduct,94,Association,Smad,GeneOrGeneProduct,4090,train
2123,28468941,type I TGFb receptors,GeneOrGeneProduct,94,Association,Smad,GeneOrGeneProduct,4086,train
2124,28468941,type I TGFb receptors,GeneOrGeneProduct,90,Association,Smad,GeneOrGeneProduct,4093,train
2125,28468941,type I TGFb receptors,GeneOrGeneProduct,90,Association,Smad,GeneOrGeneProduct,4090,train
2126,28468941,type I TGFb receptors,GeneOrGeneProduct,90,Association,Smad,GeneOrGeneProduct,4086,train
2127,28468941,type I TGFb receptors,GeneOrGeneProduct,658,Association,Smad,GeneOrGeneProduct,4093,train
2128,28468941,type I TGFb receptors,GeneOrGeneProduct,658,Association,Smad,GeneOrGeneProduct,4090,train
2129,28468941,type I TGFb receptors,GeneOrGeneProduct,658,Association,Smad,GeneOrGeneProduct,4086,train
2130,28468941,type I TGFb receptors,GeneOrGeneProduct,657,Association,Smad,GeneOrGeneProduct,4093,train
2131,28468941,type I TGFb receptors,GeneOrGeneProduct,657,Association,Smad,GeneOrGeneProduct,4090,train
2132,28468941,type I TGFb receptors,GeneOrGeneProduct,657,Association,Smad,GeneOrGeneProduct,4086,train
2133,28468941,adenine 474 deletion,SequenceVariant,rs587777017,Association,pulmonary arterial hypertension,DiseaseOrPhenotypicFeature,D000081029,train
2134,28468941,pulmonary hypertension,DiseaseOrPhenotypicFeature,D006976,Association,adenine 474 deletion,SequenceVariant,rs587777017,train
2135,28468941,pulmonary hypertension,DiseaseOrPhenotypicFeature,D006976,Association,Smad,GeneOrGeneProduct,4093,train
2136,28468941,pulmonary hypertension,DiseaseOrPhenotypicFeature,D006976,Association,Smad,GeneOrGeneProduct,4090,train
2137,28468941,pulmonary hypertension,DiseaseOrPhenotypicFeature,D006976,Association,Smad,GeneOrGeneProduct,4086,train
2138,28468941,pulmonary hypertension,DiseaseOrPhenotypicFeature,D006976,Association,caveolin-1,GeneOrGeneProduct,857,train
2139,28468941,Smad,GeneOrGeneProduct,4093,Association,pulmonary arterial hypertension,DiseaseOrPhenotypicFeature,D000081029,train
2140,28468941,Smad,GeneOrGeneProduct,4090,Association,pulmonary arterial hypertension,DiseaseOrPhenotypicFeature,D000081029,train
2141,28468941,Smad,GeneOrGeneProduct,4086,Association,pulmonary arterial hypertension,DiseaseOrPhenotypicFeature,D000081029,train
2142,28468941,caveolin-1,GeneOrGeneProduct,857,Association,pulmonary arterial hypertension,DiseaseOrPhenotypicFeature,D000081029,train
2143,28468941,caveolin-1,GeneOrGeneProduct,857,Association,Smad,GeneOrGeneProduct,4093,train
2144,28468941,caveolin-1,GeneOrGeneProduct,857,Association,Smad,GeneOrGeneProduct,4090,train
2145,28468941,caveolin-1,GeneOrGeneProduct,857,Association,Smad,GeneOrGeneProduct,4086,train
2146,15191352,impaired intellectual development,DiseaseOrPhenotypicFeature,D008607,Positive_Correlation,I280S,SequenceVariant,p|SUB|I|280|S,train
2147,15191352,hearing and visual impairment,DiseaseOrPhenotypicFeature,D014786,Positive_Correlation,I280S,SequenceVariant,p|SUB|I|280|S,train
2148,15191352,hearing and visual impairment,DiseaseOrPhenotypicFeature,D006311,Positive_Correlation,I280S,SequenceVariant,p|SUB|I|280|S,train
2149,15191352,tachycardia,DiseaseOrPhenotypicFeature,D013610,Positive_Correlation,I280S,SequenceVariant,p|SUB|I|280|S,train
2150,15191352,hyperkinetic,DiseaseOrPhenotypicFeature,D006948,Positive_Correlation,I280S,SequenceVariant,p|SUB|I|280|S,train
2151,15191352,1123T-->G,SequenceVariant,g|SUB|T|1123|G,Positive_Correlation,impaired intellectual development,DiseaseOrPhenotypicFeature,D008607,train
2152,15191352,1123T-->G,SequenceVariant,g|SUB|T|1123|G,Positive_Correlation,hearing and visual impairment,DiseaseOrPhenotypicFeature,D014786,train
2153,15191352,1123T-->G,SequenceVariant,g|SUB|T|1123|G,Positive_Correlation,hearing and visual impairment,DiseaseOrPhenotypicFeature,D006311,train
2154,15191352,1123T-->G,SequenceVariant,g|SUB|T|1123|G,Positive_Correlation,tachycardia,DiseaseOrPhenotypicFeature,D013610,train
2155,15191352,1123T-->G,SequenceVariant,g|SUB|T|1123|G,Positive_Correlation,hyperkinetic,DiseaseOrPhenotypicFeature,D006948,train
2156,15191352,T3 receptor,GeneOrGeneProduct,7068,Association,impaired intellectual development,DiseaseOrPhenotypicFeature,D008607,train
2157,15191352,T3 receptor,GeneOrGeneProduct,7068,Association,hearing and visual impairment,DiseaseOrPhenotypicFeature,D014786,train
2158,15191352,T3 receptor,GeneOrGeneProduct,7068,Association,hearing and visual impairment,DiseaseOrPhenotypicFeature,D006311,train
2159,15191352,T3 receptor,GeneOrGeneProduct,7068,Association,tachycardia,DiseaseOrPhenotypicFeature,D013610,train
2160,15191352,T3 receptor,GeneOrGeneProduct,7068,Association,hyperkinetic,DiseaseOrPhenotypicFeature,D006948,train
2161,15191352,thyroid hormone resistance,DiseaseOrPhenotypicFeature,D018382,Positive_Correlation,1123T-->G,SequenceVariant,g|SUB|T|1123|G,train
2162,15191352,thyroid hormone resistance,DiseaseOrPhenotypicFeature,D018382,Positive_Correlation,I280S,SequenceVariant,p|SUB|I|280|S,train
2163,15191352,thyroid hormone resistance,DiseaseOrPhenotypicFeature,D018382,Association,T3 receptor,GeneOrGeneProduct,7068,train
2164,15814629,angiotensin I-converting enzyme,GeneOrGeneProduct,1636,Association,agarose,ChemicalEntity,D012685,train
2165,15814629,angiotensin I-converting enzyme,GeneOrGeneProduct,1636,Association,gastric cancer,DiseaseOrPhenotypicFeature,D013274,train
2166,15814629,angiotensin I-converting enzyme,GeneOrGeneProduct,1636,Association,tumor,DiseaseOrPhenotypicFeature,D009369,train
2167,15814629,lymph node metastases,DiseaseOrPhenotypicFeature,D009362,Association,angiotensin I-converting enzyme,GeneOrGeneProduct,1636,train
2168,16541406,MSH2,GeneOrGeneProduct,4436,Association,Lynch syndrome,DiseaseOrPhenotypicFeature,D003123,train
2169,16541406,MLH1,GeneOrGeneProduct,4292,Association,Lynch syndrome,DiseaseOrPhenotypicFeature,D003123,train
2170,17185386,schizophrenia,DiseaseOrPhenotypicFeature,D012559,Association,NDE1,GeneOrGeneProduct,54820,train
2171,17185386,DISC1,GeneOrGeneProduct,27185,Association,NDE1,GeneOrGeneProduct,54820,train
2172,17185386,DISC1,GeneOrGeneProduct,27185,Association,schizophrenia,DiseaseOrPhenotypicFeature,D012559,train
2173,18779591,benign breast tumors,DiseaseOrPhenotypicFeature,D001943,Association,prolactin receptor,GeneOrGeneProduct,5618,train
2174,18779591,Multiple fibroadenomas,DiseaseOrPhenotypicFeature,D018226,Positive_Correlation,Ile(146)-->Leu,SequenceVariant,rs72478580,train
2175,18779591,Multiple fibroadenomas,DiseaseOrPhenotypicFeature,D018226,Association,prolactin receptor,GeneOrGeneProduct,5618,train
2176,18779591,prolactin receptor,GeneOrGeneProduct,5618,Association,signal transducer and activator of transcription 5,GeneOrGeneProduct,6776,train
2177,18779591,prolactin receptor,GeneOrGeneProduct,5618,Association,breast diseases,DiseaseOrPhenotypicFeature,D001941,train
2178,18779591,prolactin,GeneOrGeneProduct,5617,Association,benign breast tumors,DiseaseOrPhenotypicFeature,D001943,train
2179,18779591,prolactin,GeneOrGeneProduct,5617,Association,Multiple fibroadenomas,DiseaseOrPhenotypicFeature,D018226,train
2180,18779591,prolactin,GeneOrGeneProduct,5617,Bind,prolactin receptor,GeneOrGeneProduct,5618,train
2181,18779591,prolactin,GeneOrGeneProduct,5617,Association,breast diseases,DiseaseOrPhenotypicFeature,D001941,train
2182,19346865,metronidazole,ChemicalEntity,D008795,Negative_Correlation,infection,DiseaseOrPhenotypicFeature,D007239,train
2183,19346865,metronidazole,ChemicalEntity,D008795,Positive_Correlation,inferior colliculus lesion,DiseaseOrPhenotypicFeature,D001927,train
2184,19889778,precore,GeneOrGeneProduct,944568,Association,HBsAg,ChemicalEntity,D006514,train
2185,19889778,precore,GeneOrGeneProduct,944568,Association,lamivudine,ChemicalEntity,D019259,train
2186,19889778,precore,GeneOrGeneProduct,944568,Association,hepatitis B virus e antigen,ChemicalEntity,D006513,train
2187,19889778,P120T,SequenceVariant,c|SUB|P|120|T,Association,HBsAg,ChemicalEntity,D006514,train
2188,19889778,P120T,SequenceVariant,c|SUB|P|120|T,Association,hepatitis B virus e antigen,ChemicalEntity,D006513,train
2189,19889778,lamivudine,ChemicalEntity,D019259,Association,P120T,SequenceVariant,c|SUB|P|120|T,train
2190,19889778,lamivudine,ChemicalEntity,D019259,Association,hepatitis B virus e antigen,ChemicalEntity,D006513,train
2191,19889778,G145R,SequenceVariant,p|SUB|G|145|R,Negative_Correlation,HBsAg,ChemicalEntity,D006514,train
2192,19889778,G145R,SequenceVariant,p|SUB|G|145|R,Association,lamivudine,ChemicalEntity,D019259,train
2193,19889778,hepatitis B virus e antigen,ChemicalEntity,D006513,Association,G145R,SequenceVariant,p|SUB|G|145|R,train
2194,20583543,hypospadias,DiseaseOrPhenotypicFeature,D007021,Association,8 nucleotide deletion,SequenceVariant,c|DEL||8,train
2195,20583543,isolated micropenis,DiseaseOrPhenotypicFeature,C536649,Association,p.G196S,SequenceVariant,rs121434250,train
2196,20583543,isolated micropenis,DiseaseOrPhenotypicFeature,C536649,Association,SRD5A2,GeneOrGeneProduct,6716,train
2197,20583543,SRD5A2,GeneOrGeneProduct,6716,Association,hypospadias,DiseaseOrPhenotypicFeature,D007021,train
2198,20583543,"46,XY DSD",DiseaseOrPhenotypicFeature,D058490,Association,g.80_87delT CGCGAAG,SequenceVariant,g|DEL|80_87|TCGCGAAG,train
2199,20583543,"46,XY DSD",DiseaseOrPhenotypicFeature,D058490,Association,p.A27fsX132,SequenceVariant,p|FS|A|27||132,train
2200,20583543,"46,XY DSD",DiseaseOrPhenotypicFeature,D058490,Association,p.R246Q,SequenceVariant,rs9332967,train
2201,20583543,"46,XY DSD",DiseaseOrPhenotypicFeature,D058490,Association,SRD5A2,GeneOrGeneProduct,6716,train
2202,20583543,"46,XY DSD",DiseaseOrPhenotypicFeature,D058490,Association,8 nucleotide deletion,SequenceVariant,c|DEL||8,train
2203,20722491,5-fluorouracil,ChemicalEntity,D005472,Negative_Correlation,"colorectal, breast, pancreaticobiliary, gastric, renal cell and head and neck cancers",DiseaseOrPhenotypicFeature,D013274,train
2204,20722491,5-fluorouracil,ChemicalEntity,D005472,Negative_Correlation,"colorectal, breast, pancreaticobiliary, gastric, renal cell and head and neck cancers",DiseaseOrPhenotypicFeature,D010190,train
2205,20722491,5-fluorouracil,ChemicalEntity,D005472,Negative_Correlation,"colorectal, breast, pancreaticobiliary, gastric, renal cell and head and neck cancers",DiseaseOrPhenotypicFeature,D002292,train
2206,20722491,5-fluorouracil,ChemicalEntity,D005472,Negative_Correlation,"colorectal, breast and head and neck cancers",DiseaseOrPhenotypicFeature,D015179,train
2207,20722491,5-fluorouracil,ChemicalEntity,D005472,Negative_Correlation,"colorectal, breast and head and neck cancers",DiseaseOrPhenotypicFeature,D006258,train
2208,20722491,5-fluorouracil,ChemicalEntity,D005472,Negative_Correlation,"colorectal, breast and head and neck cancers",DiseaseOrPhenotypicFeature,D001943,train
2209,20722491,5-fluorouracil,ChemicalEntity,D005472,Negative_Correlation,tumors,DiseaseOrPhenotypicFeature,D009369,train
2210,20722491,capecitabine,ChemicalEntity,D000069287,Association,hepatic and renal dysfunctions,DiseaseOrPhenotypicFeature,D008107,train
2211,20722491,capecitabine,ChemicalEntity,D000069287,Association,renal and kidney disease,DiseaseOrPhenotypicFeature,D007674,train
2212,20722491,capecitabine,ChemicalEntity,D000069287,Positive_Correlation,hand-foot syndrome,DiseaseOrPhenotypicFeature,D060831,train
2213,20722491,capecitabine,ChemicalEntity,D000069287,Positive_Correlation,stomatitis,DiseaseOrPhenotypicFeature,D013280,train
2214,20722491,capecitabine,ChemicalEntity,D000069287,Positive_Correlation,vomiting,DiseaseOrPhenotypicFeature,D014839,train
2215,20722491,capecitabine,ChemicalEntity,D000069287,Positive_Correlation,nausea,DiseaseOrPhenotypicFeature,D009325,train
2216,20722491,capecitabine,ChemicalEntity,D000069287,Positive_Correlation,diarrhea,DiseaseOrPhenotypicFeature,D003967,train
2217,20722491,capecitabine,ChemicalEntity,D000069287,Negative_Correlation,"colorectal, breast, pancreaticobiliary, gastric, renal cell and head and neck cancers",DiseaseOrPhenotypicFeature,D013274,train
2218,20722491,capecitabine,ChemicalEntity,D000069287,Negative_Correlation,"colorectal, breast, pancreaticobiliary, gastric, renal cell and head and neck cancers",DiseaseOrPhenotypicFeature,D010190,train
2219,20722491,capecitabine,ChemicalEntity,D000069287,Negative_Correlation,"colorectal, breast, pancreaticobiliary, gastric, renal cell and head and neck cancers",DiseaseOrPhenotypicFeature,D002292,train
2220,20722491,capecitabine,ChemicalEntity,D000069287,Negative_Correlation,"colorectal, breast and head and neck cancers",DiseaseOrPhenotypicFeature,D015179,train
2221,20722491,capecitabine,ChemicalEntity,D000069287,Negative_Correlation,"colorectal, breast and head and neck cancers",DiseaseOrPhenotypicFeature,D006258,train
2222,20722491,capecitabine,ChemicalEntity,D000069287,Negative_Correlation,"colorectal, breast and head and neck cancers",DiseaseOrPhenotypicFeature,D001943,train
2223,20828385,necrotic,DiseaseOrPhenotypicFeature,D009336,Negative_Correlation,temsirolimus,ChemicalEntity,C401859,train
2224,20828385,temsirolimus,ChemicalEntity,C401859,Negative_Correlation,mTOR,GeneOrGeneProduct,2475,train
2225,20828385,temsirolimus,ChemicalEntity,C401859,Negative_Correlation,VEGF,GeneOrGeneProduct,7422,train
2226,20828385,temsirolimus,ChemicalEntity,C401859,Negative_Correlation,tumor,DiseaseOrPhenotypicFeature,D009369,train
2227,20828385,mantle cell lymphoma,DiseaseOrPhenotypicFeature,D020522,Negative_Correlation,temsirolimus,ChemicalEntity,C401859,train
2228,24477591,NADPH oxidases,GeneOrGeneProduct,1666,Association,Reactive oxygen species,ChemicalEntity,D017382,train
2229,24477591,Reactive oxygen species,ChemicalEntity,D017382,Association,atherosclerosis,DiseaseOrPhenotypicFeature,D050197,train
2230,24477591,Reactive oxygen species,ChemicalEntity,D017382,Association,coronary artery disease,DiseaseOrPhenotypicFeature,D003324,train
2231,24477591,overweight,DiseaseOrPhenotypicFeature,D050177,Association,CYBA,GeneOrGeneProduct,1535,train
2232,24477591,obesity,DiseaseOrPhenotypicFeature,D009765,Association,CYBA,GeneOrGeneProduct,1535,train
2233,24477591,-930A>G,SequenceVariant,rs9932581,Positive_Correlation,overweight,DiseaseOrPhenotypicFeature,D050177,train
2234,24477591,-930A>G,SequenceVariant,rs9932581,Positive_Correlation,obesity,DiseaseOrPhenotypicFeature,D009765,train
2235,24477591,-930A>G,SequenceVariant,rs9932581,Positive_Correlation,coronary artery disease,DiseaseOrPhenotypicFeature,D003324,train
2236,24477591,CYBA,GeneOrGeneProduct,1535,Association,NADPH oxidases,GeneOrGeneProduct,1666,train
2237,24477591,CYBA,GeneOrGeneProduct,1535,Association,coronary artery disease,DiseaseOrPhenotypicFeature,D003324,train
2238,28279980,sodium,ChemicalEntity,D012964,Association,Glucose,ChemicalEntity,D005947,train
2239,28279980,Glucose,ChemicalEntity,D005947,Negative_Correlation,phloridzin,ChemicalEntity,D010695,train
2240,28279980,GLUT,GeneOrGeneProduct,56485,Negative_Correlation,cytochalasin B,ChemicalEntity,D003571,train
2241,28279980,GLUT,GeneOrGeneProduct,56017,Negative_Correlation,cytochalasin B,ChemicalEntity,D003571,train
2242,28279980,GLUT,GeneOrGeneProduct,353169,Negative_Correlation,cytochalasin B,ChemicalEntity,D003571,train
2243,28279980,GLUT,GeneOrGeneProduct,227659,Positive_Correlation,Glucose,ChemicalEntity,D005947,train
2244,28279980,GLUT,GeneOrGeneProduct,227659,Negative_Correlation,cytochalasin B,ChemicalEntity,D003571,train
2245,28279980,GLUT4,GeneOrGeneProduct,20528,Association,insulin,GeneOrGeneProduct,3630,train
2246,28279980,GLUT4,GeneOrGeneProduct,20528,Association,Glucose,ChemicalEntity,D005947,train
2247,28279980,GLUT4,GeneOrGeneProduct,20528,Negative_Correlation,cytochalasin B,ChemicalEntity,D003571,train
2248,28279980,GLUT,GeneOrGeneProduct,20527,Positive_Correlation,Glucose,ChemicalEntity,D005947,train
2249,28279980,GLUT,GeneOrGeneProduct,20527,Negative_Correlation,cytochalasin B,ChemicalEntity,D003571,train
2250,28279980,GLUT,GeneOrGeneProduct,20526,Negative_Correlation,cytochalasin B,ChemicalEntity,D003571,train
2251,28279980,GLUT,GeneOrGeneProduct,20525,Positive_Correlation,Glucose,ChemicalEntity,D005947,train
2252,28279980,GLUT,GeneOrGeneProduct,20525,Negative_Correlation,cytochalasin B,ChemicalEntity,D003571,train
2253,28279980,GLUT,GeneOrGeneProduct,170441,Positive_Correlation,Glucose,ChemicalEntity,D005947,train
2254,28279980,GLUT,GeneOrGeneProduct,170441,Negative_Correlation,cytochalasin B,ChemicalEntity,D003571,train
2255,28472177,glioma,DiseaseOrPhenotypicFeature,D005910,Association,Beta catenin,GeneOrGeneProduct,1499,train
2256,28472177,glioma,DiseaseOrPhenotypicFeature,D005910,Association,Wnt,GeneOrGeneProduct,7474,train
2257,28472177,PDGFB,GeneOrGeneProduct,5155,Association,Ubiquitin carboxyl-terminal esterase L1,GeneOrGeneProduct,7345,train
2258,28472177,TNF,GeneOrGeneProduct,7124,Association,Ubiquitin carboxyl-terminal esterase L1,GeneOrGeneProduct,7345,train
2259,28472177,IL1B,GeneOrGeneProduct,3553,Association,Ubiquitin carboxyl-terminal esterase L1,GeneOrGeneProduct,7345,train
2260,28472177,FGF2,GeneOrGeneProduct,2247,Association,Ubiquitin carboxyl-terminal esterase L1,GeneOrGeneProduct,7345,train
2261,28472177,cancer,DiseaseOrPhenotypicFeature,D009369,Association,ALK,GeneOrGeneProduct,238,train
2262,28472177,cancer,DiseaseOrPhenotypicFeature,D009369,Association,CALB1,GeneOrGeneProduct,793,train
2263,28472177,cancer,DiseaseOrPhenotypicFeature,D009369,Association,AQP4,GeneOrGeneProduct,361,train
2264,28472177,cancer,DiseaseOrPhenotypicFeature,D009369,Association,AQP3,GeneOrGeneProduct,360,train
2265,28472177,cancer,DiseaseOrPhenotypicFeature,D009369,Association,ABCA4,GeneOrGeneProduct,24,train
2266,28472177,cancer,DiseaseOrPhenotypicFeature,D009369,Association,IGLL5,GeneOrGeneProduct,100423062,train
2267,28472177,cancer,DiseaseOrPhenotypicFeature,D009369,Association,HEY2,GeneOrGeneProduct,23493,train
2268,28472177,cancer,DiseaseOrPhenotypicFeature,D009369,Association,GDF15,GeneOrGeneProduct,9518,train
2269,28472177,cancer,DiseaseOrPhenotypicFeature,D009369,Association,FBXW11,GeneOrGeneProduct,23291,train
2270,28472177,cancer,DiseaseOrPhenotypicFeature,D009369,Association,FBXL7,GeneOrGeneProduct,23194,train
2271,28472177,cancer,DiseaseOrPhenotypicFeature,D009369,Association,LIF,GeneOrGeneProduct,3976,train
2272,28472177,cancer,DiseaseOrPhenotypicFeature,D009369,Association,POSTN,GeneOrGeneProduct,10631,train
2273,28472177,cancer,DiseaseOrPhenotypicFeature,D009369,Association,ACTA2,GeneOrGeneProduct,59,train
2274,28472177,Ubiquitin carboxyl-terminal esterase L1,GeneOrGeneProduct,7345,Association,glioma,DiseaseOrPhenotypicFeature,D005910,train
2275,28472177,Ubiquitin carboxyl-terminal esterase L1,GeneOrGeneProduct,7345,Association,Beta catenin,GeneOrGeneProduct,1499,train
2276,28472177,Ubiquitin carboxyl-terminal esterase L1,GeneOrGeneProduct,7345,Association,cancer,DiseaseOrPhenotypicFeature,D009369,train
2277,28472177,Ubiquitin carboxyl-terminal esterase L1,GeneOrGeneProduct,7345,Association,ALK,GeneOrGeneProduct,238,train
2278,28472177,Ubiquitin carboxyl-terminal esterase L1,GeneOrGeneProduct,7345,Association,CALB1,GeneOrGeneProduct,793,train
2279,28472177,Ubiquitin carboxyl-terminal esterase L1,GeneOrGeneProduct,7345,Association,AQP4,GeneOrGeneProduct,361,train
2280,28472177,Ubiquitin carboxyl-terminal esterase L1,GeneOrGeneProduct,7345,Association,AQP3,GeneOrGeneProduct,360,train
2281,28472177,Ubiquitin carboxyl-terminal esterase L1,GeneOrGeneProduct,7345,Association,ABCA4,GeneOrGeneProduct,24,train
2282,28472177,Ubiquitin carboxyl-terminal esterase L1,GeneOrGeneProduct,7345,Association,IGLL5,GeneOrGeneProduct,100423062,train
2283,28472177,Ubiquitin carboxyl-terminal esterase L1,GeneOrGeneProduct,7345,Association,HEY2,GeneOrGeneProduct,23493,train
2284,28472177,Ubiquitin carboxyl-terminal esterase L1,GeneOrGeneProduct,7345,Association,GDF15,GeneOrGeneProduct,9518,train
2285,28472177,Ubiquitin carboxyl-terminal esterase L1,GeneOrGeneProduct,7345,Association,FBXW11,GeneOrGeneProduct,23291,train
2286,28472177,Ubiquitin carboxyl-terminal esterase L1,GeneOrGeneProduct,7345,Association,FBXL7,GeneOrGeneProduct,23194,train
2287,28472177,Ubiquitin carboxyl-terminal esterase L1,GeneOrGeneProduct,7345,Association,LIF,GeneOrGeneProduct,3976,train
2288,28472177,Ubiquitin carboxyl-terminal esterase L1,GeneOrGeneProduct,7345,Association,POSTN,GeneOrGeneProduct,10631,train
2289,28472177,Ubiquitin carboxyl-terminal esterase L1,GeneOrGeneProduct,7345,Association,ACTA2,GeneOrGeneProduct,59,train
2290,28472177,Wnt,GeneOrGeneProduct,7474,Positive_Correlation,Ubiquitin carboxyl-terminal esterase L1,GeneOrGeneProduct,7345,train
2291,28584052,c.463-6T>G,SequenceVariant,c|SUB|T463-6|G,Association,X-linked intellectual disability,DiseaseOrPhenotypicFeature,D038901,train
2292,28584052,host cell factor 1,GeneOrGeneProduct,3054,Association,X-linked intellectual disability,DiseaseOrPhenotypicFeature,D038901,train
2293,28584052,p.Arg284Pro,SequenceVariant,rs1114167891,Association,X-linked intellectual disability,DiseaseOrPhenotypicFeature,D038901,train
2294,28584052,N-acetylglucosamine (O-GlcNAc) transferase,GeneOrGeneProduct,8473,Association,neurodegeneration,DiseaseOrPhenotypicFeature,D019636,train
2295,28584052,N-acetylglucosamine (O-GlcNAc) transferase,GeneOrGeneProduct,8473,Association,developmental defects,DiseaseOrPhenotypicFeature,D003147,train
2296,28584052,N-acetylglucosamine (O-GlcNAc) transferase,GeneOrGeneProduct,8473,Association,X-linked intellectual disability,DiseaseOrPhenotypicFeature,D038901,train
2297,15523499,cardiovascular and metabolic disorders,DiseaseOrPhenotypicFeature,D008659,Association,Arg64Trp,SequenceVariant,p|SUB|R|64|W,train
2298,15523499,cardiovascular and metabolic disorders,DiseaseOrPhenotypicFeature,D008659,Association,Gln27Glu,SequenceVariant,p|SUB|Q|27|E,train
2299,15523499,cardiovascular and metabolic disorders,DiseaseOrPhenotypicFeature,D008659,Association,Arg16Gly,SequenceVariant,p|SUB|R|16|G,train
2300,15523499,cardiovascular and metabolic disorders,DiseaseOrPhenotypicFeature,D008659,Association,Gly49Ser,SequenceVariant,p|SUB|G|49|S,train
2301,15523499,cardiovascular and metabolic disorders,DiseaseOrPhenotypicFeature,D008659,Association,Arg389Gly,SequenceVariant,p|SUB|R|389|G,train
2302,15523499,cardiovascular and metabolic disorders,DiseaseOrPhenotypicFeature,D008659,Association,beta adrenergic receptor,GeneOrGeneProduct,155,train
2303,15523499,cardiovascular and metabolic disorders,DiseaseOrPhenotypicFeature,D008659,Association,beta adrenergic receptor,GeneOrGeneProduct,154,train
2304,15523499,cardiovascular and metabolic disorders,DiseaseOrPhenotypicFeature,D008659,Association,beta adrenergic receptor,GeneOrGeneProduct,153,train
2305,15523499,cardiovascular and metabolic disorders,DiseaseOrPhenotypicFeature,D002318,Association,Arg64Trp,SequenceVariant,p|SUB|R|64|W,train
2306,15523499,cardiovascular and metabolic disorders,DiseaseOrPhenotypicFeature,D002318,Association,Gln27Glu,SequenceVariant,p|SUB|Q|27|E,train
2307,15523499,cardiovascular and metabolic disorders,DiseaseOrPhenotypicFeature,D002318,Association,Arg16Gly,SequenceVariant,p|SUB|R|16|G,train
2308,15523499,cardiovascular and metabolic disorders,DiseaseOrPhenotypicFeature,D002318,Association,Gly49Ser,SequenceVariant,p|SUB|G|49|S,train
2309,15523499,cardiovascular and metabolic disorders,DiseaseOrPhenotypicFeature,D002318,Association,Arg389Gly,SequenceVariant,p|SUB|R|389|G,train
2310,15523499,cardiovascular and metabolic disorders,DiseaseOrPhenotypicFeature,D002318,Association,beta adrenergic receptor,GeneOrGeneProduct,155,train
2311,15523499,cardiovascular and metabolic disorders,DiseaseOrPhenotypicFeature,D002318,Association,beta adrenergic receptor,GeneOrGeneProduct,154,train
2312,15523499,cardiovascular and metabolic disorders,DiseaseOrPhenotypicFeature,D002318,Association,beta adrenergic receptor,GeneOrGeneProduct,153,train
2313,15523499,beta adrenergic receptor,GeneOrGeneProduct,155,Positive_Correlation,norepinephrine,ChemicalEntity,D009638,train
2314,15523499,beta adrenergic receptor,GeneOrGeneProduct,155,Positive_Correlation,epinephrine,ChemicalEntity,D004837,train
2315,15523499,beta adrenergic receptor,GeneOrGeneProduct,154,Positive_Correlation,norepinephrine,ChemicalEntity,D009638,train
2316,15523499,beta adrenergic receptor,GeneOrGeneProduct,154,Positive_Correlation,epinephrine,ChemicalEntity,D004837,train
2317,15523499,beta adrenergic receptor,GeneOrGeneProduct,153,Positive_Correlation,norepinephrine,ChemicalEntity,D009638,train
2318,15523499,beta adrenergic receptor,GeneOrGeneProduct,153,Positive_Correlation,epinephrine,ChemicalEntity,D004837,train
2319,15770495,steroid 5alpha-reductase type 2,GeneOrGeneProduct,6716,Association,steroid 5alpha-reductase deficiency type 2,DiseaseOrPhenotypicFeature,C535830,train
2320,15770495,steroid 5alpha-reductase deficiency type 2,DiseaseOrPhenotypicFeature,C535830,Association,G183S,SequenceVariant,rs121434247,train
2321,15770495,steroid 5alpha-reductase deficiency type 2,DiseaseOrPhenotypicFeature,C535830,Association,V89L,SequenceVariant,rs523349,train
2322,15770495,steroid 5alpha-reductase deficiency type 2,DiseaseOrPhenotypicFeature,C535830,Association,R266W,SequenceVariant,p|SUB|R|266|W,train
2323,15770495,steroid 5alpha-reductase deficiency type 2,DiseaseOrPhenotypicFeature,C535830,Association,A207D,SequenceVariant,rs767564684,train
2324,15770495,steroid 5alpha-reductase deficiency type 2,DiseaseOrPhenotypicFeature,C535830,Association,G158R,SequenceVariant,p|SUB|G|158|R,train
2325,15770495,steroid 5alpha-reductase deficiency type 2,DiseaseOrPhenotypicFeature,C535830,Association,del418T,SequenceVariant,c|DEL|418|T,train
2326,15770495,steroid 5alpha-reductase deficiency type 2,DiseaseOrPhenotypicFeature,C535830,Association,IVS3+1G>A,SequenceVariant,c|SUB|G|IVS3+1|A,train
2327,15770495,steroid 5alpha-reductase deficiency type 2,DiseaseOrPhenotypicFeature,C535830,Association,Q126R,SequenceVariant,rs368386747,train
2328,15770495,steroid 5alpha-reductase deficiency type 2,DiseaseOrPhenotypicFeature,C535830,Association,A49T,SequenceVariant,rs9282858,train
2329,15770495,steroid 5alpha-reductase deficiency type 2,DiseaseOrPhenotypicFeature,C535830,Association,217_218insC,SequenceVariant,c|INS|217_218|C,train
2330,15770495,steroid 5alpha-reductase deficiency type 2,DiseaseOrPhenotypicFeature,C535830,Association,G196S,SequenceVariant,rs121434250,train
2331,15770495,steroid 5alpha-reductase deficiency type 2,DiseaseOrPhenotypicFeature,C535830,Association,del642T,SequenceVariant,c|DEL|642|T,train
2332,15770495,steroid 5alpha-reductase deficiency type 2,DiseaseOrPhenotypicFeature,C535830,Association,R246W,SequenceVariant,rs121434244,train
2333,15970799,simvastatin,ChemicalEntity,D019821,Association,C1007G,SequenceVariant,rs72559747,train
2334,15970799,simvastatin,ChemicalEntity,D019821,Association,SLCO1B1,GeneOrGeneProduct,10599,train
2335,15970799,cerivastatin,ChemicalEntity,C086276,Association,C1007G,SequenceVariant,rs72559747,train
2336,15970799,cerivastatin,ChemicalEntity,C086276,Association,SLCO1B1,GeneOrGeneProduct,10599,train
2337,15970799,atorvastatin,ChemicalEntity,D000069059,Association,C1007G,SequenceVariant,rs72559747,train
2338,15970799,atorvastatin,ChemicalEntity,D000069059,Association,SLCO1B1,GeneOrGeneProduct,10599,train
2339,15970799,tritium,ChemicalEntity,D014316,Association,estrone-3-sulfate,ChemicalEntity,C017296,train
2340,15970799,tritium,ChemicalEntity,D014316,Association,estradiol-17beta-D-glucuronide,ChemicalEntity,C025483,train
2341,15970799,pravastatin,ChemicalEntity,D017035,Association,C1007G,SequenceVariant,rs72559747,train
2342,15970799,pravastatin,ChemicalEntity,D017035,Positive_Correlation,myopathy,DiseaseOrPhenotypicFeature,D009135,train
2343,15970799,pravastatin,ChemicalEntity,D017035,Association,SLCO1B1,GeneOrGeneProduct,10599,train
2344,15970799,C1007G,SequenceVariant,rs72559747,Association,myopathy,DiseaseOrPhenotypicFeature,D009135,train
2345,15970799,SLCO1B1,GeneOrGeneProduct,10599,Association,myopathy,DiseaseOrPhenotypicFeature,D009135,train
2346,16737910,cancer,DiseaseOrPhenotypicFeature,D009369,Association,ETV6,GeneOrGeneProduct,2120,train
2347,16737910,beta-galactosidase,GeneOrGeneProduct,2720,Association,ETV6,GeneOrGeneProduct,2120,train
2348,16822828,CYP17,GeneOrGeneProduct,1586,Association,17alpha-hydroxylase deficiency,DiseaseOrPhenotypicFeature,C538237,train
2349,16822828,D487_S488_F489 deletion,SequenceVariant,p|DEL|487_489|DSF,Positive_Correlation,17alpha-hydroxylase deficiency,DiseaseOrPhenotypicFeature,C538237,train
2350,16822828,(TAC-->AA) at codon 329,SequenceVariant,c|SUB|TAC|CODON329|AA,Positive_Correlation,17alpha-hydroxylase deficiency,DiseaseOrPhenotypicFeature,C538237,train
2351,16822828,8-bp nucleotide (TTAAATGG) deletion,SequenceVariant,c|DEL||TTAAATGG,Positive_Correlation,17alpha-hydroxylase deficiency,DiseaseOrPhenotypicFeature,C538237,train
2352,16822828,Y329fs,SequenceVariant,p|FS|Y|329||,Positive_Correlation,17alpha-hydroxylase deficiency,DiseaseOrPhenotypicFeature,C538237,train
2353,16822828,V311fs,SequenceVariant,p|FS|V|311||,Positive_Correlation,17alpha-hydroxylase deficiency,DiseaseOrPhenotypicFeature,C538237,train
2354,17351238,chest pain,DiseaseOrPhenotypicFeature,D002637,Negative_Correlation,oxygen,ChemicalEntity,D010100,train
2355,17351238,chest pain,DiseaseOrPhenotypicFeature,D002637,Negative_Correlation,GTN,ChemicalEntity,D005996,train
2356,17351238,drop in blood pressure,DiseaseOrPhenotypicFeature,D007022,Negative_Correlation,atropine sulphate,ChemicalEntity,D001285,train
2357,17351238,drop in blood pressure,DiseaseOrPhenotypicFeature,D007022,Positive_Correlation,GTN,ChemicalEntity,D005996,train
2358,18189233,K294E,SequenceVariant,rs143544690,Association,prostate cancer,DiseaseOrPhenotypicFeature,D011471,train
2359,18189233,prostate cancer,DiseaseOrPhenotypicFeature,D011471,Association,D541E,SequenceVariant,rs627928,train
2360,18189233,prostate cancer,DiseaseOrPhenotypicFeature,D011471,Association,R462Q,SequenceVariant,rs486907,train
2361,18189233,RNASEL,GeneOrGeneProduct,6041,Negative_Correlation,ABCE1,GeneOrGeneProduct,6059,train
2362,18189233,RNASEL,GeneOrGeneProduct,6041,Association,prostate cancer,DiseaseOrPhenotypicFeature,D011471,train
2363,18483878,cyclophosphamide,ChemicalEntity,D003520,Positive_Correlation,IL-1beta,GeneOrGeneProduct,16176,train
2364,18483878,cyclophosphamide,ChemicalEntity,D003520,Positive_Correlation,CXCL1,GeneOrGeneProduct,14825,train
2365,18483878,cyclophosphamide,ChemicalEntity,D003520,Association,inflammatory,DiseaseOrPhenotypicFeature,D007249,train
2366,18483878,cyclophosphamide,ChemicalEntity,D003520,Positive_Correlation,cystitis,DiseaseOrPhenotypicFeature,D003556,train
2367,18483878,vasoactive intestinal polypeptide,GeneOrGeneProduct,22353,Negative_Correlation,inflammatory,DiseaseOrPhenotypicFeature,D007249,train
2368,18483878,vasoactive intestinal polypeptide,GeneOrGeneProduct,22353,Negative_Correlation,cystitis,DiseaseOrPhenotypicFeature,D003556,train
2369,18483878,vasoactive intestinal polypeptide,GeneOrGeneProduct,22353,Association,cyclophosphamide,ChemicalEntity,D003520,train
2370,18631865,sirolimus,ChemicalEntity,D020123,Negative_Correlation,chronic allograft nephropathy,DiseaseOrPhenotypicFeature,D051436,train
2371,18631865,calcineurin inhibitors,ChemicalEntity,D065095,Association,chronic allograft nephropathy,DiseaseOrPhenotypicFeature,D051436,train
2372,18631865,calcineurin inhibitors,ChemicalEntity,D065095,Comparison,sirolimus,ChemicalEntity,D020123,train
2373,18631865,calcineurin inhibitors,ChemicalEntity,D065095,Association,proteinuria,DiseaseOrPhenotypicFeature,D011507,train
2374,18631865,mToR,GeneOrGeneProduct,2475,Association,proteinuria,DiseaseOrPhenotypicFeature,D011507,train
2375,18631865,glomerulosclerosis,DiseaseOrPhenotypicFeature,D005921,Association,mToR,GeneOrGeneProduct,2475,train
2376,18631865,proteinuria,DiseaseOrPhenotypicFeature,D011507,Positive_Correlation,sirolimus,ChemicalEntity,D020123,train
2377,18791947,Bernard-Soulier Syndrome,DiseaseOrPhenotypicFeature,D001606,Negative_Correlation,GPIbalpha,GeneOrGeneProduct,2811,train
2378,18791947,Bernard-Soulier Syndrome,DiseaseOrPhenotypicFeature,D001606,Positive_Correlation,deletion (TGAG),SequenceVariant,c|DEL||TGAG,train
2379,19370764,p.G204VfsX28,SequenceVariant,p|FS|G|204|V|28,Positive_Correlation,Mucolipidosis type III,DiseaseOrPhenotypicFeature,D009081,train
2380,19370764,p.G204_K247del,SequenceVariant,p|DEL|204_247|,Positive_Correlation,Mucolipidosis type III,DiseaseOrPhenotypicFeature,D009081,train
2381,19370764,Mucolipidosis type III,DiseaseOrPhenotypicFeature,D009081,Positive_Correlation,p.G204VfsX17,SequenceVariant,p|FS|G|204|V|17,train
2382,19370764,Mucolipidosis type III,DiseaseOrPhenotypicFeature,D009081,Positive_Correlation,33-bp genomic deletion,SequenceVariant,g|DEL||33,train
2383,19370764,Mucolipidosis type III,DiseaseOrPhenotypicFeature,D009081,Positive_Correlation,c.609+28_610-16del,SequenceVariant,c|DEL|609+28_610-16|,train
2384,19370764,Mucolipidosis type III,DiseaseOrPhenotypicFeature,D009081,Positive_Correlation,c.640_667del28,SequenceVariant,rs193302859,train
2385,19370764,Mucolipidosis type III,DiseaseOrPhenotypicFeature,D009081,Positive_Correlation,c.611delG,SequenceVariant,rs193302856,train
2386,19370764,Mucolipidosis type III,DiseaseOrPhenotypicFeature,D009081,Positive_Correlation,AG-dinucleotide,SequenceVariant,rs193302855,train
2387,19370764,Mucolipidosis type III,DiseaseOrPhenotypicFeature,D009081,Positive_Correlation,p.W111X,SequenceVariant,rs137852884,train
2388,19370764,Mucolipidosis type III,DiseaseOrPhenotypicFeature,D009081,Positive_Correlation,p.T286M,SequenceVariant,rs193302860,train
2389,19370764,Mucolipidosis type III,DiseaseOrPhenotypicFeature,D009081,Negative_Correlation,UDP-N-acetylglucosamine-1-phosphotransferase gamma subunit,GeneOrGeneProduct,84572,train
2390,19370764,UDP-N-acetylglucosamine-1-phosphotransferase gamma subunit,GeneOrGeneProduct,84572,Association,mucolipidosis III gamma,DiseaseOrPhenotypicFeature,C565367,train
2391,20331935,risperidone,ChemicalEntity,D018967,Positive_Correlation,hyperprolactinemia,DiseaseOrPhenotypicFeature,D006966,train
2392,20331935,fractures,DiseaseOrPhenotypicFeature,D050723,Positive_Correlation,selective serotonin reuptake inhibitors,ChemicalEntity,D017367,train
2393,20331935,fractures,DiseaseOrPhenotypicFeature,D050723,Positive_Correlation,risperidone,ChemicalEntity,D018967,train
2394,21059483,GALT,GeneOrGeneProduct,2592,Association,Classic galactosemia,DiseaseOrPhenotypicFeature,D005693,train
2395,21059483,Classic galactosemia,DiseaseOrPhenotypicFeature,D005693,Association,lactose,ChemicalEntity,D007785,train
2396,21059483,Classic galactosemia,DiseaseOrPhenotypicFeature,D005693,Positive_Correlation,5.5 kb deletion,SequenceVariant,c|DEL||5.5K,train
2397,24055495,insulin-receptor,GeneOrGeneProduct,24954,Negative_Correlation,glucose,ChemicalEntity,D005947,train
2398,24055495,dementia,DiseaseOrPhenotypicFeature,D003704,Association,insulin-receptor,GeneOrGeneProduct,24954,train
2399,24055495,Alzheimer's disease,DiseaseOrPhenotypicFeature,D000544,Association,insulin-receptor,GeneOrGeneProduct,24954,train
2400,24055495,Alzheimer's disease,DiseaseOrPhenotypicFeature,D000544,Negative_Correlation,glucose,ChemicalEntity,D005947,train
2401,24055495,streptozotocin,ChemicalEntity,D013311,Positive_Correlation,Alzheimer's disease,DiseaseOrPhenotypicFeature,D000544,train
2402,24055495,streptozotocin,ChemicalEntity,D013311,Positive_Correlation,cognitive deficits,DiseaseOrPhenotypicFeature,D003072,train
2403,24055495,streptozotocin,ChemicalEntity,D013311,Negative_Correlation,galactose,ChemicalEntity,D005690,train
2404,24055495,glucose,ChemicalEntity,D005947,Association,dementia,DiseaseOrPhenotypicFeature,D003704,train
2405,24055495,GLUT4,GeneOrGeneProduct,25139,Association,glucose,ChemicalEntity,D005947,train
2406,24055495,galactose,ChemicalEntity,D005690,Association,glucose hypometabolism,DiseaseOrPhenotypicFeature,D018149,train
2407,24055495,galactose,ChemicalEntity,D005690,Association,Alzheimer's disease,DiseaseOrPhenotypicFeature,D000544,train
2408,24055495,galactose,ChemicalEntity,D005690,Positive_Correlation,memory deterioration,DiseaseOrPhenotypicFeature,D008569,train
2409,24055495,galactose,ChemicalEntity,D005690,Association,GLUT3,GeneOrGeneProduct,25551,train
2410,24055495,galactose,ChemicalEntity,D005690,Negative_Correlation,cognitive deficits,DiseaseOrPhenotypicFeature,D003072,train
2411,27084744,CD133,GeneOrGeneProduct,8842,Positive_Correlation,SOX10,GeneOrGeneProduct,6663,train
2412,27084744,CD133,GeneOrGeneProduct,8842,Association,NOTCH1,GeneOrGeneProduct,4851,train
2413,27084744,DAPT,ChemicalEntity,C419410,Association,CD133,GeneOrGeneProduct,8842,train
2414,27084744,DAPT,ChemicalEntity,C419410,Negative_Correlation,SKP2,GeneOrGeneProduct,6502,train
2415,27084744,DAPT,ChemicalEntity,C419410,Positive_Correlation,p27Kip1,GeneOrGeneProduct,1027,train
2416,27084744,DAPT,ChemicalEntity,C419410,Negative_Correlation,Adenoid Cystic Carcinoma,DiseaseOrPhenotypicFeature,D003528,train
2417,27084744,g-secretase,GeneOrGeneProduct,55851,Association,CD133,GeneOrGeneProduct,8842,train
2418,27084744,g-secretase,GeneOrGeneProduct,55851,Negative_Correlation,DAPT,ChemicalEntity,C419410,train
2419,27084744,g-secretase,GeneOrGeneProduct,55851,Positive_Correlation,SKP2,GeneOrGeneProduct,6502,train
2420,27084744,g-secretase,GeneOrGeneProduct,55851,Negative_Correlation,p27Kip1,GeneOrGeneProduct,1027,train
2421,27084744,g-secretase,GeneOrGeneProduct,55851,Association,Adenoid Cystic Carcinoma,DiseaseOrPhenotypicFeature,D003528,train
2422,27084744,g-secretase,GeneOrGeneProduct,55851,Positive_Correlation,NOTCH1,GeneOrGeneProduct,4851,train
2423,27084744,SKP2,GeneOrGeneProduct,6502,Association,p27Kip1,GeneOrGeneProduct,1027,train
2424,27084744,SKP2,GeneOrGeneProduct,6502,Association,Adenoid Cystic Carcinoma,DiseaseOrPhenotypicFeature,D003528,train
2425,27084744,FABP7,GeneOrGeneProduct,2173,Association,Adenoid Cystic Carcinoma,DiseaseOrPhenotypicFeature,D003528,train
2426,27084744,SOX10,GeneOrGeneProduct,6663,Positive_Correlation,FABP7,GeneOrGeneProduct,2173,train
2427,27084744,SOX10,GeneOrGeneProduct,6663,Association,Cancer,DiseaseOrPhenotypicFeature,D009369,train
2428,27084744,SOX10,GeneOrGeneProduct,6663,Association,Adenoid Cystic Carcinoma,DiseaseOrPhenotypicFeature,D003528,train
2429,27084744,Cancer,DiseaseOrPhenotypicFeature,D009369,Association,ROCK,GeneOrGeneProduct,6093,train
2430,27084744,Cancer,DiseaseOrPhenotypicFeature,D009369,Association,CD133,GeneOrGeneProduct,8842,train
2431,27084744,Adenoid Cystic Carcinoma,DiseaseOrPhenotypicFeature,D003528,Association,ROCK,GeneOrGeneProduct,6093,train
2432,27084744,Adenoid Cystic Carcinoma,DiseaseOrPhenotypicFeature,D003528,Association,CD133,GeneOrGeneProduct,8842,train
2433,27084744,Adenoid Cystic Carcinoma,DiseaseOrPhenotypicFeature,D003528,Association,p27Kip1,GeneOrGeneProduct,1027,train
2434,27084744,Adenoid Cystic Carcinoma,DiseaseOrPhenotypicFeature,D003528,Association,NR2F2,GeneOrGeneProduct,7026,train
2435,27084744,Adenoid Cystic Carcinoma,DiseaseOrPhenotypicFeature,D003528,Association,NR2F1,GeneOrGeneProduct,7025,train
2436,27084744,Adenoid Cystic Carcinoma,DiseaseOrPhenotypicFeature,D003528,Association,JAG1,GeneOrGeneProduct,182,train
2437,27084744,NOTCH1,GeneOrGeneProduct,4851,Negative_Correlation,DAPT,ChemicalEntity,C419410,train
2438,27084744,NOTCH1,GeneOrGeneProduct,4851,Positive_Correlation,FABP7,GeneOrGeneProduct,2173,train
2439,27084744,NOTCH1,GeneOrGeneProduct,4851,Association,Cancer,DiseaseOrPhenotypicFeature,D009369,train
2440,27084744,NOTCH1,GeneOrGeneProduct,4851,Association,Adenoid Cystic Carcinoma,DiseaseOrPhenotypicFeature,D003528,train
2441,18235024,Cone dystrophy with supernormal rod response,DiseaseOrPhenotypicFeature,C563678,Association,KCNV2,GeneOrGeneProduct,169522,train
2442,18235024,Cone dystrophy with supernormal rod response,DiseaseOrPhenotypicFeature,C563678,Association,PDE6H,GeneOrGeneProduct,5149,train
2443,19779499,muscle weakness,DiseaseOrPhenotypicFeature,D018908,Association,potassium,ChemicalEntity,D011188,train
2444,19779499,hypokalemic periodic paralysis,DiseaseOrPhenotypicFeature,D020514,Association,CACNA1S,GeneOrGeneProduct,779,train
2445,19779499,CACNA1S,GeneOrGeneProduct,779,Association,death,DiseaseOrPhenotypicFeature,D003643,train
2446,19779499,V876E,SequenceVariant,rs267606698,Positive_Correlation,hypokalemic periodic paralysis,DiseaseOrPhenotypicFeature,D020514,train
2447,19779499,death,DiseaseOrPhenotypicFeature,D003643,Positive_Correlation,V876E,SequenceVariant,rs267606698,train
2448,19811499,phosphoinositide 3-kinase (PI3K)/protein kinase B,GeneOrGeneProduct,207,Association,bone morphogenetic protein-2,GeneOrGeneProduct,650,train
2449,19811499,phosphoinositide 3-kinase (PI3K)/protein kinase B,GeneOrGeneProduct,207,Association,nuclear factor-kappaB,GeneOrGeneProduct,4790,train
2450,19811499,phosphoinositide 3-kinase (PI3K)/protein kinase B,GeneOrGeneProduct,207,Association,prostate cancer,DiseaseOrPhenotypicFeature,D011471,train
2451,19811499,collagen IA1,GeneOrGeneProduct,1277,Positive_Correlation,prostate cancer,DiseaseOrPhenotypicFeature,D011471,train
2452,19811499,osteocalcin,GeneOrGeneProduct,632,Positive_Correlation,prostate cancer,DiseaseOrPhenotypicFeature,D011471,train
2453,19811499,osteopontin,GeneOrGeneProduct,6696,Positive_Correlation,prostate cancer,DiseaseOrPhenotypicFeature,D011471,train
2454,19811499,bone morphogenetic protein-2,GeneOrGeneProduct,650,Association,nuclear factor-kappaB,GeneOrGeneProduct,4790,train
2455,19811499,bone morphogenetic protein-2,GeneOrGeneProduct,650,Association,tumor necrosis factor-alpha,GeneOrGeneProduct,7124,train
2456,19811499,bone morphogenetic protein-2,GeneOrGeneProduct,650,Association,prostate cancer,DiseaseOrPhenotypicFeature,D011471,train
2457,19811499,bone morphogenetic protein-2,GeneOrGeneProduct,12156,Association,Smad,GeneOrGeneProduct,17127,train
2458,19811499,bone morphogenetic protein-2,GeneOrGeneProduct,12156,Association,prostate cancer,DiseaseOrPhenotypicFeature,D011471,train
2459,19811499,nuclear factor-kappaB,GeneOrGeneProduct,4790,Positive_Correlation,p65,GeneOrGeneProduct,5970,train
2460,19811499,nuclear factor-kappaB,GeneOrGeneProduct,4790,Positive_Correlation,tumor necrosis factor-alpha,GeneOrGeneProduct,7124,train
2461,19811499,nuclear factor-kappaB,GeneOrGeneProduct,4790,Association,prostate cancer,DiseaseOrPhenotypicFeature,D011471,train
2462,19811499,nuclear factor-kappaB,GeneOrGeneProduct,18033,Association,prostate cancer,DiseaseOrPhenotypicFeature,D011471,train
2463,19811499,tumor necrosis factor-alpha,GeneOrGeneProduct,7124,Negative_Correlation,receptor activator of NF-kappaB ligand,GeneOrGeneProduct,21943,train
2464,19811499,tumor necrosis factor-alpha,GeneOrGeneProduct,7124,Positive_Correlation,Smad,GeneOrGeneProduct,17127,train
2465,19811499,tumor necrosis factor-alpha,GeneOrGeneProduct,7124,Positive_Correlation,bone morphogenetic protein-2,GeneOrGeneProduct,12156,train
2466,19811499,tumor necrosis factor-alpha,GeneOrGeneProduct,7124,Association,prostate cancer,DiseaseOrPhenotypicFeature,D011471,train
2467,19811499,tumor necrosis factor-alpha,GeneOrGeneProduct,21926,Association,prostate cancer,DiseaseOrPhenotypicFeature,D011471,train
2468,20801104,-521C/T,SequenceVariant,rs1800955,Positive_Correlation,heroin addiction,DiseaseOrPhenotypicFeature,D006556,train
2469,20801104,-1240 L/S,SequenceVariant,p|SUB|L|-1240|S,Positive_Correlation,paranoid schizophrenia,DiseaseOrPhenotypicFeature,D012563,train
2470,20801104,-120 bp duplication,SequenceVariant,c|DUP|-120||,Positive_Correlation,schizophrenia,DiseaseOrPhenotypicFeature,D012559,train
2471,20801104,DRD4,GeneOrGeneProduct,1815,Association,heroin addiction,DiseaseOrPhenotypicFeature,D006556,train
2472,20801104,DRD4,GeneOrGeneProduct,1815,Association,paranoid schizophrenia,DiseaseOrPhenotypicFeature,D012563,train
2473,20801104,DRD4,GeneOrGeneProduct,1815,Association,schizophrenia,DiseaseOrPhenotypicFeature,D012559,train
2474,21080147,EGF,GeneOrGeneProduct,1950,Association,atrioventricular septal defect,DiseaseOrPhenotypicFeature,C562831,train
2475,21080147,calcium,ChemicalEntity,D002118,Bind,EGF,GeneOrGeneProduct,1950,train
2476,21080147,Down syndrome,DiseaseOrPhenotypicFeature,D004314,Association,CRELD1,GeneOrGeneProduct,78987,train
2477,21080147,c.973G>A,SequenceVariant,rs755981922,Association,Down syndrome,DiseaseOrPhenotypicFeature,D004314,train
2478,21080147,c.973G>A,SequenceVariant,rs755981922,Positive_Correlation,heart defect,DiseaseOrPhenotypicFeature,D006331,train
2479,21080147,c.973G>A,SequenceVariant,rs755981922,Association,atrioventricular septal defect,DiseaseOrPhenotypicFeature,C562831,train
2480,21080147,alanine for proline at amino acid 286,SequenceVariant,p|SUB|A|286|P,Positive_Correlation,heart defect,DiseaseOrPhenotypicFeature,D006331,train
2481,21080147,alanine for proline at amino acid 286,SequenceVariant,p|SUB|A|286|P,Association,atrioventricular septal defect,DiseaseOrPhenotypicFeature,C562831,train
2482,21080147,C-to-G transition was identified at nucleotide 857,SequenceVariant,c|SUB|C|857|G,Positive_Correlation,heart defect,DiseaseOrPhenotypicFeature,D006331,train
2483,21080147,C-to-G transition was identified at nucleotide 857,SequenceVariant,c|SUB|C|857|G,Association,atrioventricular septal defect,DiseaseOrPhenotypicFeature,C562831,train
2484,21080147,CRELD1,GeneOrGeneProduct,78987,Association,EGF,GeneOrGeneProduct,1950,train
2485,21080147,CRELD1,GeneOrGeneProduct,78987,Association,calcium,ChemicalEntity,D002118,train
2486,21080147,CRELD1,GeneOrGeneProduct,78987,Association,heart defect,DiseaseOrPhenotypicFeature,D006331,train
2487,21080147,CRELD1,GeneOrGeneProduct,78987,Association,atrioventricular septal defect,DiseaseOrPhenotypicFeature,C562831,train
2488,21135151,delta32,SequenceVariant,c|DEL||32,Association,HIV-1-infected,DiseaseOrPhenotypicFeature,D015658,train
2489,21135151,CCR5,GeneOrGeneProduct,1234,Association,HIV-1-infected,DiseaseOrPhenotypicFeature,D015658,train
2490,22836123,corticosteroid,ChemicalEntity,D000305,Positive_Correlation,scleroderma renal crisis,DiseaseOrPhenotypicFeature,D007674,train
2491,22836123,thrombotic microangiopathy,DiseaseOrPhenotypicFeature,D057049,Positive_Correlation,cyclosporine,ChemicalEntity,D016572,train
2492,22836123,cyclosporine,ChemicalEntity,D016572,Negative_Correlation,systemic sclerosis,DiseaseOrPhenotypicFeature,D012595,train
2493,22836123,tacrolimus,ChemicalEntity,D016559,Negative_Correlation,systemic sclerosis,DiseaseOrPhenotypicFeature,D012595,train
2494,22836123,scleroderma renal crisis,DiseaseOrPhenotypicFeature,D007674,Positive_Correlation,prednisolone,ChemicalEntity,D011239,train
2495,22836123,scleroderma renal crisis,DiseaseOrPhenotypicFeature,D007674,Positive_Correlation,tacrolimus,ChemicalEntity,D016559,train
2496,25946186,Bcl-2,GeneOrGeneProduct,596,Association,Lung Cancer,DiseaseOrPhenotypicFeature,D008175,train
2497,25946186,Bax,GeneOrGeneProduct,581,Association,Lung Cancer,DiseaseOrPhenotypicFeature,D008175,train
2498,25946186,caspase-9,GeneOrGeneProduct,842,Association,Lung Cancer,DiseaseOrPhenotypicFeature,D008175,train
2499,25946186,caspase-3,GeneOrGeneProduct,836,Association,Lung Cancer,DiseaseOrPhenotypicFeature,D008175,train
2500,25946186,TIPE2,GeneOrGeneProduct,79626,Association,P38,GeneOrGeneProduct,1432,train
2501,25946186,TIPE2,GeneOrGeneProduct,79626,Association,Akt,GeneOrGeneProduct,207,train
2502,25946186,TIPE2,GeneOrGeneProduct,79626,Negative_Correlation,Bcl-2,GeneOrGeneProduct,596,train
2503,25946186,TIPE2,GeneOrGeneProduct,79626,Positive_Correlation,Bax,GeneOrGeneProduct,581,train
2504,25946186,TIPE2,GeneOrGeneProduct,79626,Positive_Correlation,caspase-9,GeneOrGeneProduct,842,train
2505,25946186,TIPE2,GeneOrGeneProduct,79626,Positive_Correlation,caspase-3,GeneOrGeneProduct,836,train
2506,25946186,TIPE2,GeneOrGeneProduct,79626,Association,cancer,DiseaseOrPhenotypicFeature,D009369,train
2507,25946186,TIPE2,GeneOrGeneProduct,79626,Negative_Correlation,Lung Cancer,DiseaseOrPhenotypicFeature,D008175,train
2508,25946186,TIPE2,GeneOrGeneProduct,79626,Negative_Correlation,small cell lung cancer,DiseaseOrPhenotypicFeature,D055752,train
2509,27134166,glutamine,ChemicalEntity,D005973,Positive_Correlation,lactate,ChemicalEntity,D019344,train
2510,27134166,lactate,ChemicalEntity,D019344,Positive_Correlation,mTOR,GeneOrGeneProduct,56717,train
2511,27134166,mTOR,GeneOrGeneProduct,56717,Negative_Correlation,GLUT2,GeneOrGeneProduct,20526,train
2512,27134166,mTOR,GeneOrGeneProduct,56717,Positive_Correlation,glutamine,ChemicalEntity,D005973,train
2513,27134166,MCT4,GeneOrGeneProduct,80879,Association,HIF1a,GeneOrGeneProduct,15251,train
2514,27134166,GLUT1,GeneOrGeneProduct,20525,Association,HIF1a,GeneOrGeneProduct,15251,train
2515,27134166,tumor,DiseaseOrPhenotypicFeature,D009369,Association,glucose,ChemicalEntity,D005947,train
2516,27134166,tumor,DiseaseOrPhenotypicFeature,D009369,Association,glutamine,ChemicalEntity,D005973,train
2517,27134166,tumor,DiseaseOrPhenotypicFeature,D009369,Association,lactate,ChemicalEntity,D019344,train
2518,27134166,tumor,DiseaseOrPhenotypicFeature,D009369,Positive_Correlation,mTOR,GeneOrGeneProduct,56717,train
2519,27134166,tumor,DiseaseOrPhenotypicFeature,D009369,Association,p-S6,GeneOrGeneProduct,72508,train
2520,27134166,tumor,DiseaseOrPhenotypicFeature,D009369,Association,MCT1,GeneOrGeneProduct,20501,train
2521,27134166,tumor,DiseaseOrPhenotypicFeature,D009369,Association,VEGF,GeneOrGeneProduct,7422,train
2522,27134166,tumor,DiseaseOrPhenotypicFeature,D009369,Association,VEGF,GeneOrGeneProduct,22339,train
2523,27184800,Metallothionein-1,GeneOrGeneProduct,4495,Association,tumours,DiseaseOrPhenotypicFeature,D009369,train
2524,27184800,Metallothionein-1,GeneOrGeneProduct,4495,Positive_Correlation,sorafenib,ChemicalEntity,D000077157,train
2525,27184800,Metallothionein-1,GeneOrGeneProduct,4495,Association,hepatocellular carcinoma,DiseaseOrPhenotypicFeature,D006528,train
2526,27184800,sorafenib,ChemicalEntity,D000077157,Negative_Correlation,tumours,DiseaseOrPhenotypicFeature,D009369,train
2527,27184800,hepatocellular carcinoma,DiseaseOrPhenotypicFeature,D006528,Negative_Correlation,sorafenib,ChemicalEntity,D000077157,train
2528,27974047,BRAF,GeneOrGeneProduct,673,Association,gastrointestinal stromal tumors,DiseaseOrPhenotypicFeature,D046152,train
2529,27974047,RAS,GeneOrGeneProduct,3845,Association,gastrointestinal stromal tumors,DiseaseOrPhenotypicFeature,D046152,train
2530,27974047,NTRK3,GeneOrGeneProduct,4916,Association,TRK,GeneOrGeneProduct,4914,train
2531,27974047,ETV6,GeneOrGeneProduct,2120,Association,TRK,GeneOrGeneProduct,4914,train
2532,27974047,ETV6,GeneOrGeneProduct,2120,Association,NTRK3,GeneOrGeneProduct,4916,train
2533,27974047,tumors,DiseaseOrPhenotypicFeature,D009369,Association,TRK,GeneOrGeneProduct,4914,train
2534,27974047,tumors,DiseaseOrPhenotypicFeature,D009369,Association,NTRK3,GeneOrGeneProduct,4916,train
2535,27974047,tumors,DiseaseOrPhenotypicFeature,D009369,Association,ETV6,GeneOrGeneProduct,2120,train
2536,27974047,tumors,DiseaseOrPhenotypicFeature,D009369,Association,TACC1,GeneOrGeneProduct,6867,train
2537,27974047,tumors,DiseaseOrPhenotypicFeature,D009369,Association,HOOK3,GeneOrGeneProduct,84376,train
2538,27974047,tumors,DiseaseOrPhenotypicFeature,D009369,Association,FGFR1,GeneOrGeneProduct,2260,train
2539,27974047,FGFR1,GeneOrGeneProduct,2260,Association,TACC1,GeneOrGeneProduct,6867,train
2540,27974047,FGFR1,GeneOrGeneProduct,2260,Association,HOOK3,GeneOrGeneProduct,84376,train
2541,27974047,gastrointestinal stromal tumors,DiseaseOrPhenotypicFeature,D046152,Association,NTRK3,GeneOrGeneProduct,4916,train
2542,27974047,gastrointestinal stromal tumors,DiseaseOrPhenotypicFeature,D046152,Association,ETV6,GeneOrGeneProduct,2120,train
2543,27974047,gastrointestinal stromal tumors,DiseaseOrPhenotypicFeature,D046152,Association,TACC1,GeneOrGeneProduct,6867,train
2544,27974047,gastrointestinal stromal tumors,DiseaseOrPhenotypicFeature,D046152,Association,ZNF217,GeneOrGeneProduct,7764,train
2545,27974047,gastrointestinal stromal tumors,DiseaseOrPhenotypicFeature,D046152,Association,PARK2,GeneOrGeneProduct,5071,train
2546,27974047,gastrointestinal stromal tumors,DiseaseOrPhenotypicFeature,D046152,Association,SUFU,GeneOrGeneProduct,51684,train
2547,27974047,gastrointestinal stromal tumors,DiseaseOrPhenotypicFeature,D046152,Association,LTK,GeneOrGeneProduct,4058,train
2548,27974047,gastrointestinal stromal tumors,DiseaseOrPhenotypicFeature,D046152,Association,FGFR1,GeneOrGeneProduct,2260,train
2549,27974047,gastrointestinal stromal tumors,DiseaseOrPhenotypicFeature,D046152,Association,ATR,GeneOrGeneProduct,545,train
2550,27974047,gastrointestinal stromal tumors,DiseaseOrPhenotypicFeature,D046152,Association,ARID1B,GeneOrGeneProduct,57492,train
2551,27974047,NF1,GeneOrGeneProduct,4763,Association,gastrointestinal stromal tumors,DiseaseOrPhenotypicFeature,D046152,train
2552,28204828,terminal deoxynucleotidyltransferase,GeneOrGeneProduct,1791,Association,dUTP,ChemicalEntity,C027078,train
2553,28204828,Akt,GeneOrGeneProduct,11651,Association,ischaemic heart disease,DiseaseOrPhenotypicFeature,D017202,train
2554,28204828,Pten,GeneOrGeneProduct,19211,Association,ischaemic heart disease,DiseaseOrPhenotypicFeature,D017202,train
2555,28204828,Pten,GeneOrGeneProduct,19211,Association,Akt,GeneOrGeneProduct,11651,train
2556,28204828,infarcted heart,DiseaseOrPhenotypicFeature,D009203,Association,Akt,GeneOrGeneProduct,11651,train
2557,28204828,infarcted heart,DiseaseOrPhenotypicFeature,D009203,Association,Pten,GeneOrGeneProduct,19211,train
2558,28204828,TIEG1,GeneOrGeneProduct,21847,Association,pancreatic cancer,DiseaseOrPhenotypicFeature,D010190,train
2559,28204828,TIEG1,GeneOrGeneProduct,21847,Association,leukaemia,DiseaseOrPhenotypicFeature,D007938,train
2560,28204828,TIEG1,GeneOrGeneProduct,21847,Association,osteoporosis,DiseaseOrPhenotypicFeature,D010024,train
2561,28204828,TIEG1,GeneOrGeneProduct,21847,Association,ischaemic heart disease,DiseaseOrPhenotypicFeature,D017202,train
2562,28204828,TIEG1,GeneOrGeneProduct,21847,Association,vascular endothelial growth factor,GeneOrGeneProduct,22339,train
2563,28204828,TIEG1,GeneOrGeneProduct,21847,Association,Bax,GeneOrGeneProduct,12028,train
2564,28204828,TIEG1,GeneOrGeneProduct,21847,Association,Bcl-2,GeneOrGeneProduct,12043,train
2565,28204828,TIEG1,GeneOrGeneProduct,21847,Association,Akt,GeneOrGeneProduct,11651,train
2566,28204828,TIEG1,GeneOrGeneProduct,21847,Association,Pten,GeneOrGeneProduct,19211,train
2567,28204828,TIEG1,GeneOrGeneProduct,21847,Association,infarcted heart,DiseaseOrPhenotypicFeature,D009203,train
2568,16001362,actin,GeneOrGeneProduct,60,Association,DKFZP434I216,GeneOrGeneProduct,25894,train
2569,16001362,Rho guanine-nucleotide exchange-factor,GeneOrGeneProduct,9138,Association,cerebellar degeneration,DiseaseOrPhenotypicFeature,D013132,train
2570,16001362,autosomal dominant cerebellar ataxia,DiseaseOrPhenotypicFeature,OMIM:604121,Association,DKFZP434I216,GeneOrGeneProduct,25894,train
2571,16001362,autosomal dominant cerebellar ataxia,DiseaseOrPhenotypicFeature,OMIM:604121,Association,C-->T,SequenceVariant,c|SUB|C||T,train
2572,16001362,autosomal dominant cerebellar ataxia,DiseaseOrPhenotypicFeature,OMIM:604121,Association,Rho guanine-nucleotide exchange-factor,GeneOrGeneProduct,9138,train
2573,16158428,OPHN1,GeneOrGeneProduct,4983,Association,X-linked mental retardation,DiseaseOrPhenotypicFeature,D038901,train
2574,16158428,OPHN1,GeneOrGeneProduct,4983,Association,cerebellar hypoplasia,DiseaseOrPhenotypicFeature,C562568,train
2575,16158428,mental retardation,DiseaseOrPhenotypicFeature,D008607,Association,OPHN1,GeneOrGeneProduct,4983,train
2576,16786513,autosomal recessive disorder,DiseaseOrPhenotypicFeature,D030342,Association,glycogen,ChemicalEntity,D006003,train
2577,16786513,p.R50X,SequenceVariant,rs116987552,Association,McArdle disease,DiseaseOrPhenotypicFeature,D006012,train
2578,16786513,McArdle disease,DiseaseOrPhenotypicFeature,D006012,Association,glycogen,ChemicalEntity,D006003,train
2579,16786513,McArdle disease,DiseaseOrPhenotypicFeature,D006012,Association,p.V657_G726,SequenceVariant,p|DEL|657_726|,train
2580,16786513,McArdle disease,DiseaseOrPhenotypicFeature,D006012,Association,c.1627A>T,SequenceVariant,c|SUB|A|1627|T,train
2581,16786513,McArdle disease,DiseaseOrPhenotypicFeature,D006012,Association,c.1475G>A,SequenceVariant,c|SUB|G|1475|A,train
2582,16786513,McArdle disease,DiseaseOrPhenotypicFeature,D006012,Association,c.2444A>C,SequenceVariant,c|SUB|A|2444|C,train
2583,16786513,McArdle disease,DiseaseOrPhenotypicFeature,D006012,Association,c.2477G>C,SequenceVariant,c|SUB|G|2477|C,train
2584,16786513,McArdle disease,DiseaseOrPhenotypicFeature,D006012,Association,c.2380 +1G>A,SequenceVariant,c|SUB|G|2380+1|A,train
2585,16786513,McArdle disease,DiseaseOrPhenotypicFeature,D006012,Association,c.1239 +1G>A,SequenceVariant,c|SUB|G|1239+1|A,train
2586,16786513,McArdle disease,DiseaseOrPhenotypicFeature,D006012,Association,c. 1093-1G>T,SequenceVariant,c|SUB|G|1093-1|T,train
2587,16786513,McArdle disease,DiseaseOrPhenotypicFeature,D006012,Association,c.1092 +1G>A,SequenceVariant,c|SUB|G|1092+1|A,train
2588,16786513,McArdle disease,DiseaseOrPhenotypicFeature,D006012,Association,c.855 +1G>C,SequenceVariant,c|SUB|C|855+1|C,train
2589,16786513,McArdle disease,DiseaseOrPhenotypicFeature,D006012,Association,c.1151C>A,SequenceVariant,c|SUB|C|1151|A,train
2590,16786513,McArdle disease,DiseaseOrPhenotypicFeature,D006012,Association,c.1094C>T,SequenceVariant,c|SUB|C|1094|T,train
2591,16786513,McArdle disease,DiseaseOrPhenotypicFeature,D006012,Association,c.689C>G,SequenceVariant,c|SUB|C|689|G,train
2592,16786513,McArdle disease,DiseaseOrPhenotypicFeature,D006012,Association,p.G705RfsX16,SequenceVariant,p|FS|G|705|R|16,train
2593,16786513,McArdle disease,DiseaseOrPhenotypicFeature,D006012,Association,c.2113_2114delGG,SequenceVariant,c|DEL|2113_2114|GG,train
2594,16786513,McArdle disease,DiseaseOrPhenotypicFeature,D006012,Association,c.1970_2177del,SequenceVariant,c|DEL|1970_2177|,train
2595,16786513,McArdle disease,DiseaseOrPhenotypicFeature,D006012,Association,p.N102DfsX4,SequenceVariant,p|FS|N|102|D|4,train
2596,16786513,McArdle disease,DiseaseOrPhenotypicFeature,D006012,Association,c.304delA,SequenceVariant,c|DEL|304|A,train
2597,16786513,McArdle disease,DiseaseOrPhenotypicFeature,D006012,Association,p.V239del,SequenceVariant,p|DEL|239|V,train
2598,16786513,McArdle disease,DiseaseOrPhenotypicFeature,D006012,Association,c.715_717delGTC,SequenceVariant,c|DEL|715_717|GTC,train
2599,16786513,McArdle disease,DiseaseOrPhenotypicFeature,D006012,Association,p.K543X,SequenceVariant,p|SUB|K|543|X,train
2600,16786513,McArdle disease,DiseaseOrPhenotypicFeature,D006012,Association,p.W492X,SequenceVariant,p|SUB|W|492|X,train
2601,16786513,McArdle disease,DiseaseOrPhenotypicFeature,D006012,Association,p.W826S,SequenceVariant,p|SUB|W|826|S,train
2602,16786513,McArdle disease,DiseaseOrPhenotypicFeature,D006012,Association,p.D815A,SequenceVariant,p|SUB|D|815|A,train
2603,16786513,McArdle disease,DiseaseOrPhenotypicFeature,D006012,Association,c.1471C>T,SequenceVariant,rs759977194,train
2604,16786513,McArdle disease,DiseaseOrPhenotypicFeature,D006012,Association,"c.1182C>T,",SequenceVariant,rs750700202,train
2605,16786513,McArdle disease,DiseaseOrPhenotypicFeature,D006012,Association,p.A384D,SequenceVariant,p|SUB|A|384|D,train
2606,16786513,McArdle disease,DiseaseOrPhenotypicFeature,D006012,Association,p.A365E,SequenceVariant,p|SUB|A|365|E,train
2607,16786513,McArdle disease,DiseaseOrPhenotypicFeature,D006012,Association,p.P230R,SequenceVariant,p|SUB|P|230|R,train
2608,16786513,McArdle disease,DiseaseOrPhenotypicFeature,D006012,Association,c.475G>A,SequenceVariant,rs760654579,train
2609,16786513,PYGM,GeneOrGeneProduct,5837,Association,McArdle disease,DiseaseOrPhenotypicFeature,D006012,train
2610,17965424,oedema,DiseaseOrPhenotypicFeature,D004487,Positive_Correlation,diclofenac sodium,ChemicalEntity,D004008,train
2611,17965424,oedema,DiseaseOrPhenotypicFeature,D004487,Positive_Correlation,etoricoxib,ChemicalEntity,D000077613,train
2612,17965424,hypertension,DiseaseOrPhenotypicFeature,D006973,Positive_Correlation,diclofenac sodium,ChemicalEntity,D004008,train
2613,17965424,hypertension,DiseaseOrPhenotypicFeature,D006973,Positive_Correlation,etoricoxib,ChemicalEntity,D000077613,train
2614,17965424,GI adverse experiences,DiseaseOrPhenotypicFeature,D005767,Positive_Correlation,diclofenac sodium,ChemicalEntity,D004008,train
2615,17965424,GI adverse experiences,DiseaseOrPhenotypicFeature,D005767,Positive_Correlation,etoricoxib,ChemicalEntity,D000077613,train
2616,17965424,aspirin,ChemicalEntity,D001241,Negative_Correlation,rheumatoid arthritis,DiseaseOrPhenotypicFeature,D001172,train
2617,17965424,diclofenac sodium,ChemicalEntity,D004008,Negative_Correlation,rheumatoid arthritis,DiseaseOrPhenotypicFeature,D001172,train
2618,17965424,etoricoxib,ChemicalEntity,D000077613,Comparison,diclofenac sodium,ChemicalEntity,D004008,train
2619,17965424,etoricoxib,ChemicalEntity,D000077613,Negative_Correlation,rheumatoid arthritis,DiseaseOrPhenotypicFeature,D001172,train
2620,18672102,c.1146+25insA,SequenceVariant,c|INS|1146+25|A,Association,ventricular septal defect,DiseaseOrPhenotypicFeature,D006345,train
2621,18672102,GATA4,GeneOrGeneProduct,2626,Association,endocardial cushion defect,DiseaseOrPhenotypicFeature,D004694,train
2622,18672102,GATA4,GeneOrGeneProduct,2626,Association,Tetralogy of Fallot,DiseaseOrPhenotypicFeature,D013771,train
2623,18672102,GATA4,GeneOrGeneProduct,2626,Association,ventricular septal defect,DiseaseOrPhenotypicFeature,D006345,train
2624,18672102,GATA4,GeneOrGeneProduct,2626,Association,congenital heart disease,DiseaseOrPhenotypicFeature,D006331,train
2625,18672102,A442V,SequenceVariant,rs146017816,Association,endocardial cushion defect,DiseaseOrPhenotypicFeature,D004694,train
2626,18672102,A442V,SequenceVariant,rs146017816,Association,Tetralogy of Fallot,DiseaseOrPhenotypicFeature,D013771,train
2627,18672102,A442V,SequenceVariant,rs146017816,Association,ventricular septal defect,DiseaseOrPhenotypicFeature,D006345,train
2628,18672102,S429T,SequenceVariant,p|SUB|S|429|T,Association,endocardial cushion defect,DiseaseOrPhenotypicFeature,D004694,train
2629,18672102,S429T,SequenceVariant,p|SUB|S|429|T,Association,Tetralogy of Fallot,DiseaseOrPhenotypicFeature,D013771,train
2630,18672102,S429T,SequenceVariant,p|SUB|S|429|T,Association,ventricular septal defect,DiseaseOrPhenotypicFeature,D006345,train
2631,18672102,P407Q,SequenceVariant,rs115099192,Association,endocardial cushion defect,DiseaseOrPhenotypicFeature,D004694,train
2632,18672102,P407Q,SequenceVariant,rs115099192,Association,Tetralogy of Fallot,DiseaseOrPhenotypicFeature,D013771,train
2633,18672102,P407Q,SequenceVariant,rs115099192,Association,ventricular septal defect,DiseaseOrPhenotypicFeature,D006345,train
2634,18672102,E359K,SequenceVariant,rs368489876,Association,endocardial cushion defect,DiseaseOrPhenotypicFeature,D004694,train
2635,18672102,E359K,SequenceVariant,rs368489876,Association,Tetralogy of Fallot,DiseaseOrPhenotypicFeature,D013771,train
2636,18672102,E359K,SequenceVariant,rs368489876,Association,ventricular septal defect,DiseaseOrPhenotypicFeature,D006345,train
2637,18672102,P163S,SequenceVariant,rs387906769,Association,endocardial cushion defect,DiseaseOrPhenotypicFeature,D004694,train
2638,18672102,P163S,SequenceVariant,rs387906769,Association,Tetralogy of Fallot,DiseaseOrPhenotypicFeature,D013771,train
2639,18672102,P163S,SequenceVariant,rs387906769,Association,ventricular septal defect,DiseaseOrPhenotypicFeature,D006345,train
2640,18672102,A6V,SequenceVariant,rs199922907,Association,endocardial cushion defect,DiseaseOrPhenotypicFeature,D004694,train
2641,18672102,A6V,SequenceVariant,rs199922907,Association,Tetralogy of Fallot,DiseaseOrPhenotypicFeature,D013771,train
2642,18672102,A6V,SequenceVariant,rs199922907,Association,ventricular septal defect,DiseaseOrPhenotypicFeature,D006345,train
2643,18672102,125-126insAA,SequenceVariant,|INS|125_126|AA,Association,endocardial cushion defect,DiseaseOrPhenotypicFeature,D004694,train
2644,18672102,125-126insAA,SequenceVariant,|INS|125_126|AA,Association,Tetralogy of Fallot,DiseaseOrPhenotypicFeature,D013771,train
2645,18672102,125-126insAA,SequenceVariant,|INS|125_126|AA,Association,ventricular septal defect,DiseaseOrPhenotypicFeature,D006345,train
2646,18672102,118-119insA,SequenceVariant,|INS|118_119|A,Association,endocardial cushion defect,DiseaseOrPhenotypicFeature,D004694,train
2647,18672102,118-119insA,SequenceVariant,|INS|118_119|A,Association,Tetralogy of Fallot,DiseaseOrPhenotypicFeature,D013771,train
2648,18672102,118-119insA,SequenceVariant,|INS|118_119|A,Association,ventricular septal defect,DiseaseOrPhenotypicFeature,D006345,train
2649,18672102,46delS,SequenceVariant,|DEL|46|S,Association,endocardial cushion defect,DiseaseOrPhenotypicFeature,D004694,train
2650,18672102,46delS,SequenceVariant,|DEL|46|S,Association,Tetralogy of Fallot,DiseaseOrPhenotypicFeature,D013771,train
2651,18672102,46delS,SequenceVariant,|DEL|46|S,Association,ventricular septal defect,DiseaseOrPhenotypicFeature,D006345,train
2652,18672102,congenital heart disease,DiseaseOrPhenotypicFeature,D006331,Association,A442V,SequenceVariant,rs146017816,train
2653,18672102,congenital heart disease,DiseaseOrPhenotypicFeature,D006331,Association,S429T,SequenceVariant,p|SUB|S|429|T,train
2654,18672102,congenital heart disease,DiseaseOrPhenotypicFeature,D006331,Association,P407Q,SequenceVariant,rs115099192,train
2655,18672102,congenital heart disease,DiseaseOrPhenotypicFeature,D006331,Association,E359K,SequenceVariant,rs368489876,train
2656,18672102,congenital heart disease,DiseaseOrPhenotypicFeature,D006331,Association,P163S,SequenceVariant,rs387906769,train
2657,18672102,congenital heart disease,DiseaseOrPhenotypicFeature,D006331,Association,A6V,SequenceVariant,rs199922907,train
2658,18672102,congenital heart disease,DiseaseOrPhenotypicFeature,D006331,Association,125-126insAA,SequenceVariant,|INS|125_126|AA,train
2659,18672102,congenital heart disease,DiseaseOrPhenotypicFeature,D006331,Association,118-119insA,SequenceVariant,|INS|118_119|A,train
2660,18672102,congenital heart disease,DiseaseOrPhenotypicFeature,D006331,Association,46delS,SequenceVariant,|DEL|46|S,train
2661,18768591,urea,ChemicalEntity,D014508,Association,uremia,DiseaseOrPhenotypicFeature,D014511,train
2662,18768591,urea,ChemicalEntity,D014508,Association,Serum- and glucocorticoid-inducible kinase 1,GeneOrGeneProduct,20393,train
2663,18768591,weight gain,DiseaseOrPhenotypicFeature,D015430,Association,Serum- and glucocorticoid-inducible kinase 1,GeneOrGeneProduct,20393,train
2664,18768591,sodium,ChemicalEntity,D012964,Association,weight gain,DiseaseOrPhenotypicFeature,D015430,train
2665,18768591,sodium,ChemicalEntity,D012964,Association,nephropathy,DiseaseOrPhenotypicFeature,D007674,train
2666,18768591,sodium,ChemicalEntity,D012964,Association,volume retention,DiseaseOrPhenotypicFeature,D016055,train
2667,18768591,sodium,ChemicalEntity,D012964,Negative_Correlation,Serum- and glucocorticoid-inducible kinase 1,GeneOrGeneProduct,20393,train
2668,18768591,aldosterone,ChemicalEntity,D000450,Association,nephropathy,DiseaseOrPhenotypicFeature,D007674,train
2669,18768591,aldosterone,ChemicalEntity,D000450,Positive_Correlation,Serum- and glucocorticoid-inducible kinase 1,GeneOrGeneProduct,20393,train
2670,18768591,aldosterone,ChemicalEntity,D000450,Positive_Correlation,nephrotic syndrome,DiseaseOrPhenotypicFeature,D009404,train
2671,18768591,nephropathy,DiseaseOrPhenotypicFeature,D007674,Positive_Correlation,salt,ChemicalEntity,D012492,train
2672,18768591,nephropathy,DiseaseOrPhenotypicFeature,D007674,Positive_Correlation,mineralocorticoid,ChemicalEntity,D008901,train
2673,18768591,Serum- and glucocorticoid-inducible kinase 1,GeneOrGeneProduct,20393,Association,nephropathy,DiseaseOrPhenotypicFeature,D007674,train
2674,18768591,Serum- and glucocorticoid-inducible kinase 1,GeneOrGeneProduct,20393,Association,volume retention,DiseaseOrPhenotypicFeature,D016055,train
2675,18768591,Serum- and glucocorticoid-inducible kinase 1,GeneOrGeneProduct,20393,Association,fibrosis,DiseaseOrPhenotypicFeature,D005355,train
2676,18768591,Serum- and glucocorticoid-inducible kinase 1,GeneOrGeneProduct,20393,Association,nephrotic syndrome,DiseaseOrPhenotypicFeature,D009404,train
2677,18768591,Serum- and glucocorticoid-inducible kinase 1,GeneOrGeneProduct,20393,Association,doxorubicin,ChemicalEntity,D004317,train
2678,18768591,doxorubicin,ChemicalEntity,D004317,Positive_Correlation,nephropathy,DiseaseOrPhenotypicFeature,D007674,train
2679,18768591,doxorubicin,ChemicalEntity,D004317,Positive_Correlation,hypoalbuminemia,DiseaseOrPhenotypicFeature,D034141,train
2680,18768591,doxorubicin,ChemicalEntity,D004317,Positive_Correlation,lipidemia,DiseaseOrPhenotypicFeature,D006949,train
2681,18768591,doxorubicin,ChemicalEntity,D004317,Positive_Correlation,ascites,DiseaseOrPhenotypicFeature,D001201,train
2682,18768591,doxorubicin,ChemicalEntity,D004317,Positive_Correlation,proteinuria,DiseaseOrPhenotypicFeature,D011507,train
2683,18768591,doxorubicin,ChemicalEntity,D004317,Positive_Correlation,volume retention,DiseaseOrPhenotypicFeature,D016055,train
2684,18768591,doxorubicin,ChemicalEntity,D004317,Positive_Correlation,nephrotic syndrome,DiseaseOrPhenotypicFeature,D009404,train
2685,20431083,Antithrombotic drug,ChemicalEntity,D005343,Association,cerebral microbleeds,DiseaseOrPhenotypicFeature,D002543,train
2686,20431083,cerebral microbleeds,DiseaseOrPhenotypicFeature,D002543,Association,warfarin,ChemicalEntity,D014859,train
2687,21070631,dopamine,ChemicalEntity,D004298,Conversion,noradrenaline,ChemicalEntity,D009638,train
2688,21070631,noradrenaline,ChemicalEntity,D009638,Negative_Correlation,inflammatory,DiseaseOrPhenotypicFeature,D007249,train
2689,21070631,IL6,GeneOrGeneProduct,3569,Association,Alzheimer's disease,DiseaseOrPhenotypicFeature,D000544,train
2690,21070631,IL1A,GeneOrGeneProduct,3552,Association,Alzheimer's disease,DiseaseOrPhenotypicFeature,D000544,train
2691,21070631,inflammatory,DiseaseOrPhenotypicFeature,D007249,Association,IL6,GeneOrGeneProduct,3569,train
2692,21070631,inflammatory,DiseaseOrPhenotypicFeature,D007249,Association,IL1A,GeneOrGeneProduct,3552,train
2693,21070631,-1021C/T,SequenceVariant,rs1611115,Association,inflammatory,DiseaseOrPhenotypicFeature,D007249,train
2694,21070631,-1021C/T,SequenceVariant,rs1611115,Positive_Correlation,Alzheimer's disease,DiseaseOrPhenotypicFeature,D000544,train
2695,21070631,Alzheimer's disease,DiseaseOrPhenotypicFeature,D000544,Association,noradrenaline,ChemicalEntity,D009638,train
2696,21070631,dopamine b-hydroxylase,GeneOrGeneProduct,1621,Association,dopamine,ChemicalEntity,D004298,train
2697,21070631,dopamine b-hydroxylase,GeneOrGeneProduct,1621,Association,noradrenaline,ChemicalEntity,D009638,train
2698,21070631,dopamine b-hydroxylase,GeneOrGeneProduct,1621,Association,IL6,GeneOrGeneProduct,3569,train
2699,21070631,dopamine b-hydroxylase,GeneOrGeneProduct,1621,Association,IL1A,GeneOrGeneProduct,3552,train
2700,21070631,dopamine b-hydroxylase,GeneOrGeneProduct,1621,Association,inflammatory,DiseaseOrPhenotypicFeature,D007249,train
2701,21070631,dopamine b-hydroxylase,GeneOrGeneProduct,1621,Association,Alzheimer's disease,DiseaseOrPhenotypicFeature,D000544,train
2702,22859398,rs1800896,SequenceVariant,rs1800896,Negative_Correlation,prostate cancer,DiseaseOrPhenotypicFeature,D011471,train
2703,22859398,rs1800872,SequenceVariant,rs1800872,Positive_Correlation,prostate cancer,DiseaseOrPhenotypicFeature,D011471,train
2704,22859398,IL1B,GeneOrGeneProduct,3553,Association,prostate cancer,DiseaseOrPhenotypicFeature,D011471,train
2705,22859398,GSTP1,GeneOrGeneProduct,2950,Association,prostate cancer,DiseaseOrPhenotypicFeature,D011471,train
2706,22859398,CRP,GeneOrGeneProduct,1401,Association,prostate cancer,DiseaseOrPhenotypicFeature,D011471,train
2707,22859398,IL10,GeneOrGeneProduct,3586,Association,prostate cancer,DiseaseOrPhenotypicFeature,D011471,train
2708,22859398,NOS2,GeneOrGeneProduct,4843,Association,prostate cancer,DiseaseOrPhenotypicFeature,D011471,train
2709,27292643,Her2,GeneOrGeneProduct,13866,Association,malignancies,DiseaseOrPhenotypicFeature,D009369,train
2710,27292643,Kras,GeneOrGeneProduct,16653,Association,malignancies,DiseaseOrPhenotypicFeature,D009369,train
2711,27292643,Mad2,GeneOrGeneProduct,56150,Association,Kras,GeneOrGeneProduct,16653,train
2712,27292643,Mad2,GeneOrGeneProduct,56150,Association,malignancies,DiseaseOrPhenotypicFeature,D009369,train
2713,27292643,Mad2,GeneOrGeneProduct,56150,Association,Breast Cancer,DiseaseOrPhenotypicFeature,D001943,train
2714,27292643,Chromosome Instability,DiseaseOrPhenotypicFeature,D043171,Positive_Correlation,Mad2,GeneOrGeneProduct,56150,train
2715,28512644,C262,SequenceVariant,c|Aelle|C|262,Association,Erysipelas,DiseaseOrPhenotypicFeature,D004886,train
2716,28512644,T2734,SequenceVariant,c|Aelle|T|2734,Association,Erysipelas,DiseaseOrPhenotypicFeature,D004886,train
2717,28512644,G7958,SequenceVariant,c|Aelle|G|7958,Association,Erysipelas,DiseaseOrPhenotypicFeature,D004886,train
2718,28512644,CCL2,GeneOrGeneProduct,6347,Association,CAT,GeneOrGeneProduct,847,train
2719,28512644,HGF,GeneOrGeneProduct,3082,Association,SOD2,GeneOrGeneProduct,6648,train
2720,28512644,CCL5,GeneOrGeneProduct,6352,Association,SOD2,GeneOrGeneProduct,6648,train
2721,28512644,IL-8,GeneOrGeneProduct,3576,Association,SOD2,GeneOrGeneProduct,6648,train
2722,28512644,IL-7,GeneOrGeneProduct,3574,Association,SOD2,GeneOrGeneProduct,6648,train
2723,28512644,VEGF,GeneOrGeneProduct,7422,Association,Erysipelas,DiseaseOrPhenotypicFeature,D004886,train
2724,28512644,G-CSF,GeneOrGeneProduct,1440,Association,Erysipelas,DiseaseOrPhenotypicFeature,D004886,train
2725,28512644,IL-17,GeneOrGeneProduct,3605,Association,SOD2,GeneOrGeneProduct,6648,train
2726,28512644,IL-17,GeneOrGeneProduct,3605,Association,Erysipelas,DiseaseOrPhenotypicFeature,D004886,train
2727,28512644,IL-15,GeneOrGeneProduct,3600,Association,Erysipelas,DiseaseOrPhenotypicFeature,D004886,train
2728,28512644,IL-13,GeneOrGeneProduct,3596,Association,Erysipelas,DiseaseOrPhenotypicFeature,D004886,train
2729,28512644,IL-10,GeneOrGeneProduct,3586,Association,Erysipelas,DiseaseOrPhenotypicFeature,D004886,train
2730,28512644,IL-9,GeneOrGeneProduct,3578,Association,Erysipelas,DiseaseOrPhenotypicFeature,D004886,train
2731,28512644,IL-6,GeneOrGeneProduct,3569,Association,Erysipelas,DiseaseOrPhenotypicFeature,D004886,train
2732,28512644,T2734C,SequenceVariant,c|SYB|T2734|C,Association,Erysipelas,DiseaseOrPhenotypicFeature,D004886,train
2733,28512644,CCL4,GeneOrGeneProduct,6351,Association,Erysipelas,DiseaseOrPhenotypicFeature,D004886,train
2734,28512644,PDGF-BB,GeneOrGeneProduct,5155,Association,CAT,GeneOrGeneProduct,847,train
2735,28512644,PDGF-BB,GeneOrGeneProduct,5155,Association,Erysipelas,DiseaseOrPhenotypicFeature,D004886,train
2736,28512644,TRAIL,GeneOrGeneProduct,8743,Association,Erysipelas,DiseaseOrPhenotypicFeature,D004886,train
2737,28512644,CXCL9,GeneOrGeneProduct,4283,Association,Erysipelas,DiseaseOrPhenotypicFeature,D004886,train
2738,28512644,IL-2Ralpha,GeneOrGeneProduct,3559,Association,Erysipelas,DiseaseOrPhenotypicFeature,D004886,train
2739,28512644,CCL11,GeneOrGeneProduct,6356,Association,Erysipelas,DiseaseOrPhenotypicFeature,D004886,train
2740,28512644,IL-1beta,GeneOrGeneProduct,3553,Association,SOD2,GeneOrGeneProduct,6648,train
2741,28512644,IL-1beta,GeneOrGeneProduct,3553,Association,Erysipelas,DiseaseOrPhenotypicFeature,D004886,train
2742,28512644,G7958A,SequenceVariant,rs4998557,Association,Erysipelas,DiseaseOrPhenotypicFeature,D004886,train
2743,28512644,CAT,GeneOrGeneProduct,847,Association,Erysipelas,DiseaseOrPhenotypicFeature,D004886,train
2744,28512644,SOD2,GeneOrGeneProduct,6648,Association,Erysipelas,DiseaseOrPhenotypicFeature,D004886,train
2745,28512644,SOD1,GeneOrGeneProduct,6647,Association,Erysipelas,DiseaseOrPhenotypicFeature,D004886,train
2746,28851297,fetal hemoglobin,GeneOrGeneProduct,3040,Association,MYB,GeneOrGeneProduct,4602,train
2747,28851297,fetal hemoglobin,GeneOrGeneProduct,3040,Association,BCL11A,GeneOrGeneProduct,53335,train
2748,28851297,fetal hemoglobin,GeneOrGeneProduct,3040,Association,b-thalassemia,DiseaseOrPhenotypicFeature,D017086,train
2749,28851297,fetal hemoglobin,GeneOrGeneProduct,3048,Association,MYB,GeneOrGeneProduct,4602,train
2750,28851297,fetal hemoglobin,GeneOrGeneProduct,3048,Association,BCL11A,GeneOrGeneProduct,53335,train
2751,28851297,fetal hemoglobin,GeneOrGeneProduct,3048,Association,fetal hemoglobin,GeneOrGeneProduct,3040,train
2752,28851297,fetal hemoglobin,GeneOrGeneProduct,3048,Association,b(0)39 thalassemia globin,GeneOrGeneProduct,3043,train
2753,28851297,fetal hemoglobin,GeneOrGeneProduct,3048,Association,fetal hemoglobin,GeneOrGeneProduct,3048,train
2754,28851297,fetal hemoglobin,GeneOrGeneProduct,3048,Association,b-thalassemia,DiseaseOrPhenotypicFeature,D017086,train
2755,28851297,Ag-globin,GeneOrGeneProduct,3047,Association,fetal hemoglobin,GeneOrGeneProduct,3040,train
2756,28851297,Ag-globin,GeneOrGeneProduct,3047,Association,b(0)39 thalassemia globin,GeneOrGeneProduct,3043,train
2757,28851297,Ag-globin,GeneOrGeneProduct,3047,Association,fetal hemoglobin,GeneOrGeneProduct,3048,train
2758,28851297,Ag-globin,GeneOrGeneProduct,3047,Association,Ly-1 antibody reactive clone,GeneOrGeneProduct,17089,train
2759,28851297,Ag-globin,GeneOrGeneProduct,3047,Association,LYAR,GeneOrGeneProduct,55646,train
2760,28851297,Ag-globin,GeneOrGeneProduct,3047,Association,b-thalassemia,DiseaseOrPhenotypicFeature,D017086,train
2761,28851297,G->A,SequenceVariant,rs368698783,Association,b-thalassemia,DiseaseOrPhenotypicFeature,D017086,train
2762,15122711,liver disease,DiseaseOrPhenotypicFeature,D008107,Association,POLG,GeneOrGeneProduct,5428,train
2763,15122711,neurodegeneration,DiseaseOrPhenotypicFeature,D019636,Association,POLG,GeneOrGeneProduct,5428,train
2764,15122711,seizures,DiseaseOrPhenotypicFeature,D012640,Association,POLG,GeneOrGeneProduct,5428,train
2765,15122711,G1681A,SequenceVariant,rs113994095,Association,mitochondrial DNA depletion,DiseaseOrPhenotypicFeature,D028361,train
2766,15122711,G1681A,SequenceVariant,rs113994095,Association,Alpers' syndrome,DiseaseOrPhenotypicFeature,D002549,train
2767,15122711,Glu873Stop,SequenceVariant,rs121918047,Association,mitochondrial DNA depletion,DiseaseOrPhenotypicFeature,D028361,train
2768,15122711,Alpers' syndrome,DiseaseOrPhenotypicFeature,D002549,Association,Glu873Stop,SequenceVariant,rs121918047,train
2769,15122711,POLG,GeneOrGeneProduct,5428,Association,mitochondrial DNA depletion,DiseaseOrPhenotypicFeature,D028361,train
2770,15122711,POLG,GeneOrGeneProduct,5428,Association,Alpers' syndrome,DiseaseOrPhenotypicFeature,D002549,train
2771,15817013,stroke,DiseaseOrPhenotypicFeature,D020521,Negative_Correlation,warfarin,ChemicalEntity,D014859,train
2772,15817013,warfarin,ChemicalEntity,D014859,Positive_Correlation,hemorrhage,DiseaseOrPhenotypicFeature,D006470,train
2773,15817013,atrial fibrillation,DiseaseOrPhenotypicFeature,D001281,Negative_Correlation,warfarin,ChemicalEntity,D014859,train
2774,17304550,developmental delay,DiseaseOrPhenotypicFeature,D002658,Association,synaptotagmin,GeneOrGeneProduct,255928,train
2775,17304550,cerebral atrophy,DiseaseOrPhenotypicFeature,D001927,Association,synaptotagmin,GeneOrGeneProduct,255928,train
2776,17304550,seizures,DiseaseOrPhenotypicFeature,D012640,Association,synaptotagmin,GeneOrGeneProduct,255928,train
2777,17304550,macrocephaly,DiseaseOrPhenotypicFeature,D058627,Association,synaptotagmin,GeneOrGeneProduct,255928,train
2778,17304550,synaptotagmin,GeneOrGeneProduct,255928,Association,calcium,ChemicalEntity,D002118,train
2779,17304550,synaptotagmin,GeneOrGeneProduct,255928,Association,neurodevelopmental abnormalities,DiseaseOrPhenotypicFeature,D009421,train
2780,18808529,oxygen,ChemicalEntity,D010100,Association,hypotension,DiseaseOrPhenotypicFeature,D007022,train
2781,18808529,oxygen,ChemicalEntity,D010100,Association,myocardial injury,DiseaseOrPhenotypicFeature,D009202,train
2782,18808529,dystrophin,GeneOrGeneProduct,24907,Association,ischaemic injury,DiseaseOrPhenotypicFeature,D007511,train
2783,18808529,dystrophin,GeneOrGeneProduct,24907,Positive_Correlation,laminin,GeneOrGeneProduct,309368,train
2784,18808529,dystrophin,GeneOrGeneProduct,24907,Positive_Correlation,beta1-integrin,GeneOrGeneProduct,24511,train
2785,18808529,dystrophin,GeneOrGeneProduct,24907,Positive_Correlation,beta-dystroglycan,GeneOrGeneProduct,114489,train
2786,18808529,dystrophin,GeneOrGeneProduct,24907,Positive_Correlation,gamma-sarcoglycan,GeneOrGeneProduct,305941,train
2787,18808529,dystrophin,GeneOrGeneProduct,24907,Association,glycoprotein,GeneOrGeneProduct,11820,train
2788,18808529,dystrophin,GeneOrGeneProduct,24907,Association,myocardial injury,DiseaseOrPhenotypicFeature,D009202,train
2789,18808529,Isoproterenol,ChemicalEntity,D007545,Positive_Correlation,ischaemic injury,DiseaseOrPhenotypicFeature,D007511,train
2790,18808529,Isoproterenol,ChemicalEntity,D007545,Positive_Correlation,myocardial injury,DiseaseOrPhenotypicFeature,D009202,train
2791,18808529,Isoproterenol,ChemicalEntity,D007545,Negative_Correlation,dystrophin,GeneOrGeneProduct,24907,train
2792,20415560,diabetes mellitus,DiseaseOrPhenotypicFeature,D003920,Association,haptoglobin,GeneOrGeneProduct,3240,train
2793,20415560,haptoglobin,GeneOrGeneProduct,3240,Association,cardiovascular disease,DiseaseOrPhenotypicFeature,D002318,train
2794,20415560,Vitamin E,ChemicalEntity,D014810,Negative_Correlation,stroke,DiseaseOrPhenotypicFeature,D020521,train
2795,20415560,Vitamin E,ChemicalEntity,D014810,Negative_Correlation,myocardial infarction,DiseaseOrPhenotypicFeature,D009203,train
2796,20415560,Vitamin E,ChemicalEntity,D014810,Negative_Correlation,diabetes mellitus,DiseaseOrPhenotypicFeature,D003920,train
2797,20415560,Vitamin E,ChemicalEntity,D014810,Association,haptoglobin,GeneOrGeneProduct,3240,train
2798,20415560,Vitamin E,ChemicalEntity,D014810,Negative_Correlation,cardiovascular disease,DiseaseOrPhenotypicFeature,D002318,train
2799,20523265,complement factor H,GeneOrGeneProduct,3075,Association,age-related macular degeneration,DiseaseOrPhenotypicFeature,D008268,train
2800,20523265,rs1329428,SequenceVariant,rs1329428,Positive_Correlation,age-related macular degeneration,DiseaseOrPhenotypicFeature,D008268,train
2801,20523265,rs1061170,SequenceVariant,rs1061170,Positive_Correlation,age-related macular degeneration,DiseaseOrPhenotypicFeature,D008268,train
2802,20523265,rs800292,SequenceVariant,rs800292,Positive_Correlation,age-related macular degeneration,DiseaseOrPhenotypicFeature,D008268,train
2803,20523265,rs3753394,SequenceVariant,rs3753394,Positive_Correlation,age-related macular degeneration,DiseaseOrPhenotypicFeature,D008268,train
2804,20523265,C2,GeneOrGeneProduct,717,Association,age-related macular degeneration,DiseaseOrPhenotypicFeature,D008268,train
2805,20523265,age-related macular degeneration,DiseaseOrPhenotypicFeature,D008268,Association,C3,GeneOrGeneProduct,718,train
2806,20523265,CFB,GeneOrGeneProduct,629,Association,age-related macular degeneration,DiseaseOrPhenotypicFeature,D008268,train
2807,20949073,cystic fibrosis,DiseaseOrPhenotypicFeature,D003550,Association,CFTR,GeneOrGeneProduct,1080,train
2808,20949073,cystic fibrosis,DiseaseOrPhenotypicFeature,D003550,Association,E831X,SequenceVariant,rs397508387,train
2809,20973483,haloperidol,ChemicalEntity,D006220,Positive_Correlation,catalepsy,DiseaseOrPhenotypicFeature,D002375,train
2810,20973483,adenosine A2A/A1 receptor antagonist,ChemicalEntity,D058915,Association,Parkinson's disease,DiseaseOrPhenotypicFeature,D010300,train
2811,20973483,Parkinson's disease,DiseaseOrPhenotypicFeature,D010300,Association,haloperidol,ChemicalEntity,D006220,train
2812,20973483,Parkinson's disease,DiseaseOrPhenotypicFeature,D010300,Association,MPTP,ChemicalEntity,D015632,train
2813,20973483,Parkinson's disease,DiseaseOrPhenotypicFeature,D010300,Association,6-hydroxydopamine,ChemicalEntity,D016627,train
2814,20973483,Parkinson's disease,DiseaseOrPhenotypicFeature,D010300,Association,reserpine,ChemicalEntity,D012110,train
2815,20973483,reserpine,ChemicalEntity,D012110,Positive_Correlation,akinesia,DiseaseOrPhenotypicFeature,D004409,train
2816,21533187,15 kb deletion,SequenceVariant,c|DEL||15K,Association,metachondromatosis,DiseaseOrPhenotypicFeature,C562938,train
2817,21533187,EXT2,GeneOrGeneProduct,2132,Association,multiple exostosis,DiseaseOrPhenotypicFeature,D005097,train
2818,21533187,EXT1,GeneOrGeneProduct,2131,Association,multiple exostosis,DiseaseOrPhenotypicFeature,D005097,train
2819,21533187,PTPN11,GeneOrGeneProduct,5781,Association,metachondromatosis,DiseaseOrPhenotypicFeature,C562938,train
2820,23952588,levodopa,ChemicalEntity,D007980,Negative_Correlation,Parkinson's disease,DiseaseOrPhenotypicFeature,D010300,train
2821,23952588,levodopa,ChemicalEntity,D007980,Positive_Correlation,dyskinesia,DiseaseOrPhenotypicFeature,D004409,train
2822,25305591,FoxP3,GeneOrGeneProduct,20371,Positive_Correlation,VPAC2,GeneOrGeneProduct,22355,train
2823,25305591,CD25,GeneOrGeneProduct,16184,Positive_Correlation,VPAC2,GeneOrGeneProduct,22355,train
2824,25305591,CD4,GeneOrGeneProduct,12504,Positive_Correlation,VPAC2,GeneOrGeneProduct,22355,train
2825,25305591,MOG35-55,GeneOrGeneProduct,4340,Positive_Correlation,experimental autoimmune encephalomyelitis,DiseaseOrPhenotypicFeature,D004681,train
2826,25305591,MOG35-55,GeneOrGeneProduct,4340,Positive_Correlation,VPAC2,GeneOrGeneProduct,22355,train
2827,25305591,pituitary adenylyl cyclase-activating polypeptide,GeneOrGeneProduct,11516,Negative_Correlation,inflammatory,DiseaseOrPhenotypicFeature,D007249,train
2828,25305591,pituitary adenylyl cyclase-activating polypeptide,GeneOrGeneProduct,11516,Association,experimental autoimmune encephalomyelitis,DiseaseOrPhenotypicFeature,D004681,train
2829,25305591,Vasoactive intestinal peptide,GeneOrGeneProduct,22353,Negative_Correlation,inflammatory,DiseaseOrPhenotypicFeature,D007249,train
2830,25305591,experimental autoimmune encephalomyelitis,DiseaseOrPhenotypicFeature,D004681,Negative_Correlation,FoxP3,GeneOrGeneProduct,20371,train
2831,25305591,experimental autoimmune encephalomyelitis,DiseaseOrPhenotypicFeature,D004681,Negative_Correlation,CD25,GeneOrGeneProduct,16184,train
2832,25305591,experimental autoimmune encephalomyelitis,DiseaseOrPhenotypicFeature,D004681,Negative_Correlation,CD4,GeneOrGeneProduct,12504,train
2833,25305591,experimental autoimmune encephalomyelitis,DiseaseOrPhenotypicFeature,D004681,Negative_Correlation,anti-inflammatory cytokines,GeneOrGeneProduct,21803,train
2834,25305591,experimental autoimmune encephalomyelitis,DiseaseOrPhenotypicFeature,D004681,Negative_Correlation,anti-inflammatory cytokines,GeneOrGeneProduct,16189,train
2835,25305591,experimental autoimmune encephalomyelitis,DiseaseOrPhenotypicFeature,D004681,Negative_Correlation,anti-inflammatory cytokines,GeneOrGeneProduct,16153,train
2836,25305591,experimental autoimmune encephalomyelitis,DiseaseOrPhenotypicFeature,D004681,Positive_Correlation,proinflammatory cytokines,GeneOrGeneProduct,21926,train
2837,25305591,experimental autoimmune encephalomyelitis,DiseaseOrPhenotypicFeature,D004681,Positive_Correlation,proinflammatory cytokines,GeneOrGeneProduct,16193,train
2838,25305591,experimental autoimmune encephalomyelitis,DiseaseOrPhenotypicFeature,D004681,Positive_Correlation,proinflammatory cytokines,GeneOrGeneProduct,16171,train
2839,25305591,experimental autoimmune encephalomyelitis,DiseaseOrPhenotypicFeature,D004681,Positive_Correlation,proinflammatory cytokines,GeneOrGeneProduct,15978,train
2840,25305591,experimental autoimmune encephalomyelitis,DiseaseOrPhenotypicFeature,D004681,Association,Vasoactive intestinal peptide,GeneOrGeneProduct,22353,train
2841,25305591,VPAC2,GeneOrGeneProduct,22355,Positive_Correlation,anti-inflammatory cytokines,GeneOrGeneProduct,21803,train
2842,25305591,VPAC2,GeneOrGeneProduct,22355,Positive_Correlation,anti-inflammatory cytokines,GeneOrGeneProduct,16189,train
2843,25305591,VPAC2,GeneOrGeneProduct,22355,Positive_Correlation,anti-inflammatory cytokines,GeneOrGeneProduct,16153,train
2844,25305591,VPAC2,GeneOrGeneProduct,22355,Negative_Correlation,proinflammatory cytokines,GeneOrGeneProduct,21926,train
2845,25305591,VPAC2,GeneOrGeneProduct,22355,Negative_Correlation,proinflammatory cytokines,GeneOrGeneProduct,16193,train
2846,25305591,VPAC2,GeneOrGeneProduct,22355,Negative_Correlation,proinflammatory cytokines,GeneOrGeneProduct,16171,train
2847,25305591,VPAC2,GeneOrGeneProduct,22355,Negative_Correlation,proinflammatory cytokines,GeneOrGeneProduct,15978,train
2848,25305591,VPAC2,GeneOrGeneProduct,22355,Association,experimental autoimmune encephalomyelitis,DiseaseOrPhenotypicFeature,D004681,train
2849,27643404,rs10973794,SequenceVariant,rs10973794,Positive_Correlation,prostate cancer,DiseaseOrPhenotypicFeature,D011471,train
2850,27643404,ALDH1B1,GeneOrGeneProduct,219,Association,prostate cancer,DiseaseOrPhenotypicFeature,D011471,train
2851,27643404,rs8041922,SequenceVariant,rs8041922,Positive_Correlation,prostate cancer,DiseaseOrPhenotypicFeature,D011471,train
2852,27643404,rs12910509,SequenceVariant,rs12910509,Positive_Correlation,prostate cancer,DiseaseOrPhenotypicFeature,D011471,train
2853,27643404,rs1441817,SequenceVariant,rs1441817,Positive_Correlation,prostate cancer,DiseaseOrPhenotypicFeature,D011471,train
2854,27643404,Aldehyde Dehydrogenases,GeneOrGeneProduct,8854,Association,prostate cancer,DiseaseOrPhenotypicFeature,D011471,train
2855,27643404,Alcohol,ChemicalEntity,D000438,Association,prostate cancer,DiseaseOrPhenotypicFeature,D011471,train
2856,27643404,Alcohol,ChemicalEntity,D000438,Association,Aldehyde Dehydrogenases,GeneOrGeneProduct,8854,train
2857,27643404,Alcohol,ChemicalEntity,D000438,Association,Alcohol Dehydrogenases,GeneOrGeneProduct,125,train
2858,15686794,low back pain,DiseaseOrPhenotypicFeature,D017116,Positive_Correlation,amiodarone,ChemicalEntity,D000638,train
2859,15686794,antiarrhythmic drug,ChemicalEntity,D000889,Negative_Correlation,atrial fibrillation,DiseaseOrPhenotypicFeature,D001281,train
2860,15686794,amiodarone,ChemicalEntity,D000638,Negative_Correlation,atrial fibrillation,DiseaseOrPhenotypicFeature,D001281,train
2861,15755837,dihydrofolate,ChemicalEntity,C010920,Positive_Correlation,thymidylate synthase,GeneOrGeneProduct,7298,train
2862,15755837,Folate,ChemicalEntity,D005492,Negative_Correlation,preterm delivery,DiseaseOrPhenotypicFeature,D047928,train
2863,15755837,19-base pair deletion,SequenceVariant,c|DEL||19,Positive_Correlation,preterm delivery,DiseaseOrPhenotypicFeature,D047928,train
2864,15755837,dihydrofolate reductase,GeneOrGeneProduct,1719,Association,dihydrofolate,ChemicalEntity,C010920,train
2865,15755837,dihydrofolate reductase,GeneOrGeneProduct,1719,Association,Folate,ChemicalEntity,D005492,train
2866,15755837,dihydrofolate reductase,GeneOrGeneProduct,1719,Association,preterm delivery,DiseaseOrPhenotypicFeature,D047928,train
2867,15851735,c.2607C>A,SequenceVariant,rs386833565,Positive_Correlation,glycine encephalopathy,DiseaseOrPhenotypicFeature,D020158,train
2868,15851735,glycine encephalopathy,DiseaseOrPhenotypicFeature,D020158,Association,GLDC,GeneOrGeneProduct,2731,train
2869,18262054,735-6 TG>AT,SequenceVariant,c|SUB|TG|735_736|AT,Association,colon cancer,DiseaseOrPhenotypicFeature,D003110,train
2870,18262054,735-6 TG>AT,SequenceVariant,c|SUB|TG|735_736|AT,Positive_Correlation,juvenile polyposis,DiseaseOrPhenotypicFeature,C537702,train
2871,18262054,G246X,SequenceVariant,p|SUB|G|246|X,Association,colon cancer,DiseaseOrPhenotypicFeature,D003110,train
2872,18262054,G246X,SequenceVariant,p|SUB|G|246|X,Positive_Correlation,juvenile polyposis,DiseaseOrPhenotypicFeature,C537702,train
2873,18262054,Y245X,SequenceVariant,p|SUB|Y|245|X,Association,G246X,SequenceVariant,p|SUB|G|246|X,train
2874,18262054,Y245X,SequenceVariant,p|SUB|Y|245|X,Association,colon cancer,DiseaseOrPhenotypicFeature,D003110,train
2875,18262054,Y245X,SequenceVariant,p|SUB|Y|245|X,Positive_Correlation,juvenile polyposis,DiseaseOrPhenotypicFeature,C537702,train
2876,18262054,BMPR1A,GeneOrGeneProduct,657,Association,colon cancer,DiseaseOrPhenotypicFeature,D003110,train
2877,18262054,BMPR1A,GeneOrGeneProduct,657,Association,juvenile polyposis,DiseaseOrPhenotypicFeature,C537702,train
2878,18470323,TGFBI,GeneOrGeneProduct,7045,Association,lattice corneal dystrophy type I,DiseaseOrPhenotypicFeature,C537881,train
2879,18470323,R124C,SequenceVariant,rs121909210,Association,lattice corneal dystrophy type I,DiseaseOrPhenotypicFeature,C537881,train
2880,18772193,Parkinson's disease,DiseaseOrPhenotypicFeature,D010300,Association,alpha-synuclein,GeneOrGeneProduct,6622,train
2881,18772193,HSP82,GeneOrGeneProduct,855836,Negative_Correlation,reactive oxygen species,ChemicalEntity,D017382,train
2882,18772193,HSP82,GeneOrGeneProduct,855836,Negative_Correlation,alpha-synuclein,GeneOrGeneProduct,6622,train
2883,18772193,ARG2,GeneOrGeneProduct,853374,Negative_Correlation,reactive oxygen species,ChemicalEntity,D017382,train
2884,18772193,ARG2,GeneOrGeneProduct,853374,Negative_Correlation,alpha-synuclein,GeneOrGeneProduct,6622,train
2885,18772193,JEM1,GeneOrGeneProduct,853372,Negative_Correlation,reactive oxygen species,ChemicalEntity,D017382,train
2886,18772193,JEM1,GeneOrGeneProduct,853372,Negative_Correlation,alpha-synuclein,GeneOrGeneProduct,6622,train
2887,18772193,IDP3,GeneOrGeneProduct,855723,Negative_Correlation,reactive oxygen species,ChemicalEntity,D017382,train
2888,18772193,IDP3,GeneOrGeneProduct,855723,Negative_Correlation,alpha-synuclein,GeneOrGeneProduct,6622,train
2889,18772193,ENT3,GeneOrGeneProduct,853589,Negative_Correlation,reactive oxygen species,ChemicalEntity,D017382,train
2890,18772193,ENT3,GeneOrGeneProduct,853589,Negative_Correlation,alpha-synuclein,GeneOrGeneProduct,6622,train
2891,18772193,alpha-synuclein,GeneOrGeneProduct,6622,Association,neurodegeneration,DiseaseOrPhenotypicFeature,D019636,train
2892,18772193,alpha-synuclein,GeneOrGeneProduct,6622,Positive_Correlation,reactive oxygen species,ChemicalEntity,D017382,train
2893,18772193,alpha-synuclein,GeneOrGeneProduct,6622,Association,hydrogen peroxide,ChemicalEntity,D006861,train
2894,19101703,polyadenylate binding-protein nuclear 1,GeneOrGeneProduct,8106,Association,oculopharyngeal muscular dystrophy,DiseaseOrPhenotypicFeature,D039141,train
2895,19101703,polyalanine,ChemicalEntity,C019529,Association,polyadenylate binding-protein nuclear 1,GeneOrGeneProduct,8106,train
2896,19101703,oculopharyngeal muscular dystrophy,DiseaseOrPhenotypicFeature,D039141,Association,polyalanine,ChemicalEntity,C019529,train
2897,19101703,oculopharyngeal muscular dystrophy,DiseaseOrPhenotypicFeature,D039141,Positive_Correlation,insertion of (GCG)4GCA,SequenceVariant,c|INS|(GCG)4GCA,train
2898,19101703,oculopharyngeal muscular dystrophy,DiseaseOrPhenotypicFeature,D039141,Positive_Correlation,(GCG)6(GCA)3GCG sequence was replaced by (GCG)6(GCA)(GCG)4(GCA)3GCG,SequenceVariant,c|SUB|(GCG)6(GCA)3GCG||(GCG)6(GCA)(GCG)4(GCA)3GCG,train
2899,19536134,bone morphogenetic protein receptor (BMPR)1,GeneOrGeneProduct,12166,Association,Erk,GeneOrGeneProduct,26413,train
2900,19536134,bone morphogenetic protein receptor (BMPR)1,GeneOrGeneProduct,12166,Association,Jnk,GeneOrGeneProduct,26419,train
2901,19536134,bone morphogenetic protein receptor (BMPR)1,GeneOrGeneProduct,12166,Association,p38,GeneOrGeneProduct,26416,train
2902,19536134,bone morphogenetic protein receptor (BMPR)1,GeneOrGeneProduct,12166,Association,Smad1/5/8,GeneOrGeneProduct,55994,train
2903,19536134,bone morphogenetic protein receptor (BMPR)1,GeneOrGeneProduct,12166,Association,Smad1/5/8,GeneOrGeneProduct,17129,train
2904,19536134,bone morphogenetic protein receptor (BMPR)1,GeneOrGeneProduct,12166,Association,Smad1/5/8,GeneOrGeneProduct,17125,train
2905,19536134,bone morphogenetic protein receptor (BMPR)1,GeneOrGeneProduct,12166,Bind,BMP,GeneOrGeneProduct,12159,train
2906,19536134,bone morphogenetic protein receptor (BMPR)1,GeneOrGeneProduct,12166,Association,TAK1,GeneOrGeneProduct,26409,train
2907,19536134,collagen 2,GeneOrGeneProduct,12824,Association,tarsal fusion,DiseaseOrPhenotypicFeature,D000070604,train
2908,19536134,collagen 2,GeneOrGeneProduct,12824,Association,elbow dislocation,DiseaseOrPhenotypicFeature,D004204,train
2909,19536134,collagen 2,GeneOrGeneProduct,12824,Association,joint abnormalities,DiseaseOrPhenotypicFeature,D007592,train
2910,19536134,collagen 2,GeneOrGeneProduct,12824,Association,chondrodysplasia,DiseaseOrPhenotypicFeature,D010009,train
2911,19536134,BMP,GeneOrGeneProduct,12159,Association,Erk,GeneOrGeneProduct,26413,train
2912,19536134,BMP,GeneOrGeneProduct,12159,Association,Jnk,GeneOrGeneProduct,26419,train
2913,19536134,BMP,GeneOrGeneProduct,12159,Association,p38,GeneOrGeneProduct,26416,train
2914,19536134,BMP,GeneOrGeneProduct,12159,Association,Smad1/5/8,GeneOrGeneProduct,55994,train
2915,19536134,BMP,GeneOrGeneProduct,12159,Association,Smad1/5/8,GeneOrGeneProduct,17129,train
2916,19536134,BMP,GeneOrGeneProduct,12159,Association,Smad1/5/8,GeneOrGeneProduct,17125,train
2917,19536134,TAK1,GeneOrGeneProduct,26409,Association,Erk,GeneOrGeneProduct,26413,train
2918,19536134,TAK1,GeneOrGeneProduct,26409,Association,Jnk,GeneOrGeneProduct,26419,train
2919,19536134,TAK1,GeneOrGeneProduct,26409,Association,p38,GeneOrGeneProduct,26416,train
2920,19536134,TAK1,GeneOrGeneProduct,26409,Association,Smad1/5/8,GeneOrGeneProduct,55994,train
2921,19536134,TAK1,GeneOrGeneProduct,26409,Association,Smad1/5/8,GeneOrGeneProduct,17129,train
2922,19536134,TAK1,GeneOrGeneProduct,26409,Association,Smad1/5/8,GeneOrGeneProduct,17125,train
2923,19536134,TAK1,GeneOrGeneProduct,26409,Association,collagen 2,GeneOrGeneProduct,12824,train
2924,19536134,TAK1,GeneOrGeneProduct,26409,Association,tarsal fusion,DiseaseOrPhenotypicFeature,D000070604,train
2925,19536134,TAK1,GeneOrGeneProduct,26409,Association,elbow dislocation,DiseaseOrPhenotypicFeature,D004204,train
2926,19536134,TAK1,GeneOrGeneProduct,26409,Association,joint abnormalities,DiseaseOrPhenotypicFeature,D007592,train
2927,19536134,TAK1,GeneOrGeneProduct,26409,Association,chondrodysplasia,DiseaseOrPhenotypicFeature,D010009,train
2928,19536134,TAK1,GeneOrGeneProduct,26409,Positive_Correlation,BMP,GeneOrGeneProduct,12159,train
2929,20428796,TGF-beta,GeneOrGeneProduct,7043,Bind,TGF-beta-isoforms and their receptors I and II,GeneOrGeneProduct,7048,train
2930,20428796,TGF-beta,GeneOrGeneProduct,7043,Bind,TGF-beta-isoforms and their receptors I and II,GeneOrGeneProduct,7046,train
2931,20428796,TGF-beta,GeneOrGeneProduct,7042,Bind,TGF-beta-isoforms and their receptors I and II,GeneOrGeneProduct,7048,train
2932,20428796,TGF-beta,GeneOrGeneProduct,7042,Bind,TGF-beta-isoforms and their receptors I and II,GeneOrGeneProduct,7046,train
2933,20428796,TGF-beta,GeneOrGeneProduct,7042,Positive_Correlation,keloid scars,DiseaseOrPhenotypicFeature,D007627,train
2934,20428796,TGF-beta,GeneOrGeneProduct,7040,Bind,TGF-beta-isoforms and their receptors I and II,GeneOrGeneProduct,7048,train
2935,20428796,TGF-beta,GeneOrGeneProduct,7040,Bind,TGF-beta-isoforms and their receptors I and II,GeneOrGeneProduct,7046,train
2936,20428796,TGF-beta,GeneOrGeneProduct,7040,Association,keloid scars,DiseaseOrPhenotypicFeature,D007627,train
2937,20428796,TGF-beta-isoforms and their receptors I and II,GeneOrGeneProduct,7048,Negative_Correlation,keloid scars,DiseaseOrPhenotypicFeature,D007627,train
2938,20428796,TGF-beta-isoforms and their receptors I and II,GeneOrGeneProduct,7046,Association,keloid scars,DiseaseOrPhenotypicFeature,D007627,train
2939,20428796,keloid scars,DiseaseOrPhenotypicFeature,D007627,Negative_Correlation,TGF-beta,GeneOrGeneProduct,7043,train
2940,20428796,TGF-beta1,GeneOrGeneProduct,4052,Positive_Correlation,TGF-beta,GeneOrGeneProduct,7042,train
2941,20428796,TGF-beta1,GeneOrGeneProduct,4052,Bind,TGF-beta-isoforms and their receptors I and II,GeneOrGeneProduct,7046,train
2942,20428796,TGF-beta1,GeneOrGeneProduct,4052,Positive_Correlation,keloid scars,DiseaseOrPhenotypicFeature,D007627,train
2943,20428796,TGF-beta1,GeneOrGeneProduct,4052,Association,oligonucleotides,ChemicalEntity,D009841,train
2944,20428796,TGF-beta1,GeneOrGeneProduct,4052,Positive_Correlation,TGF-beta1,GeneOrGeneProduct,4052,train
2945,21238926,Pumilio,GeneOrGeneProduct,41094,Negative_Correlation,dMyc,GeneOrGeneProduct,31310,train
2946,21238926,Pumilio,GeneOrGeneProduct,41094,Negative_Correlation,Mad,GeneOrGeneProduct,33529,train
2947,21238926,Brat,GeneOrGeneProduct,35197,Association,BMP,GeneOrGeneProduct,33432,train
2948,21238926,Brat,GeneOrGeneProduct,35197,Negative_Correlation,dMyc,GeneOrGeneProduct,31310,train
2949,21238926,Brat,GeneOrGeneProduct,35197,Negative_Correlation,Mad,GeneOrGeneProduct,33529,train
2950,21238926,Brat,GeneOrGeneProduct,35197,Association,Nanos,GeneOrGeneProduct,42297,train
2951,21238926,Brat,GeneOrGeneProduct,35197,Association,Pumilio,GeneOrGeneProduct,41094,train
2952,21904390,c.643T>C,SequenceVariant,c|SUB|T|643|C,Positive_Correlation,Peters anomaly,DiseaseOrPhenotypicFeature,C537884,train
2953,21904390,c.643T>C,SequenceVariant,c|SUB|T|643|C,Positive_Correlation,anterior segment malformations,DiseaseOrPhenotypicFeature,C537775,train
2954,21904390,p.S216P,SequenceVariant,p|SUB|S|216|P,Positive_Correlation,Peters anomaly,DiseaseOrPhenotypicFeature,C537884,train
2955,21904390,p.S216P,SequenceVariant,p|SUB|S|216|P,Positive_Correlation,anterior segment malformations,DiseaseOrPhenotypicFeature,C537775,train
2956,21904390,c.357-3C>G,SequenceVariant,c|SUB|C|357-3|G,Positive_Correlation,Aniridia,DiseaseOrPhenotypicFeature,D015783,train
2957,21904390,p.Ser119fsX,SequenceVariant,p|FS|S|119||,Positive_Correlation,Aniridia,DiseaseOrPhenotypicFeature,D015783,train
2958,21904390,PAX6,GeneOrGeneProduct,5080,Association,Peters anomaly,DiseaseOrPhenotypicFeature,C537884,train
2959,21904390,PAX6,GeneOrGeneProduct,5080,Association,anterior segment malformations,DiseaseOrPhenotypicFeature,C537775,train
2960,21904390,Aniridia,DiseaseOrPhenotypicFeature,D015783,Association,PAX6,GeneOrGeneProduct,5080,train
2961,24709919,"Re, Rg1, and Rb1 ginsenosides",ChemicalEntity,C049864,Negative_Correlation,opioid,ChemicalEntity,D000701,train
2962,24709919,"Re, Rg1, and Rb1 ginsenosides",ChemicalEntity,C049864,Negative_Correlation,hyperalgesia,DiseaseOrPhenotypicFeature,D006930,train
2963,24709919,"Re, Rg1, and Rb1 ginsenosides",ChemicalEntity,C035054,Positive_Correlation,hyperalgesia,DiseaseOrPhenotypicFeature,D006930,train
2964,24709919,opioid,ChemicalEntity,D000701,Positive_Correlation,hyperalgesia,DiseaseOrPhenotypicFeature,D006930,train
2965,24709919,ginsenosides,ChemicalEntity,D036145,Association,opioid,ChemicalEntity,D000701,train
2966,24709919,ginsenosides,ChemicalEntity,D036145,Association,hyperalgesia,DiseaseOrPhenotypicFeature,D006930,train
2967,27630165,IFN-g,GeneOrGeneProduct,15978,Association,Malaria Infection,DiseaseOrPhenotypicFeature,D008288,train
2968,27630165,IFN-g,GeneOrGeneProduct,15978,Association,TIGIT,GeneOrGeneProduct,100043314,train
2969,27630165,IFN-g,GeneOrGeneProduct,15978,Association,Lag-3,GeneOrGeneProduct,16768,train
2970,27630165,IFN-g,GeneOrGeneProduct,15978,Association,PD-1,GeneOrGeneProduct,18566,train
2971,27630165,IL-10,GeneOrGeneProduct,16153,Association,Malaria Infection,DiseaseOrPhenotypicFeature,D008288,train
2972,27630165,IL-10,GeneOrGeneProduct,16153,Association,TIGIT,GeneOrGeneProduct,100043314,train
2973,27630165,IL-10,GeneOrGeneProduct,16153,Association,Lag-3,GeneOrGeneProduct,16768,train
2974,27630165,IL-10,GeneOrGeneProduct,16153,Association,PD-1,GeneOrGeneProduct,18566,train
2975,27630165,CD4,GeneOrGeneProduct,12504,Association,Malaria Infection,DiseaseOrPhenotypicFeature,D008288,train
2976,27630165,CD4,GeneOrGeneProduct,12504,Association,TIGIT,GeneOrGeneProduct,100043314,train
2977,27630165,CD4,GeneOrGeneProduct,12504,Association,Lag-3,GeneOrGeneProduct,16768,train
2978,27630165,CD4,GeneOrGeneProduct,12504,Association,PD-1,GeneOrGeneProduct,18566,train
2979,27630165,CD4,GeneOrGeneProduct,12504,Association,IFN-g,GeneOrGeneProduct,15978,train
2980,27630165,CD4,GeneOrGeneProduct,12504,Association,IL-10,GeneOrGeneProduct,16153,train
2981,28260077,heat shock protein (Hsp)27,GeneOrGeneProduct,3315,Association,Bcl-2,GeneOrGeneProduct,596,train
2982,28260077,heat shock protein (Hsp)27,GeneOrGeneProduct,3315,Association,caspase-3,GeneOrGeneProduct,836,train
2983,28260077,heat shock protein (Hsp)27,GeneOrGeneProduct,3315,Association,Bax,GeneOrGeneProduct,581,train
2984,28260077,iopamidol,ChemicalEntity,D007479,Association,Bcl-2,GeneOrGeneProduct,596,train
2985,28260077,iopamidol,ChemicalEntity,D007479,Association,caspase-3,GeneOrGeneProduct,836,train
2986,28260077,iopamidol,ChemicalEntity,D007479,Association,Bax,GeneOrGeneProduct,581,train
2987,28260077,iopamidol,ChemicalEntity,D007479,Positive_Correlation,B cell lymphoma-2 (Bcl-2)-associated X protein,GeneOrGeneProduct,24887,train
2988,28260077,iopamidol,ChemicalEntity,D007479,Positive_Correlation,caspase-3,GeneOrGeneProduct,25402,train
2989,28260077,iopamidol,ChemicalEntity,D007479,Association,heat shock protein (Hsp)27,GeneOrGeneProduct,3315,train
2990,28260077,iopamidol,ChemicalEntity,D007479,Positive_Correlation,contrast-induced nephropathy,DiseaseOrPhenotypicFeature,D007674,train
2991,28260077,Atorvastatin,ChemicalEntity,D000069059,Positive_Correlation,Hsp27,GeneOrGeneProduct,24471,train
2992,28260077,Atorvastatin,ChemicalEntity,D000069059,Negative_Correlation,B cell lymphoma-2 (Bcl-2)-associated X protein,GeneOrGeneProduct,24887,train
2993,28260077,Atorvastatin,ChemicalEntity,D000069059,Positive_Correlation,Bcl-2,GeneOrGeneProduct,24224,train
2994,28260077,Atorvastatin,ChemicalEntity,D000069059,Negative_Correlation,caspase-3,GeneOrGeneProduct,25402,train
2995,28260077,Atorvastatin,ChemicalEntity,D000069059,Negative_Correlation,iopamidol,ChemicalEntity,D007479,train
2996,28260077,Atorvastatin,ChemicalEntity,D000069059,Negative_Correlation,contrast-induced nephropathy,DiseaseOrPhenotypicFeature,D007674,train
2997,28346429,VEGF receptor 2,GeneOrGeneProduct,16542,Association,liver kinase B1,GeneOrGeneProduct,20869,train
2998,28346429,vascular endothelial growth factor,GeneOrGeneProduct,22339,Association,specificity protein 1,GeneOrGeneProduct,20683,train
2999,28346429,vascular endothelial growth factor,GeneOrGeneProduct,22339,Association,tumor,DiseaseOrPhenotypicFeature,D009369,train
3000,28346429,tumor,DiseaseOrPhenotypicFeature,D009369,Association,specificity protein 1,GeneOrGeneProduct,20683,train
3001,28346429,liver kinase B1,GeneOrGeneProduct,20869,Association,Peutz-Jeghers syndrome,DiseaseOrPhenotypicFeature,D010580,train
3002,28346429,liver kinase B1,GeneOrGeneProduct,20869,Bind,specificity protein 1,GeneOrGeneProduct,20683,train
3003,28346429,liver kinase B1,GeneOrGeneProduct,20869,Negative_Correlation,vascular endothelial growth factor,GeneOrGeneProduct,22339,train
3004,28346429,liver kinase B1,GeneOrGeneProduct,20869,Negative_Correlation,tumor,DiseaseOrPhenotypicFeature,D009369,train
3005,15241482,-107C/T,SequenceVariant,c|SUB|C|-107|T,Association,coronary heart disease,DiseaseOrPhenotypicFeature,D003327,train
3006,15241482,Paraoxonase 1,GeneOrGeneProduct,5444,Association,coronary heart disease,DiseaseOrPhenotypicFeature,D003327,train
3007,15241482,192RR,SequenceVariant,p|Allele|R|192,Association,coronary heart disease,DiseaseOrPhenotypicFeature,D003327,train
3008,15241482,ischemic heart disease,DiseaseOrPhenotypicFeature,D017202,Association,Paraoxonase 1,GeneOrGeneProduct,5444,train
3009,15241482,ischemic heart disease,DiseaseOrPhenotypicFeature,D017202,Association,192Q/R,SequenceVariant,p|SUB|Q|192|R,train
3010,15241482,192Q/R,SequenceVariant,p|SUB|Q|192|R,Association,coronary heart disease,DiseaseOrPhenotypicFeature,D003327,train
3011,15241482,55M/L,SequenceVariant,p|SUB|M|55|L,Association,coronary heart disease,DiseaseOrPhenotypicFeature,D003327,train
3012,17273972,H194Q,SequenceVariant,rs74315522,Association,22q11.2 deletions,DiseaseOrPhenotypicFeature,D004062,train
3013,17273972,TBX1,GeneOrGeneProduct,6899,Negative_Correlation,22q11.2 deletions,DiseaseOrPhenotypicFeature,D004062,train
3014,17959715,rs1800734,SequenceVariant,rs1800734,Positive_Correlation,cancer,DiseaseOrPhenotypicFeature,D009369,train
3015,17959715,rs1800734,SequenceVariant,rs1800734,Association,Hodgkin lymphoma,DiseaseOrPhenotypicFeature,D006689,train
3016,17959715,rs1800734,SequenceVariant,rs1800734,Association,breast cancer,DiseaseOrPhenotypicFeature,D001943,train
3017,17959715,rs1800734,SequenceVariant,rs1800734,Association,acute myeloid leukaemia,DiseaseOrPhenotypicFeature,D015470,train
3018,17959715,MLH1,GeneOrGeneProduct,4292,Association,cancer,DiseaseOrPhenotypicFeature,D009369,train
3019,17959715,MLH1,GeneOrGeneProduct,4292,Association,Hodgkin lymphoma,DiseaseOrPhenotypicFeature,D006689,train
3020,17959715,MLH1,GeneOrGeneProduct,4292,Association,breast cancer,DiseaseOrPhenotypicFeature,D001943,train
3021,17959715,MLH1,GeneOrGeneProduct,4292,Association,acute myeloid leukaemia,DiseaseOrPhenotypicFeature,D015470,train
3022,18050247,systemic lupus erythematosus,DiseaseOrPhenotypicFeature,D008180,Positive_Correlation,N673S,SequenceVariant,rs3917815,train
3023,18050247,systemic lupus erythematosus,DiseaseOrPhenotypicFeature,D008180,Association,IRF5,GeneOrGeneProduct,3663,train
3024,18050247,systemic lupus erythematosus,DiseaseOrPhenotypicFeature,D008180,Association,TNFRSF6,GeneOrGeneProduct,355,train
3025,18050247,systemic lupus erythematosus,DiseaseOrPhenotypicFeature,D008180,Association,interleukin-1 receptor-associated kinase 1,GeneOrGeneProduct,3654,train
3026,18050247,systemic lupus erythematosus,DiseaseOrPhenotypicFeature,D008180,Positive_Correlation,C203S,SequenceVariant,rs10127175,train
3027,18050247,systemic lupus erythematosus,DiseaseOrPhenotypicFeature,D008180,Association,P-selectin,GeneOrGeneProduct,6403,train
3028,18541230,thrombin,GeneOrGeneProduct,29251,Association,nephrotic syndrome,DiseaseOrPhenotypicFeature,D009404,train
3029,18541230,thrombin,GeneOrGeneProduct,29251,Association,puromycin aminonucleoside,ChemicalEntity,D011692,train
3030,18541230,puromycin aminonucleoside,ChemicalEntity,D011692,Positive_Correlation,nephrotic syndrome,DiseaseOrPhenotypicFeature,D009404,train
3031,18541230,puromycin aminonucleoside,ChemicalEntity,D011692,Positive_Correlation,hyperlipidemia,DiseaseOrPhenotypicFeature,D006949,train
3032,18541230,puromycin aminonucleoside,ChemicalEntity,D011692,Positive_Correlation,renal dysfunction,DiseaseOrPhenotypicFeature,D007674,train
3033,18541230,puromycin aminonucleoside,ChemicalEntity,D011692,Positive_Correlation,hematological abnormalities,DiseaseOrPhenotypicFeature,D006402,train
3034,18541230,puromycin aminonucleoside,ChemicalEntity,D011692,Positive_Correlation,nephrosis,DiseaseOrPhenotypicFeature,D009401,train
3035,18541230,antithrombin,ChemicalEntity,D000991,Negative_Correlation,nephrotic syndrome,DiseaseOrPhenotypicFeature,D009404,train
3036,18541230,antithrombin,ChemicalEntity,D000991,Negative_Correlation,hyperlipidemia,DiseaseOrPhenotypicFeature,D006949,train
3037,18541230,antithrombin,ChemicalEntity,D000991,Negative_Correlation,renal dysfunction,DiseaseOrPhenotypicFeature,D007674,train
3038,18541230,antithrombin,ChemicalEntity,D000991,Negative_Correlation,hematological abnormalities,DiseaseOrPhenotypicFeature,D006402,train
3039,18541230,antithrombin,ChemicalEntity,D000991,Negative_Correlation,nephrosis,DiseaseOrPhenotypicFeature,D009401,train
3040,18541230,antithrombin,ChemicalEntity,D000991,Negative_Correlation,puromycin aminonucleoside,ChemicalEntity,D011692,train
3041,19048115,MAPK,GeneOrGeneProduct,5594,Association,tumor,DiseaseOrPhenotypicFeature,D009369,train
3042,19048115,GTP,ChemicalEntity,D006160,Bind,KRAS,GeneOrGeneProduct,3845,train
3043,19048115,ovarian serous carcinomas,DiseaseOrPhenotypicFeature,D010051,Association,Neurofibromin 1,GeneOrGeneProduct,4763,train
3044,19048115,Brca2,GeneOrGeneProduct,675,Association,ovarian serous carcinomas,DiseaseOrPhenotypicFeature,D010051,train
3045,19048115,Brca1,GeneOrGeneProduct,672,Association,ovarian serous carcinomas,DiseaseOrPhenotypicFeature,D010051,train
3046,19048115,tumor,DiseaseOrPhenotypicFeature,D009369,Association,KRAS,GeneOrGeneProduct,3845,train
3047,19048115,tumor,DiseaseOrPhenotypicFeature,D009369,Association,Brca2,GeneOrGeneProduct,675,train
3048,19048115,tumor,DiseaseOrPhenotypicFeature,D009369,Association,Brca1,GeneOrGeneProduct,672,train
3049,19048115,tumor,DiseaseOrPhenotypicFeature,D009369,Association,Neurofibromin 1,GeneOrGeneProduct,4763,train
3050,19048115,TP53,GeneOrGeneProduct,7157,Association,ovarian serous carcinomas,DiseaseOrPhenotypicFeature,D010051,train
3051,19048115,TP53,GeneOrGeneProduct,7157,Association,tumor,DiseaseOrPhenotypicFeature,D009369,train
3052,19048115,Neurofibromin 1,GeneOrGeneProduct,4763,Association,TP53,GeneOrGeneProduct,7157,train
3053,19463742,glucose,ChemicalEntity,D005947,Positive_Correlation,insulin,GeneOrGeneProduct,16333,train
3054,19463742,melanotan II,ChemicalEntity,C079282,Association,AKT,GeneOrGeneProduct,24185,train
3055,19463742,melanotan II,ChemicalEntity,C079282,Association,insulin,GeneOrGeneProduct,24505,train
3056,19463742,IRS-1,GeneOrGeneProduct,3667,Association,Melanocortin-4 receptor,GeneOrGeneProduct,4160,train
3057,19463742,melanocortin,GeneOrGeneProduct,5443,Positive_Correlation,melanotan II,ChemicalEntity,C079282,train
3058,19463742,melanocortin,GeneOrGeneProduct,5443,Association,AKT,GeneOrGeneProduct,24185,train
3059,19463742,melanocortin,GeneOrGeneProduct,5443,Positive_Correlation,NDP-MSH,ChemicalEntity,C027756,train
3060,19463742,melanocortin,GeneOrGeneProduct,5443,Association,insulin,GeneOrGeneProduct,24505,train
3061,19463742,melanocortin,GeneOrGeneProduct,5443,Bind,Melanocortin-4 receptor,GeneOrGeneProduct,4160,train
3062,19463742,melanocortin,GeneOrGeneProduct,5443,Negative_Correlation,c-Jun N-terminal kinase,GeneOrGeneProduct,5599,train
3063,19463742,NDP-MSH,ChemicalEntity,C027756,Positive_Correlation,glucose,ChemicalEntity,D005947,train
3064,19463742,NDP-MSH,ChemicalEntity,C027756,Association,AKT,GeneOrGeneProduct,207,train
3065,19463742,NDP-MSH,ChemicalEntity,C027756,Association,IRS-1,GeneOrGeneProduct,3667,train
3066,19463742,NDP-MSH,ChemicalEntity,C027756,Association,insulin,GeneOrGeneProduct,3630,train
3067,19463742,NDP-MSH,ChemicalEntity,C027756,Association,insulin,GeneOrGeneProduct,16333,train
3068,19463742,NDP-MSH,ChemicalEntity,C027756,Association,Melanocortin-4 receptor,GeneOrGeneProduct,4160,train
3069,19463742,NDP-MSH,ChemicalEntity,C027756,Negative_Correlation,c-Jun N-terminal kinase,GeneOrGeneProduct,5599,train
3070,19463742,insulin,GeneOrGeneProduct,3630,Association,AKT,GeneOrGeneProduct,207,train
3071,19463742,insulin,GeneOrGeneProduct,3630,Association,c-Jun N-terminal kinase,GeneOrGeneProduct,5599,train
3072,19463742,insulin,GeneOrGeneProduct,3630,Association,c-Jun N-terminal kinase,GeneOrGeneProduct,26419,train
3073,19463742,insulin,GeneOrGeneProduct,3630,Association,c-Jun N-terminal kinase,GeneOrGeneProduct,116554,train
3074,19463742,insulin,GeneOrGeneProduct,24505,Association,AKT,GeneOrGeneProduct,24185,train
3075,19463742,insulin,GeneOrGeneProduct,24505,Association,c-Jun N-terminal kinase,GeneOrGeneProduct,5599,train
3076,19463742,insulin,GeneOrGeneProduct,24505,Association,c-Jun N-terminal kinase,GeneOrGeneProduct,26419,train
3077,19463742,insulin,GeneOrGeneProduct,24505,Association,c-Jun N-terminal kinase,GeneOrGeneProduct,116554,train
3078,19463742,insulin,GeneOrGeneProduct,16333,Association,c-Jun N-terminal kinase,GeneOrGeneProduct,5599,train
3079,19463742,insulin,GeneOrGeneProduct,16333,Association,c-Jun N-terminal kinase,GeneOrGeneProduct,26419,train
3080,19463742,insulin,GeneOrGeneProduct,16333,Association,c-Jun N-terminal kinase,GeneOrGeneProduct,116554,train
3081,19463742,Melanocortin-4 receptor,GeneOrGeneProduct,4160,Positive_Correlation,insulin,GeneOrGeneProduct,3630,train
3082,19463742,Melanocortin-4 receptor,GeneOrGeneProduct,4160,Positive_Correlation,insulin,GeneOrGeneProduct,24505,train
3083,19463742,Melanocortin-4 receptor,GeneOrGeneProduct,4160,Positive_Correlation,insulin,GeneOrGeneProduct,16333,train
3084,19463742,Melanocortin-4 receptor,GeneOrGeneProduct,4160,Negative_Correlation,c-Jun N-terminal kinase,GeneOrGeneProduct,5599,train
3085,19463742,Melanocortin-4 receptor,GeneOrGeneProduct,4160,Negative_Correlation,c-Jun N-terminal kinase,GeneOrGeneProduct,26419,train
3086,19463742,Melanocortin-4 receptor,GeneOrGeneProduct,4160,Negative_Correlation,c-Jun N-terminal kinase,GeneOrGeneProduct,116554,train
3087,19463742,Melanocortin-4 receptor,GeneOrGeneProduct,25635,Positive_Correlation,insulin,GeneOrGeneProduct,3630,train
3088,19463742,Melanocortin-4 receptor,GeneOrGeneProduct,25635,Positive_Correlation,insulin,GeneOrGeneProduct,24505,train
3089,19463742,Melanocortin-4 receptor,GeneOrGeneProduct,25635,Positive_Correlation,insulin,GeneOrGeneProduct,16333,train
3090,19463742,Melanocortin-4 receptor,GeneOrGeneProduct,25635,Negative_Correlation,c-Jun N-terminal kinase,GeneOrGeneProduct,5599,train
3091,19463742,Melanocortin-4 receptor,GeneOrGeneProduct,25635,Negative_Correlation,c-Jun N-terminal kinase,GeneOrGeneProduct,26419,train
3092,19463742,Melanocortin-4 receptor,GeneOrGeneProduct,25635,Negative_Correlation,c-Jun N-terminal kinase,GeneOrGeneProduct,116554,train
3093,19463742,Melanocortin-4 receptor,GeneOrGeneProduct,17202,Positive_Correlation,insulin,GeneOrGeneProduct,3630,train
3094,19463742,Melanocortin-4 receptor,GeneOrGeneProduct,17202,Positive_Correlation,insulin,GeneOrGeneProduct,24505,train
3095,19463742,Melanocortin-4 receptor,GeneOrGeneProduct,17202,Positive_Correlation,insulin,GeneOrGeneProduct,16333,train
3096,19463742,Melanocortin-4 receptor,GeneOrGeneProduct,17202,Negative_Correlation,c-Jun N-terminal kinase,GeneOrGeneProduct,5599,train
3097,19463742,Melanocortin-4 receptor,GeneOrGeneProduct,17202,Negative_Correlation,c-Jun N-terminal kinase,GeneOrGeneProduct,26419,train
3098,19463742,Melanocortin-4 receptor,GeneOrGeneProduct,17202,Negative_Correlation,c-Jun N-terminal kinase,GeneOrGeneProduct,116554,train
3099,24588023,tranexamic acid,ChemicalEntity,D014148,Association,convulsive seizures,DiseaseOrPhenotypicFeature,D012640,train
3100,26516699,Let-7b,GeneOrGeneProduct,406884,Association,Kras,GeneOrGeneProduct,3845,train
3101,26516699,miR-192,GeneOrGeneProduct,387187,Association,pancreatic cancer,DiseaseOrPhenotypicFeature,D010190,train
3102,26516699,pancreatic cancer,DiseaseOrPhenotypicFeature,D010190,Association,miR-138,GeneOrGeneProduct,723956,train
3103,26516699,pancreatic cancer,DiseaseOrPhenotypicFeature,D010190,Association,miR-138,GeneOrGeneProduct,387156,train
3104,26516699,pancreatic cancer,DiseaseOrPhenotypicFeature,D010190,Association,miR-494,GeneOrGeneProduct,723878,train
3105,26516699,pancreatic cancer,DiseaseOrPhenotypicFeature,D010190,Association,G12D,SequenceVariant,p|SUB|G|12|D,train
3106,26516699,pancreatic cancer,DiseaseOrPhenotypicFeature,D010190,Association,Let-7b,GeneOrGeneProduct,406884,train
3107,26516699,pancreatic cancer,DiseaseOrPhenotypicFeature,D010190,Association,miR-223,GeneOrGeneProduct,723814,train
3108,26516699,pancreatic cancer,DiseaseOrPhenotypicFeature,D010190,Association,miR-1273,GeneOrGeneProduct,100422821,train
3109,26516699,pancreatic cancer,DiseaseOrPhenotypicFeature,D010190,Association,miR-34c,GeneOrGeneProduct,723932,train
3110,26516699,pancreatic cancer,DiseaseOrPhenotypicFeature,D010190,Association,Let-7b,GeneOrGeneProduct,387245,train
3111,26516699,pancreatic cancer,DiseaseOrPhenotypicFeature,D010190,Association,miR-195,GeneOrGeneProduct,387190,train
3112,26516699,pancreatic cancer,DiseaseOrPhenotypicFeature,D010190,Association,miR-150,GeneOrGeneProduct,387168,train
3113,26516699,pancreatic cancer,DiseaseOrPhenotypicFeature,D010190,Association,miR-26b,GeneOrGeneProduct,387219,train
3114,26516699,pancreatic cancer,DiseaseOrPhenotypicFeature,D010190,Association,miR-483-3p,GeneOrGeneProduct,723874,train
3115,26516699,pancreatic cancer,DiseaseOrPhenotypicFeature,D010190,Association,miR-141,GeneOrGeneProduct,387159,train
3116,26516699,pancreatic cancer,DiseaseOrPhenotypicFeature,D010190,Association,miR-345,GeneOrGeneProduct,723946,train
3117,26516699,pancreatic cancer,DiseaseOrPhenotypicFeature,D010190,Association,miR-100,GeneOrGeneProduct,723892,train
3118,26516699,pancreatic cancer,DiseaseOrPhenotypicFeature,D010190,Association,Ago2,GeneOrGeneProduct,239528,train
3119,26516699,pancreatic cancer,DiseaseOrPhenotypicFeature,D010190,Association,DGCR8,GeneOrGeneProduct,94223,train
3120,26516699,pancreatic cancer,DiseaseOrPhenotypicFeature,D010190,Association,TARBP2,GeneOrGeneProduct,21357,train
3121,26516699,pancreatic cancer,DiseaseOrPhenotypicFeature,D010190,Association,TRKRA,GeneOrGeneProduct,18211,train
3122,26516699,pancreatic cancer,DiseaseOrPhenotypicFeature,D010190,Association,Exportin-5,GeneOrGeneProduct,72322,train
3123,26516699,pancreatic cancer,DiseaseOrPhenotypicFeature,D010190,Association,Dicer,GeneOrGeneProduct,192119,train
3124,26516699,pancreatic cancer,DiseaseOrPhenotypicFeature,D010190,Association,miR-21,GeneOrGeneProduct,387140,train
3125,26516699,pancreatic cancer,DiseaseOrPhenotypicFeature,D010190,Association,miR-31,GeneOrGeneProduct,723895,train
3126,26516699,pancreatic cancer,DiseaseOrPhenotypicFeature,D010190,Association,miR-205,GeneOrGeneProduct,387201,train
3127,26516699,pancreatic cancer,DiseaseOrPhenotypicFeature,D010190,Association,miR-146b,GeneOrGeneProduct,751550,train
3128,26516699,pancreatic cancer,DiseaseOrPhenotypicFeature,D010190,Association,miR-217,GeneOrGeneProduct,387213,train
3129,26516699,pancreatic cancer,DiseaseOrPhenotypicFeature,D010190,Association,miR-216a,GeneOrGeneProduct,387212,train
3130,26516699,pancreatic cancer,DiseaseOrPhenotypicFeature,D010190,Association,miR-148a,GeneOrGeneProduct,387166,train
3131,26516699,pancreatic cancer,DiseaseOrPhenotypicFeature,D010190,Association,Kras,GeneOrGeneProduct,3845,train
3132,26516699,Kras,GeneOrGeneProduct,3845,Association,miR-138,GeneOrGeneProduct,723956,train
3133,26516699,Kras,GeneOrGeneProduct,3845,Association,miR-138,GeneOrGeneProduct,387156,train
3134,26516699,Kras,GeneOrGeneProduct,3845,Association,miR-494,GeneOrGeneProduct,723878,train
3135,26516699,Kras,GeneOrGeneProduct,3845,Association,miR-223,GeneOrGeneProduct,723814,train
3136,26516699,Kras,GeneOrGeneProduct,3845,Association,miR-1273,GeneOrGeneProduct,100422821,train
3137,26516699,Kras,GeneOrGeneProduct,3845,Association,miR-34c,GeneOrGeneProduct,723932,train
3138,26516699,Kras,GeneOrGeneProduct,3845,Association,Let-7b,GeneOrGeneProduct,387245,train
3139,26516699,Kras,GeneOrGeneProduct,3845,Association,miR-195,GeneOrGeneProduct,387190,train
3140,26516699,Kras,GeneOrGeneProduct,3845,Association,miR-150,GeneOrGeneProduct,387168,train
3141,26516699,Kras,GeneOrGeneProduct,3845,Association,miR-26b,GeneOrGeneProduct,387219,train
3142,26516699,Kras,GeneOrGeneProduct,3845,Association,miR-483-3p,GeneOrGeneProduct,723874,train
3143,26516699,Kras,GeneOrGeneProduct,3845,Association,miR-141,GeneOrGeneProduct,387159,train
3144,26516699,Kras,GeneOrGeneProduct,3845,Association,miR-345,GeneOrGeneProduct,723946,train
3145,26516699,Kras,GeneOrGeneProduct,3845,Association,miR-100,GeneOrGeneProduct,723892,train
3146,26516699,Kras,GeneOrGeneProduct,3845,Association,Ago2,GeneOrGeneProduct,239528,train
3147,26516699,Kras,GeneOrGeneProduct,3845,Association,DGCR8,GeneOrGeneProduct,94223,train
3148,26516699,Kras,GeneOrGeneProduct,3845,Association,TARBP2,GeneOrGeneProduct,21357,train
3149,26516699,Kras,GeneOrGeneProduct,3845,Association,TRKRA,GeneOrGeneProduct,18211,train
3150,26516699,Kras,GeneOrGeneProduct,3845,Association,Exportin-5,GeneOrGeneProduct,72322,train
3151,26516699,Kras,GeneOrGeneProduct,3845,Association,Dicer,GeneOrGeneProduct,192119,train
3152,26516699,Kras,GeneOrGeneProduct,3845,Association,miR-21,GeneOrGeneProduct,387140,train
3153,26516699,Kras,GeneOrGeneProduct,3845,Association,miR-192,GeneOrGeneProduct,387187,train
3154,26516699,Kras,GeneOrGeneProduct,3845,Association,miR-31,GeneOrGeneProduct,723895,train
3155,26516699,Kras,GeneOrGeneProduct,3845,Association,miR-205,GeneOrGeneProduct,387201,train
3156,26516699,Kras,GeneOrGeneProduct,3845,Association,miR-146b,GeneOrGeneProduct,751550,train
3157,26516699,Kras,GeneOrGeneProduct,3845,Association,miR-217,GeneOrGeneProduct,387213,train
3158,26516699,Kras,GeneOrGeneProduct,3845,Association,miR-216a,GeneOrGeneProduct,387212,train
3159,26516699,Kras,GeneOrGeneProduct,3845,Association,miR-148a,GeneOrGeneProduct,387166,train
3160,26731607,GADD45A,GeneOrGeneProduct,13197,Association,p38 Mitogen-activated protein kinase,GeneOrGeneProduct,26416,train
3161,27172902,IL-10,GeneOrGeneProduct,16153,Association,cancer,DiseaseOrPhenotypicFeature,D009369,train
3162,27172902,IL-10,GeneOrGeneProduct,16153,Association,inflammatory,DiseaseOrPhenotypicFeature,D007249,train
3163,27172902,IL-10,GeneOrGeneProduct,16153,Positive_Correlation,NF-kappaB,GeneOrGeneProduct,18033,train
3164,27172902,IL-10,GeneOrGeneProduct,16153,Positive_Correlation,p38 MAPK,GeneOrGeneProduct,26416,train
3165,27172902,TLR,GeneOrGeneProduct,13982,Positive_Correlation,NF-kappaB,GeneOrGeneProduct,18033,train
3166,27172902,TLR,GeneOrGeneProduct,13982,Positive_Correlation,p38 MAPK,GeneOrGeneProduct,26416,train
3167,27172902,TLR,GeneOrGeneProduct,13982,Positive_Correlation,IL-10,GeneOrGeneProduct,16153,train
3168,27172902,Cisplatin,ChemicalEntity,D002945,Negative_Correlation,cancer,DiseaseOrPhenotypicFeature,D009369,train
3169,27172902,Cisplatin,ChemicalEntity,D002945,Positive_Correlation,inflammatory,DiseaseOrPhenotypicFeature,D007249,train
3170,27172902,Cisplatin,ChemicalEntity,D002945,Cotreatment,lipopolysaccharide,ChemicalEntity,D008070,train
3171,27172902,Cisplatin,ChemicalEntity,D002945,Positive_Correlation,NF-kappaB,GeneOrGeneProduct,18033,train
3172,27172902,Cisplatin,ChemicalEntity,D002945,Positive_Correlation,p38 MAPK,GeneOrGeneProduct,26416,train
3173,27172902,Cisplatin,ChemicalEntity,D002945,Positive_Correlation,IL-10,GeneOrGeneProduct,16153,train
3174,27172902,Cisplatin,ChemicalEntity,D002945,Negative_Correlation,MHC class I and II,GeneOrGeneProduct,14972,train
3175,27172902,Cisplatin,ChemicalEntity,D002945,Negative_Correlation,MHC class I and II,GeneOrGeneProduct,14961,train
3176,27172902,Cisplatin,ChemicalEntity,D002945,Negative_Correlation,CD86,GeneOrGeneProduct,12524,train
3177,27172902,Cisplatin,ChemicalEntity,D002945,Negative_Correlation,CD80,GeneOrGeneProduct,12519,train
3178,27172902,Cisplatin,ChemicalEntity,D002945,Positive_Correlation,TLR,GeneOrGeneProduct,13982,train
3179,27248656,proteinuria,DiseaseOrPhenotypicFeature,D011507,Association,mTOR,GeneOrGeneProduct,56718,train
3180,27248656,proteinuria,DiseaseOrPhenotypicFeature,D011507,Association,p38,GeneOrGeneProduct,81649,train
3181,27248656,proteinuria,DiseaseOrPhenotypicFeature,D011507,Association,NF-kappaB,GeneOrGeneProduct,81736,train
3182,27248656,17-dimethylaminoethylamino-17-demethoxygeldanamycin,ChemicalEntity,C448659,Association,mTOR,GeneOrGeneProduct,56718,train
3183,27248656,17-dimethylaminoethylamino-17-demethoxygeldanamycin,ChemicalEntity,C448659,Negative_Correlation,proteinuria,DiseaseOrPhenotypicFeature,D011507,train
3184,27248656,17-dimethylaminoethylamino-17-demethoxygeldanamycin,ChemicalEntity,C448659,Association,p38,GeneOrGeneProduct,81649,train
3185,27248656,17-dimethylaminoethylamino-17-demethoxygeldanamycin,ChemicalEntity,C448659,Association,NF-kappaB,GeneOrGeneProduct,81736,train
3186,27248656,17-dimethylaminoethylamino-17-demethoxygeldanamycin,ChemicalEntity,C448659,Negative_Correlation,nephropathy,DiseaseOrPhenotypicFeature,D007674,train
3187,27248656,17-dimethylaminoethylamino-17-demethoxygeldanamycin,ChemicalEntity,C448659,Association,salt,ChemicalEntity,D012492,train
3188,27248656,MCP-1,GeneOrGeneProduct,24770,Positive_Correlation,salt,ChemicalEntity,D012492,train
3189,27248656,IL-6,GeneOrGeneProduct,24498,Positive_Correlation,salt,ChemicalEntity,D012492,train
3190,27248656,TNF-alpha,GeneOrGeneProduct,24835,Positive_Correlation,salt,ChemicalEntity,D012492,train
3191,27248656,HIF-1alpha,GeneOrGeneProduct,29560,Positive_Correlation,salt,ChemicalEntity,D012492,train
3192,27248656,"TGF-beta,",GeneOrGeneProduct,59086,Positive_Correlation,salt,ChemicalEntity,D012492,train
3193,27248656,nephropathy,DiseaseOrPhenotypicFeature,D007674,Association,mTOR,GeneOrGeneProduct,56718,train
3194,27248656,nephropathy,DiseaseOrPhenotypicFeature,D007674,Association,p38,GeneOrGeneProduct,81649,train
3195,27248656,nephropathy,DiseaseOrPhenotypicFeature,D007674,Association,NF-kappaB,GeneOrGeneProduct,81736,train
3196,27248656,salt,ChemicalEntity,D012492,Association,hypertensive,DiseaseOrPhenotypicFeature,D006973,train
3197,27248656,salt,ChemicalEntity,D012492,Positive_Correlation,renal dysfunction,DiseaseOrPhenotypicFeature,D051437,train
3198,27248656,salt,ChemicalEntity,D012492,Positive_Correlation,proteinuria,DiseaseOrPhenotypicFeature,D011507,train
3199,27248656,salt,ChemicalEntity,D012492,Association,Bcl-2,GeneOrGeneProduct,24224,train
3200,27248656,salt,ChemicalEntity,D012492,Positive_Correlation,p38,GeneOrGeneProduct,81649,train
3201,27248656,salt,ChemicalEntity,D012492,Positive_Correlation,NF-kappaB,GeneOrGeneProduct,81736,train
3202,27248656,salt,ChemicalEntity,D012492,Positive_Correlation,nephropathy,DiseaseOrPhenotypicFeature,D007674,train
3203,27248656,Hsp90beta,GeneOrGeneProduct,301252,Association,Raptor,GeneOrGeneProduct,287871,train
3204,27248656,Hsp90beta,GeneOrGeneProduct,301252,Association,IKKalpha/beta,GeneOrGeneProduct,84351,train
3205,27248656,Hsp90beta,GeneOrGeneProduct,301252,Association,IKKalpha/beta,GeneOrGeneProduct,309361,train
3206,27248656,Hsp90beta,GeneOrGeneProduct,301252,Association,AMPKalpha,GeneOrGeneProduct,65248,train
3207,27248656,Hsp90beta,GeneOrGeneProduct,301252,Association,TAK1,GeneOrGeneProduct,313121,train
3208,27248656,Hsp90beta,GeneOrGeneProduct,301252,Association,mTOR,GeneOrGeneProduct,56718,train
3209,27248656,Hsp90beta,GeneOrGeneProduct,301252,Association,proteinuria,DiseaseOrPhenotypicFeature,D011507,train
3210,27248656,Hsp90beta,GeneOrGeneProduct,301252,Negative_Correlation,Bcl-2,GeneOrGeneProduct,24224,train
3211,27248656,Hsp90beta,GeneOrGeneProduct,301252,Positive_Correlation,p38,GeneOrGeneProduct,81649,train
3212,27248656,Hsp90beta,GeneOrGeneProduct,301252,Positive_Correlation,NF-kappaB,GeneOrGeneProduct,81736,train
3213,27248656,Hsp90beta,GeneOrGeneProduct,301252,Association,HIF-1alpha,GeneOrGeneProduct,29560,train
3214,27248656,Hsp90beta,GeneOrGeneProduct,301252,Association,nephropathy,DiseaseOrPhenotypicFeature,D007674,train
3215,27248656,Hsp90beta,GeneOrGeneProduct,301252,Positive_Correlation,salt,ChemicalEntity,D012492,train
3216,28660748,renin,GeneOrGeneProduct,19701,Association,tumor,DiseaseOrPhenotypicFeature,D009369,train
3217,28660748,renin,GeneOrGeneProduct,19701,Association,metastases,DiseaseOrPhenotypicFeature,D009362,train
3218,28660748,renin,GeneOrGeneProduct,19701,Association,angiotensin,GeneOrGeneProduct,11606,train
3219,28660748,collagen,GeneOrGeneProduct,12842,Association,Angiotensin II subtype 1a receptor,GeneOrGeneProduct,11607,train
3220,28660748,liver metastasis,DiseaseOrPhenotypicFeature,D008113,Association,collagen,GeneOrGeneProduct,12842,train
3221,28660748,clodronate,ChemicalEntity,D004002,Negative_Correlation,liver metastasis,DiseaseOrPhenotypicFeature,D008113,train
3222,28660748,angiotensin,GeneOrGeneProduct,11606,Association,tumor,DiseaseOrPhenotypicFeature,D009369,train
3223,28660748,angiotensin,GeneOrGeneProduct,11606,Association,metastases,DiseaseOrPhenotypicFeature,D009362,train
3224,28660748,angiotensin,GeneOrGeneProduct,11606,Positive_Correlation,transforming growth factor- b1,GeneOrGeneProduct,21803,train
3225,28660748,F4/80,GeneOrGeneProduct,13733,Positive_Correlation,Angiotensin II subtype 1a receptor,GeneOrGeneProduct,11607,train
3226,28660748,transforming growth factor- b1,GeneOrGeneProduct,21803,Association,liver metastasis,DiseaseOrPhenotypicFeature,D008113,train
3227,28660748,transforming growth factor- b1,GeneOrGeneProduct,21803,Positive_Correlation,Angiotensin II subtype 1a receptor,GeneOrGeneProduct,11607,train
3228,28660748,Angiotensin II subtype 1a receptor,GeneOrGeneProduct,11607,Association,liver metastasis,DiseaseOrPhenotypicFeature,D008113,train
3229,28660748,CD31,GeneOrGeneProduct,18613,Positive_Correlation,Angiotensin II subtype 1a receptor,GeneOrGeneProduct,11607,train
3230,15983230,rs5393,SequenceVariant,rs5393,Association,impaired glucose tolerance,DiseaseOrPhenotypicFeature,D018149,train
3231,15983230,rs5393,SequenceVariant,rs5393,Association,obese,DiseaseOrPhenotypicFeature,D009765,train
3232,15983230,rs5393,SequenceVariant,rs5393,Association,Diabetes,DiseaseOrPhenotypicFeature,D003920,train
3233,15983230,rs5393,SequenceVariant,rs5393,Positive_Correlation,type 2 diabetes,DiseaseOrPhenotypicFeature,D003924,train
3234,15983230,SLC2A2,GeneOrGeneProduct,6514,Association,impaired glucose tolerance,DiseaseOrPhenotypicFeature,D018149,train
3235,15983230,SLC2A2,GeneOrGeneProduct,6514,Association,obese,DiseaseOrPhenotypicFeature,D009765,train
3236,15983230,SLC2A2,GeneOrGeneProduct,6514,Association,Diabetes,DiseaseOrPhenotypicFeature,D003920,train
3237,15983230,SLC2A2,GeneOrGeneProduct,6514,Association,type 2 diabetes,DiseaseOrPhenotypicFeature,D003924,train
3238,15983230,insulin,GeneOrGeneProduct,3630,Association,SLC2A2,GeneOrGeneProduct,6514,train
3239,15983230,insulin,GeneOrGeneProduct,3630,Association,GLP1R,GeneOrGeneProduct,2740,train
3240,15983230,insulin,GeneOrGeneProduct,3630,Association,GIP,GeneOrGeneProduct,2695,train
3241,15983230,insulin,GeneOrGeneProduct,3630,Association,HNF4A,GeneOrGeneProduct,3172,train
3242,15983230,insulin,GeneOrGeneProduct,3630,Association,TCF1,GeneOrGeneProduct,6927,train
3243,15983230,insulin,GeneOrGeneProduct,3630,Association,GCK,GeneOrGeneProduct,2645,train
3244,16412238,C-peptide,ChemicalEntity,D002096,Association,Y355X,SequenceVariant,p|SUB|Y|355|X,train
3245,16412238,familial partial lipodystrophy type 3,DiseaseOrPhenotypicFeature,D052496,Positive_Correlation,Y355X,SequenceVariant,p|SUB|Y|355|X,train
3246,16412238,Peroxisomal proliferator activated receptor-gamma,GeneOrGeneProduct,5468,Negative_Correlation,familial partial lipodystrophy type 3,DiseaseOrPhenotypicFeature,D052496,train
3247,16412238,Peroxisomal proliferator activated receptor-gamma,GeneOrGeneProduct,5468,Association,pancreatitis,DiseaseOrPhenotypicFeature,D010195,train
3248,16412238,Peroxisomal proliferator activated receptor-gamma,GeneOrGeneProduct,5468,Association,hypertriglyceridemia,DiseaseOrPhenotypicFeature,D015228,train
3249,16412238,Peroxisomal proliferator activated receptor-gamma,GeneOrGeneProduct,5468,Association,diabetes,DiseaseOrPhenotypicFeature,D003920,train
3250,16412238,insulin resistance,DiseaseOrPhenotypicFeature,D007333,Association,Peroxisomal proliferator activated receptor-gamma,GeneOrGeneProduct,5468,train
3251,16412238,insulin resistance,DiseaseOrPhenotypicFeature,D007333,Association,Y355X,SequenceVariant,p|SUB|Y|355|X,train
3252,16412238,Y355X,SequenceVariant,p|SUB|Y|355|X,Association,high-density lipoprotein cholesterol,ChemicalEntity,D008076,train
3253,16412238,Y355X,SequenceVariant,p|SUB|Y|355|X,Association,pancreatitis,DiseaseOrPhenotypicFeature,D010195,train
3254,16412238,Y355X,SequenceVariant,p|SUB|Y|355|X,Association,hypertriglyceridemia,DiseaseOrPhenotypicFeature,D015228,train
3255,16412238,Y355X,SequenceVariant,p|SUB|Y|355|X,Association,diabetes,DiseaseOrPhenotypicFeature,D003920,train
3256,16412238,Y355X,SequenceVariant,p|SUB|Y|355|X,Association,triglycerides,ChemicalEntity,D014280,train
3257,18270997,Val158Met,SequenceVariant,rs4680,Association,opiate addiction,DiseaseOrPhenotypicFeature,D009293,train
3258,18270997,Catechol-O-methyltransferase,GeneOrGeneProduct,1312,Negative_Correlation,dopamine,ChemicalEntity,D004298,train
3259,18270997,Catechol-O-methyltransferase,GeneOrGeneProduct,1312,Negative_Correlation,catechol neurotransmitters,ChemicalEntity,D002395,train
3260,18270997,Catechol-O-methyltransferase,GeneOrGeneProduct,1312,Association,opiate addiction,DiseaseOrPhenotypicFeature,D009293,train
3261,18487244,POLG1,GeneOrGeneProduct,5428,Association,hepatoencephalopathy,DiseaseOrPhenotypicFeature,C563797,train
3262,18487244,Alpers syndrome,DiseaseOrPhenotypicFeature,D002549,Association,POLG1,GeneOrGeneProduct,5428,train
3263,19037252,diffuse mesangial sclerosis,DiseaseOrPhenotypicFeature,C537346,Association,phospholipase C epsilon 1,GeneOrGeneProduct,51196,train
3264,19037252,diffuse mesangial sclerosis,DiseaseOrPhenotypicFeature,C537346,Association,four-basepair deletion,SequenceVariant,c|DEL||4,train
3265,19707748,cytochrome P450 (CYP) 1A2,GeneOrGeneProduct,1544,Association,levofloxacin,ChemicalEntity,D064704,train
3266,19707748,Seizures,DiseaseOrPhenotypicFeature,D012640,Positive_Correlation,levofloxacin,ChemicalEntity,D064704,train
3267,20129423,carbamazepine,ChemicalEntity,D002220,Positive_Correlation,hypersensitivity,DiseaseOrPhenotypicFeature,D006967,train
3268,20129423,carbamazepine,ChemicalEntity,D002220,Positive_Correlation,myocarditis,DiseaseOrPhenotypicFeature,D009205,train
3269,21325775,G to C at codon 158,SequenceVariant,c|SUB|G|CODON158|C,Association,lipoprotein glomerulopathy,DiseaseOrPhenotypicFeature,C567089,train
3270,21325775,lipoprotein glomerulopathy,DiseaseOrPhenotypicFeature,C567089,Association,Arg158 Pro,SequenceVariant,p|SUB|R|158|P,train
3271,21325775,lipoprotein glomerulopathy,DiseaseOrPhenotypicFeature,C567089,Positive_Correlation,apolipoprotein E,GeneOrGeneProduct,348,train
3272,21325775,dyslipidemic,DiseaseOrPhenotypicFeature,D050171,Association,Arg158 Pro,SequenceVariant,p|SUB|R|158|P,train
3273,21325775,apolipoprotein E,GeneOrGeneProduct,348,Association,dyslipidemic,DiseaseOrPhenotypicFeature,D050171,train
3274,21699520,Gorlin syndrome,DiseaseOrPhenotypicFeature,D001478,Association,p.E947stop,SequenceVariant,p|SUB|E|947|X,train
3275,21699520,Gorlin syndrome,DiseaseOrPhenotypicFeature,D001478,Association,g.2839T>G,SequenceVariant,g|SUB|T|2839|G,train
3276,21699520,Gorlin syndrome,DiseaseOrPhenotypicFeature,D001478,Association,PTCH1,GeneOrGeneProduct,5727,train
3277,21699520,basal cell carcinomas,DiseaseOrPhenotypicFeature,D002280,Association,p.R962T,SequenceVariant,p|SUB|R|962|T,train
3278,21699520,basal cell carcinomas,DiseaseOrPhenotypicFeature,D002280,Association,g.2885G>C,SequenceVariant,g|SUB|G|2885|C,train
3279,21699520,basal cell carcinomas,DiseaseOrPhenotypicFeature,D002280,Association,PTCH1,GeneOrGeneProduct,5727,train
3280,21699520,cancer,DiseaseOrPhenotypicFeature,D009369,Association,IVS9 + 217T,SequenceVariant,c|Allele|T|IVS9+217,train
3281,21699520,cancer,DiseaseOrPhenotypicFeature,D009369,Association,p.E947stop,SequenceVariant,p|SUB|E|947|X,train
3282,21699520,cancer,DiseaseOrPhenotypicFeature,D009369,Association,g.2839T>G,SequenceVariant,g|SUB|T|2839|G,train
3283,21699520,cancer,DiseaseOrPhenotypicFeature,D009369,Negative_Correlation,PTCH1,GeneOrGeneProduct,5727,train
3284,22104738,methylmalonic acid,ChemicalEntity,D008764,Association,malonic aciduria,DiseaseOrPhenotypicFeature,C535702,train
3285,22104738,malonic acid,ChemicalEntity,C030290,Association,malonic aciduria,DiseaseOrPhenotypicFeature,C535702,train
3286,22104738,malonic aciduria,DiseaseOrPhenotypicFeature,C535702,Association,MLYCD,GeneOrGeneProduct,23417,train
3287,22104738,malonic aciduria,DiseaseOrPhenotypicFeature,C535702,Association,c.920T>G,SequenceVariant,c|SUB|T|920|G,train
3288,22104738,malonic aciduria,DiseaseOrPhenotypicFeature,C535702,Association,p.Leu307Arg,SequenceVariant,p|SUB|L|307|R,train
3289,25218136,PRAS40,GeneOrGeneProduct,292887,Bind,raptor,GeneOrGeneProduct,287871,train
3290,25218136,raptor,GeneOrGeneProduct,287871,Bind,RagA-D,GeneOrGeneProduct,298514,train
3291,25218136,leucine,ChemicalEntity,D007930,Association,Ragulator complex,GeneOrGeneProduct,308869,train
3292,25218136,leucine,ChemicalEntity,D007930,Association,Ragulator complex,GeneOrGeneProduct,295234,train
3293,25218136,leucine,ChemicalEntity,D007930,Positive_Correlation,RagA-D,GeneOrGeneProduct,298514,train
3294,25218136,leucine,ChemicalEntity,D007930,Negative_Correlation,PRAS40,GeneOrGeneProduct,292887,train
3295,25218136,leucine,ChemicalEntity,D007930,Association,raptor,GeneOrGeneProduct,287871,train
3296,25218136,leucine,ChemicalEntity,D007930,Association,Sepsis,DiseaseOrPhenotypicFeature,D018805,train
3297,25218136,leucine,ChemicalEntity,D007930,Positive_Correlation,mTOR,GeneOrGeneProduct,56718,train
3298,25218136,Sepsis,DiseaseOrPhenotypicFeature,D018805,Association,amino acid transporters,GeneOrGeneProduct,29642,train
3299,25218136,Sepsis,DiseaseOrPhenotypicFeature,D018805,Association,amino acid transporters,GeneOrGeneProduct,84551,train
3300,25218136,Sepsis,DiseaseOrPhenotypicFeature,D018805,Association,amino acid transporters,GeneOrGeneProduct,25648,train
3301,25218136,Sepsis,DiseaseOrPhenotypicFeature,D018805,Negative_Correlation,mTOR,GeneOrGeneProduct,56718,train
3302,25218136,mTOR,GeneOrGeneProduct,56718,Association,Ragulator complex,GeneOrGeneProduct,308869,train
3303,25218136,mTOR,GeneOrGeneProduct,56718,Association,Ragulator complex,GeneOrGeneProduct,295234,train
3304,25218136,mTOR,GeneOrGeneProduct,56718,Bind,raptor,GeneOrGeneProduct,287871,train
3305,25218136,mTOR,GeneOrGeneProduct,56718,Association,S6K1,GeneOrGeneProduct,83840,train
3306,25218136,mTOR,GeneOrGeneProduct,56718,Association,4E-BP1,GeneOrGeneProduct,116636,train
3307,28151486,doxycycline,ChemicalEntity,D004318,Association,SCID,DiseaseOrPhenotypicFeature,D016511,train
3308,28151486,doxycycline,ChemicalEntity,D004318,Negative_Correlation,breast cancer,DiseaseOrPhenotypicFeature,D001943,train
3309,28151486,doxycycline,ChemicalEntity,D004318,Positive_Correlation,Star-PAP,GeneOrGeneProduct,64852,train
3310,28151486,BIK,GeneOrGeneProduct,638,Association,breast cancer,DiseaseOrPhenotypicFeature,D001943,train
3311,28151486,BIK,GeneOrGeneProduct,638,Association,Star-PAP,GeneOrGeneProduct,64852,train
3312,28151486,Star-PAP,GeneOrGeneProduct,64852,Association,SCID,DiseaseOrPhenotypicFeature,D016511,train
3313,28151486,Star-PAP,GeneOrGeneProduct,64852,Association,breast cancer,DiseaseOrPhenotypicFeature,D001943,train
3314,28151486,Star-PAP,GeneOrGeneProduct,64852,Negative_Correlation,tumor,DiseaseOrPhenotypicFeature,D009369,train
3315,15200408,neonatal death,DiseaseOrPhenotypicFeature,D066087,Association,uroplakin (UP) III,GeneOrGeneProduct,22270,train
3316,15200408,Pro154Ala,SequenceVariant,p|SUB|P|154|A,Association,vesicoureteral reflux,DiseaseOrPhenotypicFeature,C564042,train
3317,15200408,C to G,SequenceVariant,c|SUB|C||G,Association,vesicoureteral reflux,DiseaseOrPhenotypicFeature,C564042,train
3318,15200408,uroplakin,GeneOrGeneProduct,7380,Association,vesicoureteral reflux,DiseaseOrPhenotypicFeature,C564042,train
3319,15200408,C to T,SequenceVariant,rs373513519,Association,vesicoureteral reflux,DiseaseOrPhenotypicFeature,C564042,train
3320,15200408,uroplakin,GeneOrGeneProduct,11045,Association,vesicoureteral reflux,DiseaseOrPhenotypicFeature,C564042,train
3321,15200408,uroplakin (UP) III,GeneOrGeneProduct,22270,Association,hydronephrosis,DiseaseOrPhenotypicFeature,D006869,train
3322,15200408,uroplakin (UP) III,GeneOrGeneProduct,22270,Association,vesicoureteral reflux,DiseaseOrPhenotypicFeature,C564042,train
3323,16309808,dopamine D2 receptor antagonists,ChemicalEntity,D065127,Positive_Correlation,restless legs syndrome,DiseaseOrPhenotypicFeature,D012148,train
3324,16309808,noradrenergic and specific serotonergic antidepressant,ChemicalEntity,D000928,Association,restless legs syndrome,DiseaseOrPhenotypicFeature,D012148,train
3325,16309808,restless legs syndrome,DiseaseOrPhenotypicFeature,D012148,Negative_Correlation,levodopa,ChemicalEntity,D007980,train
3326,16309808,restless legs syndrome,DiseaseOrPhenotypicFeature,D012148,Positive_Correlation,domperidone,ChemicalEntity,D004294,train
3327,16309808,mirtazapine,ChemicalEntity,D000078785,Positive_Correlation,restless legs syndrome,DiseaseOrPhenotypicFeature,D012148,train
3328,16309808,domperidone,ChemicalEntity,D004294,Drug_Interaction,mirtazapine,ChemicalEntity,D000078785,train
3329,16309808,domperidone,ChemicalEntity,D004294,Negative_Correlation,dopamine D2 receptor,GeneOrGeneProduct,1813,train
3330,18397285,ADAMTS13,GeneOrGeneProduct,11093,Association,VWF,GeneOrGeneProduct,7450,train
3331,18397285,type 2A von Willebrand disease,DiseaseOrPhenotypicFeature,D056728,Association,VWF,GeneOrGeneProduct,7450,train
3332,18397285,L1503R,SequenceVariant,rs61750097,Association,type 2A von Willebrand disease,DiseaseOrPhenotypicFeature,D056728,train
3333,18790087,Delta32,SequenceVariant,c|DEL||32,Association,AIDS,DiseaseOrPhenotypicFeature,D000163,train
3334,18790087,Delta32,SequenceVariant,c|DEL||32,Association,HIV-1 infection,DiseaseOrPhenotypicFeature,D015658,train
3335,18790087,CCR5,GeneOrGeneProduct,1234,Association,AIDS,DiseaseOrPhenotypicFeature,D000163,train
3336,18790087,CCR5,GeneOrGeneProduct,1234,Association,HIV-1 infection,DiseaseOrPhenotypicFeature,D015658,train
3337,20401977,dioxin,ChemicalEntity,D004147,Association,AHR,GeneOrGeneProduct,196,train
3338,20401977,"2,3,7,8-tetrachlorodibenzo-p-dioxin",ChemicalEntity,D000072317,Association,AHR,GeneOrGeneProduct,196,train
3339,20401977,"2,3,7,8-tetrachlorodibenzo-p-dioxin",ChemicalEntity,D000072317,Association,dioxin,ChemicalEntity,D004147,train
3340,20588063,puromycin aminonucleoside,ChemicalEntity,D011692,Positive_Correlation,nephrosis,DiseaseOrPhenotypicFeature,D009401,train
3341,20588063,nephrosis,DiseaseOrPhenotypicFeature,D009401,Association,dendrin,GeneOrGeneProduct,25113,train
3342,20588063,nephrosis,DiseaseOrPhenotypicFeature,D009401,Association,plekhh2,GeneOrGeneProduct,313866,train
3343,20588063,nephrin,GeneOrGeneProduct,64563,Association,nephrosis,DiseaseOrPhenotypicFeature,D009401,train
3344,20588063,proteinuria,DiseaseOrPhenotypicFeature,D011507,Association,dendrin,GeneOrGeneProduct,25113,train
3345,20588063,proteinuria,DiseaseOrPhenotypicFeature,D011507,Association,plekhh2,GeneOrGeneProduct,313866,train
3346,20588063,proteinuria,DiseaseOrPhenotypicFeature,D011507,Association,nephrin,GeneOrGeneProduct,64563,train
3347,20854438,mal de Meleda,DiseaseOrPhenotypicFeature,D007645,Positive_Correlation,G to A substitution in nucleotide 256,SequenceVariant,rs28937888,train
3348,20854438,mal de Meleda,DiseaseOrPhenotypicFeature,D007645,Association,SLURP1,GeneOrGeneProduct,57152,train
3349,20854438,viral infection,DiseaseOrPhenotypicFeature,D014777,Association,G to A substitution in nucleotide 256,SequenceVariant,rs28937888,train
3350,20854438,melanoma,DiseaseOrPhenotypicFeature,D008545,Positive_Correlation,G to A substitution in nucleotide 256,SequenceVariant,rs28937888,train
3351,20854438,SLURP1,GeneOrGeneProduct,57152,Association,viral infection,DiseaseOrPhenotypicFeature,D014777,train
3352,20854438,SLURP1,GeneOrGeneProduct,57152,Association,melanoma,DiseaseOrPhenotypicFeature,D008545,train
3353,20854438,SLURP1,GeneOrGeneProduct,57152,Positive_Correlation,nicotinic acetylcholine receptor,GeneOrGeneProduct,1137,train
3354,21771880,IRS2,GeneOrGeneProduct,8660,Association,diabetes,DiseaseOrPhenotypicFeature,D003920,train
3355,21771880,IRS2,GeneOrGeneProduct,8660,Association,obesity,DiseaseOrPhenotypicFeature,D009765,train
3356,21771880,SNP 10510452_139,SequenceVariant,10510452_139,Association,obesity,DiseaseOrPhenotypicFeature,D009765,train
3357,24100257,coronary artery vasospasm,DiseaseOrPhenotypicFeature,D003329,Positive_Correlation,Zolmitriptan,ChemicalEntity,C089750,train
3358,24100257,Zolmitriptan,ChemicalEntity,C089750,Negative_Correlation,migraines,DiseaseOrPhenotypicFeature,D008881,train
3359,24100257,Takotsubo syndrome,DiseaseOrPhenotypicFeature,D054549,Positive_Correlation,Zolmitriptan,ChemicalEntity,C089750,train
3360,25263533,T-cell receptor,GeneOrGeneProduct,6955,Association,IL-2 receptor,GeneOrGeneProduct,3560,train
3361,25263533,T-cell receptor,GeneOrGeneProduct,6955,Negative_Correlation,Bcl6,GeneOrGeneProduct,604,train
3362,25263533,T-cell receptor,GeneOrGeneProduct,6955,Association,CD25,GeneOrGeneProduct,3559,train
3363,25263533,Bcl6,GeneOrGeneProduct,604,Negative_Correlation,MHC class II,GeneOrGeneProduct,3108,train
3364,25263533,Bcl6,GeneOrGeneProduct,604,Negative_Correlation,IgA,GeneOrGeneProduct,3493,train
3365,25263533,Bcl6,GeneOrGeneProduct,604,Negative_Correlation,IgG,GeneOrGeneProduct,3500,train
3366,25263533,Bcl6,GeneOrGeneProduct,604,Negative_Correlation,CD45RO,GeneOrGeneProduct,5788,train
3367,25263533,Bcl6,GeneOrGeneProduct,604,Negative_Correlation,activation-induced cytidine deaminase,GeneOrGeneProduct,57379,train
3368,25263533,CD25,GeneOrGeneProduct,3559,Positive_Correlation,MHC class II,GeneOrGeneProduct,3108,train
3369,25263533,CD25,GeneOrGeneProduct,3559,Positive_Correlation,IgA,GeneOrGeneProduct,3493,train
3370,25263533,CD25,GeneOrGeneProduct,3559,Positive_Correlation,IgG,GeneOrGeneProduct,3500,train
3371,25263533,CD25,GeneOrGeneProduct,3559,Positive_Correlation,CD45RO,GeneOrGeneProduct,5788,train
3372,25263533,CD25,GeneOrGeneProduct,3559,Positive_Correlation,activation-induced cytidine deaminase,GeneOrGeneProduct,57379,train
3373,25263533,CD25,GeneOrGeneProduct,3559,Positive_Correlation,Bcl2,GeneOrGeneProduct,596,train
3374,25263533,CD25,GeneOrGeneProduct,3559,Positive_Correlation,OX40,GeneOrGeneProduct,7293,train
3375,25263533,CD25,GeneOrGeneProduct,3559,Positive_Correlation,ICOS,GeneOrGeneProduct,29851,train
3376,25263533,CD25,GeneOrGeneProduct,3559,Positive_Correlation,IL-10,GeneOrGeneProduct,3586,train
3377,25263533,CD25,GeneOrGeneProduct,3559,Positive_Correlation,IL-17,GeneOrGeneProduct,3605,train
3378,25263533,CD25,GeneOrGeneProduct,3559,Positive_Correlation,IL-21,GeneOrGeneProduct,59067,train
3379,25263533,CD25,GeneOrGeneProduct,3559,Positive_Correlation,cMaf,GeneOrGeneProduct,4094,train
3380,25263533,IL-2,GeneOrGeneProduct,3558,Bind,IL-2 receptor,GeneOrGeneProduct,3560,train
3381,25263533,IL-2,GeneOrGeneProduct,3558,Association,T-cell receptor,GeneOrGeneProduct,6955,train
3382,25263533,IL-2,GeneOrGeneProduct,3558,Association,Bcl6,GeneOrGeneProduct,604,train
3383,25263533,IL-2,GeneOrGeneProduct,3558,Association,IL-10,GeneOrGeneProduct,3586,train
3384,25263533,IL-2,GeneOrGeneProduct,3558,Association,IL-17,GeneOrGeneProduct,3605,train
3385,25263533,IL-2,GeneOrGeneProduct,3558,Association,IL-21,GeneOrGeneProduct,59067,train
3386,25263533,IL-2,GeneOrGeneProduct,3558,Association,cMaf,GeneOrGeneProduct,4094,train
3387,25263533,IL-2,GeneOrGeneProduct,3558,Bind,CD25,GeneOrGeneProduct,3559,train
3388,27779699,RUNX2,GeneOrGeneProduct,860,Association,giant cell tumor,DiseaseOrPhenotypicFeature,D005870,train
3389,27779699,OPG,GeneOrGeneProduct,4982,Association,giant cell tumor,DiseaseOrPhenotypicFeature,D005870,train
3390,27779699,OCN,GeneOrGeneProduct,632,Association,giant cell tumor,DiseaseOrPhenotypicFeature,D005870,train
3391,27779699,RANKL,GeneOrGeneProduct,8600,Association,giant cell tumor,DiseaseOrPhenotypicFeature,D005870,train
3392,27779699,filamin B,GeneOrGeneProduct,2317,Association,tumor,DiseaseOrPhenotypicFeature,D009369,train
3393,27779699,filamin B,GeneOrGeneProduct,2317,Positive_Correlation,RUNX2,GeneOrGeneProduct,860,train
3394,27779699,filamin B,GeneOrGeneProduct,2317,Positive_Correlation,OPG,GeneOrGeneProduct,4982,train
3395,27779699,filamin B,GeneOrGeneProduct,2317,Positive_Correlation,OCN,GeneOrGeneProduct,632,train
3396,27779699,filamin B,GeneOrGeneProduct,2317,Positive_Correlation,RANKL,GeneOrGeneProduct,8600,train
3397,27779699,filamin B,GeneOrGeneProduct,2317,Association,giant cell tumor,DiseaseOrPhenotypicFeature,D005870,train
3398,28075473,interleukin (IL)-17,GeneOrGeneProduct,3605,Association,tumor,DiseaseOrPhenotypicFeature,D009369,train
3399,28075473,lipopolysaccharides,ChemicalEntity,D008070,Negative_Correlation,mammary tumors,DiseaseOrPhenotypicFeature,D001943,train
3400,28075473,lipopolysaccharides,ChemicalEntity,D008070,Association,Toll-like receptor 4,GeneOrGeneProduct,21898,train
3401,28075473,lipopolysaccharides,ChemicalEntity,D008070,Positive_Correlation,interferon-g,GeneOrGeneProduct,15978,train
3402,28075473,lipopolysaccharides,ChemicalEntity,D008070,Negative_Correlation,interleukin-17,GeneOrGeneProduct,16171,train
3403,28075473,lipopolysaccharides,ChemicalEntity,D008070,Negative_Correlation,tumor,DiseaseOrPhenotypicFeature,D009369,train
3404,28075473,Toll-like receptor 4,GeneOrGeneProduct,21898,Association,interferon-g,GeneOrGeneProduct,15978,train
3405,28075473,Toll-like receptor 4,GeneOrGeneProduct,21898,Association,interleukin-23,GeneOrGeneProduct,83430,train
3406,28075473,Toll-like receptor 4,GeneOrGeneProduct,21898,Association,interleukin-17,GeneOrGeneProduct,16171,train
3407,28075473,Toll-like receptor 4,GeneOrGeneProduct,21898,Association,tumor,DiseaseOrPhenotypicFeature,D009369,train
3408,28075473,tumor,DiseaseOrPhenotypicFeature,D009369,Association,interferon-g,GeneOrGeneProduct,15978,train
3409,28075473,tumor,DiseaseOrPhenotypicFeature,D009369,Association,interleukin-23,GeneOrGeneProduct,83430,train
3410,28075473,tumor,DiseaseOrPhenotypicFeature,D009369,Association,interleukin-17,GeneOrGeneProduct,16171,train
3411,28260056,3-methyladenine,ChemicalEntity,C025946,Association,reactive oxygen species,ChemicalEntity,D017382,train
3412,28260056,3-methyladenine,ChemicalEntity,C025946,Association,hypoxia,DiseaseOrPhenotypicFeature,D000860,train
3413,28260056,reactive oxygen species,ChemicalEntity,D017382,Association,mTOR,GeneOrGeneProduct,56717,train
3414,28260056,reactive oxygen species,ChemicalEntity,D017382,Association,Akt,GeneOrGeneProduct,11651,train
3415,28260056,reactive oxygen species,ChemicalEntity,D017382,Association,PI3K,GeneOrGeneProduct,18706,train
3416,28260056,reactive oxygen species,ChemicalEntity,D017382,Positive_Correlation,hypoxia,DiseaseOrPhenotypicFeature,D000860,train
3417,28260056,PI3K,GeneOrGeneProduct,18706,Negative_Correlation,LY294002,ChemicalEntity,C085911,train
3418,28260056,hypoxia,DiseaseOrPhenotypicFeature,D000860,Association,Insulin-like growth factor-1,GeneOrGeneProduct,16000,train
3419,28260056,hypoxia,DiseaseOrPhenotypicFeature,D000860,Association,mTOR,GeneOrGeneProduct,56717,train
3420,28260056,hypoxia,DiseaseOrPhenotypicFeature,D000860,Association,Akt,GeneOrGeneProduct,11651,train
3421,28260056,hypoxia,DiseaseOrPhenotypicFeature,D000860,Association,PI3K,GeneOrGeneProduct,18706,train
3422,28260056,Insulin-like growth factor 1 receptor,GeneOrGeneProduct,16001,Association,reactive oxygen species,ChemicalEntity,D017382,train
3423,28260056,Insulin-like growth factor 1 receptor,GeneOrGeneProduct,16001,Association,mTOR,GeneOrGeneProduct,56717,train
3424,28260056,Insulin-like growth factor 1 receptor,GeneOrGeneProduct,16001,Association,Akt,GeneOrGeneProduct,11651,train
3425,28260056,Insulin-like growth factor 1 receptor,GeneOrGeneProduct,16001,Association,PI3K,GeneOrGeneProduct,18706,train
3426,28260056,Insulin-like growth factor 1 receptor,GeneOrGeneProduct,16001,Association,hypoxia,DiseaseOrPhenotypicFeature,D000860,train
3427,15075188,alpha(1)-subunit of the Na-K-ATPase,GeneOrGeneProduct,24211,Association,sodium,ChemicalEntity,D012964,train
3428,15075188,thiazide-sensitive Na(+)-Cl(-) cotransporter,GeneOrGeneProduct,54300,Association,sodium,ChemicalEntity,D012964,train
3429,15075188,Na(+)-K(+)-2Cl(-) cotransporter,GeneOrGeneProduct,25065,Association,sodium,ChemicalEntity,D012964,train
3430,15075188,Na(+)/H(+) exchanger type 3,GeneOrGeneProduct,24784,Association,sodium,ChemicalEntity,D012964,train
3431,15075188,ENaC subunits,GeneOrGeneProduct,24768,Association,nephrotic syndrome,DiseaseOrPhenotypicFeature,D009404,train
3432,15075188,ENaC subunits,GeneOrGeneProduct,24767,Association,nephrotic syndrome,DiseaseOrPhenotypicFeature,D009404,train
3433,15075188,ENaC subunits,GeneOrGeneProduct,25122,Association,nephrotic syndrome,DiseaseOrPhenotypicFeature,D009404,train
3434,15075188,sodium,ChemicalEntity,D012964,Association,nephrotic syndrome,DiseaseOrPhenotypicFeature,D009404,train
3435,15075188,puromycin aminonucleoside,ChemicalEntity,D011692,Negative_Correlation,thiazide-sensitive Na(+)-Cl(-) cotransporter,GeneOrGeneProduct,54300,train
3436,15075188,puromycin aminonucleoside,ChemicalEntity,D011692,Negative_Correlation,Na(+)-K(+)-2Cl(-) cotransporter,GeneOrGeneProduct,25065,train
3437,15075188,puromycin aminonucleoside,ChemicalEntity,D011692,Negative_Correlation,Na(+)/H(+) exchanger type 3,GeneOrGeneProduct,24784,train
3438,15075188,puromycin aminonucleoside,ChemicalEntity,D011692,Positive_Correlation,ENaC subunits,GeneOrGeneProduct,24768,train
3439,15075188,puromycin aminonucleoside,ChemicalEntity,D011692,Positive_Correlation,ENaC subunits,GeneOrGeneProduct,24767,train
3440,15075188,puromycin aminonucleoside,ChemicalEntity,D011692,Positive_Correlation,ENaC subunits,GeneOrGeneProduct,25122,train
3441,15075188,puromycin aminonucleoside,ChemicalEntity,D011692,Negative_Correlation,ascites,DiseaseOrPhenotypicFeature,D001201,train
3442,15075188,puromycin aminonucleoside,ChemicalEntity,D011692,Association,sodium,ChemicalEntity,D012964,train
3443,15075188,puromycin aminonucleoside,ChemicalEntity,D011692,Positive_Correlation,hypoalbuminemia,DiseaseOrPhenotypicFeature,D034141,train
3444,15075188,puromycin aminonucleoside,ChemicalEntity,D011692,Positive_Correlation,proteinuria,DiseaseOrPhenotypicFeature,D011507,train
3445,15075188,puromycin aminonucleoside,ChemicalEntity,D011692,Positive_Correlation,nephrotic syndrome,DiseaseOrPhenotypicFeature,D009404,train
3446,15145918,clonidine,ChemicalEntity,D003000,Positive_Correlation,alpha2-adrenergic and I1-imidazoline receptor,GeneOrGeneProduct,64652,train
3447,15145918,clonidine,ChemicalEntity,D003000,Positive_Correlation,hypotension,DiseaseOrPhenotypicFeature,D007022,train
3448,15145918,clonidine,ChemicalEntity,D003000,Positive_Correlation,alpha2-adrenergic and I1-imidazoline receptor,GeneOrGeneProduct,25083,train
3449,15145918,estrogen,ChemicalEntity,D004967,Negative_Correlation,clonidine,ChemicalEntity,D003000,train
3450,15145918,estrogen,ChemicalEntity,D004967,Association,alpha2-adrenergic and I1-imidazoline receptor,GeneOrGeneProduct,64652,train
3451,15145918,estrogen,ChemicalEntity,D004967,Negative_Correlation,hypotension,DiseaseOrPhenotypicFeature,D007022,train
3452,15145918,estrogen,ChemicalEntity,D004967,Negative_Correlation,alpha2-adrenergic and I1-imidazoline receptor,GeneOrGeneProduct,25083,train
3453,15145918,rilmenidine,ChemicalEntity,C032302,Positive_Correlation,alpha2-adrenergic and I1-imidazoline receptor,GeneOrGeneProduct,64652,train
3454,15145918,rilmenidine,ChemicalEntity,C032302,Positive_Correlation,hypotension,DiseaseOrPhenotypicFeature,D007022,train
3455,15145918,rilmenidine,ChemicalEntity,C032302,Positive_Correlation,alpha2-adrenergic and I1-imidazoline receptor,GeneOrGeneProduct,25083,train
3456,15145918,alpha-methyldopa,ChemicalEntity,D008750,Association,estrogen,ChemicalEntity,D004967,train
3457,15145918,alpha-methyldopa,ChemicalEntity,D008750,Positive_Correlation,alpha2-adrenergic and I1-imidazoline receptor,GeneOrGeneProduct,64652,train
3458,15145918,alpha-methyldopa,ChemicalEntity,D008750,Positive_Correlation,hypotension,DiseaseOrPhenotypicFeature,D007022,train
3459,15145918,alpha-methyldopa,ChemicalEntity,D008750,Positive_Correlation,alpha2-adrenergic and I1-imidazoline receptor,GeneOrGeneProduct,25083,train
3460,15145918,alpha2-adrenergic and I1-imidazoline receptor,GeneOrGeneProduct,64652,Association,hypotension,DiseaseOrPhenotypicFeature,D007022,train
3461,15145918,alpha2-adrenergic and I1-imidazoline receptor,GeneOrGeneProduct,25083,Association,hypotension,DiseaseOrPhenotypicFeature,D007022,train
3462,15278670,sevoflurane,ChemicalEntity,C009250,Positive_Correlation,depression,DiseaseOrPhenotypicFeature,D003866,train
3463,15278670,sevoflurane,ChemicalEntity,C009250,Negative_Correlation,convulsions,DiseaseOrPhenotypicFeature,D012640,train
3464,15278670,sevoflurane,ChemicalEntity,C009250,Negative_Correlation,lidocaine,ChemicalEntity,D008012,train
3465,15278670,calcium,ChemicalEntity,D002118,Association,potassium,ChemicalEntity,D011188,train
3466,15278670,Apamin,ChemicalEntity,D001030,Association,potassium,ChemicalEntity,D011188,train
3467,15278670,Apamin,ChemicalEntity,D001030,Association,calcium,ChemicalEntity,D002118,train
3468,15278670,Apamin,ChemicalEntity,D001030,Negative_Correlation,convulsions,DiseaseOrPhenotypicFeature,D012640,train
3469,15278670,lidocaine,ChemicalEntity,D008012,Positive_Correlation,convulsions,DiseaseOrPhenotypicFeature,D012640,train
3470,15614572,5-Hydroxytryptamine,ChemicalEntity,D012701,Positive_Correlation,5-HT 2A/2C receptor,GeneOrGeneProduct,25187,train
3471,15614572,catalepsy,DiseaseOrPhenotypicFeature,D002375,Positive_Correlation,haloperidol,ChemicalEntity,D006220,train
3472,15614572,catalepsy,DiseaseOrPhenotypicFeature,D002375,Positive_Correlation,apomorphine,ChemicalEntity,D001058,train
3473,15614572,apomorphine,ChemicalEntity,D001058,Positive_Correlation,oral stereotypies,DiseaseOrPhenotypicFeature,D009062,train
3474,15614572,dexamphetamine,ChemicalEntity,D003913,Positive_Correlation,oral stereotypies,DiseaseOrPhenotypicFeature,D009062,train
3475,15614572,trazodone,ChemicalEntity,D014196,Negative_Correlation,D2 DA receptors,GeneOrGeneProduct,24318,train
3476,15614572,trazodone,ChemicalEntity,D014196,Negative_Correlation,fluoxetine,ChemicalEntity,D005473,train
3477,15614572,trazodone,ChemicalEntity,D014196,Negative_Correlation,ergometrine,ChemicalEntity,D004874,train
3478,15614572,trazodone,ChemicalEntity,D014196,Negative_Correlation,haloperidol,ChemicalEntity,D006220,train
3479,15614572,trazodone,ChemicalEntity,D014196,Negative_Correlation,catalepsy,DiseaseOrPhenotypicFeature,D002375,train
3480,15614572,trazodone,ChemicalEntity,D014196,Negative_Correlation,oral stereotypies,DiseaseOrPhenotypicFeature,D009062,train
3481,15614572,trazodone,ChemicalEntity,D014196,Negative_Correlation,apomorphine,ChemicalEntity,D001058,train
3482,15614572,trazodone,ChemicalEntity,D014196,Negative_Correlation,dexamphetamine,ChemicalEntity,D003913,train
3483,15614572,trazodone,ChemicalEntity,D014196,Negative_Correlation,5-HT 2A/2C receptor,GeneOrGeneProduct,29595,train
3484,15614572,trazodone,ChemicalEntity,D014196,Negative_Correlation,5-HT 2A/2C receptor,GeneOrGeneProduct,25187,train
3485,15630069,schizoaffective disorder,DiseaseOrPhenotypicFeature,D011618,Negative_Correlation,risperidone,ChemicalEntity,D018967,train
3486,15630069,schizoaffective disorder,DiseaseOrPhenotypicFeature,D011618,Negative_Correlation,olanzapine,ChemicalEntity,C076029,train
3487,15630069,schizoaffective disorder,DiseaseOrPhenotypicFeature,D011618,Negative_Correlation,clozapine,ChemicalEntity,D003024,train
3488,15630069,risperidone,ChemicalEntity,D018967,Association,Glucose,ChemicalEntity,D005947,train
3489,15630069,olanzapine,ChemicalEntity,C076029,Positive_Correlation,insulin resistance,DiseaseOrPhenotypicFeature,D007333,train
3490,15630069,olanzapine,ChemicalEntity,C076029,Comparison,risperidone,ChemicalEntity,D018967,train
3491,15630069,olanzapine,ChemicalEntity,C076029,Association,Glucose,ChemicalEntity,D005947,train
3492,15630069,clozapine,ChemicalEntity,D003024,Positive_Correlation,insulin resistance,DiseaseOrPhenotypicFeature,D007333,train
3493,15630069,clozapine,ChemicalEntity,D003024,Comparison,risperidone,ChemicalEntity,D018967,train
3494,15630069,clozapine,ChemicalEntity,D003024,Comparison,olanzapine,ChemicalEntity,C076029,train
3495,15630069,clozapine,ChemicalEntity,D003024,Association,Glucose,ChemicalEntity,D005947,train
3496,15630069,schizophrenia,DiseaseOrPhenotypicFeature,D012559,Negative_Correlation,risperidone,ChemicalEntity,D018967,train
3497,15630069,schizophrenia,DiseaseOrPhenotypicFeature,D012559,Negative_Correlation,olanzapine,ChemicalEntity,C076029,train
3498,15630069,schizophrenia,DiseaseOrPhenotypicFeature,D012559,Negative_Correlation,clozapine,ChemicalEntity,D003024,train
3499,15630069,schizophrenia,DiseaseOrPhenotypicFeature,D012559,Negative_Correlation,antipsychotic agents,ChemicalEntity,D014150,train
3500,15630069,antipsychotic agents,ChemicalEntity,D014150,Positive_Correlation,diabetes mellitus,DiseaseOrPhenotypicFeature,D003920,train
3501,15630069,Glucose,ChemicalEntity,D005947,Association,antipsychotic agents,ChemicalEntity,D014150,train
3502,15858223,alpha-glutathione S-transferase,GeneOrGeneProduct,24421,Positive_Correlation,inflammation of the liver capsule,DiseaseOrPhenotypicFeature,D006505,train
3503,15858223,alpha-glutathione S-transferase,GeneOrGeneProduct,24421,Positive_Correlation,steatosis,DiseaseOrPhenotypicFeature,D005234,train
3504,15858223,alpha-glutathione S-transferase,GeneOrGeneProduct,24421,Positive_Correlation,necrosis,DiseaseOrPhenotypicFeature,D009336,train
3505,15858223,15-F(2t)-isoprostane,ChemicalEntity,C075750,Positive_Correlation,Valproic acid,ChemicalEntity,D014635,train
3506,15858223,liver toxicity,DiseaseOrPhenotypicFeature,D056486,Positive_Correlation,alpha-glutathione S-transferase,GeneOrGeneProduct,24421,train
3507,15858223,Valproic acid,ChemicalEntity,D014635,Positive_Correlation,steatosis,DiseaseOrPhenotypicFeature,D005234,train
3508,15858223,Valproic acid,ChemicalEntity,D014635,Positive_Correlation,necrosis,DiseaseOrPhenotypicFeature,D009336,train
3509,15858223,Valproic acid,ChemicalEntity,D014635,Positive_Correlation,alpha-glutathione S-transferase,GeneOrGeneProduct,24421,train
3510,15858223,Valproic acid,ChemicalEntity,D014635,Association,liver toxicity,DiseaseOrPhenotypicFeature,D056486,train
3511,15859361,nimesulide,ChemicalEntity,C012655,Positive_Correlation,skin reactions,DiseaseOrPhenotypicFeature,D003875,train
3512,15859361,nimesulide,ChemicalEntity,C012655,Positive_Correlation,hypersensitivity,DiseaseOrPhenotypicFeature,D004342,train
3513,15859361,hypersensitivity,DiseaseOrPhenotypicFeature,D004342,Positive_Correlation,non-steroidal anti-inflammatory drugs,ChemicalEntity,D000894,train
3514,15859361,acetaminophen,ChemicalEntity,D000082,Positive_Correlation,skin reactions,DiseaseOrPhenotypicFeature,D003875,train
3515,15859361,acetaminophen,ChemicalEntity,D000082,Positive_Correlation,hypersensitivity,DiseaseOrPhenotypicFeature,D004342,train
3516,15859361,celecoxib,ChemicalEntity,C105934,Positive_Correlation,angioedema,DiseaseOrPhenotypicFeature,D000799,train
3517,15859361,celecoxib,ChemicalEntity,C105934,Comparison,nimesulide,ChemicalEntity,C012655,train
3518,15859361,celecoxib,ChemicalEntity,C105934,Comparison,acetaminophen,ChemicalEntity,D000082,train
3519,15859361,celecoxib,ChemicalEntity,C105934,Positive_Correlation,COX-2,GeneOrGeneProduct,4513,train
3520,15897593,weight loss,DiseaseOrPhenotypicFeature,D015431,Positive_Correlation,daunorubicin,ChemicalEntity,D003630,train
3521,15897593,weight loss,DiseaseOrPhenotypicFeature,D015431,Positive_Correlation,etoposide,ChemicalEntity,D005047,train
3522,15897593,epipodophyllotoxin,ChemicalEntity,D011034,Positive_Correlation,cardiac toxicity,DiseaseOrPhenotypicFeature,D066126,train
3523,15897593,epipodophyllotoxin,ChemicalEntity,D011034,Positive_Correlation,myelosuppression,DiseaseOrPhenotypicFeature,D001855,train
3524,15897593,anthracyclines,ChemicalEntity,D018943,Positive_Correlation,cardiac toxicity,DiseaseOrPhenotypicFeature,D066126,train
3525,15897593,anthracyclines,ChemicalEntity,D018943,Positive_Correlation,myelosuppression,DiseaseOrPhenotypicFeature,D001855,train
3526,15897593,doxorubicin,ChemicalEntity,D004317,Positive_Correlation,cytotoxicity,DiseaseOrPhenotypicFeature,D064420,train
3527,15897593,doxorubicin,ChemicalEntity,D004317,Positive_Correlation,weight loss,DiseaseOrPhenotypicFeature,D015431,train
3528,15897593,doxorubicin,ChemicalEntity,D004317,Positive_Correlation,cardiac toxicity,DiseaseOrPhenotypicFeature,D066126,train
3529,15897593,doxorubicin,ChemicalEntity,D004317,Positive_Correlation,myelosuppression,DiseaseOrPhenotypicFeature,D001855,train
3530,15897593,daunorubicin,ChemicalEntity,D003630,Positive_Correlation,cardiac toxicity,DiseaseOrPhenotypicFeature,D066126,train
3531,15897593,daunorubicin,ChemicalEntity,D003630,Comparison,doxorubicin,ChemicalEntity,D004317,train
3532,15897593,etoposide,ChemicalEntity,D005047,Positive_Correlation,cardiac toxicity,DiseaseOrPhenotypicFeature,D066126,train
3533,15897593,etoposide,ChemicalEntity,D005047,Comparison,doxorubicin,ChemicalEntity,D004317,train
3534,15897593,myelosuppression,DiseaseOrPhenotypicFeature,D001855,Positive_Correlation,daunorubicin,ChemicalEntity,D003630,train
3535,15897593,myelosuppression,DiseaseOrPhenotypicFeature,D001855,Positive_Correlation,etoposide,ChemicalEntity,D005047,train
3536,15897593,Dexrazoxane,ChemicalEntity,D064730,Negative_Correlation,weight loss,DiseaseOrPhenotypicFeature,D015431,train
3537,15897593,Dexrazoxane,ChemicalEntity,D064730,Negative_Correlation,hematologic toxicity,DiseaseOrPhenotypicFeature,D006402,train
3538,15897593,Dexrazoxane,ChemicalEntity,D064730,Negative_Correlation,cardiac toxicity,DiseaseOrPhenotypicFeature,D066126,train
3539,15897593,Dexrazoxane,ChemicalEntity,D064730,Negative_Correlation,anthracyclines,ChemicalEntity,D018943,train
3540,15897593,Dexrazoxane,ChemicalEntity,D064730,Negative_Correlation,daunorubicin,ChemicalEntity,D003630,train
3541,15897593,Dexrazoxane,ChemicalEntity,D064730,Negative_Correlation,etoposide,ChemicalEntity,D005047,train
3542,15897593,Dexrazoxane,ChemicalEntity,D064730,Negative_Correlation,myelosuppression,DiseaseOrPhenotypicFeature,D001855,train
3543,15957009,metrifonate,ChemicalEntity,D014236,Association,tryptophan,ChemicalEntity,D014364,train
3544,15957009,metrifonate,ChemicalEntity,D014236,Negative_Correlation,scopolamine,ChemicalEntity,D012601,train
3545,15957009,metrifonate,ChemicalEntity,D014236,Negative_Correlation,memory deficiency,DiseaseOrPhenotypicFeature,D008569,train
3546,15957009,acetylcholinesterase,GeneOrGeneProduct,83817,Negative_Correlation,metrifonate,ChemicalEntity,D014236,train
3547,15957009,5-HT6 receptor,GeneOrGeneProduct,64354,Association,acetylcholine,ChemicalEntity,D000109,train
3548,15957009,5-HT6 receptor,GeneOrGeneProduct,64354,Negative_Correlation,Ro4368554,ChemicalEntity,C507242,train
3549,15957009,memory deficiency,DiseaseOrPhenotypicFeature,D008569,Association,5-HT(6) receptor antagonists,ChemicalEntity,D012702,train
3550,15957009,memory deficiency,DiseaseOrPhenotypicFeature,D008569,Negative_Correlation,tryptophan,ChemicalEntity,D014364,train
3551,15957009,memory deficiency,DiseaseOrPhenotypicFeature,D008569,Positive_Correlation,scopolamine,ChemicalEntity,D012601,train
3552,15957009,Ro4368554,ChemicalEntity,C507242,Association,tryptophan,ChemicalEntity,D014364,train
3553,15957009,Ro4368554,ChemicalEntity,C507242,Negative_Correlation,scopolamine,ChemicalEntity,D012601,train
3554,15957009,Ro4368554,ChemicalEntity,C507242,Negative_Correlation,memory deficiency,DiseaseOrPhenotypicFeature,D008569,train
3555,16364460,ritanserin,ChemicalEntity,D016713,Negative_Correlation,5-HT2,GeneOrGeneProduct,29595,train
3556,16364460,ritanserin,ChemicalEntity,D016713,Negative_Correlation,amnesia,DiseaseOrPhenotypicFeature,D000647,train
3557,16364460,ritanserin,ChemicalEntity,D016713,Negative_Correlation,scopolamine,ChemicalEntity,D012601,train
3558,16364460,scopolamine,ChemicalEntity,D012601,Negative_Correlation,muscarinic cholinergic,GeneOrGeneProduct,25229,train
3559,16364460,scopolamine,ChemicalEntity,D012601,Positive_Correlation,amnesia,DiseaseOrPhenotypicFeature,D000647,train
3560,16574713,serotonin transporter,GeneOrGeneProduct,6532,Association,ecstasy,ChemicalEntity,D018817,train
3561,16574713,ecstasy,ChemicalEntity,D018817,Positive_Correlation,memory impairment,DiseaseOrPhenotypicFeature,D008569,train
3562,16574713,ecstasy,ChemicalEntity,D018817,Positive_Correlation,neurotoxic lesions,DiseaseOrPhenotypicFeature,D020258,train
3563,16574713,ecstasy,ChemicalEntity,D018817,Positive_Correlation,serotonin,ChemicalEntity,D012701,train
3564,16574713,serotonin,ChemicalEntity,D012701,Association,serotonin transporter,GeneOrGeneProduct,6532,train
3565,16574713,serotonin,ChemicalEntity,D012701,Positive_Correlation,neurotoxic lesions,DiseaseOrPhenotypicFeature,D020258,train
3566,16584858,dimethyl sulphoxide,ChemicalEntity,D004121,Association,cerruloplasmin,GeneOrGeneProduct,1356,train
3567,16584858,dimethyl sulphoxide,ChemicalEntity,D004121,Association,glutathione reductase,GeneOrGeneProduct,116686,train
3568,16584858,dimethyl sulphoxide,ChemicalEntity,D004121,Association,superoxide dismutase,GeneOrGeneProduct,24786,train
3569,16584858,dimethyl sulphoxide,ChemicalEntity,D004121,Association,glutathione transferase,GeneOrGeneProduct,24421,train
3570,16584858,dimethyl sulphoxide,ChemicalEntity,D004121,Association,glutathione peroxidase,GeneOrGeneProduct,24404,train
3571,16584858,dimethyl sulphoxide,ChemicalEntity,D004121,Association,glutathione,ChemicalEntity,D005978,train
3572,16584858,dimethyl sulphoxide,ChemicalEntity,D004121,Association,Vitamin E,ChemicalEntity,D014810,train
3573,16584858,dimethyl sulphoxide,ChemicalEntity,D004121,Association,Vitamin C,ChemicalEntity,D001205,train
3574,16584858,dimethyl sulphoxide,ChemicalEntity,D004121,Association,catalase,GeneOrGeneProduct,24248,train
3575,16584858,mangiferin,ChemicalEntity,C013592,Negative_Correlation,cardiac damage,DiseaseOrPhenotypicFeature,D006331,train
3576,16584858,mangiferin,ChemicalEntity,C013592,Association,cerruloplasmin,GeneOrGeneProduct,1356,train
3577,16584858,mangiferin,ChemicalEntity,C013592,Association,glutathione reductase,GeneOrGeneProduct,116686,train
3578,16584858,mangiferin,ChemicalEntity,C013592,Association,superoxide dismutase,GeneOrGeneProduct,24786,train
3579,16584858,mangiferin,ChemicalEntity,C013592,Association,glutathione transferase,GeneOrGeneProduct,24421,train
3580,16584858,mangiferin,ChemicalEntity,C013592,Association,glutathione peroxidase,GeneOrGeneProduct,24404,train
3581,16584858,mangiferin,ChemicalEntity,C013592,Association,glutathione,ChemicalEntity,D005978,train
3582,16584858,mangiferin,ChemicalEntity,C013592,Association,Vitamin E,ChemicalEntity,D014810,train
3583,16584858,mangiferin,ChemicalEntity,C013592,Association,Vitamin C,ChemicalEntity,D001205,train
3584,16584858,mangiferin,ChemicalEntity,C013592,Association,catalase,GeneOrGeneProduct,24248,train
3585,16584858,mangiferin,ChemicalEntity,C013592,Association,ischemic myocardium,DiseaseOrPhenotypicFeature,D017202,train
3586,16584858,mangiferin,ChemicalEntity,C013592,Negative_Correlation,myocardial infarction,DiseaseOrPhenotypicFeature,D009203,train
3587,16584858,mangiferin,ChemicalEntity,C013592,Negative_Correlation,isoproterenol,ChemicalEntity,D007545,train
3588,16584858,myocardial damage,DiseaseOrPhenotypicFeature,D009202,Association,creatine phosphokinase isoenzymes,GeneOrGeneProduct,24264,train
3589,16584858,myocardial damage,DiseaseOrPhenotypicFeature,D009202,Association,lactate dehydrogenase,GeneOrGeneProduct,24533,train
3590,16584858,myocardial damage,DiseaseOrPhenotypicFeature,D009202,Association,iron,ChemicalEntity,D007501,train
3591,16584858,myocardial damage,DiseaseOrPhenotypicFeature,D009202,Association,uric acid,ChemicalEntity,D014527,train
3592,16584858,myocardial infarction,DiseaseOrPhenotypicFeature,D009203,Association,cerruloplasmin,GeneOrGeneProduct,1356,train
3593,16584858,myocardial infarction,DiseaseOrPhenotypicFeature,D009203,Association,glutathione reductase,GeneOrGeneProduct,116686,train
3594,16584858,myocardial infarction,DiseaseOrPhenotypicFeature,D009203,Association,superoxide dismutase,GeneOrGeneProduct,24786,train
3595,16584858,myocardial infarction,DiseaseOrPhenotypicFeature,D009203,Association,glutathione transferase,GeneOrGeneProduct,24421,train
3596,16584858,myocardial infarction,DiseaseOrPhenotypicFeature,D009203,Association,glutathione peroxidase,GeneOrGeneProduct,24404,train
3597,16584858,myocardial infarction,DiseaseOrPhenotypicFeature,D009203,Association,glutathione,ChemicalEntity,D005978,train
3598,16584858,myocardial infarction,DiseaseOrPhenotypicFeature,D009203,Association,Vitamin E,ChemicalEntity,D014810,train
3599,16584858,myocardial infarction,DiseaseOrPhenotypicFeature,D009203,Association,Vitamin C,ChemicalEntity,D001205,train
3600,16584858,myocardial infarction,DiseaseOrPhenotypicFeature,D009203,Association,catalase,GeneOrGeneProduct,24248,train
3601,16584858,isoproterenol,ChemicalEntity,D007545,Positive_Correlation,creatine phosphokinase isoenzymes,GeneOrGeneProduct,24264,train
3602,16584858,isoproterenol,ChemicalEntity,D007545,Positive_Correlation,lactate dehydrogenase,GeneOrGeneProduct,24533,train
3603,16584858,isoproterenol,ChemicalEntity,D007545,Association,iron,ChemicalEntity,D007501,train
3604,16584858,isoproterenol,ChemicalEntity,D007545,Positive_Correlation,uric acid,ChemicalEntity,D014527,train
3605,16584858,isoproterenol,ChemicalEntity,D007545,Positive_Correlation,myocardial damage,DiseaseOrPhenotypicFeature,D009202,train
3606,16584858,isoproterenol,ChemicalEntity,D007545,Positive_Correlation,myocardial infarction,DiseaseOrPhenotypicFeature,D009203,train
3607,16586083,prostanoid,ChemicalEntity,D011453,Association,cyclooxygenase inhibitors,ChemicalEntity,D016861,train
3608,16586083,C-reactive protein,GeneOrGeneProduct,1401,Association,cardiovascular adverse events,DiseaseOrPhenotypicFeature,D002318,train
3609,16586083,N-terminal pro brain natriuretic peptide,ChemicalEntity,C109794,Association,cardiovascular adverse events,DiseaseOrPhenotypicFeature,D002318,train
3610,16586083,cyclooxygenase inhibitors,ChemicalEntity,D016861,Positive_Correlation,heart failure,DiseaseOrPhenotypicFeature,D006333,train
3611,16586083,cyclooxygenase inhibitors,ChemicalEntity,D016861,Positive_Correlation,hypertension,DiseaseOrPhenotypicFeature,D006973,train
3612,16586083,cyclooxygenase inhibitors,ChemicalEntity,D016861,Positive_Correlation,stroke,DiseaseOrPhenotypicFeature,D020521,train
3613,16586083,cyclooxygenase inhibitors,ChemicalEntity,D016861,Positive_Correlation,myocardial infarction,DiseaseOrPhenotypicFeature,D009203,train
3614,16634859,alcohol,ChemicalEntity,D000431,Positive_Correlation,growth impairment,DiseaseOrPhenotypicFeature,D006130,train
3615,16725121,Na(+),ChemicalEntity,D012964,Negative_Correlation,anesthetics,ChemicalEntity,D000777,train
3616,16725121,Na(+),ChemicalEntity,D012964,Association,desipramine,ChemicalEntity,D003891,train
3617,16725121,Na(+),ChemicalEntity,D012964,Association,norepinephrine transporter,GeneOrGeneProduct,20538,train
3618,16725121,lidocaine,ChemicalEntity,D008012,Positive_Correlation,[(3)H]norepinephrine,ChemicalEntity,D009638,train
3619,16725121,lidocaine,ChemicalEntity,D008012,Positive_Correlation,convulsions,DiseaseOrPhenotypicFeature,D012640,train
3620,16725121,cocaine,ChemicalEntity,D003042,Positive_Correlation,[(3)H]norepinephrine,ChemicalEntity,D009638,train
3621,16725121,cocaine,ChemicalEntity,D003042,Positive_Correlation,convulsions,DiseaseOrPhenotypicFeature,D012640,train
3622,16725121,cocaine,ChemicalEntity,D003042,Positive_Correlation,norepinephrine transporter,GeneOrGeneProduct,20538,train
3623,16725121,tricaine,ChemicalEntity,C003636,Positive_Correlation,[(3)H]norepinephrine,ChemicalEntity,D009638,train
3624,16725121,bupivacaine,ChemicalEntity,D002045,Positive_Correlation,[(3)H]norepinephrine,ChemicalEntity,D009638,train
3625,16725121,anesthetics,ChemicalEntity,D000777,Positive_Correlation,convulsions,DiseaseOrPhenotypicFeature,D012640,train
3626,16725121,anesthetics,ChemicalEntity,D000777,Association,desipramine,ChemicalEntity,D003891,train
3627,16725121,anesthetics,ChemicalEntity,D000777,Association,norepinephrine transporter,GeneOrGeneProduct,20538,train
3628,16725121,desipramine,ChemicalEntity,D003891,Positive_Correlation,lidocaine,ChemicalEntity,D008012,train
3629,16725121,desipramine,ChemicalEntity,D003891,Negative_Correlation,cocaine,ChemicalEntity,D003042,train
3630,16725121,desipramine,ChemicalEntity,D003891,Negative_Correlation,[(3)H]norepinephrine,ChemicalEntity,D009638,train
3631,16725121,desipramine,ChemicalEntity,D003891,Positive_Correlation,convulsions,DiseaseOrPhenotypicFeature,D012640,train
3632,16725121,norepinephrine transporter,GeneOrGeneProduct,20538,Association,convulsions,DiseaseOrPhenotypicFeature,D012640,train
3633,16725121,norepinephrine transporter,GeneOrGeneProduct,20538,Negative_Correlation,desipramine,ChemicalEntity,D003891,train
3634,16755009,cholinesterase,GeneOrGeneProduct,12038,Negative_Correlation,extract of Daucus carota seeds,ChemicalEntity,D010936,train
3635,16755009,extract of Daucus carota seeds,ChemicalEntity,D010936,Negative_Correlation,cognitive dysfunctions,DiseaseOrPhenotypicFeature,D003072,train
3636,16755009,extract of Daucus carota seeds,ChemicalEntity,D010936,Negative_Correlation,acetylcholinesterase,GeneOrGeneProduct,11423,train
3637,16755009,extract of Daucus carota seeds,ChemicalEntity,D010936,Negative_Correlation,cholesterol,ChemicalEntity,D002784,train
3638,16755009,extract of Daucus carota seeds,ChemicalEntity,D010936,Negative_Correlation,Diazepam,ChemicalEntity,D003975,train
3639,16755009,extract of Daucus carota seeds,ChemicalEntity,D010936,Negative_Correlation,amnesia,DiseaseOrPhenotypicFeature,D000647,train
3640,16755009,extract of Daucus carota seeds,ChemicalEntity,D010936,Negative_Correlation,scopolamine,ChemicalEntity,D012601,train
3641,16755009,Diazepam,ChemicalEntity,D003975,Positive_Correlation,amnesia,DiseaseOrPhenotypicFeature,D000647,train
3642,16755009,scopolamine,ChemicalEntity,D012601,Positive_Correlation,amnesia,DiseaseOrPhenotypicFeature,D000647,train
3643,16810074,hexamethonium,ChemicalEntity,D018738,Association,Nomega-nitro-L-arginine,ChemicalEntity,D019335,train
3644,16810074,hexamethonium,ChemicalEntity,D018738,Association,hypertension,DiseaseOrPhenotypicFeature,D006973,train
3645,16810074,tempol,ChemicalEntity,C001803,Negative_Correlation,Nomega-nitro-L-arginine,ChemicalEntity,D019335,train
3646,16810074,superoxide,ChemicalEntity,D013481,Negative_Correlation,tempol,ChemicalEntity,C001803,train
3647,16810074,norepinephrine,ChemicalEntity,D009638,Negative_Correlation,Nomega-nitro-L-arginine,ChemicalEntity,D019335,train
3648,16810074,NO synthase,GeneOrGeneProduct,24598,Negative_Correlation,Nomega-nitro-L-arginine,ChemicalEntity,D019335,train
3649,16810074,Nomega-nitro-L-arginine,ChemicalEntity,D019335,Positive_Correlation,superoxide,ChemicalEntity,D013481,train
3650,16810074,Nomega-nitro-L-arginine,ChemicalEntity,D019335,Negative_Correlation,endothelin-1,GeneOrGeneProduct,24323,train
3651,16810074,Nomega-nitro-L-arginine,ChemicalEntity,D019335,Positive_Correlation,hypertension,DiseaseOrPhenotypicFeature,D006973,train
3652,16810074,nitric oxide,ChemicalEntity,D009569,Negative_Correlation,arterial dysfunction,DiseaseOrPhenotypicFeature,D018754,train
3653,16810074,hypertension,DiseaseOrPhenotypicFeature,D006973,Association,endothelin-1,GeneOrGeneProduct,24323,train
3654,16810074,hypertension,DiseaseOrPhenotypicFeature,D006973,Negative_Correlation,nitric oxide,ChemicalEntity,D009569,train
3655,16920333,carbamazepine,ChemicalEntity,D002220,Comparison,oxcarbazepine,ChemicalEntity,C036006,train
3656,16920333,seizures,DiseaseOrPhenotypicFeature,D012640,Positive_Correlation,picrotoxin,ChemicalEntity,D010852,train
3657,16920333,eslicarbazepine acetate,ChemicalEntity,C416835,Comparison,carbamazepine,ChemicalEntity,D002220,train
3658,16920333,eslicarbazepine acetate,ChemicalEntity,C416835,Comparison,oxcarbazepine,ChemicalEntity,C036006,train
3659,16920333,eslicarbazepine acetate,ChemicalEntity,C416835,Negative_Correlation,picrotoxin,ChemicalEntity,D010852,train
3660,16920333,eslicarbazepine acetate,ChemicalEntity,C416835,Negative_Correlation,seizures,DiseaseOrPhenotypicFeature,D012640,train
3661,17042910,endothelial NO synthase,GeneOrGeneProduct,24598,Association,dexamethasone,ChemicalEntity,D003907,train
3662,17042910,atorvastatin,ChemicalEntity,C065179,Positive_Correlation,endothelial NO synthase,GeneOrGeneProduct,24598,train
3663,17042910,atorvastatin,ChemicalEntity,C065179,Positive_Correlation,nitric oxide,ChemicalEntity,D009569,train
3664,17042910,atorvastatin,ChemicalEntity,C065179,Negative_Correlation,superoxide,ChemicalEntity,D013481,train
3665,17042910,atorvastatin,ChemicalEntity,C065179,Negative_Correlation,hypertension,DiseaseOrPhenotypicFeature,D006973,train
3666,17042910,atorvastatin,ChemicalEntity,C065179,Negative_Correlation,dexamethasone,ChemicalEntity,D003907,train
3667,17042910,hypertension,DiseaseOrPhenotypicFeature,D006973,Negative_Correlation,nitric oxide,ChemicalEntity,D009569,train
3668,17042910,hypertension,DiseaseOrPhenotypicFeature,D006973,Positive_Correlation,superoxide,ChemicalEntity,D013481,train
3669,17042910,dexamethasone,ChemicalEntity,D003907,Negative_Correlation,nitric oxide,ChemicalEntity,D009569,train
3670,17042910,dexamethasone,ChemicalEntity,D003907,Association,superoxide,ChemicalEntity,D013481,train
3671,17042910,dexamethasone,ChemicalEntity,D003907,Positive_Correlation,hypertension,DiseaseOrPhenotypicFeature,D006973,train
3672,17194457,anabolic androgenic steroid,ChemicalEntity,D045165,Positive_Correlation,irritability,DiseaseOrPhenotypicFeature,D001523,train
3673,17194457,anabolic androgenic steroid,ChemicalEntity,D045165,Association,serotonin,ChemicalEntity,D012701,train
3674,17194457,testosterone,ChemicalEntity,D013739,Positive_Correlation,irritability,DiseaseOrPhenotypicFeature,D001523,train
3675,17194457,testosterone,ChemicalEntity,D013739,Negative_Correlation,5-hydroxyindoleacetic acid,ChemicalEntity,D006897,train
3676,17194457,testosterone,ChemicalEntity,D013739,Negative_Correlation,serotonin,ChemicalEntity,D012701,train
3677,17194457,testosterone,ChemicalEntity,D013739,Association,parachlorophenylalanine,ChemicalEntity,D010134,train
3678,17194457,serotonin,ChemicalEntity,D012701,Association,irritability,DiseaseOrPhenotypicFeature,D001523,train
3679,17194457,parachlorophenylalanine,ChemicalEntity,D010134,Positive_Correlation,irritability,DiseaseOrPhenotypicFeature,D001523,train
3680,17194457,parachlorophenylalanine,ChemicalEntity,D010134,Negative_Correlation,5-hydroxyindoleacetic acid,ChemicalEntity,D006897,train
3681,17194457,parachlorophenylalanine,ChemicalEntity,D010134,Negative_Correlation,serotonin,ChemicalEntity,D012701,train
3682,17244258,pirenzepine,ChemicalEntity,D010890,Negative_Correlation,muscarinic receptors,GeneOrGeneProduct,25229,train
3683,17244258,methoctramine,ChemicalEntity,C054938,Negative_Correlation,muscarinic receptors,GeneOrGeneProduct,25229,train
3684,17244258,4-diphenylacetoxy-N-methylpiperidine,ChemicalEntity,C042375,Comparison,pirenzepine,ChemicalEntity,D010890,train
3685,17244258,4-diphenylacetoxy-N-methylpiperidine,ChemicalEntity,C042375,Comparison,methoctramine,ChemicalEntity,C054938,train
3686,17244258,muscarinic receptors,GeneOrGeneProduct,25229,Negative_Correlation,4-diphenylacetoxy-N-methylpiperidine,ChemicalEntity,C042375,train
3687,17244258,muscarinic receptors,GeneOrGeneProduct,25229,Negative_Correlation,atropine,ChemicalEntity,D001285,train
3688,17244258,muscarinic receptors,GeneOrGeneProduct,25229,Association,cystitis,DiseaseOrPhenotypicFeature,D003556,train
3689,17244258,muscarinic receptors,GeneOrGeneProduct,25229,Association,cyclophosphamide,ChemicalEntity,D003520,train
3690,17244258,cystitis,DiseaseOrPhenotypicFeature,D003556,Association,beta-adrenoceptor,GeneOrGeneProduct,24925,train
3691,17244258,cyclophosphamide,ChemicalEntity,D003520,Positive_Correlation,cystitis,DiseaseOrPhenotypicFeature,D003556,train
3692,17379047,hypokalemia,DiseaseOrPhenotypicFeature,D007008,Positive_Correlation,hydrochlorothiazide,ChemicalEntity,D006852,train
3693,17379047,hypokalemia,DiseaseOrPhenotypicFeature,D007008,Negative_Correlation,valsartan,ChemicalEntity,C081489,train
3694,17379047,hydrochlorothiazide,ChemicalEntity,D006852,Negative_Correlation,essential hypertension,DiseaseOrPhenotypicFeature,D000075222,train
3695,17379047,hydrochlorothiazide,ChemicalEntity,D006852,Negative_Correlation,hypertensive,DiseaseOrPhenotypicFeature,D006973,train
3696,17379047,valsartan,ChemicalEntity,C081489,Negative_Correlation,essential hypertension,DiseaseOrPhenotypicFeature,D000075222,train
3697,17379047,valsartan,ChemicalEntity,C081489,Negative_Correlation,hypertensive,DiseaseOrPhenotypicFeature,D006973,train
3698,17379047,valsartan,ChemicalEntity,C081489,Comparison,hydrochlorothiazide,ChemicalEntity,D006852,train
3699,17439425,Glucocorticoid,ChemicalEntity,D005938,Association,nitric oxide,ChemicalEntity,D009569,train
3700,17439425,Glucocorticoid,ChemicalEntity,D005938,Positive_Correlation,hypertension,DiseaseOrPhenotypicFeature,D006973,train
3701,17439425,adrenocorticotrophic hormone,GeneOrGeneProduct,5443,Positive_Correlation,hypertension,DiseaseOrPhenotypicFeature,D006973,train
3702,17439425,allopurinol,ChemicalEntity,D000493,Negative_Correlation,urate,ChemicalEntity,D014527,train
3703,17439425,xanthine oxidase,ChemicalEntity,D014969,Association,reactive oxygen species,ChemicalEntity,D017382,train
3704,17439425,urate,ChemicalEntity,D014527,Association,xanthine oxidase,ChemicalEntity,D014969,train
3705,17439425,hypertension,DiseaseOrPhenotypicFeature,D006973,Association,nitric oxide,ChemicalEntity,D009569,train
3706,17439425,dexamethasone,ChemicalEntity,D003907,Positive_Correlation,hypertension,DiseaseOrPhenotypicFeature,D006973,train
3707,17572393,malondialdehyde,ChemicalEntity,D008315,Positive_Correlation,BCNU,ChemicalEntity,D002330,train
3708,17572393,melatonin,ChemicalEntity,D008550,Negative_Correlation,malondialdehyde,ChemicalEntity,D008315,train
3709,17572393,melatonin,ChemicalEntity,D008550,Positive_Correlation,glial fibrillary acidic protein,GeneOrGeneProduct,24387,train
3710,17572393,melatonin,ChemicalEntity,D008550,Positive_Correlation,transforming growth factor beta1,GeneOrGeneProduct,59086,train
3711,17572393,melatonin,ChemicalEntity,D008550,Positive_Correlation,synaptophysin,GeneOrGeneProduct,24804,train
3712,17572393,melatonin,ChemicalEntity,D008550,Negative_Correlation,BCNU,ChemicalEntity,D002330,train
3713,17572393,BCNU,ChemicalEntity,D002330,Association,glial fibrillary acidic protein,GeneOrGeneProduct,24387,train
3714,17572393,BCNU,ChemicalEntity,D002330,Association,transforming growth factor beta1,GeneOrGeneProduct,59086,train
3715,17572393,BCNU,ChemicalEntity,D002330,Association,synaptophysin,GeneOrGeneProduct,24804,train
3716,17572393,BCNU,ChemicalEntity,D002330,Positive_Correlation,cortical dysplasia,DiseaseOrPhenotypicFeature,D054220,train
3717,17615423,atazanavir,ChemicalEntity,C413408,Positive_Correlation,acute renal failure,DiseaseOrPhenotypicFeature,D058186,train
3718,17615423,atazanavir,ChemicalEntity,C413408,Negative_Correlation,CYP3A4,GeneOrGeneProduct,1576,train
3719,17615423,atazanavir,ChemicalEntity,C413408,Positive_Correlation,rhabdomyolysis,DiseaseOrPhenotypicFeature,D012206,train
3720,17615423,amiodarone,ChemicalEntity,D000638,Positive_Correlation,acute renal failure,DiseaseOrPhenotypicFeature,D058186,train
3721,17615423,amiodarone,ChemicalEntity,D000638,Drug_Interaction,atazanavir,ChemicalEntity,C413408,train
3722,17615423,amiodarone,ChemicalEntity,D000638,Negative_Correlation,CYP3A4,GeneOrGeneProduct,1576,train
3723,17615423,amiodarone,ChemicalEntity,D000638,Positive_Correlation,rhabdomyolysis,DiseaseOrPhenotypicFeature,D012206,train
3724,17615423,CYP3A4,GeneOrGeneProduct,1576,Negative_Correlation,rosuvastatin,ChemicalEntity,C422923,train
3725,17615423,CYP3A4,GeneOrGeneProduct,1576,Negative_Correlation,fluvastatin,ChemicalEntity,C065180,train
3726,17615423,CYP3A4,GeneOrGeneProduct,1576,Negative_Correlation,pravastatin,ChemicalEntity,D017035,train
3727,17615423,simvastatin,ChemicalEntity,D019821,Positive_Correlation,acute renal failure,DiseaseOrPhenotypicFeature,D058186,train
3728,17615423,simvastatin,ChemicalEntity,D019821,Drug_Interaction,atazanavir,ChemicalEntity,C413408,train
3729,17615423,simvastatin,ChemicalEntity,D019821,Drug_Interaction,amiodarone,ChemicalEntity,D000638,train
3730,17615423,simvastatin,ChemicalEntity,D019821,Association,CYP3A4,GeneOrGeneProduct,1576,train
3731,17615423,rhabdomyolysis,DiseaseOrPhenotypicFeature,D012206,Positive_Correlation,simvastatin,ChemicalEntity,D019821,train
3732,17854040,lamivudine,ChemicalEntity,D019259,Association,HIV co-infection,DiseaseOrPhenotypicFeature,D015658,train
3733,17854040,lamivudine,ChemicalEntity,D019259,Negative_Correlation,hepatitis B virus (HBV) infected,DiseaseOrPhenotypicFeature,D006509,train
3734,17975693,norfloxacin,ChemicalEntity,D009643,Positive_Correlation,Anxiogenic,DiseaseOrPhenotypicFeature,D001008,train
3735,17975693,Anxiogenic,DiseaseOrPhenotypicFeature,D001008,Positive_Correlation,fluoroquinolones,ChemicalEntity,D024841,train
3736,17975693,ciprofloxacin,ChemicalEntity,D002939,Positive_Correlation,Anxiogenic,DiseaseOrPhenotypicFeature,D001008,train
3737,18083142,alpha(2),GeneOrGeneProduct,11551,Negative_Correlation,yohimbine,ChemicalEntity,D015016,train
3738,18083142,alpha(1),GeneOrGeneProduct,11549,Negative_Correlation,prazosin,ChemicalEntity,D011224,train
3739,18083142,propranolol,ChemicalEntity,D011433,Negative_Correlation,anxiety,DiseaseOrPhenotypicFeature,D001008,train
3740,18083142,propranolol,ChemicalEntity,D011433,Negative_Correlation,cocaine,ChemicalEntity,D003042,train
3741,18083142,disulfiram,ChemicalEntity,D004221,Negative_Correlation,anxiety,DiseaseOrPhenotypicFeature,D001008,train
3742,18083142,dopamine beta-hydroxylase,GeneOrGeneProduct,13166,Negative_Correlation,disulfiram,ChemicalEntity,D004221,train
3743,18083142,beta-adrenergic receptors,GeneOrGeneProduct,11554,Negative_Correlation,propranolol,ChemicalEntity,D011433,train
3744,18083142,beta-adrenergic receptors,GeneOrGeneProduct,11554,Association,anxiety,DiseaseOrPhenotypicFeature,D001008,train
3745,18083142,anxiety,DiseaseOrPhenotypicFeature,D001008,Association,dopamine beta-hydroxylase,GeneOrGeneProduct,13166,train
3746,18083142,cocaine,ChemicalEntity,D003042,Negative_Correlation,disulfiram,ChemicalEntity,D004221,train
3747,18083142,cocaine,ChemicalEntity,D003042,Association,dopamine beta-hydroxylase,GeneOrGeneProduct,13166,train
3748,18083142,cocaine,ChemicalEntity,D003042,Association,beta-adrenergic receptors,GeneOrGeneProduct,11554,train
3749,18083142,cocaine,ChemicalEntity,D003042,Positive_Correlation,anxiety,DiseaseOrPhenotypicFeature,D001008,train
3750,18083142,Norepinephrine,ChemicalEntity,D009638,Association,beta-adrenergic receptors,GeneOrGeneProduct,11554,train
3751,18083142,Norepinephrine,ChemicalEntity,D009638,Association,anxiety,DiseaseOrPhenotypicFeature,D001008,train
3752,18083142,Norepinephrine,ChemicalEntity,D009638,Association,cocaine,ChemicalEntity,D003042,train
3753,18165598,cyclooxygenase,GeneOrGeneProduct,4512,Association,postoperative pain,DiseaseOrPhenotypicFeature,D010149,train
3754,18165598,Thromboxane,ChemicalEntity,D013931,Negative_Correlation,cyclooxygenase,GeneOrGeneProduct,4513,train
3755,18165598,cyclooxygenase,GeneOrGeneProduct,4513,Association,postoperative pain,DiseaseOrPhenotypicFeature,D010149,train
3756,18165598,cyclooxygenase,GeneOrGeneProduct,4513,Positive_Correlation,prostaglandin E2,GeneOrGeneProduct,5732,train
3757,18165598,cyclooxygenase,GeneOrGeneProduct,4513,Association,pain,DiseaseOrPhenotypicFeature,D010146,train
3758,18165598,prostaglandin E2,GeneOrGeneProduct,5732,Positive_Correlation,postoperative pain,DiseaseOrPhenotypicFeature,D010149,train
3759,18165598,rofecoxib,ChemicalEntity,C116926,Negative_Correlation,pain,DiseaseOrPhenotypicFeature,D010146,train
3760,18165598,bupivacaine,ChemicalEntity,D002045,Positive_Correlation,postoperative pain,DiseaseOrPhenotypicFeature,D010149,train
3761,18165598,bupivacaine,ChemicalEntity,D002045,Association,cyclooxygenase,GeneOrGeneProduct,4512,train
3762,18165598,bupivacaine,ChemicalEntity,D002045,Association,tissue injury,DiseaseOrPhenotypicFeature,D017695,train
3763,18165598,bupivacaine,ChemicalEntity,D002045,Positive_Correlation,cyclooxygenase,GeneOrGeneProduct,4513,train
3764,18165598,bupivacaine,ChemicalEntity,D002045,Positive_Correlation,prostaglandin E2,GeneOrGeneProduct,5732,train
3765,18165598,bupivacaine,ChemicalEntity,D002045,Positive_Correlation,pain,DiseaseOrPhenotypicFeature,D010146,train
3766,18165598,bupivacaine,ChemicalEntity,D002045,Cotreatment,rofecoxib,ChemicalEntity,C116926,train
3767,18165598,bupivacaine,ChemicalEntity,D002045,Comparison,lidocaine,ChemicalEntity,D008012,train
3768,18182964,methylphenidate,ChemicalEntity,D008774,Negative_Correlation,attention-deficit/hyperactivity disorder,DiseaseOrPhenotypicFeature,D001289,train
3769,18182964,Drowsiness,DiseaseOrPhenotypicFeature,D006970,Positive_Correlation,Clonidine,ChemicalEntity,D003000,train
3770,18182964,Clonidine,ChemicalEntity,D003000,Negative_Correlation,attention-deficit/hyperactivity disorder,DiseaseOrPhenotypicFeature,D001289,train
3771,18182964,Clonidine,ChemicalEntity,D003000,Cotreatment,methylphenidate,ChemicalEntity,D008774,train
3772,18182964,Clonidine,ChemicalEntity,D003000,Positive_Correlation,bradycardia,DiseaseOrPhenotypicFeature,D001919,train
3773,18340638,anemia,DiseaseOrPhenotypicFeature,D000740,Positive_Correlation,phosphatidylserine,ChemicalEntity,D010718,train
3774,18340638,phosphatidylserine,ChemicalEntity,D010718,Association,annexin V,GeneOrGeneProduct,308,train
3775,18340638,Azathioprine,ChemicalEntity,D001379,Positive_Correlation,bone marrow suppression,DiseaseOrPhenotypicFeature,D001855,train
3776,18340638,Azathioprine,ChemicalEntity,D001379,Positive_Correlation,anemia,DiseaseOrPhenotypicFeature,D000740,train
3777,18340638,Azathioprine,ChemicalEntity,D001379,Positive_Correlation,Ca2+,ChemicalEntity,D002118,train
3778,18340638,Azathioprine,ChemicalEntity,D001379,Association,annexin V,GeneOrGeneProduct,308,train
3779,18340638,Azathioprine,ChemicalEntity,D001379,Positive_Correlation,phosphatidylserine,ChemicalEntity,D010718,train
3780,18410508,enhanced green fluorescent protein,ChemicalEntity,C485184,Association,Methamphetamine,ChemicalEntity,D008694,train
3781,18410508,MPTP,ChemicalEntity,D015632,Association,dopamine,ChemicalEntity,D004298,train
3782,18410508,MPTP,ChemicalEntity,D015632,Positive_Correlation,neurodegeneration,DiseaseOrPhenotypicFeature,D009422,train
3783,18410508,MPTP,ChemicalEntity,D015632,Association,neurotoxicity,DiseaseOrPhenotypicFeature,D020258,train
3784,18410508,fractalkine receptor,GeneOrGeneProduct,13051,Association,enhanced green fluorescent protein,ChemicalEntity,C485184,train
3785,18410508,fractalkine receptor,GeneOrGeneProduct,13051,Association,MPTP,ChemicalEntity,D015632,train
3786,18410508,fractalkine receptor,GeneOrGeneProduct,13051,Association,dopamine,ChemicalEntity,D004298,train
3787,18410508,fractalkine receptor,GeneOrGeneProduct,13051,Association,neurodegeneration,DiseaseOrPhenotypicFeature,D009422,train
3788,18410508,neurodegeneration,DiseaseOrPhenotypicFeature,D009422,Association,dopamine,ChemicalEntity,D004298,train
3789,18410508,neurodegeneration,DiseaseOrPhenotypicFeature,D009422,Positive_Correlation,Methamphetamine,ChemicalEntity,D008694,train
3790,18410508,Methamphetamine,ChemicalEntity,D008694,Negative_Correlation,dopamine,ChemicalEntity,D004298,train
3791,18410508,Methamphetamine,ChemicalEntity,D008694,Positive_Correlation,neurotoxicity,DiseaseOrPhenotypicFeature,D020258,train
3792,18422462,jaundice,DiseaseOrPhenotypicFeature,D007565,Positive_Correlation,alanine aminotransferase,ChemicalEntity,D000410,train
3793,18422462,HIV-infected,DiseaseOrPhenotypicFeature,D015658,Negative_Correlation,efavirenz,ChemicalEntity,C098320,train
3794,18422462,HIV-infected,DiseaseOrPhenotypicFeature,D015658,Negative_Correlation,d4T,ChemicalEntity,D018119,train
3795,18422462,HIV-infected,DiseaseOrPhenotypicFeature,D015658,Negative_Correlation,3TC,ChemicalEntity,D019259,train
3796,18422462,HIV-infected,DiseaseOrPhenotypicFeature,D015658,Negative_Correlation,nevirapine,ChemicalEntity,D019829,train
3797,18422462,HIV-infected,DiseaseOrPhenotypicFeature,D015658,Negative_Correlation,zidovudine,ChemicalEntity,D015215,train
3798,18422462,d4T,ChemicalEntity,D018119,Positive_Correlation,peripheral neuropathy,DiseaseOrPhenotypicFeature,D010523,train
3799,18422462,d4T,ChemicalEntity,D018119,Cotreatment,efavirenz,ChemicalEntity,C098320,train
3800,18422462,d4T,ChemicalEntity,D018119,Cotreatment,nevirapine,ChemicalEntity,D019829,train
3801,18422462,3TC,ChemicalEntity,D019259,Cotreatment,efavirenz,ChemicalEntity,C098320,train
3802,18422462,3TC,ChemicalEntity,D019259,Cotreatment,d4T,ChemicalEntity,D018119,train
3803,18422462,3TC,ChemicalEntity,D019259,Cotreatment,nevirapine,ChemicalEntity,D019829,train
3804,18422462,nevirapine,ChemicalEntity,D019829,Positive_Correlation,rash,DiseaseOrPhenotypicFeature,D005076,train
3805,18422462,zidovudine,ChemicalEntity,D015215,Cotreatment,efavirenz,ChemicalEntity,C098320,train
3806,18422462,zidovudine,ChemicalEntity,D015215,Cotreatment,3TC,ChemicalEntity,D019259,train
3807,18422462,zidovudine,ChemicalEntity,D015215,Cotreatment,nevirapine,ChemicalEntity,D019829,train
3808,18442015,luminal,ChemicalEntity,D010634,Positive_Correlation,gastric hemorrhagic ulcers,DiseaseOrPhenotypicFeature,D013276,train
3809,18442015,histamine,ChemicalEntity,D006632,Positive_Correlation,gastric hemorrhagic ulcers,DiseaseOrPhenotypicFeature,D006471,train
3810,18442015,corn oil,ChemicalEntity,D003314,Positive_Correlation,atherosclerotic,DiseaseOrPhenotypicFeature,D050197,train
3811,18442015,vitamin D2,ChemicalEntity,D004872,Drug_Interaction,cholesterol,ChemicalEntity,D002784,train
3812,18442015,atherosclerotic,DiseaseOrPhenotypicFeature,D050197,Positive_Correlation,low-density lipoprotein,ChemicalEntity,D008077,train
3813,18442015,atherosclerotic,DiseaseOrPhenotypicFeature,D050197,Positive_Correlation,lipid peroxide,ChemicalEntity,D008054,train
3814,18442015,atherosclerotic,DiseaseOrPhenotypicFeature,D050197,Positive_Correlation,calcium,ChemicalEntity,D002118,train
3815,18442015,atherosclerotic,DiseaseOrPhenotypicFeature,D050197,Positive_Correlation,cholesterol,ChemicalEntity,D002784,train
3816,18442015,atherosclerotic,DiseaseOrPhenotypicFeature,D050197,Positive_Correlation,vitamin D2,ChemicalEntity,D004872,train
3817,18442015,gastric hemorrhagic ulcers,DiseaseOrPhenotypicFeature,D013276,Association,hemoglobin,GeneOrGeneProduct,25632,train
3818,18442015,gastric hemorrhagic ulcers,DiseaseOrPhenotypicFeature,D013276,Positive_Correlation,histamine,ChemicalEntity,D006632,train
3819,18442015,gastric hemorrhagic ulcers,DiseaseOrPhenotypicFeature,D013276,Positive_Correlation,lipid peroxide,ChemicalEntity,D008054,train
3820,18442015,gastric hemorrhagic ulcers,DiseaseOrPhenotypicFeature,D006471,Positive_Correlation,lipid peroxide,ChemicalEntity,D008054,train
3821,18442015,verapamil,ChemicalEntity,D014700,Negative_Correlation,gastric hemorrhagic ulcers,DiseaseOrPhenotypicFeature,D013276,train
3822,18442015,verapamil,ChemicalEntity,D014700,Negative_Correlation,gastric hemorrhagic ulcers,DiseaseOrPhenotypicFeature,D006471,train
3823,18544179,postoperative nausea and vomiting,DiseaseOrPhenotypicFeature,D020250,Positive_Correlation,sevoflurane,ChemicalEntity,C009250,train
3824,18544179,postoperative nausea and vomiting and pain,DiseaseOrPhenotypicFeature,D010149,Positive_Correlation,sevoflurane,ChemicalEntity,C009250,train
3825,18544179,fentanyl,ChemicalEntity,D005283,Positive_Correlation,bradycardia,DiseaseOrPhenotypicFeature,D001919,train
3826,18544179,fentanyl,ChemicalEntity,D005283,Positive_Correlation,hypotension,DiseaseOrPhenotypicFeature,D007022,train
3827,18544179,fentanyl,ChemicalEntity,D005283,Positive_Correlation,respiratory depression,DiseaseOrPhenotypicFeature,D012131,train
3828,18544179,fentanyl,ChemicalEntity,D005283,Cotreatment,dexamethasone,ChemicalEntity,D003907,train
3829,18544179,fentanyl,ChemicalEntity,D005283,Positive_Correlation,nausea,DiseaseOrPhenotypicFeature,D009325,train
3830,18544179,fentanyl,ChemicalEntity,D005283,Positive_Correlation,vomiting,DiseaseOrPhenotypicFeature,D014839,train
3831,18544179,fentanyl,ChemicalEntity,D005283,Positive_Correlation,postoperative nausea and vomiting,DiseaseOrPhenotypicFeature,D020250,train
3832,18544179,fentanyl,ChemicalEntity,D005283,Cotreatment,sevoflurane,ChemicalEntity,C009250,train
3833,18674790,erythropoietin,GeneOrGeneProduct,24335,Positive_Correlation,JAK,GeneOrGeneProduct,84598,train
3834,18674790,erythropoietin,GeneOrGeneProduct,24335,Positive_Correlation,STAT3,GeneOrGeneProduct,25125,train
3835,18674790,JAK,GeneOrGeneProduct,84598,Association,STAT3,GeneOrGeneProduct,25125,train
3836,18674790,SOCS3,GeneOrGeneProduct,89829,Negative_Correlation,JAK,GeneOrGeneProduct,84598,train
3837,18674790,SOCS3,GeneOrGeneProduct,89829,Negative_Correlation,STAT3,GeneOrGeneProduct,25125,train
3838,18674790,fatty-acid,ChemicalEntity,D005227,Association,obese,DiseaseOrPhenotypicFeature,D009765,train
3839,18674790,fat,ChemicalEntity,D004041,Positive_Correlation,obese,DiseaseOrPhenotypicFeature,D009765,train
3840,18674790,doxorubicin,ChemicalEntity,D004317,Association,ADP,ChemicalEntity,D000244,train
3841,18674790,doxorubicin,ChemicalEntity,D004317,Negative_Correlation,ATP,ChemicalEntity,D000255,train
3842,18674790,doxorubicin,ChemicalEntity,D004317,Association,lipid,ChemicalEntity,D008055,train
3843,18674790,doxorubicin,ChemicalEntity,D004317,Positive_Correlation,cardiac dysfunction,DiseaseOrPhenotypicFeature,D006331,train
3844,18674790,doxorubicin,ChemicalEntity,D004317,Positive_Correlation,cardiotoxicity,DiseaseOrPhenotypicFeature,D066126,train
3845,18674790,obese,DiseaseOrPhenotypicFeature,D009765,Negative_Correlation,ATP,ChemicalEntity,D000255,train
3846,18674790,obese,DiseaseOrPhenotypicFeature,D009765,Association,AMP-alpha2 protein kinase,GeneOrGeneProduct,65248,train
3847,18674790,obese,DiseaseOrPhenotypicFeature,D009765,Association,peroxisome proliferators activated receptor-alpha,GeneOrGeneProduct,25747,train
3848,18674790,obese,DiseaseOrPhenotypicFeature,D009765,Association,uncoupling proteins 2 and 3,GeneOrGeneProduct,54315,train
3849,18674790,obese,DiseaseOrPhenotypicFeature,D009765,Association,uncoupling proteins 2 and 3,GeneOrGeneProduct,25708,train
3850,18674790,obese,DiseaseOrPhenotypicFeature,D009765,Association,adiponectin,GeneOrGeneProduct,246253,train
3851,18674790,obese,DiseaseOrPhenotypicFeature,D009765,Positive_Correlation,doxorubicin,ChemicalEntity,D004317,train
3852,18752389,fulminant hepatic failure,DiseaseOrPhenotypicFeature,D017114,Positive_Correlation,ezetimibe,ChemicalEntity,D000069438,train
3853,18752389,Serum aminotransferase,ChemicalEntity,D001219,Association,hepatotoxic,DiseaseOrPhenotypicFeature,D056486,train
3854,18752389,Serum aminotransferase,ChemicalEntity,D001219,Association,Simvastatin-ezetimibe,ChemicalEntity,D000069499,train
3855,18752389,statin,ChemicalEntity,D019821,Positive_Correlation,Serum aminotransferase,ChemicalEntity,D001219,train
3856,18752389,statin,ChemicalEntity,D019821,Negative_Correlation,3-hydroxy-3-methylglutaryl coenzyme A reductase,GeneOrGeneProduct,3156,train
3857,18752389,statin,ChemicalEntity,D019821,Association,uridine diphosphate glucoronosyltransferases,GeneOrGeneProduct,7361,train
3858,18752389,statin,ChemicalEntity,D019821,Drug_Interaction,ezetimibe,ChemicalEntity,D000069438,train
3859,18752389,hepatotoxic,DiseaseOrPhenotypicFeature,D056486,Positive_Correlation,statin,ChemicalEntity,D019821,train
3860,18752389,hepatotoxic,DiseaseOrPhenotypicFeature,D056486,Association,uridine diphosphate glucoronosyltransferases,GeneOrGeneProduct,7361,train
3861,18752389,hepatotoxic,DiseaseOrPhenotypicFeature,D056486,Positive_Correlation,Simvastatin-ezetimibe,ChemicalEntity,D000069499,train
3862,18752389,simvastatin hydroxy acid,ChemicalEntity,C532833,Association,statin,ChemicalEntity,D019821,train
3863,18752389,ezetimibe,ChemicalEntity,D000069438,Positive_Correlation,hepatotoxic,DiseaseOrPhenotypicFeature,D056486,train
3864,18752389,ezetimibe,ChemicalEntity,D000069438,Association,simvastatin hydroxy acid,ChemicalEntity,C532833,train
3865,18752389,ezetimibe,ChemicalEntity,D000069438,Negative_Correlation,uridine diphosphate glucoronosyltransferases,GeneOrGeneProduct,7361,train
3866,18752389,escitalopram,ChemicalEntity,D015283,Negative_Correlation,depression,DiseaseOrPhenotypicFeature,D003866,train
3867,18752389,Simvastatin-ezetimibe,ChemicalEntity,D000069499,Positive_Correlation,fulminant hepatic failure,DiseaseOrPhenotypicFeature,D017114,train
3868,18752389,Simvastatin-ezetimibe,ChemicalEntity,D000069499,Positive_Correlation,hepatic failure,DiseaseOrPhenotypicFeature,D017093,train
3869,18754075,steroid,ChemicalEntity,D013256,Negative_Correlation,nephrotic syndrome,DiseaseOrPhenotypicFeature,D009404,train
3870,18754075,steroid,ChemicalEntity,D013256,Negative_Correlation,focal segmental glomerulosclerosis,DiseaseOrPhenotypicFeature,D005923,train
3871,18754075,acute renal failure,DiseaseOrPhenotypicFeature,D058186,Positive_Correlation,alendronate,ChemicalEntity,D019386,train
3872,18754075,acute renal failure,DiseaseOrPhenotypicFeature,D058186,Positive_Correlation,bisphosphonate,ChemicalEntity,D004164,train
3873,18754075,alendronate,ChemicalEntity,D019386,Negative_Correlation,creatinine,ChemicalEntity,D003404,train
3874,18754075,alendronate,ChemicalEntity,D019386,Negative_Correlation,focal segmental glomerulosclerosis,DiseaseOrPhenotypicFeature,D005923,train
3875,18754075,bisphosphonate,ChemicalEntity,D004164,Negative_Correlation,focal segmental glomerulosclerosis,DiseaseOrPhenotypicFeature,D005923,train
3876,18754075,proteinuria,DiseaseOrPhenotypicFeature,D011507,Positive_Correlation,alendronate,ChemicalEntity,D019386,train
3877,18754075,proteinuria,DiseaseOrPhenotypicFeature,D011507,Positive_Correlation,bisphosphonate,ChemicalEntity,D004164,train
3878,18945509,type 2 diabetes,DiseaseOrPhenotypicFeature,D003924,Negative_Correlation,glimepiride,ChemicalEntity,C057619,train
3879,18945509,type 2 diabetes,DiseaseOrPhenotypicFeature,D003924,Negative_Correlation,gliclazide,ChemicalEntity,D005907,train
3880,18945509,glipizide,ChemicalEntity,D005913,Comparison,glimepiride,ChemicalEntity,C057619,train
3881,18945509,glipizide,ChemicalEntity,D005913,Comparison,gliclazide,ChemicalEntity,D005907,train
3882,18945509,glipizide,ChemicalEntity,D005913,Negative_Correlation,type 2 diabetes,DiseaseOrPhenotypicFeature,D003924,train
3883,18945509,glipizide,ChemicalEntity,D005913,Positive_Correlation,coronary artery disease,DiseaseOrPhenotypicFeature,D003324,train
3884,18945509,glibenclamide,ChemicalEntity,D005905,Comparison,glimepiride,ChemicalEntity,C057619,train
3885,18945509,glibenclamide,ChemicalEntity,D005905,Comparison,gliclazide,ChemicalEntity,D005907,train
3886,18945509,glibenclamide,ChemicalEntity,D005905,Negative_Correlation,type 2 diabetes,DiseaseOrPhenotypicFeature,D003924,train
3887,18945509,glibenclamide,ChemicalEntity,D005905,Positive_Correlation,coronary artery disease,DiseaseOrPhenotypicFeature,D003324,train
3888,18945509,sulphonylurea,ChemicalEntity,D013453,Negative_Correlation,type 2 diabetes,DiseaseOrPhenotypicFeature,D003924,train
3889,18945509,coronary artery disease,DiseaseOrPhenotypicFeature,D003324,Positive_Correlation,sulphonylurea,ChemicalEntity,D013453,train
3890,18987260,urea,ChemicalEntity,D014508,Association,nephropathy,DiseaseOrPhenotypicFeature,D007674,train
3891,18987260,losartan,ChemicalEntity,D019808,Negative_Correlation,hypertensive,DiseaseOrPhenotypicFeature,D006973,train
3892,18987260,losartan,ChemicalEntity,D019808,Negative_Correlation,angiotensin II type-1 receptor,GeneOrGeneProduct,24180,train
3893,18987260,losartan,ChemicalEntity,D019808,Negative_Correlation,focal segmental glomerulosclerosis,DiseaseOrPhenotypicFeature,D005923,train
3894,18987260,losartan,ChemicalEntity,D019808,Negative_Correlation,uraemia,DiseaseOrPhenotypicFeature,D014511,train
3895,18987260,losartan,ChemicalEntity,D019808,Negative_Correlation,chronic renal failure,DiseaseOrPhenotypicFeature,D007676,train
3896,18987260,losartan,ChemicalEntity,D019808,Negative_Correlation,interstitial fibrosis,DiseaseOrPhenotypicFeature,D005355,train
3897,18987260,losartan,ChemicalEntity,D019808,Negative_Correlation,atrophy,DiseaseOrPhenotypicFeature,D001284,train
3898,18987260,losartan,ChemicalEntity,D019808,Negative_Correlation,proteinuria,DiseaseOrPhenotypicFeature,D011507,train
3899,18987260,losartan,ChemicalEntity,D019808,Negative_Correlation,glomerulosclerosis,DiseaseOrPhenotypicFeature,D005921,train
3900,18987260,losartan,ChemicalEntity,D019808,Negative_Correlation,nephropathy,DiseaseOrPhenotypicFeature,D007674,train
3901,18987260,losartan,ChemicalEntity,D019808,Negative_Correlation,adriamycin,ChemicalEntity,D004317,train
3902,18987260,adriamycin,ChemicalEntity,D004317,Positive_Correlation,focal segmental glomerulosclerosis,DiseaseOrPhenotypicFeature,D005923,train
3903,18987260,adriamycin,ChemicalEntity,D004317,Positive_Correlation,nephropathy,DiseaseOrPhenotypicFeature,D007674,train
3904,19058010,vitamin E,ChemicalEntity,D014810,Positive_Correlation,antioxidants,ChemicalEntity,D000975,train
3905,19058010,vitamin E,ChemicalEntity,D014810,Negative_Correlation,Ca+2 ATPase,ChemicalEntity,D000252,train
3906,19058010,vitamin E,ChemicalEntity,D014810,Positive_Correlation,Na+/ K+ ATPase,ChemicalEntity,D000254,train
3907,19058010,vitamin E,ChemicalEntity,D014810,Positive_Correlation,Mg+2 ATPase,ChemicalEntity,D017301,train
3908,19058010,vitamin E,ChemicalEntity,D014810,Negative_Correlation,lipid,ChemicalEntity,D008055,train
3909,19058010,vitamin E,ChemicalEntity,D014810,Negative_Correlation,myocardial infarction,DiseaseOrPhenotypicFeature,D009203,train
3910,19058010,vitamin E,ChemicalEntity,D014810,Negative_Correlation,isoproterenol,ChemicalEntity,D007545,train
3911,19058010,green tea,ChemicalEntity,D010936,Cotreatment,vitamin E,ChemicalEntity,D014810,train
3912,19058010,green tea,ChemicalEntity,D010936,Positive_Correlation,antioxidants,ChemicalEntity,D000975,train
3913,19058010,green tea,ChemicalEntity,D010936,Negative_Correlation,Ca+2 ATPase,ChemicalEntity,D000252,train
3914,19058010,green tea,ChemicalEntity,D010936,Positive_Correlation,Na+/ K+ ATPase,ChemicalEntity,D000254,train
3915,19058010,green tea,ChemicalEntity,D010936,Positive_Correlation,Mg+2 ATPase,ChemicalEntity,D017301,train
3916,19058010,green tea,ChemicalEntity,D010936,Negative_Correlation,lipid,ChemicalEntity,D008055,train
3917,19058010,green tea,ChemicalEntity,D010936,Negative_Correlation,myocardial infarction,DiseaseOrPhenotypicFeature,D009203,train
3918,19058010,green tea,ChemicalEntity,D010936,Negative_Correlation,isoproterenol,ChemicalEntity,D007545,train
3919,19058010,isoproterenol,ChemicalEntity,D007545,Negative_Correlation,antioxidants,ChemicalEntity,D000975,train
3920,19058010,isoproterenol,ChemicalEntity,D007545,Positive_Correlation,Ca+2 ATPase,ChemicalEntity,D000252,train
3921,19058010,isoproterenol,ChemicalEntity,D007545,Negative_Correlation,Na+/ K+ ATPase,ChemicalEntity,D000254,train
3922,19058010,isoproterenol,ChemicalEntity,D007545,Negative_Correlation,Mg+2 ATPase,ChemicalEntity,D017301,train
3923,19058010,isoproterenol,ChemicalEntity,D007545,Association,lipid,ChemicalEntity,D008055,train
3924,19058010,isoproterenol,ChemicalEntity,D007545,Positive_Correlation,myocardial infarction,DiseaseOrPhenotypicFeature,D009203,train
3925,19108278,ventricular tachycardia,DiseaseOrPhenotypicFeature,D017180,Positive_Correlation,ouabain,ChemicalEntity,D010042,train
3926,19108278,adrenaline,ChemicalEntity,D004837,Positive_Correlation,cardiac arrhythmias,DiseaseOrPhenotypicFeature,D001145,train
3927,19108278,propranolol,ChemicalEntity,D011433,Negative_Correlation,ouabain,ChemicalEntity,D010042,train
3928,19108278,propranolol,ChemicalEntity,D011433,Negative_Correlation,ventricular tachycardia,DiseaseOrPhenotypicFeature,D017180,train
3929,19108278,propranolol,ChemicalEntity,D011433,Negative_Correlation,cardiac arrhythmias,DiseaseOrPhenotypicFeature,D001145,train
3930,19108278,propranolol,ChemicalEntity,D011433,Negative_Correlation,adrenaline,ChemicalEntity,D004837,train
3931,19108278,propranolol,ChemicalEntity,D011433,Negative_Correlation,lactate,ChemicalEntity,D019344,train
3932,19108278,propranolol,ChemicalEntity,D011433,Negative_Correlation,glucose,ChemicalEntity,D005947,train
3933,19108278,isoprenaline,ChemicalEntity,D007545,Negative_Correlation,propranolol,ChemicalEntity,D011433,train
3934,19108278,isoprenaline,ChemicalEntity,D007545,Positive_Correlation,fatty acids,ChemicalEntity,D005227,train
3935,19108278,isoprenaline,ChemicalEntity,D007545,Positive_Correlation,lactate,ChemicalEntity,D019344,train
3936,19108278,isoprenaline,ChemicalEntity,D007545,Positive_Correlation,glucose,ChemicalEntity,D005947,train
3937,19445921,salvianolic acid A,ChemicalEntity,C066201,Negative_Correlation,myocardial injury,DiseaseOrPhenotypicFeature,D009202,train
3938,19445921,salvianolic acid A,ChemicalEntity,C066201,Negative_Correlation,cardiac dysfunction,DiseaseOrPhenotypicFeature,D006331,train
3939,19445921,salvianolic acid A,ChemicalEntity,C066201,Negative_Correlation,myocardial infarction,DiseaseOrPhenotypicFeature,D009203,train
3940,19445921,salvianolic acid A,ChemicalEntity,C066201,Negative_Correlation,isoproterenol,ChemicalEntity,D007545,train
3941,19445921,mitochondrial respiratory dysfunction,DiseaseOrPhenotypicFeature,D028361,Association,ADP,ChemicalEntity,D000244,train
3942,19445921,mitochondrial respiratory dysfunction,DiseaseOrPhenotypicFeature,D028361,Positive_Correlation,isoproterenol,ChemicalEntity,D007545,train
3943,19445921,isoproterenol,ChemicalEntity,D007545,Negative_Correlation,glutathione peroxidase,GeneOrGeneProduct,24404,train
3944,19445921,isoproterenol,ChemicalEntity,D007545,Negative_Correlation,superoxide dismutase,GeneOrGeneProduct,24786,train
3945,19445921,isoproterenol,ChemicalEntity,D007545,Positive_Correlation,creatine kinase,GeneOrGeneProduct,24264,train
3946,19445921,isoproterenol,ChemicalEntity,D007545,Positive_Correlation,aspartate transaminase,GeneOrGeneProduct,25721,train
3947,19445921,isoproterenol,ChemicalEntity,D007545,Positive_Correlation,lactate dehydrogenase,GeneOrGeneProduct,24533,train
3948,19445921,isoproterenol,ChemicalEntity,D007545,Positive_Correlation,myocardial injury,DiseaseOrPhenotypicFeature,D009202,train
3949,19445921,isoproterenol,ChemicalEntity,D007545,Positive_Correlation,cardiac dysfunction,DiseaseOrPhenotypicFeature,D006331,train
3950,19445921,isoproterenol,ChemicalEntity,D007545,Negative_Correlation,catalase,GeneOrGeneProduct,24248,train
3951,19445921,isoproterenol,ChemicalEntity,D007545,Positive_Correlation,malondialdehyde,ChemicalEntity,D008315,train
3952,19445921,isoproterenol,ChemicalEntity,D007545,Positive_Correlation,myocardial infarction,DiseaseOrPhenotypicFeature,D009203,train
3953,19631624,neurotoxic,DiseaseOrPhenotypicFeature,D020258,Positive_Correlation,ecstasy,ChemicalEntity,D018817,train
3954,19631624,ecstasy,ChemicalEntity,D018817,Positive_Correlation,hyperactivity,DiseaseOrPhenotypicFeature,D006948,train
3955,19631624,ecstasy,ChemicalEntity,D018817,Positive_Correlation,Learning and memory deficits,DiseaseOrPhenotypicFeature,D008569,train
3956,19631624,ecstasy,ChemicalEntity,D018817,Association,cannabis,ChemicalEntity,D002188,train
3957,19631624,ecstasy,ChemicalEntity,D018817,Positive_Correlation,Learning and memory deficits,DiseaseOrPhenotypicFeature,D007859,train
3958,19631624,hyperactivity,DiseaseOrPhenotypicFeature,D006948,Positive_Correlation,cannabis,ChemicalEntity,D002188,train
3959,19631624,Learning and memory deficits,DiseaseOrPhenotypicFeature,D008569,Positive_Correlation,cannabis,ChemicalEntity,D002188,train
3960,19631624,Learning and memory deficits,DiseaseOrPhenotypicFeature,D007859,Positive_Correlation,cannabis,ChemicalEntity,D002188,train
3961,19692487,Cyclooxygenase-2,GeneOrGeneProduct,19225,Association,polyuria,DiseaseOrPhenotypicFeature,D011141,train
3962,19692487,aquaporin-2,GeneOrGeneProduct,11827,Negative_Correlation,lithium,ChemicalEntity,D008094,train
3963,19692487,PGE(2),ChemicalEntity,D015232,Negative_Correlation,Na-K-2Cl cotransporter,GeneOrGeneProduct,20495,train
3964,19692487,PGE(2),ChemicalEntity,D015232,Negative_Correlation,aquaporin-2,GeneOrGeneProduct,11827,train
3965,19692487,PGE(2),ChemicalEntity,D015232,Association,polyuria,DiseaseOrPhenotypicFeature,D011141,train
3966,19692487,PGE(2),ChemicalEntity,D015232,Association,lithium,ChemicalEntity,D008094,train
3967,19692487,LiCl,ChemicalEntity,D018021,Positive_Correlation,PGE(2),ChemicalEntity,D015232,train
3968,19692487,LiCl,ChemicalEntity,D018021,Positive_Correlation,polyuria,DiseaseOrPhenotypicFeature,D011141,train
3969,19692487,LiCl,ChemicalEntity,D018021,Positive_Correlation,mPGES-1,GeneOrGeneProduct,64292,train
3970,19692487,lithium,ChemicalEntity,D008094,Negative_Correlation,Na-K-2Cl cotransporter,GeneOrGeneProduct,20495,train
3971,19692487,lithium,ChemicalEntity,D008094,Positive_Correlation,polyuria,DiseaseOrPhenotypicFeature,D011141,train
3972,19692487,mPGES-1,GeneOrGeneProduct,64292,Association,PGE(2),ChemicalEntity,D015232,train
3973,19692487,mPGES-1,GeneOrGeneProduct,64292,Positive_Correlation,polyuria,DiseaseOrPhenotypicFeature,D011141,train
3974,19692487,mPGES-1,GeneOrGeneProduct,64292,Positive_Correlation,lithium,ChemicalEntity,D008094,train
3975,19719056,carrageenan,ChemicalEntity,D002351,Positive_Correlation,edema,DiseaseOrPhenotypicFeature,D004487,train
3976,19719056,Dextran,ChemicalEntity,D003911,Association,etodolac,ChemicalEntity,D017308,train
3977,19721134,M(3)-muscarinic acetylcholine receptor,GeneOrGeneProduct,24260,Negative_Correlation,4-DAMP,ChemicalEntity,C042375,train
3978,19721134,M(3)-muscarinic acetylcholine receptor,GeneOrGeneProduct,24260,Association,ouabain,ChemicalEntity,D010042,train
3979,19721134,M(3)-muscarinic acetylcholine receptor,GeneOrGeneProduct,24260,Association,aconitine,ChemicalEntity,D000157,train
3980,19721134,M(3)-muscarinic acetylcholine receptor,GeneOrGeneProduct,24260,Association,arrhythmia,DiseaseOrPhenotypicFeature,D001145,train
3981,19721134,M(3)-muscarinic acetylcholine receptor,GeneOrGeneProduct,100379235,Negative_Correlation,4-DAMP,ChemicalEntity,C042375,train
3982,19721134,M(3)-muscarinic acetylcholine receptor,GeneOrGeneProduct,100379235,Association,ouabain,ChemicalEntity,D010042,train
3983,19721134,M(3)-muscarinic acetylcholine receptor,GeneOrGeneProduct,100379235,Association,aconitine,ChemicalEntity,D000157,train
3984,19721134,M(3)-muscarinic acetylcholine receptor,GeneOrGeneProduct,100379235,Association,arrhythmia,DiseaseOrPhenotypicFeature,D001145,train
3985,19721134,4-DAMP,ChemicalEntity,C042375,Negative_Correlation,pilocarpine,ChemicalEntity,D010862,train
3986,19721134,calcium,ChemicalEntity,D002118,Positive_Correlation,ouabain,ChemicalEntity,D010042,train
3987,19721134,calcium,ChemicalEntity,D002118,Positive_Correlation,aconitine,ChemicalEntity,D000157,train
3988,19721134,calcium,ChemicalEntity,D002118,Negative_Correlation,pilocarpine,ChemicalEntity,D010862,train
3989,19721134,arrhythmia,DiseaseOrPhenotypicFeature,D001145,Positive_Correlation,ouabain,ChemicalEntity,D010042,train
3990,19721134,arrhythmia,DiseaseOrPhenotypicFeature,D001145,Positive_Correlation,aconitine,ChemicalEntity,D000157,train
3991,19721134,pilocarpine,ChemicalEntity,D010862,Association,M(3)-muscarinic acetylcholine receptor,GeneOrGeneProduct,24260,train
3992,19721134,pilocarpine,ChemicalEntity,D010862,Association,M(3)-muscarinic acetylcholine receptor,GeneOrGeneProduct,100379235,train
3993,19721134,pilocarpine,ChemicalEntity,D010862,Negative_Correlation,ouabain,ChemicalEntity,D010042,train
3994,19721134,pilocarpine,ChemicalEntity,D010862,Negative_Correlation,aconitine,ChemicalEntity,D000157,train
3995,19721134,pilocarpine,ChemicalEntity,D010862,Negative_Correlation,arrhythmia,DiseaseOrPhenotypicFeature,D001145,train
3996,19721134,pilocarpine,ChemicalEntity,D010862,Negative_Correlation,ventricular tachycardia and fibrillation,DiseaseOrPhenotypicFeature,D017180|D014693,train
3997,19923525,nitroglycerin,ChemicalEntity,D005996,Positive_Correlation,hypotension,DiseaseOrPhenotypicFeature,D007022,train
3998,19923525,nitroglycerin,ChemicalEntity,D005996,Positive_Correlation,memory impairment,DiseaseOrPhenotypicFeature,D008569,train
3999,19923525,Nimodipine,ChemicalEntity,D009553,Association,calcium,ChemicalEntity,D002118,train
4000,19923525,Nimodipine,ChemicalEntity,D009553,Association,hypotension,DiseaseOrPhenotypicFeature,D007022,train
4001,19923525,Nimodipine,ChemicalEntity,D009553,Negative_Correlation,nitroglycerin,ChemicalEntity,D005996,train
4002,19923525,Nimodipine,ChemicalEntity,D009553,Negative_Correlation,memory impairment,DiseaseOrPhenotypicFeature,D008569,train
4003,20080983,daytime sleepiness,DiseaseOrPhenotypicFeature,D012893,Positive_Correlation,cocaine,ChemicalEntity,D003042,train
4004,20080983,modafinil,ChemicalEntity,C048833,Association,cocaine,ChemicalEntity,D003042,train
4005,20080983,modafinil,ChemicalEntity,C048833,Negative_Correlation,daytime sleepiness,DiseaseOrPhenotypicFeature,D012893,train
4006,20447294,CNSB002,ChemicalEntity,C401121,Negative_Correlation,neuropathic pain,DiseaseOrPhenotypicFeature,D009437,train
4007,20447294,CNSB002,ChemicalEntity,C401121,Negative_Correlation,hyperalgesia,DiseaseOrPhenotypicFeature,D006930,train
4008,20447294,CNSB002,ChemicalEntity,C401121,Negative_Correlation,inflammatory,DiseaseOrPhenotypicFeature,D007249,train
4009,20447294,morphine,ChemicalEntity,D009020,Negative_Correlation,neuropathic pain,DiseaseOrPhenotypicFeature,D009437,train
4010,20447294,morphine,ChemicalEntity,D009020,Cotreatment,CNSB002,ChemicalEntity,C401121,train
4011,20447294,morphine,ChemicalEntity,D009020,Negative_Correlation,hyperalgesia,DiseaseOrPhenotypicFeature,D006930,train
4012,20447294,morphine,ChemicalEntity,D009020,Negative_Correlation,inflammatory,DiseaseOrPhenotypicFeature,D007249,train
4013,20447294,streptozotocin,ChemicalEntity,D013311,Positive_Correlation,diabetic neuropathy,DiseaseOrPhenotypicFeature,D003929,train
4014,20447294,carrageenan,ChemicalEntity,D002351,Positive_Correlation,inflammatory,DiseaseOrPhenotypicFeature,D007249,train
4015,20510337,zinc,ChemicalEntity,D015032,Negative_Correlation,cisplatin,ChemicalEntity,D002945,train
4016,20510337,selenium,ChemicalEntity,D012643,Negative_Correlation,cisplatin,ChemicalEntity,D002945,train
4017,20510337,cisplatin,ChemicalEntity,D002945,Positive_Correlation,acute renal injury,DiseaseOrPhenotypicFeature,D058186,train
4018,20510337,cisplatin,ChemicalEntity,D002945,Positive_Correlation,nitric oxide synthase,GeneOrGeneProduct,18125,train
4019,20510337,cisplatin,ChemicalEntity,D002945,Positive_Correlation,nuclear factor-kappaB,GeneOrGeneProduct,18033,train
4020,20510337,cisplatin,ChemicalEntity,D002945,Positive_Correlation,p53,GeneOrGeneProduct,22060,train
4021,20510337,cisplatin,ChemicalEntity,D002945,Positive_Correlation,caspase-3,GeneOrGeneProduct,12367,train
4022,20510337,cisplatin,ChemicalEntity,D002945,Positive_Correlation,creatinine,ChemicalEntity,D003404,train
4023,20510337,cisplatin,ChemicalEntity,D002945,Positive_Correlation,blood urea nitrogen,ChemicalEntity,D001806,train
4024,20510337,cisplatin,ChemicalEntity,D002945,Positive_Correlation,nephrotoxicity,DiseaseOrPhenotypicFeature,D007674,train
4025,20510337,Coenzyme Q10,ChemicalEntity,C024989,Negative_Correlation,nitric oxide synthase,GeneOrGeneProduct,18125,train
4026,20510337,Coenzyme Q10,ChemicalEntity,C024989,Negative_Correlation,nuclear factor-kappaB,GeneOrGeneProduct,18033,train
4027,20510337,Coenzyme Q10,ChemicalEntity,C024989,Negative_Correlation,p53,GeneOrGeneProduct,22060,train
4028,20510337,Coenzyme Q10,ChemicalEntity,C024989,Negative_Correlation,caspase-3,GeneOrGeneProduct,12367,train
4029,20510337,Coenzyme Q10,ChemicalEntity,C024989,Negative_Correlation,glutathione,ChemicalEntity,D005978,train
4030,20510337,Coenzyme Q10,ChemicalEntity,C024989,Negative_Correlation,superoxide dismutase,GeneOrGeneProduct,20655,train
4031,20510337,Coenzyme Q10,ChemicalEntity,C024989,Negative_Correlation,tumor necrosis factor-alpha,GeneOrGeneProduct,21926,train
4032,20510337,Coenzyme Q10,ChemicalEntity,C024989,Positive_Correlation,zinc,ChemicalEntity,D015032,train
4033,20510337,Coenzyme Q10,ChemicalEntity,C024989,Positive_Correlation,selenium,ChemicalEntity,D012643,train
4034,20510337,Coenzyme Q10,ChemicalEntity,C024989,Negative_Correlation,platinum,ChemicalEntity,D010984,train
4035,20510337,Coenzyme Q10,ChemicalEntity,C024989,Negative_Correlation,nitric oxide,ChemicalEntity,D009569,train
4036,20510337,Coenzyme Q10,ChemicalEntity,C024989,Negative_Correlation,lipid,ChemicalEntity,D008055,train
4037,20510337,Coenzyme Q10,ChemicalEntity,C024989,Negative_Correlation,creatinine,ChemicalEntity,D003404,train
4038,20510337,Coenzyme Q10,ChemicalEntity,C024989,Negative_Correlation,blood urea nitrogen,ChemicalEntity,D001806,train
4039,20510337,Coenzyme Q10,ChemicalEntity,C024989,Negative_Correlation,nephrotoxicity,DiseaseOrPhenotypicFeature,D007674,train
4040,20510337,Coenzyme Q10,ChemicalEntity,C024989,Negative_Correlation,cisplatin,ChemicalEntity,D002945,train
4041,20520283,Extrapyramidal symptoms,DiseaseOrPhenotypicFeature,D001480,Positive_Correlation,haloperidol,ChemicalEntity,D006220,train
4042,20520283,Extrapyramidal symptoms,DiseaseOrPhenotypicFeature,D001480,Positive_Correlation,asenapine,ChemicalEntity,C522667,train
4043,20520283,schizophrenia,DiseaseOrPhenotypicFeature,D012559,Negative_Correlation,haloperidol,ChemicalEntity,D006220,train
4044,20520283,asenapine,ChemicalEntity,C522667,Negative_Correlation,psychotic,DiseaseOrPhenotypicFeature,D011618,train
4045,20520283,asenapine,ChemicalEntity,C522667,Negative_Correlation,manic,DiseaseOrPhenotypicFeature,D001714,train
4046,20520283,asenapine,ChemicalEntity,C522667,Negative_Correlation,schizophrenia,DiseaseOrPhenotypicFeature,D012559,train
4047,20520283,asenapine,ChemicalEntity,C522667,Comparison,haloperidol,ChemicalEntity,D006220,train
4048,20528871,cyclophosphamide,ChemicalEntity,D003520,Cotreatment,etoposide,ChemicalEntity,D005047,train
4049,20528871,cyclophosphamide,ChemicalEntity,D003520,Negative_Correlation,T-cell lymphoblastic leukaemia and lymphoma,DiseaseOrPhenotypicFeature,D015458|D016399,train
4050,20528871,etoposide,ChemicalEntity,D005047,Negative_Correlation,T-cell lymphoblastic leukaemia and lymphoma,DiseaseOrPhenotypicFeature,D015458|D016399,train
4051,20528871,nelarabine,ChemicalEntity,C104457,Positive_Correlation,Haematological toxicity,DiseaseOrPhenotypicFeature,D006402,train
4052,20528871,nelarabine,ChemicalEntity,C104457,Positive_Correlation,musculoskeletal pain,DiseaseOrPhenotypicFeature,D059352,train
4053,20528871,nelarabine,ChemicalEntity,C104457,Positive_Correlation,neuropathy,DiseaseOrPhenotypicFeature,D009422,train
4054,20528871,nelarabine,ChemicalEntity,C104457,Cotreatment,cyclophosphamide,ChemicalEntity,D003520,train
4055,20528871,nelarabine,ChemicalEntity,C104457,Cotreatment,etoposide,ChemicalEntity,D005047,train
4056,20528871,nelarabine,ChemicalEntity,C104457,Negative_Correlation,T-cell lymphoblastic leukaemia and lymphoma,DiseaseOrPhenotypicFeature,D015458|D016399,train
4057,20533999,Dopamine,ChemicalEntity,D004298,Positive_Correlation,dopaminergic deficits,DiseaseOrPhenotypicFeature,D009461,train
4058,20533999,Dopamine,ChemicalEntity,D004298,Positive_Correlation,neurotoxicity,DiseaseOrPhenotypicFeature,D020258,train
4059,20533999,alpha-methyl-para-tyrosine,ChemicalEntity,D019805,Negative_Correlation,neurotoxicity,DiseaseOrPhenotypicFeature,D020258,train
4060,20533999,alpha-methyl-para-tyrosine,ChemicalEntity,D019805,Negative_Correlation,methamphetamine,ChemicalEntity,D008694,train
4061,20533999,L-dihydroxyphenylalanine,ChemicalEntity,D007980,Association,Dopamine,ChemicalEntity,D004298,train
4062,20533999,L-dihydroxyphenylalanine,ChemicalEntity,D007980,Association,alpha-methyl-para-tyrosine,ChemicalEntity,D019805,train
4063,20533999,L-dihydroxyphenylalanine,ChemicalEntity,D007980,Association,neurotoxicity,DiseaseOrPhenotypicFeature,D020258,train
4064,20533999,methamphetamine,ChemicalEntity,D008694,Positive_Correlation,dopaminergic deficits,DiseaseOrPhenotypicFeature,D009461,train
4065,20533999,methamphetamine,ChemicalEntity,D008694,Drug_Interaction,Dopamine,ChemicalEntity,D004298,train
4066,20533999,methamphetamine,ChemicalEntity,D008694,Positive_Correlation,neurotoxicity,DiseaseOrPhenotypicFeature,D020258,train
4067,20558148,dopamine receptor,GeneOrGeneProduct,24316,Negative_Correlation,haloperidol,ChemicalEntity,D006220,train
4068,20558148,glutamate,ChemicalEntity,D018698,Association,catalepsy,DiseaseOrPhenotypicFeature,D002375,train
4069,20558148,glutamate,ChemicalEntity,D018698,Association,haloperidol,ChemicalEntity,D006220,train
4070,20558148,AP7,ChemicalEntity,C031231,Negative_Correlation,catalepsy,DiseaseOrPhenotypicFeature,D002375,train
4071,20558148,AP7,ChemicalEntity,C031231,Negative_Correlation,haloperidol,ChemicalEntity,D006220,train
4072,20558148,MK-801,ChemicalEntity,D016291,Negative_Correlation,catalepsy,DiseaseOrPhenotypicFeature,D002375,train
4073,20558148,MK-801,ChemicalEntity,D016291,Negative_Correlation,haloperidol,ChemicalEntity,D006220,train
4074,20558148,NMDA receptors,GeneOrGeneProduct,24408,Positive_Correlation,N-methyl-d-aspartate,ChemicalEntity,D016202,train
4075,20558148,NMDA receptors,GeneOrGeneProduct,24408,Negative_Correlation,AP7,ChemicalEntity,C031231,train
4076,20558148,NMDA receptors,GeneOrGeneProduct,24408,Negative_Correlation,MK-801,ChemicalEntity,D016291,train
4077,20558148,NMDA receptors,GeneOrGeneProduct,24408,Association,catalepsy,DiseaseOrPhenotypicFeature,D002375,train
4078,20558148,haloperidol,ChemicalEntity,D006220,Positive_Correlation,catalepsy,DiseaseOrPhenotypicFeature,D002375,train
4079,20667451,cognitive dysfunction,DiseaseOrPhenotypicFeature,D003072,Positive_Correlation,antiepileptic drugs,ChemicalEntity,D000927,train
4080,20667451,cognitive dysfunction,DiseaseOrPhenotypicFeature,D003072,Positive_Correlation,carbamazepine,ChemicalEntity,D002220,train
4081,20667451,cognitive dysfunction,DiseaseOrPhenotypicFeature,D003072,Positive_Correlation,phenobarbitone,ChemicalEntity,D010634,train
4082,20667451,Curcumin,ChemicalEntity,D003474,Negative_Correlation,inflammatory,DiseaseOrPhenotypicFeature,D007249,train
4083,20667451,Curcumin,ChemicalEntity,D003474,Negative_Correlation,carbamazepine,ChemicalEntity,D002220,train
4084,20667451,Curcumin,ChemicalEntity,D003474,Negative_Correlation,phenobarbitone,ChemicalEntity,D010634,train
4085,20667451,Curcumin,ChemicalEntity,D003474,Negative_Correlation,cognitive dysfunction,DiseaseOrPhenotypicFeature,D003072,train
4086,20683499,crocin,ChemicalEntity,C029036,Negative_Correlation,neurodegenerative diseases,DiseaseOrPhenotypicFeature,D019636,train
4087,20683499,crocin,ChemicalEntity,C029036,Negative_Correlation,cognitive deficits,DiseaseOrPhenotypicFeature,D003072,train
4088,20683499,crocin,ChemicalEntity,C029036,Negative_Correlation,learning and memory impairment,DiseaseOrPhenotypicFeature,D008569,train
4089,20683499,crocin,ChemicalEntity,C029036,Negative_Correlation,learning and memory impairment,DiseaseOrPhenotypicFeature,D007859,train
4090,20683499,crocin,ChemicalEntity,C029036,Negative_Correlation,Alzheimer's disease,DiseaseOrPhenotypicFeature,D000544,train
4091,20683499,crocin,ChemicalEntity,C029036,Negative_Correlation,streptozocin,ChemicalEntity,D013311,train
4092,20683499,streptozocin,ChemicalEntity,D013311,Positive_Correlation,cognitive deficits,DiseaseOrPhenotypicFeature,D003072,train
4093,20683499,streptozocin,ChemicalEntity,D013311,Positive_Correlation,Alzheimer's disease,DiseaseOrPhenotypicFeature,D000544,train
4094,21195121,convulsions,DiseaseOrPhenotypicFeature,D012640,Association,GABA(A) receptors,GeneOrGeneProduct,29705,train
4095,21195121,lindane,ChemicalEntity,D001556,Negative_Correlation,GABA(A) receptors,GeneOrGeneProduct,29705,train
4096,21195121,lindane,ChemicalEntity,D001556,Positive_Correlation,convulsions,DiseaseOrPhenotypicFeature,D012640,train
4097,21195121,lindane,ChemicalEntity,D001556,Positive_Correlation,epilepsy,DiseaseOrPhenotypicFeature,D004827,train
4098,21195121,L-NAME,ChemicalEntity,D019331,Negative_Correlation,convulsions,DiseaseOrPhenotypicFeature,D012640,train
4099,21195121,NO syntheses,GeneOrGeneProduct,24598,Negative_Correlation,L-NAME,ChemicalEntity,D019331,train
4100,21195121,L-arginine,ChemicalEntity,D001120,Positive_Correlation,convulsions,DiseaseOrPhenotypicFeature,D012640,train
4101,21195121,nitric oxide,ChemicalEntity,D009569,Positive_Correlation,convulsions,DiseaseOrPhenotypicFeature,D012640,train
4102,21195121,nitric oxide,ChemicalEntity,D009569,Association,lindane,ChemicalEntity,D001556,train
4103,21195121,nitric oxide,ChemicalEntity,D009569,Association,L-NAME,ChemicalEntity,D019331,train
4104,21195121,nitric oxide,ChemicalEntity,D009569,Association,NO syntheses,GeneOrGeneProduct,24598,train
4105,21195121,nitric oxide,ChemicalEntity,D009569,Association,L-arginine,ChemicalEntity,D001120,train
4106,23949582,ifosfamide,ChemicalEntity,D007069,Positive_Correlation,cystitis,DiseaseOrPhenotypicFeature,D003556,train
4107,23949582,ifosfamide,ChemicalEntity,D007069,Positive_Correlation,hemorrhagic,DiseaseOrPhenotypicFeature,D006470,train
4108,23949582,ifosfamide,ChemicalEntity,D007069,Positive_Correlation,genotoxicity,DiseaseOrPhenotypicFeature,D030342,train
4109,23949582,mesna,ChemicalEntity,D015080,Negative_Correlation,genotoxicity,DiseaseOrPhenotypicFeature,D030342,train
4110,23949582,mesna,ChemicalEntity,D015080,Negative_Correlation,ifosfamide,ChemicalEntity,D007069,train
4111,24132704,diazinon,ChemicalEntity,D003976,Association,ERK1/2,GeneOrGeneProduct,50689,train
4112,24132704,diazinon,ChemicalEntity,D003976,Association,ERK1/2,GeneOrGeneProduct,116590,train
4113,24132704,diazinon,ChemicalEntity,D003976,Positive_Correlation,LDL,ChemicalEntity,D008077,train
4114,24132704,diazinon,ChemicalEntity,D003976,Positive_Correlation,triglyceride,ChemicalEntity,D014280,train
4115,24132704,diazinon,ChemicalEntity,D003976,Positive_Correlation,cholesterol,ChemicalEntity,D002784,train
4116,24132704,diazinon,ChemicalEntity,D003976,Positive_Correlation,hyperlipemia,DiseaseOrPhenotypicFeature,D006949,train
4117,24132704,diazinon,ChemicalEntity,D003976,Negative_Correlation,low-density lipoprotein receptor,GeneOrGeneProduct,300438,train
4118,24132704,diazinon,ChemicalEntity,D003976,Association,lipid,ChemicalEntity,D008055,train
4119,24132704,low-density lipoprotein receptor,GeneOrGeneProduct,300438,Association,hyperlipemia,DiseaseOrPhenotypicFeature,D006949,train
4120,24132704,Crocin,ChemicalEntity,C029036,Positive_Correlation,ERK1/2,GeneOrGeneProduct,50689,train
4121,24132704,Crocin,ChemicalEntity,C029036,Positive_Correlation,ERK1/2,GeneOrGeneProduct,116590,train
4122,24132704,Crocin,ChemicalEntity,C029036,Association,cholesterol,ChemicalEntity,D002784,train
4123,24132704,Crocin,ChemicalEntity,C029036,Negative_Correlation,diazinon,ChemicalEntity,D003976,train
4124,24132704,Crocin,ChemicalEntity,C029036,Negative_Correlation,hyperlipemia,DiseaseOrPhenotypicFeature,D006949,train
4125,24132704,Crocin,ChemicalEntity,C029036,Positive_Correlation,low-density lipoprotein receptor,GeneOrGeneProduct,300438,train
4126,24132704,Crocin,ChemicalEntity,C029036,Association,lipid,ChemicalEntity,D008055,train
4127,24309294,CCK1 receptor,GeneOrGeneProduct,24889,Negative_Correlation,"L-364,718",ChemicalEntity,D020109,train
4128,24309294,morphine,ChemicalEntity,D009020,Positive_Correlation,amnesia,DiseaseOrPhenotypicFeature,D000647,train
4129,24309294,morphine,ChemicalEntity,D009020,Positive_Correlation,memory impairment,DiseaseOrPhenotypicFeature,D008569,train
4130,24309294,morphine,ChemicalEntity,D009020,Association,CCK2 receptor,GeneOrGeneProduct,25706,train
4131,24309294,Cholecystokinin-octapeptide,ChemicalEntity,D012844,Negative_Correlation,amnesia,DiseaseOrPhenotypicFeature,D000647,train
4132,24309294,Cholecystokinin-octapeptide,ChemicalEntity,D012844,Negative_Correlation,memory impairment,DiseaseOrPhenotypicFeature,D008569,train
4133,24309294,Cholecystokinin-octapeptide,ChemicalEntity,D012844,Negative_Correlation,morphine,ChemicalEntity,D009020,train
4134,24309294,Cholecystokinin-octapeptide,ChemicalEntity,D012844,Association,CCK2 receptor,GeneOrGeneProduct,25706,train
4135,24309294,"L-365,260",ChemicalEntity,C058121,Negative_Correlation,Cholecystokinin-octapeptide,ChemicalEntity,D012844,train
4136,24309294,CCK2 receptor,GeneOrGeneProduct,25706,Negative_Correlation,"L-365,260",ChemicalEntity,C058121,train
4137,24341598,acute renal failure,DiseaseOrPhenotypicFeature,D058186,Positive_Correlation,contrast,ChemicalEntity,D003287,train
4138,24341598,sodium bicarbonate,ChemicalEntity,D017693,Negative_Correlation,nephropathy,DiseaseOrPhenotypicFeature,D007674,train
4139,24341598,sodium bicarbonate,ChemicalEntity,D017693,Comparison,diltiazem,ChemicalEntity,D004110,train
4140,24341598,contrast,ChemicalEntity,D003287,Positive_Correlation,nephropathy,DiseaseOrPhenotypicFeature,D007674,train
4141,24341598,diltiazem,ChemicalEntity,D004110,Negative_Correlation,calcium,ChemicalEntity,D002118,train
4142,24341598,diltiazem,ChemicalEntity,D004110,Negative_Correlation,nephropathy,DiseaseOrPhenotypicFeature,D007674,train
4143,24341598,diltiazem,ChemicalEntity,D004110,Negative_Correlation,contrast,ChemicalEntity,D003287,train
4144,24535067,midazolam,ChemicalEntity,D008874,Negative_Correlation,myoclonus,DiseaseOrPhenotypicFeature,D009207,train
4145,24535067,midazolam,ChemicalEntity,D008874,Negative_Correlation,etomidate,ChemicalEntity,D005045,train
4146,24535067,Fentanyl,ChemicalEntity,D005283,Comparison,midazolam,ChemicalEntity,D008874,train
4147,24535067,Fentanyl,ChemicalEntity,D005283,Negative_Correlation,myoclonus,DiseaseOrPhenotypicFeature,D009207,train
4148,24535067,Fentanyl,ChemicalEntity,D005283,Negative_Correlation,etomidate,ChemicalEntity,D005045,train
4149,24535067,pain,DiseaseOrPhenotypicFeature,D010146,Positive_Correlation,etomidate,ChemicalEntity,D005045,train
4150,24535067,Myoclonic movements,DiseaseOrPhenotypicFeature,D009069,Positive_Correlation,etomidate,ChemicalEntity,D005045,train
4151,24535067,etomidate,ChemicalEntity,D005045,Positive_Correlation,myoclonus,DiseaseOrPhenotypicFeature,D009207,train
4152,24902786,letrozole,ChemicalEntity,C067431,Positive_Correlation,memory impairment,DiseaseOrPhenotypicFeature,D008569,train
4153,24902786,aromatase,GeneOrGeneProduct,25147,Negative_Correlation,letrozole,ChemicalEntity,C067431,train
4154,24902786,tamoxifen,ChemicalEntity,D013629,Positive_Correlation,memory impairment,DiseaseOrPhenotypicFeature,D008569,train
4155,24902786,estrogen receptor,GeneOrGeneProduct,2099,Negative_Correlation,tamoxifen,ChemicalEntity,D013629,train
4156,24902786,flutamide,ChemicalEntity,D005485,Positive_Correlation,memory impairment,DiseaseOrPhenotypicFeature,D008569,train
4157,24902786,androgen receptor,GeneOrGeneProduct,367,Negative_Correlation,flutamide,ChemicalEntity,D005485,train
4158,24902786,streptozotocin,ChemicalEntity,D013311,Negative_Correlation,STL2,GeneOrGeneProduct,369140,train
4159,24902786,streptozotocin,ChemicalEntity,D013311,Negative_Correlation,STL1,GeneOrGeneProduct,369068,train
4160,24902786,streptozotocin,ChemicalEntity,D013311,Positive_Correlation,memory impairment,DiseaseOrPhenotypicFeature,D008569,train
4161,24902786,Testosterone,ChemicalEntity,D013739,Association,STL2,GeneOrGeneProduct,369140,train
4162,24902786,Testosterone,ChemicalEntity,D013739,Association,STL1,GeneOrGeneProduct,369068,train
4163,24902786,Testosterone,ChemicalEntity,D013739,Negative_Correlation,memory impairment,DiseaseOrPhenotypicFeature,D008569,train
4164,24902786,Testosterone,ChemicalEntity,D013739,Negative_Correlation,streptozotocin,ChemicalEntity,D013311,train
4165,24927617,pegylated interferon,ChemicalEntity,C417083,Negative_Correlation,hepatitis C virus infected,DiseaseOrPhenotypicFeature,D006526,train
4166,24927617,pegylated interferon,ChemicalEntity,C417083,Cotreatment,telaprevir,ChemicalEntity,C486464,train
4167,24927617,ribavirin,ChemicalEntity,D012254,Cotreatment,pegylated interferon,ChemicalEntity,C417083,train
4168,24927617,ribavirin,ChemicalEntity,D012254,Negative_Correlation,hepatitis C virus infected,DiseaseOrPhenotypicFeature,D006526,train
4169,24927617,ribavirin,ChemicalEntity,D012254,Cotreatment,telaprevir,ChemicalEntity,C486464,train
4170,24927617,CYP3A4,GeneOrGeneProduct,1576,Association,simvastatin,ChemicalEntity,D019821,train
4171,24927617,simvastatin,ChemicalEntity,D019821,Positive_Correlation,muscle toxicity,DiseaseOrPhenotypicFeature,D009135,train
4172,24927617,simvastatin,ChemicalEntity,D019821,Drug_Interaction,antiviral drugs,ChemicalEntity,D000998,train
4173,24927617,simvastatin,ChemicalEntity,D019821,Negative_Correlation,hepatitis C virus infected,DiseaseOrPhenotypicFeature,D006526,train
4174,24927617,simvastatin,ChemicalEntity,D019821,Positive_Correlation,Rhabdomyolysis,DiseaseOrPhenotypicFeature,D012206,train
4175,24927617,telaprevir,ChemicalEntity,C486464,Negative_Correlation,hepatitis C virus infected,DiseaseOrPhenotypicFeature,D006526,train
4176,24927617,telaprevir,ChemicalEntity,C486464,Drug_Interaction,simvastatin,ChemicalEntity,D019821,train
4177,24927617,telaprevir,ChemicalEntity,C486464,Positive_Correlation,Rhabdomyolysis,DiseaseOrPhenotypicFeature,D012206,train
