pmid,entity_1,entity_1_type,entity_1_identifier,relation,entity_2,entity_2_type,entity_2_identifier,split
10491763,Hepatocyte nuclear factor-6,GeneOrGeneProduct,3175,Association,type II diabetes,DiseaseOrPhenotypicFeature,D003924,train
10491763,glucose,ChemicalEntity,D005947,Positive_Correlation,insulin,GeneOrGeneProduct,3630,train
10491763,glucose,ChemicalEntity,D005947,Association,type II diabetes,DiseaseOrPhenotypicFeature,D003924,train
10661407,Langerin,GeneOrGeneProduct,50489,Bind,mannose,ChemicalEntity,D008358,train
10788334,breast or ovarian cancer,DiseaseOrPhenotypicFeature,D001943,Positive_Correlation,5382insC,SequenceVariant,c|INS|5382|C,train
10788334,breast or ovarian cancer,DiseaseOrPhenotypicFeature,D001943,Positive_Correlation,4153delA,SequenceVariant,c|DEL|4153|A,train
10788334,breast or ovarian cancer,DiseaseOrPhenotypicFeature,D001943,Positive_Correlation,C61G,SequenceVariant,rs28897672,train
10788334,breast or ovarian cancer,DiseaseOrPhenotypicFeature,D010051,Positive_Correlation,5382insC,SequenceVariant,c|INS|5382|C,train
10788334,breast or ovarian cancer,DiseaseOrPhenotypicFeature,D010051,Positive_Correlation,4153delA,SequenceVariant,c|DEL|4153|A,train
10788334,breast or ovarian cancer,DiseaseOrPhenotypicFeature,D010051,Positive_Correlation,C61G,SequenceVariant,rs28897672,train
10788334,5382insC,SequenceVariant,c|INS|5382|C,Positive_Correlation,breast-ovarian cancer,DiseaseOrPhenotypicFeature,D061325,train
10788334,4153delA,SequenceVariant,c|DEL|4153|A,Positive_Correlation,breast-ovarian cancer,DiseaseOrPhenotypicFeature,D061325,train
10788334,C61G,SequenceVariant,rs28897672,Positive_Correlation,breast-ovarian cancer,DiseaseOrPhenotypicFeature,D061325,train
10788334,BRCA1 abnormalities,DiseaseOrPhenotypicFeature,OMIM:604370,Positive_Correlation,5382insC,SequenceVariant,c|INS|5382|C,train
10788334,BRCA1 abnormalities,DiseaseOrPhenotypicFeature,OMIM:604370,Positive_Correlation,4153delA,SequenceVariant,c|DEL|4153|A,train
10788334,BRCA1 abnormalities,DiseaseOrPhenotypicFeature,OMIM:604370,Positive_Correlation,C61G,SequenceVariant,rs28897672,train
10788334,BRCA1,GeneOrGeneProduct,672,Association,breast or ovarian cancer,DiseaseOrPhenotypicFeature,D001943,train
10788334,BRCA1,GeneOrGeneProduct,672,Association,breast or ovarian cancer,DiseaseOrPhenotypicFeature,D010051,train
10788334,BRCA1,GeneOrGeneProduct,672,Association,BRCA1 abnormalities,DiseaseOrPhenotypicFeature,OMIM:604370,train
10788334,BRCA1,GeneOrGeneProduct,672,Association,breast-ovarian cancer,DiseaseOrPhenotypicFeature,D061325,train
11009181,levodopa,ChemicalEntity,D007980,Positive_Correlation,dyskinesias,DiseaseOrPhenotypicFeature,D004409,train
11009181,Apomorphine,ChemicalEntity,D001058,Negative_Correlation,levodopa,ChemicalEntity,D007980,train
11009181,Apomorphine,ChemicalEntity,D001058,Negative_Correlation,dyskinesias,DiseaseOrPhenotypicFeature,D004409,train
11009181,Apomorphine,ChemicalEntity,D001058,Negative_Correlation,Parkinson's disease,DiseaseOrPhenotypicFeature,D010300,train
11054569,uterine sarcoma,DiseaseOrPhenotypicFeature,D014594,Association,Rab6c,GeneOrGeneProduct,84084,train
11054569,Rab6c,GeneOrGeneProduct,84084,Positive_Correlation,vincristine,ChemicalEntity,D014750,train
11054569,Rab6c,GeneOrGeneProduct,84084,Positive_Correlation,vinblastine,ChemicalEntity,D014747,train
11054569,Rab6c,GeneOrGeneProduct,84084,Positive_Correlation,taxol,ChemicalEntity,D017239,train
11054569,Rab6c,GeneOrGeneProduct,84084,Positive_Correlation,doxorubicin,ChemicalEntity,D004317,train
11773892,calcineurin,GeneOrGeneProduct,5530,Negative_Correlation,tacrolimus,ChemicalEntity,D016559,train
11773892,calcineurin,GeneOrGeneProduct,5530,Negative_Correlation,cyclosporine,ChemicalEntity,D016572,train
11773892,hepatorenal syndrome,DiseaseOrPhenotypicFeature,D006530,Positive_Correlation,creatinine,ChemicalEntity,D003404,train
11773892,tacrolimus,ChemicalEntity,D016559,Positive_Correlation,nephrotoxic,DiseaseOrPhenotypicFeature,D007674,train
11773892,End-stage renal disease,DiseaseOrPhenotypicFeature,D007676,Positive_Correlation,creatinine,ChemicalEntity,D003404,train
11773892,cyclosporine,ChemicalEntity,D016572,Positive_Correlation,nephrotoxic,DiseaseOrPhenotypicFeature,D007674,train
12442272,SOD1,GeneOrGeneProduct,6647,Association,amyotrophic lateral sclerosis,DiseaseOrPhenotypicFeature,D000690,train
12442272,D90A,SequenceVariant,rs80265967,Negative_Correlation,amyotrophic lateral sclerosis,DiseaseOrPhenotypicFeature,D000690,train
1353340,arylsulfatase A,GeneOrGeneProduct,410,Association,metachromatic leukodystrophy,DiseaseOrPhenotypicFeature,D007966,train
1353340,arginine84,SequenceVariant,rs74315458,Positive_Correlation,metachromatic leukodystrophy,DiseaseOrPhenotypicFeature,D007966,train
14722929,GJB2,GeneOrGeneProduct,2706,Association,non-syndromic autosomal recessive deafness,DiseaseOrPhenotypicFeature,C567134,train
15099351,N157K,SequenceVariant,rs143117125,Positive_Correlation,autosomal dominant hypercholesterolemia,DiseaseOrPhenotypicFeature,D006938,train
15099351,autosomal dominant hypercholesterolemia,DiseaseOrPhenotypicFeature,D006938,Association,PCSK9,GeneOrGeneProduct,255738,train
15099351,PCSK9,GeneOrGeneProduct,255738,Association,cholesterol,ChemicalEntity,D002784,train
15099351,PCSK9,GeneOrGeneProduct,255738,Association,hypercholesterolemia,DiseaseOrPhenotypicFeature,D006937,train
15099351,D374Y,SequenceVariant,rs137852912,Positive_Correlation,autosomal dominant hypercholesterolemia,DiseaseOrPhenotypicFeature,D006938,train
15099351,hypercholesterolemia,DiseaseOrPhenotypicFeature,D006937,Association,D374Y,SequenceVariant,rs137852912,train
15122708,alpha-B crystallin,GeneOrGeneProduct,1410,Association,Desmin-related myopathy,DiseaseOrPhenotypicFeature,C563319,train
15122708,desmin,GeneOrGeneProduct,1674,Association,Desmin-related myopathy,DiseaseOrPhenotypicFeature,C563319,train
15122708,selenoprotein N,GeneOrGeneProduct,57190,Association,multiminicore disease,DiseaseOrPhenotypicFeature,C564969,train
15122708,selenoprotein N,GeneOrGeneProduct,57190,Association,rigid spine muscular dystrophy,DiseaseOrPhenotypicFeature,C535683,train
15122708,selenoprotein N,GeneOrGeneProduct,57190,Association,muscle disorders,DiseaseOrPhenotypicFeature,D009135,train
15122708,Desmin-related myopathy,DiseaseOrPhenotypicFeature,C563319,Positive_Correlation,del 92 nucleotide -19/+73,SequenceVariant,c|DEL|-19_+73|92,train
15122708,Desmin-related myopathy,DiseaseOrPhenotypicFeature,C563319,Association,selenoprotein N,GeneOrGeneProduct,57190,train
15177686,HIRA,GeneOrGeneProduct,7290,Association,DiGeorge and Velocardiofacial syndromes,DiseaseOrPhenotypicFeature,D004062,train
15188772,Catecholamine,ChemicalEntity,D002395,Positive_Correlation,cardiomyopathy,DiseaseOrPhenotypicFeature,D009202,train
15188772,cardiomyopathy,DiseaseOrPhenotypicFeature,D009202,Positive_Correlation,epinephrine,ChemicalEntity,D004837,train
15188772,epinephrine,ChemicalEntity,D004837,Positive_Correlation,myocardial stunning,DiseaseOrPhenotypicFeature,D017682,train
15188772,left ventricular systolic and diastolic dysfunction,DiseaseOrPhenotypicFeature,D018487,Positive_Correlation,epinephrine,ChemicalEntity,D004837,train
15266215,thrombotic,DiseaseOrPhenotypicFeature,D013927,Positive_Correlation,aspirin,ChemicalEntity,D001241,train
15266215,valdecoxib,ChemicalEntity,C406224,Negative_Correlation,rheumatoid arthritis,DiseaseOrPhenotypicFeature,D001172,train
15266215,valdecoxib,ChemicalEntity,C406224,Negative_Correlation,osteoarthritis,DiseaseOrPhenotypicFeature,D010003,train
15266215,valdecoxib,ChemicalEntity,C406224,Comparison,nonsteroidal antiinflammatory agents,ChemicalEntity,D000894,train
15266215,valdecoxib,ChemicalEntity,C406224,Negative_Correlation,arthritis,DiseaseOrPhenotypicFeature,D001168,train
15266215,cyclooxygenase-2,GeneOrGeneProduct,5743,Negative_Correlation,valdecoxib,ChemicalEntity,C406224,train
16005363,nine nucleotide insertion,SequenceVariant,c|INS||9,Positive_Correlation,Wolfram syndrome,DiseaseOrPhenotypicFeature,D014929,train
16005363,WFS1,GeneOrGeneProduct,7466,Association,Wolfram syndrome,DiseaseOrPhenotypicFeature,D014929,train
16005363,AFF344-345ins,SequenceVariant,p|INS|344_345|AFF,Positive_Correlation,Wolfram syndrome,DiseaseOrPhenotypicFeature,D014929,train
16200390,5-hydroxytryptamine,ChemicalEntity,D012701,Positive_Correlation,migraine,DiseaseOrPhenotypicFeature,D008881,train
16369751,S-1,ChemicalEntity,C079198,Comparison,5-Fluorouracil,ChemicalEntity,D005472,train
16369751,cardiac symptoms,DiseaseOrPhenotypicFeature,D006331,Negative_Correlation,S-1,ChemicalEntity,C079198,train
16369751,cardiotoxicity,DiseaseOrPhenotypicFeature,D066126,Negative_Correlation,S-1,ChemicalEntity,C079198,train
16369751,cardiotoxicity,DiseaseOrPhenotypicFeature,D066126,Positive_Correlation,alpha-fluoro-beta-alanine,ChemicalEntity,C032348,train
16369751,precordial pain,DiseaseOrPhenotypicFeature,D002637,Positive_Correlation,alpha-fluoro-beta-alanine,ChemicalEntity,C032348,train
16369751,precordial pain,DiseaseOrPhenotypicFeature,D002637,Positive_Correlation,5-Fluorouracil,ChemicalEntity,D005472,train
16369751,alpha-fluoro-beta-alanine,ChemicalEntity,C032348,Negative_Correlation,S-1,ChemicalEntity,C079198,train
16369751,right bundle branch block,DiseaseOrPhenotypicFeature,D002037,Positive_Correlation,alpha-fluoro-beta-alanine,ChemicalEntity,C032348,train
16369751,5-Fluorouracil,ChemicalEntity,D005472,Negative_Correlation,malignancies,DiseaseOrPhenotypicFeature,D009369,train
16369751,5-Fluorouracil,ChemicalEntity,D005472,Positive_Correlation,cardiotoxicity,DiseaseOrPhenotypicFeature,D066126,train
16369751,5-Fluorouracil,ChemicalEntity,D005472,Positive_Correlation,alpha-fluoro-beta-alanine,ChemicalEntity,C032348,train
16369751,5-Fluorouracil,ChemicalEntity,D005472,Positive_Correlation,right bundle branch block,DiseaseOrPhenotypicFeature,D002037,train
16596970,Pilocarpine,ChemicalEntity,D010862,Positive_Correlation,status epilepticus,DiseaseOrPhenotypicFeature,D013226,train
16596970,Pilocarpine,ChemicalEntity,D010862,Positive_Correlation,impairment in auditory location discrimination,DiseaseOrPhenotypicFeature,D001308,train
16596970,Pilocarpine,ChemicalEntity,D010862,Positive_Correlation,seizures,DiseaseOrPhenotypicFeature,D012640,train
17000021,PTPN22,GeneOrGeneProduct,26191,Association,autoimmune diseases,DiseaseOrPhenotypicFeature,D001327,train
17000021,PTPN22,GeneOrGeneProduct,26191,Association,type 1 diabetes,DiseaseOrPhenotypicFeature,D003922,train
17000021,PTPN22,GeneOrGeneProduct,26191,Association,juvenile idiopathic arthritis,DiseaseOrPhenotypicFeature,D001171,train
17000021,+1858C>T,SequenceVariant,rs2476601,Positive_Correlation,autoimmune diseases,DiseaseOrPhenotypicFeature,D001327,train
17000021,+1858C>T,SequenceVariant,rs2476601,Positive_Correlation,type 1 diabetes,DiseaseOrPhenotypicFeature,D003922,train
17000021,+1858C>T,SequenceVariant,rs2476601,Positive_Correlation,juvenile idiopathic arthritis,DiseaseOrPhenotypicFeature,D001171,train
17000021,-1123 G>C,SequenceVariant,rs2488457,Association,+2740 A>G,SequenceVariant,rs1217412,train
17006606,-511C/T,SequenceVariant,rs1143634,Association,C-to-T substitution at -31,SequenceVariant,rs1143627,train
17006606,nuclear factor of kappa B,GeneOrGeneProduct,4790,Association,cancer,DiseaseOrPhenotypicFeature,D009369,train
17006606,IL1B,GeneOrGeneProduct,3553,Association,cancer,DiseaseOrPhenotypicFeature,D009369,train
17006606,IL1B,GeneOrGeneProduct,3553,Association,nuclear factor of kappa B,GeneOrGeneProduct,4790,train
17006606,IL1B,GeneOrGeneProduct,3553,Association,gastric adenocarcinoma,DiseaseOrPhenotypicFeature,D013274,train
17006606,gastric adenocarcinoma,DiseaseOrPhenotypicFeature,D013274,Positive_Correlation,-511C/T,SequenceVariant,rs1143634,train
17006606,C-to-T substitution at -31,SequenceVariant,rs1143627,Positive_Correlation,gastric adenocarcinoma,DiseaseOrPhenotypicFeature,D013274,train
17035713,cisplatin,ChemicalEntity,D002945,Negative_Correlation,Chloroacetaldehyde,ChemicalEntity,C004656,train
17035713,cysteine proteases,GeneOrGeneProduct,841,Positive_Correlation,cisplatin,ChemicalEntity,D002945,train
17035713,caspase-3,GeneOrGeneProduct,836,Positive_Correlation,cisplatin,ChemicalEntity,D002945,train
17035713,Chloroacetaldehyde,ChemicalEntity,C004656,Negative_Correlation,cysteine proteases,GeneOrGeneProduct,1508,train
17035713,Chloroacetaldehyde,ChemicalEntity,C004656,Negative_Correlation,cysteine proteases,GeneOrGeneProduct,841,train
17035713,Chloroacetaldehyde,ChemicalEntity,C004656,Negative_Correlation,caspase-3,GeneOrGeneProduct,836,train
17035713,Chloroacetaldehyde,ChemicalEntity,C004656,Positive_Correlation,necrosis,DiseaseOrPhenotypicFeature,D009336,train
17035713,Chloroacetaldehyde,ChemicalEntity,C004656,Negative_Correlation,thiol,ChemicalEntity,D013438,train
17035713,Chloroacetaldehyde,ChemicalEntity,C004656,Positive_Correlation,nephropathy,DiseaseOrPhenotypicFeature,D007674,train
17035713,nephropathy,DiseaseOrPhenotypicFeature,D007674,Positive_Correlation,ifosfamide,ChemicalEntity,D007069,train
17035713,tumor,DiseaseOrPhenotypicFeature,D009369,Negative_Correlation,ifosfamide,ChemicalEntity,D007069,train
1711760,phenylephrine,ChemicalEntity,D010656,Positive_Correlation,hypertension,DiseaseOrPhenotypicFeature,D006973,train
17391797,phosphatidylethanolamine N-methyltransferase,GeneOrGeneProduct,10400,Association,NASH,DiseaseOrPhenotypicFeature,D065626,train
17391797,phosphatidylethanolamine,ChemicalEntity,D010714,Conversion,phosphatidylcholine,ChemicalEntity,D010713,train
17391797,V175M,SequenceVariant,rs7946,Association,phosphatidylcholine,ChemicalEntity,D010713,train
17391797,V175M,SequenceVariant,rs7946,Association,phosphatidylethanolamine,ChemicalEntity,D010714,train
17391797,V175M,SequenceVariant,rs7946,Positive_Correlation,NASH,DiseaseOrPhenotypicFeature,D065626,train
17495183,rs1155974,SequenceVariant,rs1155974,Association,obesity,DiseaseOrPhenotypicFeature,D009765,train
17495183,rs2073162,SequenceVariant,rs2073162,Positive_Correlation,type 2 diabetes,DiseaseOrPhenotypicFeature,D003924,train
17495183,rs2073162,SequenceVariant,rs2073162,Association,obesity,DiseaseOrPhenotypicFeature,D009765,train
17495183,rs1155794,SequenceVariant,rs1155794,Positive_Correlation,type 2 diabetes,DiseaseOrPhenotypicFeature,D003924,train
17495183,type 2 diabetes,DiseaseOrPhenotypicFeature,D003924,Positive_Correlation,rs1155974,SequenceVariant,rs1155974,train
17495183,type 2 diabetes,DiseaseOrPhenotypicFeature,D003924,Positive_Correlation,glucose,ChemicalEntity,D005947,train
17495183,rs2073163,SequenceVariant,rs2073163,Positive_Correlation,type 2 diabetes,DiseaseOrPhenotypicFeature,D003924,train
17495183,rs2073163,SequenceVariant,rs2073163,Association,obesity,DiseaseOrPhenotypicFeature,D009765,train
17495183,glucose,ChemicalEntity,D005947,Association,rs1155794,SequenceVariant,rs1155794,train
17495183,glucose,ChemicalEntity,D005947,Association,rs2073163,SequenceVariant,rs2073163,train
17495183,obesity,DiseaseOrPhenotypicFeature,D009765,Association,rs11798018,SequenceVariant,rs11798018,train
17495183,obesity,DiseaseOrPhenotypicFeature,D009765,Association,rs4828037,SequenceVariant,rs4828037,train
17495183,obesity,DiseaseOrPhenotypicFeature,D009765,Association,rs5966709,SequenceVariant,rs5966709,train
17495183,Tenomodulin,GeneOrGeneProduct,64102,Association,type 2 diabetes,DiseaseOrPhenotypicFeature,D003924,train
17495183,Tenomodulin,GeneOrGeneProduct,64102,Association,glucose,ChemicalEntity,D005947,train
17495183,Tenomodulin,GeneOrGeneProduct,64102,Association,diabetes,DiseaseOrPhenotypicFeature,D003920,train
17495183,Tenomodulin,GeneOrGeneProduct,64102,Association,obesity,DiseaseOrPhenotypicFeature,D009765,train
17595233,innate immune receptor,GeneOrGeneProduct,7097,Association,inflammatory bowel disease,DiseaseOrPhenotypicFeature,D015212,train
17595233,innate immune receptor,GeneOrGeneProduct,7099,Association,inflammatory bowel disease,DiseaseOrPhenotypicFeature,D015212,train
17595233,P631H,SequenceVariant,p|SUB|P|631|H,Negative_Correlation,inflammatory bowel disease,DiseaseOrPhenotypicFeature,D015212,train
17595233,D299G,SequenceVariant,rs4986790,Negative_Correlation,inflammatory bowel disease,DiseaseOrPhenotypicFeature,D015212,train
17595233,innate immune receptor,GeneOrGeneProduct,64127,Association,inflammatory bowel disease,DiseaseOrPhenotypicFeature,D015212,train
17595233,Crohn's disease,DiseaseOrPhenotypicFeature,D003424,Association,innate immune receptor,GeneOrGeneProduct,64127,train
17595233,Crohn's disease,DiseaseOrPhenotypicFeature,D003424,Association,innate immune receptor,GeneOrGeneProduct,10392,train
17683901,FGFR3,GeneOrGeneProduct,2261,Association,achondroplasia,DiseaseOrPhenotypicFeature,D000130,train
17683901,G380R,SequenceVariant,rs28931614,Positive_Correlation,achondroplasia,DiseaseOrPhenotypicFeature,D000130,train
18166824,DMC1,GeneOrGeneProduct,11144,Association,infertility,DiseaseOrPhenotypicFeature,D007247,train
18166824,DMC1,GeneOrGeneProduct,11144,Association,premature ovarian failure,DiseaseOrPhenotypicFeature,D016649,train
18166824,MSH5,GeneOrGeneProduct,4439,Association,premature ovarian failure,DiseaseOrPhenotypicFeature,D016649,train
18166824,infertility,DiseaseOrPhenotypicFeature,D007247,Association,MSH5,GeneOrGeneProduct,4439,train
18166824,infertility,DiseaseOrPhenotypicFeature,D007247,Association,M200V,SequenceVariant,rs2227914,train
18166824,infertility,DiseaseOrPhenotypicFeature,D007247,Association,cytosine residue with thymidine,SequenceVariant,rs2075789,train
18166824,M200V,SequenceVariant,rs2227914,Association,premature ovarian failure,DiseaseOrPhenotypicFeature,D016649,train
18166824,premature ovarian failure,DiseaseOrPhenotypicFeature,D016649,Association,cytosine residue with thymidine,SequenceVariant,rs2075789,train
18408250,IRF5,GeneOrGeneProduct,3663,Association,systemic lupus erythaematosus,DiseaseOrPhenotypicFeature,D008180,train
18408250,IRF5,GeneOrGeneProduct,3663,Association,rheumatoid arthritis,DiseaseOrPhenotypicFeature,D001172,train
18408250,rs729302,SequenceVariant,rs729302,Positive_Correlation,rheumatoid arthritis,DiseaseOrPhenotypicFeature,D001172,train
18439317,"guanine insertion/deletion (G/D), the -1607 promoter polymorphism",SequenceVariant,c|DEL|-1607|G,Positive_Correlation,lumbar disc disease,DiseaseOrPhenotypicFeature,C535531,train
18439317,DDD,DiseaseOrPhenotypicFeature,D055959,Association,"guanine insertion/deletion (G/D), the -1607 promoter polymorphism",SequenceVariant,c|DEL|-1607|G,train
18439317,D allele for the -1607,SequenceVariant,c|Allele|D|-1607,Positive_Correlation,DDD,DiseaseOrPhenotypicFeature,D055959,train
18439317,MMP1,GeneOrGeneProduct,4312,Association,DDD,DiseaseOrPhenotypicFeature,D055959,train
18439317,lumbar disc disease,DiseaseOrPhenotypicFeature,C535531,Association,MMP1,GeneOrGeneProduct,4312,train
18657397,epileptiform activity,DiseaseOrPhenotypicFeature,D004827,Positive_Correlation,penicillin-G potassium,ChemicalEntity,D010400,train
18657397,penicillin,ChemicalEntity,D010406,Positive_Correlation,epileptiform activity,DiseaseOrPhenotypicFeature,D004827,train
18681856,ventriculomegaly,DiseaseOrPhenotypicFeature,D006849,Positive_Correlation,p.M453T,SequenceVariant,rs121908864,train
18681856,hyperthyroidism,DiseaseOrPhenotypicFeature,D006980,Positive_Correlation,p.M453T,SequenceVariant,rs121908864,train
18681856,thyrotropin receptor,GeneOrGeneProduct,7253,Association,ventriculomegaly,DiseaseOrPhenotypicFeature,D006849,train
18681856,thyrotropin receptor,GeneOrGeneProduct,7253,Association,hyperthyroidism,DiseaseOrPhenotypicFeature,D006980,train
18681856,non-autoimmune hyperthyroidism,DiseaseOrPhenotypicFeature,C563786,Association,thyrotropin receptor,GeneOrGeneProduct,7253,train
18681856,non-autoimmune hyperthyroidism,DiseaseOrPhenotypicFeature,C563786,Positive_Correlation,p.M453T,SequenceVariant,rs121908864,train
19067809,angiotensin II receptor type 1,GeneOrGeneProduct,185,Association,vasovagal syncope,DiseaseOrPhenotypicFeature,D019462,train
19067809,angiotensin II receptor type 1,GeneOrGeneProduct,185,Association,hypotension,DiseaseOrPhenotypicFeature,D007022,train
19067809,syncope,DiseaseOrPhenotypicFeature,D013575,Association,angiotensin II receptor type 1,GeneOrGeneProduct,185,train
19067809,syncope,DiseaseOrPhenotypicFeature,D013575,Association,A 11666C,SequenceVariant,rs5186,train
19067809,A 11666C,SequenceVariant,rs5186,Positive_Correlation,vasovagal syncope,DiseaseOrPhenotypicFeature,D019462,train
19067809,A 11666C,SequenceVariant,rs5186,Association,hypotension,DiseaseOrPhenotypicFeature,D007022,train
19508969,Joubert syndrome (JBTS) type 6,DiseaseOrPhenotypicFeature,C537689,Positive_Correlation,p.G821S,SequenceVariant,rs267607116,train
19508969,Joubert syndrome (JBTS) type 6,DiseaseOrPhenotypicFeature,C537689,Positive_Correlation,p.C615R,SequenceVariant,rs201893408,train
19508969,Joubert syndrome (JBTS) type 6,DiseaseOrPhenotypicFeature,C537689,Positive_Correlation,p.W290L,SequenceVariant,rs267607117,train
19508969,Meckel-Gruber syndrome (MKS) type 3,DiseaseOrPhenotypicFeature,C536132,Positive_Correlation,p.G821S,SequenceVariant,rs267607116,train
19508969,Meckel-Gruber syndrome (MKS) type 3,DiseaseOrPhenotypicFeature,C536132,Positive_Correlation,p.C615R,SequenceVariant,rs201893408,train
19508969,Meckel-Gruber syndrome (MKS) type 3,DiseaseOrPhenotypicFeature,C536132,Positive_Correlation,p.W290L,SequenceVariant,rs267607117,train
19508969,p.G821S,SequenceVariant,rs267607116,Positive_Correlation,Nephronophthisis,DiseaseOrPhenotypicFeature,C537699,train
19508969,p.G821S,SequenceVariant,rs267607116,Positive_Correlation,MKS,DiseaseOrPhenotypicFeature,C536133,train
19508969,p.G821S,SequenceVariant,rs267607116,Positive_Correlation,Joubert syndrome,DiseaseOrPhenotypicFeature,C536293,train
19508969,p.G821S,SequenceVariant,rs267607116,Positive_Correlation,liver fibrosis,DiseaseOrPhenotypicFeature,D008103,train
19508969,p.C615R,SequenceVariant,rs201893408,Positive_Correlation,Nephronophthisis,DiseaseOrPhenotypicFeature,C537699,train
19508969,p.C615R,SequenceVariant,rs201893408,Positive_Correlation,MKS,DiseaseOrPhenotypicFeature,C536133,train
19508969,p.C615R,SequenceVariant,rs201893408,Positive_Correlation,Joubert syndrome,DiseaseOrPhenotypicFeature,C536293,train
19508969,p.C615R,SequenceVariant,rs201893408,Positive_Correlation,liver fibrosis,DiseaseOrPhenotypicFeature,D008103,train
19508969,p.W290L,SequenceVariant,rs267607117,Positive_Correlation,Nephronophthisis,DiseaseOrPhenotypicFeature,C537699,train
19508969,p.W290L,SequenceVariant,rs267607117,Positive_Correlation,MKS,DiseaseOrPhenotypicFeature,C536133,train
19508969,p.W290L,SequenceVariant,rs267607117,Positive_Correlation,Joubert syndrome,DiseaseOrPhenotypicFeature,C536293,train
19508969,p.W290L,SequenceVariant,rs267607117,Positive_Correlation,liver fibrosis,DiseaseOrPhenotypicFeature,D008103,train
19508969,nephronophthisis with liver fibrosis,DiseaseOrPhenotypicFeature,OMIM:613550,Positive_Correlation,p.G821S,SequenceVariant,rs267607116,train
19508969,nephronophthisis with liver fibrosis,DiseaseOrPhenotypicFeature,OMIM:613550,Positive_Correlation,p.C615R,SequenceVariant,rs201893408,train
19508969,nephronophthisis with liver fibrosis,DiseaseOrPhenotypicFeature,OMIM:613550,Positive_Correlation,p.W290L,SequenceVariant,rs267607117,train
19508969,meckelin,GeneOrGeneProduct,91147,Association,Joubert syndrome (JBTS) type 6,DiseaseOrPhenotypicFeature,C537689,train
19508969,meckelin,GeneOrGeneProduct,91147,Association,Meckel-Gruber syndrome (MKS) type 3,DiseaseOrPhenotypicFeature,C536132,train
19508969,meckelin,GeneOrGeneProduct,91147,Association,Nephronophthisis,DiseaseOrPhenotypicFeature,C537699,train
19508969,meckelin,GeneOrGeneProduct,91147,Association,MKS,DiseaseOrPhenotypicFeature,C536133,train
19508969,meckelin,GeneOrGeneProduct,91147,Association,Joubert syndrome,DiseaseOrPhenotypicFeature,C536293,train
19508969,meckelin,GeneOrGeneProduct,91147,Association,liver fibrosis,DiseaseOrPhenotypicFeature,D008103,train
19508969,meckelin,GeneOrGeneProduct,91147,Association,nephronophthisis with liver fibrosis,DiseaseOrPhenotypicFeature,OMIM:613550,train
19521089,Parkinson's disease,DiseaseOrPhenotypicFeature,D010300,Positive_Correlation,insertion/deletion (long allele-L/short allele-S) of 43 bp,SequenceVariant,c|INDEL||43,train
19521089,Serotonin transporter,GeneOrGeneProduct,6532,Association,Parkinson's disease,DiseaseOrPhenotypicFeature,D010300,train
19728177,acetaminophen,ChemicalEntity,D000082,Positive_Correlation,depressed,DiseaseOrPhenotypicFeature,D003866,train
19728177,acetaminophen,ChemicalEntity,D000082,Positive_Correlation,fulminant hepatic failure,DiseaseOrPhenotypicFeature,D017114,train
19728177,acetaminophen,ChemicalEntity,D000082,Positive_Correlation,cerebral edema,DiseaseOrPhenotypicFeature,D001929,train
19881468,squamous- and small-cell lung cancers,DiseaseOrPhenotypicFeature,D055752,Association,Ser326Cys,SequenceVariant,rs1052133,train
19881468,squamous- and small-cell lung cancers,DiseaseOrPhenotypicFeature,D002289,Association,Ser326Cys,SequenceVariant,rs1052133,train
19881468,adenocarcinoma,DiseaseOrPhenotypicFeature,D000230,Positive_Correlation,Ser326Cys,SequenceVariant,rs1052133,train
19881468,small-cell carcinoma,DiseaseOrPhenotypicFeature,D018288,Positive_Correlation,Ser326Cys,SequenceVariant,rs1052133,train
19881468,8-hydroxyguanine,ChemicalEntity,C024829,Association,hOGG1,GeneOrGeneProduct,4968,train
19881468,adenocarcinoma of lung,DiseaseOrPhenotypicFeature,D000077192,Positive_Correlation,Ser326Cys,SequenceVariant,rs1052133,train
19881468,hOGG1,GeneOrGeneProduct,4968,Positive_Correlation,squamous- and small-cell lung cancers,DiseaseOrPhenotypicFeature,D055752,train
19881468,hOGG1,GeneOrGeneProduct,4968,Positive_Correlation,squamous- and small-cell lung cancers,DiseaseOrPhenotypicFeature,D002289,train
19881468,hOGG1,GeneOrGeneProduct,4968,Positive_Correlation,adenocarcinoma,DiseaseOrPhenotypicFeature,D000230,train
19881468,hOGG1,GeneOrGeneProduct,4968,Positive_Correlation,small-cell carcinoma,DiseaseOrPhenotypicFeature,D018288,train
19881468,hOGG1,GeneOrGeneProduct,4968,Association,adenocarcinoma of lung,DiseaseOrPhenotypicFeature,D000077192,train
19881468,hOGG1,GeneOrGeneProduct,4968,Association,lung cancer,DiseaseOrPhenotypicFeature,D008175,train
19881468,lung cancer,DiseaseOrPhenotypicFeature,D008175,Positive_Correlation,Ser326Cys,SequenceVariant,rs1052133,train
20005218,Klotho,GeneOrGeneProduct,9365,Association,essential hypertension,DiseaseOrPhenotypicFeature,D000075222,train
20005218,Klotho,GeneOrGeneProduct,16591,Association,arteriosclerosis,DiseaseOrPhenotypicFeature,D001161,train
20005218,Klotho,GeneOrGeneProduct,16591,Association,essential hypertension,DiseaseOrPhenotypicFeature,D000075222,train
20005218,G-395A,SequenceVariant,rs1207568,Positive_Correlation,essential hypertension,DiseaseOrPhenotypicFeature,D000075222,train
20034406,seizures,DiseaseOrPhenotypicFeature,D012640,Association,CCR2,GeneOrGeneProduct,60463,train
20034406,status epilepticus,DiseaseOrPhenotypicFeature,D013226,Positive_Correlation,CCR2,GeneOrGeneProduct,60463,train
20034406,status epilepticus,DiseaseOrPhenotypicFeature,D013226,Positive_Correlation,CCL2,GeneOrGeneProduct,24770,train
20034406,pilocarpine,ChemicalEntity,D010862,Positive_Correlation,status epilepticus,DiseaseOrPhenotypicFeature,D013226,train
20034406,pilocarpine,ChemicalEntity,D010862,Positive_Correlation,CCR2,GeneOrGeneProduct,60463,train
20034406,pilocarpine,ChemicalEntity,D010862,Positive_Correlation,CCL2,GeneOrGeneProduct,24770,train
20034406,CCR2,GeneOrGeneProduct,60463,Association,Neuroinflammation,DiseaseOrPhenotypicFeature,D007249,train
20034406,CCL2,GeneOrGeneProduct,24770,Bind,CCR2,GeneOrGeneProduct,60463,train
20105310,inflammation,DiseaseOrPhenotypicFeature,D007249,Association,MMP2,GeneOrGeneProduct,4313,train
20105310,inflammation,DiseaseOrPhenotypicFeature,D007249,Association,PIG7,GeneOrGeneProduct,9516,train
20105310,inflammation,DiseaseOrPhenotypicFeature,D007249,Association,TIMP4,GeneOrGeneProduct,7079,train
20105310,inflammation,DiseaseOrPhenotypicFeature,D007249,Association,TIMP3,GeneOrGeneProduct,7078,train
20105310,inflammation,DiseaseOrPhenotypicFeature,D007249,Association,TIMP1,GeneOrGeneProduct,7076,train
20105310,inflammation,DiseaseOrPhenotypicFeature,D007249,Association,TGFB1,GeneOrGeneProduct,7040,train
20105310,adipsin,GeneOrGeneProduct,1675,Positive_Correlation,ASP,GeneOrGeneProduct,718,train
20105310,factor B,GeneOrGeneProduct,629,Positive_Correlation,adipsin,GeneOrGeneProduct,1675,train
20105310,factor B,GeneOrGeneProduct,629,Positive_Correlation,ASP,GeneOrGeneProduct,718,train
20105310,ASP,GeneOrGeneProduct,718,Positive_Correlation,Triglyceride,ChemicalEntity,D014280,train
20105310,obese,DiseaseOrPhenotypicFeature,D009765,Association,ASP,GeneOrGeneProduct,718,train
20105310,obese,DiseaseOrPhenotypicFeature,D009765,Association,adipokine,GeneOrGeneProduct,9370,train
20105310,obese,DiseaseOrPhenotypicFeature,D009765,Positive_Correlation,Triglyceride,ChemicalEntity,D014280,train
20105310,lipid,ChemicalEntity,D008055,Association,PPARgamma,GeneOrGeneProduct,5468,train
20105310,lipid,ChemicalEntity,D008055,Association,CEBPbeta,GeneOrGeneProduct,1051,train
20105310,lipid,ChemicalEntity,D008055,Association,CEBPalpha,GeneOrGeneProduct,1050,train
20105310,lipid,ChemicalEntity,D008055,Association,fatty acid binding proteins,GeneOrGeneProduct,2170,train
20105310,lipid,ChemicalEntity,D008055,Association,fatty acid binding proteins,GeneOrGeneProduct,2168,train
20105310,lipid,ChemicalEntity,D008055,Association,perilipin,GeneOrGeneProduct,5346,train
20105310,lipid,ChemicalEntity,D008055,Association,CES1,GeneOrGeneProduct,1066,train
20105310,lipid,ChemicalEntity,D008055,Association,HSL,GeneOrGeneProduct,3991,train
20105310,lipid,ChemicalEntity,D008055,Association,LPL,GeneOrGeneProduct,4023,train
20105310,lipid,ChemicalEntity,D008055,Association,FASN,GeneOrGeneProduct,2194,train
20105310,lipid,ChemicalEntity,D008055,Association,SCD1,GeneOrGeneProduct,6319,train
20105310,lipid,ChemicalEntity,D008055,Association,DGAT2,GeneOrGeneProduct,84649,train
20105310,lipid,ChemicalEntity,D008055,Association,DGAT1,GeneOrGeneProduct,8694,train
20105310,lipid,ChemicalEntity,D008055,Association,CD36,GeneOrGeneProduct,948,train
20105310,C5L2,GeneOrGeneProduct,27202,Bind,ASP,GeneOrGeneProduct,718,train
20105310,C5L2,GeneOrGeneProduct,27202,Positive_Correlation,Triglyceride,ChemicalEntity,D014280,train
20105310,insulin,GeneOrGeneProduct,3630,Association,IRS-1,GeneOrGeneProduct,3667,train
20105310,insulin,GeneOrGeneProduct,3630,Association,InsR,GeneOrGeneProduct,3643,train
20606392,GH insensitivity syndrome,DiseaseOrPhenotypicFeature,D046150,Positive_Correlation,899dupC,SequenceVariant,c|DUP|899|C|,train
20606392,GH insensitivity syndrome,DiseaseOrPhenotypicFeature,D046150,Positive_Correlation,R211H,SequenceVariant,p|SUB|R|211|H,train
20606392,GH insensitivity syndrome,DiseaseOrPhenotypicFeature,D046150,Association,GH receptor,GeneOrGeneProduct,2690,train
20606392,insulin-like growth factor-I deficiency,DiseaseOrPhenotypicFeature,C563867,Positive_Correlation,899dupC,SequenceVariant,c|DUP|899|C|,train
20606392,insulin-like growth factor-I deficiency,DiseaseOrPhenotypicFeature,C563867,Positive_Correlation,R211H,SequenceVariant,p|SUB|R|211|H,train
20606392,insulin-like growth factor-I deficiency,DiseaseOrPhenotypicFeature,C563867,Association,GH receptor,GeneOrGeneProduct,2690,train
20708777,CYP11B1,GeneOrGeneProduct,1584,Association,hypertension,DiseaseOrPhenotypicFeature,D006973,train
20708777,hypertension,DiseaseOrPhenotypicFeature,D006973,Association,CYP11B2,GeneOrGeneProduct,1585,train
20708777,hypertension,DiseaseOrPhenotypicFeature,D006973,Positive_Correlation,rs6387,SequenceVariant,rs6387,train
20708777,hypertension,DiseaseOrPhenotypicFeature,D006973,Positive_Correlation,rs6410,SequenceVariant,rs6410,train
20708777,hypertension,DiseaseOrPhenotypicFeature,D006973,Positive_Correlation,rs4539,SequenceVariant,rs4539,train
20708777,hypertension,DiseaseOrPhenotypicFeature,D006973,Positive_Correlation,rs1799998,SequenceVariant,rs1799998,train
20708777,aldosterone-producing adenomas,DiseaseOrPhenotypicFeature,D000236,Association,CYP11B1,GeneOrGeneProduct,1584,train
20708777,aldosterone-producing adenomas,DiseaseOrPhenotypicFeature,D000236,Association,CYP11B2,GeneOrGeneProduct,1585,train
20708777,aldosterone-producing adenomas,DiseaseOrPhenotypicFeature,D000236,Association,rs6387,SequenceVariant,rs6387,train
20708777,aldosterone-producing adenomas,DiseaseOrPhenotypicFeature,D000236,Association,rs6410,SequenceVariant,rs6410,train
20708777,aldosterone-producing adenomas,DiseaseOrPhenotypicFeature,D000236,Association,rs4539,SequenceVariant,rs4539,train
20708777,aldosterone-producing adenomas,DiseaseOrPhenotypicFeature,D000236,Association,rs1799998,SequenceVariant,rs1799998,train
20806042,c.592C-->T,SequenceVariant,c|SUB|C|592|T,Positive_Correlation,microcornea,DiseaseOrPhenotypicFeature,D005124,train
20806042,c.592C-->T,SequenceVariant,c|SUB|C|592|T,Positive_Correlation,cataract-microcornea syndrome,DiseaseOrPhenotypicFeature,C538287,train
20806042,cataract,DiseaseOrPhenotypicFeature,D002386,Positive_Correlation,c.592C-->T,SequenceVariant,c|SUB|C|592|T,train
20806042,arginine to tryptophan at codon 198,SequenceVariant,p|SUB|R|198|W,Positive_Correlation,microcornea,DiseaseOrPhenotypicFeature,D005124,train
20806042,arginine to tryptophan at codon 198,SequenceVariant,p|SUB|R|198|W,Positive_Correlation,cataract,DiseaseOrPhenotypicFeature,D002386,train
20806042,arginine to tryptophan at codon 198,SequenceVariant,p|SUB|R|198|W,Positive_Correlation,cataract-microcornea syndrome,DiseaseOrPhenotypicFeature,C538287,train
20806042,GJA8,GeneOrGeneProduct,2703,Association,microcornea,DiseaseOrPhenotypicFeature,D005124,train
20806042,GJA8,GeneOrGeneProduct,2703,Association,cataract,DiseaseOrPhenotypicFeature,D002386,train
20806042,cataract-microcornea syndrome,DiseaseOrPhenotypicFeature,C538287,Association,GJA8,GeneOrGeneProduct,2703,train
21163864,angiotensinogen,GeneOrGeneProduct,183,Association,hypertrophic cardiomyopathy,DiseaseOrPhenotypicFeature,D002312,train
21163864,hypertrophic cardiomyopathy,DiseaseOrPhenotypicFeature,D002312,Positive_Correlation,M235T,SequenceVariant,rs699,train
21615796,Interleukin-17F,GeneOrGeneProduct,112744,Association,thrombocytopenic,DiseaseOrPhenotypicFeature,D011696,train
21615796,Interleukin-17F,GeneOrGeneProduct,112744,Association,chronic immune thrombocytopenia,DiseaseOrPhenotypicFeature,D016553,train
21615796,autoimmune diseases,DiseaseOrPhenotypicFeature,D001327,Association,Interleukin-17F,GeneOrGeneProduct,112744,train
21615796,rs763780,SequenceVariant,rs763780,Association,thrombocytopenic,DiseaseOrPhenotypicFeature,D011696,train
21615796,chronic immune thrombocytopenia,DiseaseOrPhenotypicFeature,D016553,Association,rs763780,SequenceVariant,rs763780,train
21682595,XRCC1,GeneOrGeneProduct,7515,Association,systemic lupus erythematosus,DiseaseOrPhenotypicFeature,D008180,train
21682595,XRCC1,GeneOrGeneProduct,7515,Association,malar rash,DiseaseOrPhenotypicFeature,D005076,train
21682595,Arg399Gln,SequenceVariant,rs25487,Positive_Correlation,systemic lupus erythematosus,DiseaseOrPhenotypicFeature,D008180,train
21682595,malar rash,DiseaseOrPhenotypicFeature,D005076,Positive_Correlation,Arg399Gln,SequenceVariant,rs25487,train
22808010,Stat5,GeneOrGeneProduct,20850,Association,anemia,DiseaseOrPhenotypicFeature,D000740,train
22808010,Jak2,GeneOrGeneProduct,16452,Association,anemia,DiseaseOrPhenotypicFeature,D000740,train
22808010,Eaf1,GeneOrGeneProduct,74427,Positive_Correlation,EPO,GeneOrGeneProduct,13856,train
22808010,Spred1,GeneOrGeneProduct,114715,Positive_Correlation,EPO,GeneOrGeneProduct,13856,train
22808010,Spred2,GeneOrGeneProduct,114716,Positive_Correlation,EPO,GeneOrGeneProduct,13856,train
22808010,Socs2,GeneOrGeneProduct,216233,Association,anemia,DiseaseOrPhenotypicFeature,D000740,train
22808010,Socs2,GeneOrGeneProduct,216233,Positive_Correlation,EPO,GeneOrGeneProduct,13856,train
22808010,Socs3,GeneOrGeneProduct,12702,Positive_Correlation,EPO,GeneOrGeneProduct,13856,train
22808010,EPO,GeneOrGeneProduct,13856,Association,Lyl1,GeneOrGeneProduct,17095,train
22808010,EPO,GeneOrGeneProduct,13856,Association,CyclinB1-IP-1,GeneOrGeneProduct,239083,train
22808010,EPO,GeneOrGeneProduct,13856,Association,Cyclin-g2,GeneOrGeneProduct,12452,train
22808010,EPO,GeneOrGeneProduct,13856,Association,p27-kip1,GeneOrGeneProduct,12576,train
22808010,EPO,GeneOrGeneProduct,13856,Association,Cyclin-d2,GeneOrGeneProduct,12444,train
22808010,EPO,GeneOrGeneProduct,13856,Association,Btg3,GeneOrGeneProduct,12228,train
22808010,EPO,GeneOrGeneProduct,13856,Association,Cdc25a,GeneOrGeneProduct,12530,train
22808010,EPO,GeneOrGeneProduct,13856,Association,Serpina 3g,GeneOrGeneProduct,20715,train
22808010,EPO,GeneOrGeneProduct,13856,Association,Trib3,GeneOrGeneProduct,228775,train
22808010,EPO,GeneOrGeneProduct,13856,Association,Bim,GeneOrGeneProduct,12125,train
22808010,EPO,GeneOrGeneProduct,13856,Association,Pim1,GeneOrGeneProduct,18712,train
22808010,EPO,GeneOrGeneProduct,13856,Association,Pim3,GeneOrGeneProduct,223775,train
22808010,EPO,GeneOrGeneProduct,13856,Association,Gas5,GeneOrGeneProduct,14455,train
22808010,EPO,GeneOrGeneProduct,13856,Bind,EPOR,GeneOrGeneProduct,13857,train
22808010,Tnfr-sf13c,GeneOrGeneProduct,72049,Positive_Correlation,EPO,GeneOrGeneProduct,13856,train
22808010,EPOR,GeneOrGeneProduct,13857,Association,p85/PI3K,GeneOrGeneProduct,18708,train
22808010,EPOR,GeneOrGeneProduct,13857,Association,polycythemia,DiseaseOrPhenotypicFeature,D011086,train
22808010,EPOR,GeneOrGeneProduct,13857,Association,anemia,DiseaseOrPhenotypicFeature,D000740,train
22808010,EPOR,GeneOrGeneProduct,13857,Association,CyclinB1-IP-1,GeneOrGeneProduct,239083,train
22808010,EPOR,GeneOrGeneProduct,13857,Association,Cyclin-g2,GeneOrGeneProduct,12452,train
22808010,EPOR,GeneOrGeneProduct,13857,Association,p27-kip1,GeneOrGeneProduct,12576,train
22808010,EPOR,GeneOrGeneProduct,13857,Association,Cyclin-d2,GeneOrGeneProduct,12444,train
22808010,EPOR,GeneOrGeneProduct,13857,Association,Btg3,GeneOrGeneProduct,12228,train
22808010,EPOR,GeneOrGeneProduct,13857,Association,Cdc25a,GeneOrGeneProduct,12530,train
22808010,EPOR,GeneOrGeneProduct,13857,Association,Tnfr-sf13c,GeneOrGeneProduct,72049,train
24126708,HOMER1,GeneOrGeneProduct,9456,Association,glutamate,ChemicalEntity,D018698,train
24126708,HOMER1,GeneOrGeneProduct,9456,Association,levodopa,ChemicalEntity,D007980,train
24126708,HOMER1,GeneOrGeneProduct,9456,Association,visual hallucinations,DiseaseOrPhenotypicFeature,D006212,train
24126708,HOMER1,GeneOrGeneProduct,9456,Association,dyskinesia,DiseaseOrPhenotypicFeature,D004409,train
24126708,levodopa,ChemicalEntity,D007980,Negative_Correlation,Parkinson's disease,DiseaseOrPhenotypicFeature,D010300,train
24126708,levodopa,ChemicalEntity,D007980,Positive_Correlation,visual hallucinations,DiseaseOrPhenotypicFeature,D006212,train
24126708,levodopa,ChemicalEntity,D007980,Positive_Correlation,dyskinesia,DiseaseOrPhenotypicFeature,D004409,train
24126708,rs4704559,SequenceVariant,rs4704559,Negative_Correlation,levodopa,ChemicalEntity,D007980,train
24126708,rs4704559,SequenceVariant,rs4704559,Negative_Correlation,visual hallucinations,DiseaseOrPhenotypicFeature,D006212,train
24126708,rs4704559,SequenceVariant,rs4704559,Negative_Correlation,dyskinesia,DiseaseOrPhenotypicFeature,D004409,train
2422478,methyldopa,ChemicalEntity,D008750,Positive_Correlation,hypotensive,DiseaseOrPhenotypicFeature,D007022,train
2422478,serotonin,ChemicalEntity,D012701,Association,"5,7-dihydroxytryptamine",ChemicalEntity,D015116,train
2422478,serotonin,ChemicalEntity,D012701,Positive_Correlation,methyldopa,ChemicalEntity,D008750,train
2422478,serotonin,ChemicalEntity,D012701,Positive_Correlation,hypotensive,DiseaseOrPhenotypicFeature,D007022,train
24623966,STAT3,GeneOrGeneProduct,6774,Association,VEGF,GeneOrGeneProduct,7422,train
24623966,VEGF,GeneOrGeneProduct,7422,Positive_Correlation,VEGF receptor 2,GeneOrGeneProduct,3791,train
24623966,VEGF,GeneOrGeneProduct,7422,Positive_Correlation,reactive oxygen species,ChemicalEntity,D017382,train
24623966,NADPH oxidase,GeneOrGeneProduct,66021,Positive_Correlation,reactive oxygen species,ChemicalEntity,D017382,train
24623966,NADPH oxidase,GeneOrGeneProduct,50507,Positive_Correlation,STAT3,GeneOrGeneProduct,6774,train
24623966,NADPH oxidase,GeneOrGeneProduct,50507,Positive_Correlation,VEGF receptor 2,GeneOrGeneProduct,3791,train
24623966,NADPH oxidase,GeneOrGeneProduct,50507,Association,VEGF,GeneOrGeneProduct,7422,train
24623966,NADPH oxidase,GeneOrGeneProduct,50507,Positive_Correlation,reactive oxygen species,ChemicalEntity,D017382,train
24623966,NADPH oxidase,GeneOrGeneProduct,114243,Positive_Correlation,reactive oxygen species,ChemicalEntity,D017382,train
24623966,oxygen,ChemicalEntity,D010100,Positive_Correlation,retinopathy,DiseaseOrPhenotypicFeature,D012164,train
24623966,NADPH oxidase 4,GeneOrGeneProduct,85431,Positive_Correlation,reactive oxygen species,ChemicalEntity,D017382,train
24623966,NADPH oxidase 4,GeneOrGeneProduct,85431,Association,vascular endothelial growth factor receptor 2,GeneOrGeneProduct,25589,train
24632946,tamoxifen,ChemicalEntity,D013629,Association,Shh,GeneOrGeneProduct,20423,train
24632946,tamoxifen,ChemicalEntity,D013629,Association,b-catenin,GeneOrGeneProduct,12387,train
24632946,bone morphogenetic protein,GeneOrGeneProduct,12162,Association,b-catenin,GeneOrGeneProduct,12387,train
24632946,bone morphogenetic protein,GeneOrGeneProduct,12159,Association,b-catenin,GeneOrGeneProduct,12387,train
24632946,anorectal malformations,DiseaseOrPhenotypicFeature,D000071056,Association,bone morphogenetic protein,GeneOrGeneProduct,12162,train
24632946,anorectal malformations,DiseaseOrPhenotypicFeature,D000071056,Association,bone morphogenetic protein,GeneOrGeneProduct,12159,train
24632946,b-catenin,GeneOrGeneProduct,12387,Association,Smad1/5/8,GeneOrGeneProduct,55994,train
24632946,b-catenin,GeneOrGeneProduct,12387,Association,Smad1/5/8,GeneOrGeneProduct,17129,train
24632946,b-catenin,GeneOrGeneProduct,12387,Association,Smad1/5/8,GeneOrGeneProduct,17125,train
24632946,b-catenin,GeneOrGeneProduct,12387,Association,Msx2,GeneOrGeneProduct,17702,train
24632946,b-catenin,GeneOrGeneProduct,12387,Association,hypoplastic,DiseaseOrPhenotypicFeature,D029502,train
24632946,b-catenin,GeneOrGeneProduct,12387,Association,Shh,GeneOrGeneProduct,20423,train
24632946,b-catenin,GeneOrGeneProduct,12387,Association,anorectal malformations,DiseaseOrPhenotypicFeature,D000071056,train
24911645,aspartate,ChemicalEntity,D001224,Negative_Correlation,pilocarpine,ChemicalEntity,D010862,train
24911645,aspartate,ChemicalEntity,D001224,Negative_Correlation,garcinielliptone FC,ChemicalEntity,C573355,train
24911645,pilocarpine,ChemicalEntity,D010862,Positive_Correlation,status epilepticus,DiseaseOrPhenotypicFeature,D013226,train
24911645,pilocarpine,ChemicalEntity,D010862,Positive_Correlation,acetylcholinesterase,GeneOrGeneProduct,11423,train
24911645,pilocarpine,ChemicalEntity,D010862,Positive_Correlation,seizures,DiseaseOrPhenotypicFeature,D012640,train
24911645,glutamine,ChemicalEntity,D018698,Negative_Correlation,pilocarpine,ChemicalEntity,D010862,train
24911645,glutamine,ChemicalEntity,D018698,Negative_Correlation,garcinielliptone FC,ChemicalEntity,C573355,train
24911645,r-aminobutyric acid,ChemicalEntity,D005680,Positive_Correlation,pilocarpine,ChemicalEntity,D010862,train
24911645,r-aminobutyric acid,ChemicalEntity,D005680,Positive_Correlation,garcinielliptone FC,ChemicalEntity,C573355,train
24911645,garcinielliptone FC,ChemicalEntity,C573355,Negative_Correlation,diarrheas,DiseaseOrPhenotypicFeature,D003967,train
24911645,garcinielliptone FC,ChemicalEntity,C573355,Negative_Correlation,skin diseases,DiseaseOrPhenotypicFeature,D012871,train
24911645,garcinielliptone FC,ChemicalEntity,C573355,Negative_Correlation,status epilepticus,DiseaseOrPhenotypicFeature,D013226,train
24911645,garcinielliptone FC,ChemicalEntity,C573355,Cotreatment,pilocarpine,ChemicalEntity,D010862,train
24911645,garcinielliptone FC,ChemicalEntity,C573355,Positive_Correlation,acetylcholinesterase,GeneOrGeneProduct,11423,train
24911645,garcinielliptone FC,ChemicalEntity,C573355,Negative_Correlation,inflammatory diseases,DiseaseOrPhenotypicFeature,D007249,train
24911645,garcinielliptone FC,ChemicalEntity,C573355,Negative_Correlation,seizures,DiseaseOrPhenotypicFeature,D012640,train
24971338,NGAL,GeneOrGeneProduct,170496,Association,nephropathy,DiseaseOrPhenotypicFeature,D007674,train
24971338,NGAL,GeneOrGeneProduct,170496,Association,sirolimus,ChemicalEntity,D020123,train
24971338,cyclosporine,ChemicalEntity,D016572,Association,TBARs,ChemicalEntity,D017392,train
24971338,cyclosporine,ChemicalEntity,D016572,Association,IL-7,GeneOrGeneProduct,25647,train
24971338,cyclosporine,ChemicalEntity,D016572,Association,NF- kb,GeneOrGeneProduct,81736,train
24971338,cyclosporine,ChemicalEntity,D016572,Association,TGF-b,GeneOrGeneProduct,59086,train
24971338,cyclosporine,ChemicalEntity,D016572,Association,CTGF,GeneOrGeneProduct,64032,train
24971338,cyclosporine,ChemicalEntity,D016572,Association,KIM-1,GeneOrGeneProduct,286934,train
24971338,cyclosporine,ChemicalEntity,D016572,Association,TP53,GeneOrGeneProduct,24842,train
24971338,cyclosporine,ChemicalEntity,D016572,Association,PCNA,GeneOrGeneProduct,25737,train
24971338,cyclosporine,ChemicalEntity,D016572,Association,mTOR,GeneOrGeneProduct,56718,train
24971338,cyclosporine,ChemicalEntity,D016572,Positive_Correlation,nephropathy,DiseaseOrPhenotypicFeature,D007674,train
24971338,nephropathy,DiseaseOrPhenotypicFeature,D007674,Association,TBARs,ChemicalEntity,D017392,train
24971338,nephropathy,DiseaseOrPhenotypicFeature,D007674,Association,IL-7,GeneOrGeneProduct,25647,train
24971338,nephropathy,DiseaseOrPhenotypicFeature,D007674,Association,NF- kb,GeneOrGeneProduct,81736,train
24971338,nephropathy,DiseaseOrPhenotypicFeature,D007674,Association,TGF-b,GeneOrGeneProduct,59086,train
24971338,nephropathy,DiseaseOrPhenotypicFeature,D007674,Association,CTGF,GeneOrGeneProduct,64032,train
24971338,nephropathy,DiseaseOrPhenotypicFeature,D007674,Association,KIM-1,GeneOrGeneProduct,286934,train
24971338,nephropathy,DiseaseOrPhenotypicFeature,D007674,Association,TP53,GeneOrGeneProduct,24842,train
24971338,nephropathy,DiseaseOrPhenotypicFeature,D007674,Association,PCNA,GeneOrGeneProduct,25737,train
24971338,nephropathy,DiseaseOrPhenotypicFeature,D007674,Association,mTOR,GeneOrGeneProduct,56718,train
24971338,sirolimus,ChemicalEntity,D020123,Association,proteinuria,DiseaseOrPhenotypicFeature,D011507,train
24971338,sirolimus,ChemicalEntity,D020123,Comparison,cyclosporine,ChemicalEntity,D016572,train
24971338,sirolimus,ChemicalEntity,D020123,Negative_Correlation,nephropathy,DiseaseOrPhenotypicFeature,D007674,train
25054547,Butyrylcholinesterase deficiency,DiseaseOrPhenotypicFeature,C537417,Positive_Correlation,mivacurium,ChemicalEntity,D000077590,train
25054547,Butyrylcholinesterase deficiency,DiseaseOrPhenotypicFeature,C537417,Positive_Correlation,suxamethonium,ChemicalEntity,D013390,train
25054547,Butyrylcholinesterase deficiency,DiseaseOrPhenotypicFeature,C537417,Positive_Correlation,p.Val204Asp,SequenceVariant,p|SUB|V|204|D,train
25054547,p.Ala539Thr,SequenceVariant,rs1803274,Association,butyrylthiocholine,ChemicalEntity,D002092,train
25054547,p.Asp70Gly,SequenceVariant,rs1799807,Association,p.Ala539Thr,SequenceVariant,rs1803274,train
25054547,p.Asp70Gly,SequenceVariant,rs1799807,Association,butyrylthiocholine,ChemicalEntity,D002092,train
25054547,neuromuscular block,DiseaseOrPhenotypicFeature,D055191,Positive_Correlation,c.695T>A,SequenceVariant,c|SUB|T|695|A,train
25054547,neuromuscular block,DiseaseOrPhenotypicFeature,D055191,Positive_Correlation,suxamethonium,ChemicalEntity,D013390,train
25054547,neuromuscular block,DiseaseOrPhenotypicFeature,D055191,Positive_Correlation,p.Val204Asp,SequenceVariant,p|SUB|V|204|D,train
25054547,BCHE,GeneOrGeneProduct,590,Negative_Correlation,Butyrylcholinesterase deficiency,DiseaseOrPhenotypicFeature,C537417,train
25054547,BCHE,GeneOrGeneProduct,590,Association,butyrylthiocholine,ChemicalEntity,D002092,train
25054547,BCHE,GeneOrGeneProduct,590,Association,neuromuscular block,DiseaseOrPhenotypicFeature,D055191,train
25054547,BCHE,GeneOrGeneProduct,590,Association,suxamethonium,ChemicalEntity,D013390,train
25054547,BCHE,GeneOrGeneProduct,590,Association,apnea,DiseaseOrPhenotypicFeature,D001049,train
25054547,suxamethonium,ChemicalEntity,D013390,Association,c.695T>A,SequenceVariant,c|SUB|T|695|A,train
25054547,suxamethonium,ChemicalEntity,D013390,Positive_Correlation,apnea,DiseaseOrPhenotypicFeature,D001049,train
25054547,apnea,DiseaseOrPhenotypicFeature,D001049,Positive_Correlation,mivacurium,ChemicalEntity,D000077590,train
25054547,p.Val204Asp,SequenceVariant,p|SUB|V|204|D,Association,p.Ala539Thr,SequenceVariant,rs1803274,train
25054547,p.Val204Asp,SequenceVariant,p|SUB|V|204|D,Association,p.Asp70Gly,SequenceVariant,rs1799807,train
25054547,p.Val204Asp,SequenceVariant,p|SUB|V|204|D,Association,butyrylthiocholine,ChemicalEntity,D002092,train
25054547,p.Val204Asp,SequenceVariant,p|SUB|V|204|D,Association,suxamethonium,ChemicalEntity,D013390,train
25054547,p.Val204Asp,SequenceVariant,p|SUB|V|204|D,Positive_Correlation,apnea,DiseaseOrPhenotypicFeature,D001049,train
25983002,FX11,ChemicalEntity,C547455,Negative_Correlation,cathepsin B,GeneOrGeneProduct,1508,train
25983002,FX11,ChemicalEntity,C547455,Negative_Correlation,PLAU,GeneOrGeneProduct,5328,train
25983002,FX11,ChemicalEntity,C547455,Negative_Correlation,MMP-9,GeneOrGeneProduct,4318,train
25983002,LDHA,GeneOrGeneProduct,3939,Association,prostate cancer,DiseaseOrPhenotypicFeature,D011471,train
25983002,LDHA,GeneOrGeneProduct,3939,Positive_Correlation,cathepsin B,GeneOrGeneProduct,1508,train
25983002,LDHA,GeneOrGeneProduct,3939,Positive_Correlation,PLAU,GeneOrGeneProduct,5328,train
25983002,LDHA,GeneOrGeneProduct,3939,Positive_Correlation,MMP-9,GeneOrGeneProduct,4318,train
25983002,LDHA,GeneOrGeneProduct,3939,Negative_Correlation,FX11,ChemicalEntity,C547455,train
25983002,LDHA,GeneOrGeneProduct,3939,Association,tumor,DiseaseOrPhenotypicFeature,D009369,train
27640183,Erythropoietin,GeneOrGeneProduct,2056,Association,lipid,ChemicalEntity,D008055,train
27640183,erythropoietin receptor,GeneOrGeneProduct,2057,Association,p38MAPK,GeneOrGeneProduct,1432,train
27640183,erythropoietin receptor,GeneOrGeneProduct,2057,Association,LYN,GeneOrGeneProduct,4067,train
27640183,erythropoietin receptor,GeneOrGeneProduct,2057,Association,p70s6k,GeneOrGeneProduct,6198,train
27640183,erythropoietin receptor,GeneOrGeneProduct,2057,Association,STAT5,GeneOrGeneProduct,6776,train
27640183,erythropoietin receptor,GeneOrGeneProduct,2057,Association,Akt,GeneOrGeneProduct,207,train
27999109,insulitis,DiseaseOrPhenotypicFeature,D007410,Association,Type I Interferon Receptor,GeneOrGeneProduct,288264,train
27999109,Diabetes,DiseaseOrPhenotypicFeature,D003920,Association,IFN,GeneOrGeneProduct,25712,train
27999109,Diabetes,DiseaseOrPhenotypicFeature,D003920,Positive_Correlation,polyinosinic:polycytidylic acid,ChemicalEntity,D011070,train
27999109,Diabetes,DiseaseOrPhenotypicFeature,D003920,Association,Type I Interferon Receptor,GeneOrGeneProduct,686326,train
27999109,Diabetes,DiseaseOrPhenotypicFeature,D003920,Association,Type I Interferon Receptor,GeneOrGeneProduct,288264,train
27999109,IFN receptor,GeneOrGeneProduct,3454,Association,Autoimmune Diabetes,DiseaseOrPhenotypicFeature,D003922,train
27999109,type I interferon,GeneOrGeneProduct,3456,Association,Autoimmune Diabetes,DiseaseOrPhenotypicFeature,D003922,train
27999109,Type I Interferon Receptor,GeneOrGeneProduct,686326,Association,Autoimmune Diabetes,DiseaseOrPhenotypicFeature,D003922,train
27999109,Autoimmune Diabetes,DiseaseOrPhenotypicFeature,D003922,Association,insulin,GeneOrGeneProduct,3630,train
27999109,Type I Interferon Receptor,GeneOrGeneProduct,288264,Association,Autoimmune Diabetes,DiseaseOrPhenotypicFeature,D003922,train
28411266,Sulfonylurea Receptor,GeneOrGeneProduct,6833,Association,Coronary Heart Disease,DiseaseOrPhenotypicFeature,D003324,train
28411266,Sulfonylurea Receptor,GeneOrGeneProduct,6833,Association,Type 2 Diabetes,DiseaseOrPhenotypicFeature,D003924,train
28411266,Sulfonylurea Receptor,GeneOrGeneProduct,6833,Association,sulfonylurea,ChemicalEntity,D013453,train
28411266,Type 2 Diabetes,DiseaseOrPhenotypicFeature,D003924,Negative_Correlation,sulfonylurea,ChemicalEntity,D013453,train
28411266,p.A1369S,SequenceVariant,rs757110,Negative_Correlation,Coronary Heart Disease,DiseaseOrPhenotypicFeature,D003324,train
28411266,p.A1369S,SequenceVariant,rs757110,Negative_Correlation,Type 2 Diabetes,DiseaseOrPhenotypicFeature,D003924,train
28411266,p.A1369S,SequenceVariant,rs757110,Association,sulfonylurea,ChemicalEntity,D013453,train
28411266,sulfonylurea,ChemicalEntity,D013453,Negative_Correlation,Coronary Heart Disease,DiseaseOrPhenotypicFeature,D003324,train
28411266,insulin,GeneOrGeneProduct,3630,Positive_Correlation,Sulfonylurea Receptor,GeneOrGeneProduct,6833,train
28411266,insulin,GeneOrGeneProduct,3630,Positive_Correlation,sulfonylurea,ChemicalEntity,D013453,train
28428256,lipopolysaccharide,ChemicalEntity,D008070,Positive_Correlation,inflammatory,DiseaseOrPhenotypicFeature,D007249,train
28428256,acute lung injury,DiseaseOrPhenotypicFeature,D055371,Association,thrombin receptor,GeneOrGeneProduct,14062,train
28428256,inflammatory,DiseaseOrPhenotypicFeature,D007249,Association,EC adhesion molecules,GeneOrGeneProduct,7412,train
28428256,inflammatory,DiseaseOrPhenotypicFeature,D007249,Association,EC adhesion molecules,GeneOrGeneProduct,3383,train
28428256,prostaglandin A2,ChemicalEntity,C100008,Association,thrombin,GeneOrGeneProduct,14061,train
28428256,prostaglandin A2,ChemicalEntity,C100008,Negative_Correlation,lipopolysaccharide,ChemicalEntity,D008070,train
28428256,prostaglandin A2,ChemicalEntity,C100008,Association,acute lung injury,DiseaseOrPhenotypicFeature,D055371,train
28428256,prostaglandin A2,ChemicalEntity,C100008,Negative_Correlation,inflammatory,DiseaseOrPhenotypicFeature,D007249,train
28428256,prostaglandin A2,ChemicalEntity,C100008,Negative_Correlation,EC adhesion molecules,GeneOrGeneProduct,7412,train
28428256,prostaglandin A2,ChemicalEntity,C100008,Negative_Correlation,EC adhesion molecules,GeneOrGeneProduct,3383,train
28428256,prostaglandin A2,ChemicalEntity,C100008,Association,protein kinase A,GeneOrGeneProduct,5566,train
28428256,prostaglandin A2,ChemicalEntity,C100008,Association,Rap1/Rac1 GTPase,GeneOrGeneProduct,5906,train
28428256,prostaglandin A2,ChemicalEntity,C100008,Association,Rap1/Rac1 GTPase,GeneOrGeneProduct,5879,train
28428256,prostaglandin A2,ChemicalEntity,C100008,Bind,EP4,GeneOrGeneProduct,5734,train
28428256,EP4,GeneOrGeneProduct,5734,Association,inflammatory,DiseaseOrPhenotypicFeature,D007249,train
28428256,EP4,GeneOrGeneProduct,5734,Positive_Correlation,protein kinase A,GeneOrGeneProduct,5566,train
28428256,EP4,GeneOrGeneProduct,5734,Positive_Correlation,Rap1/Rac1 GTPase,GeneOrGeneProduct,5906,train
28428256,EP4,GeneOrGeneProduct,5734,Positive_Correlation,Rap1/Rac1 GTPase,GeneOrGeneProduct,5879,train
28487437,glucagon,GeneOrGeneProduct,14526,Association,hypoglycemia,DiseaseOrPhenotypicFeature,D007003,train
28487437,glucagon,GeneOrGeneProduct,14526,Negative_Correlation,Ghrelin,GeneOrGeneProduct,58991,train
28487437,insulin,GeneOrGeneProduct,3630,Negative_Correlation,type 1 diabetes,DiseaseOrPhenotypicFeature,D003922,train
28487437,Ghrelin,GeneOrGeneProduct,58991,Negative_Correlation,hypoglycemia,DiseaseOrPhenotypicFeature,D007003,train
28487437,streptozotocin,ChemicalEntity,D013311,Positive_Correlation,Ghrelin,GeneOrGeneProduct,58991,train
28487437,streptozotocin,ChemicalEntity,D013311,Positive_Correlation,hyperglycemia,DiseaseOrPhenotypicFeature,D006943,train
28487437,Glucagon receptor,GeneOrGeneProduct,2642,Association,hyperglycemia,DiseaseOrPhenotypicFeature,D006943,train
28487437,Glucagon receptor,GeneOrGeneProduct,2642,Association,type 1 diabetes,DiseaseOrPhenotypicFeature,D003922,train
28487437,glycemia,ChemicalEntity,D001786,Negative_Correlation,Glucagon Receptor,GeneOrGeneProduct,14527,train
28487437,glycemia,ChemicalEntity,D001786,Association,ghrelin receptor,GeneOrGeneProduct,208188,train
28487437,glycemia,ChemicalEntity,D001786,Negative_Correlation,streptozotocin,ChemicalEntity,D013311,train
28487437,ghrelin,GeneOrGeneProduct,51738,Association,glycemia,ChemicalEntity,D001786,train
28487437,ghrelin,GeneOrGeneProduct,51738,Association,glucose,ChemicalEntity,D005947,train
28777492,chronic liver inflammation,DiseaseOrPhenotypicFeature,D007249,Positive_Correlation,gankyrin,GeneOrGeneProduct,5716,train
28777492,gankyrin,GeneOrGeneProduct,5716,Positive_Correlation,vascular endothelial growth factor,GeneOrGeneProduct,22339,train
28777492,sorafenib,ChemicalEntity,D000077157,Negative_Correlation,hepatocellular carcinoma,DiseaseOrPhenotypicFeature,D006528,train
28777492,Gankyrin,GeneOrGeneProduct,53380,Association,hepatocellular carcinoma,DiseaseOrPhenotypicFeature,D006528,train
28777492,Gankyrin,GeneOrGeneProduct,53380,Association,chronic liver inflammation,DiseaseOrPhenotypicFeature,D007249,train
28777492,Gankyrin,GeneOrGeneProduct,53380,Association,tumor,DiseaseOrPhenotypicFeature,D009369,train
28777492,Gankyrin,GeneOrGeneProduct,53380,Positive_Correlation,epithelial cell adhesion molecule,GeneOrGeneProduct,17075,train
28777492,Gankyrin,GeneOrGeneProduct,53380,Positive_Correlation,Bmi1,GeneOrGeneProduct,12151,train
28777492,Gankyrin,GeneOrGeneProduct,53380,Positive_Correlation,interleukin (IL)-6,GeneOrGeneProduct,16193,train
28777492,Gankyrin,GeneOrGeneProduct,53380,Bind,Src homology 2 domain-containing protein tyrosine phosphatase-1,GeneOrGeneProduct,15170,train
28777492,Gankyrin,GeneOrGeneProduct,53380,Negative_Correlation,sorafenib,ChemicalEntity,D000077157,train
28777492,Gankyrin,GeneOrGeneProduct,53380,Positive_Correlation,STAT3,GeneOrGeneProduct,20848,train
7018927,luteinizing hormone,GeneOrGeneProduct,1081,Association,luteinizing hormone-releasing hormone,GeneOrGeneProduct,2796,train
7018927,luteinizing hormone-releasing hormone,GeneOrGeneProduct,2796,Association,haloperidol,ChemicalEntity,D006220,train
7018927,hyperprolactinemia,DiseaseOrPhenotypicFeature,D006966,Association,luteinizing hormone-releasing hormone,GeneOrGeneProduct,2796,train
7018927,haloperidol,ChemicalEntity,D006220,Positive_Correlation,hyperprolactinemia,DiseaseOrPhenotypicFeature,D006966,train
7468724,preterm labor,DiseaseOrPhenotypicFeature,D007752,Negative_Correlation,corticosteroid,ChemicalEntity,D000305,train
7468724,terbutaline,ChemicalEntity,D013726,Association,corticosteroid,ChemicalEntity,D000305,train
7468724,terbutaline,ChemicalEntity,D013726,Negative_Correlation,preterm labor,DiseaseOrPhenotypicFeature,D007752,train
7468724,Cardiovascular complications,DiseaseOrPhenotypicFeature,D002318,Positive_Correlation,corticosteroid,ChemicalEntity,D000305,train
7468724,Cardiovascular complications,DiseaseOrPhenotypicFeature,D002318,Association,terbutaline,ChemicalEntity,D013726,train
7668252,VLCAD-deficient,DiseaseOrPhenotypicFeature,C536353,Negative_Correlation,long-chain fatty acid,ChemicalEntity,D005227,train
7668252,VLCAD-deficient,DiseaseOrPhenotypicFeature,C536353,Positive_Correlation,105-bp deletion encompassing bases 1078-1182,SequenceVariant,c|DEL|1078-1182|,train
7668252,VLCAD-deficient,DiseaseOrPhenotypicFeature,C536353,Negative_Correlation,very-long-chain acyl-coenzyme A dehydrogenase,GeneOrGeneProduct,37,train
7668252,palmitic acid,ChemicalEntity,D019308,Association,VLCAD-deficient,DiseaseOrPhenotypicFeature,C536353,train
7668252,very-long-chain acyl-coenzyme A dehydrogenase,GeneOrGeneProduct,37,Positive_Correlation,palmitic acid,ChemicalEntity,D019308,train
7905839,neuropsychiatric disorders,DiseaseOrPhenotypicFeature,D001523,Association,mu opiate receptor,GeneOrGeneProduct,4988,train
7905839,cyclic AMP,ChemicalEntity,D000242,Association,mu opiate receptor,GeneOrGeneProduct,25601,train
7905839,GTP,ChemicalEntity,D006160,Association,mu opiate receptor,GeneOrGeneProduct,25601,train
7905839,mu opiate receptor,GeneOrGeneProduct,25601,Association,opioid peptides,ChemicalEntity,D018847,train
7905839,mu opiate receptor,GeneOrGeneProduct,25601,Association,opiate,ChemicalEntity,D053610,train
7905839,sodium,ChemicalEntity,D012964,Association,mu opiate receptor,GeneOrGeneProduct,25601,train
8002973,X-linked adrenoleukodystrophy,DiseaseOrPhenotypicFeature,D000326,Association,Adrenoleukodystrophy gene,GeneOrGeneProduct,215,train
8755918,ATM,GeneOrGeneProduct,472,Association,cerebellar ataxia,DiseaseOrPhenotypicFeature,D002524,train
8755918,ataxia-telangiectasia,DiseaseOrPhenotypicFeature,D001260,Association,ATM,GeneOrGeneProduct,472,train
8755918,137-bp insertion,SequenceVariant,c|INS||137,Association,cerebellar ataxia,DiseaseOrPhenotypicFeature,D002524,train
8755918,137-bp insertion,SequenceVariant,c|INS||137,Positive_Correlation,ataxia-telangiectasia,DiseaseOrPhenotypicFeature,D001260,train
9294109,Myotonic dystrophy,DiseaseOrPhenotypicFeature,D009223,Association,Myotonic dystrophy protein kinase,GeneOrGeneProduct,13400,train
9294109,Ca2+,ChemicalEntity,D002118,Negative_Correlation,Myotonic dystrophy protein kinase,GeneOrGeneProduct,13400,train
9647766,casein kinase II,GeneOrGeneProduct,1457,Association,enzymatic complex I-deficient,DiseaseOrPhenotypicFeature,C537475,train
9647766,nuclear encoded iron sulphur protein (IP) subunits of complex I,GeneOrGeneProduct,4722,Bind,nuclear encoded iron sulphur protein (IP) subunits of complex I,GeneOrGeneProduct,4726,train
9647766,nuclear encoded iron sulphur protein (IP) subunits of complex I,GeneOrGeneProduct,4722,Association,casein kinase II,GeneOrGeneProduct,1457,train
9647766,nuclear encoded iron sulphur protein (IP) subunits of complex I,GeneOrGeneProduct,4722,Association,enzymatic complex I-deficient,DiseaseOrPhenotypicFeature,C537475,train
9647766,protein kinase C,GeneOrGeneProduct,5578,Association,enzymatic complex I-deficient,DiseaseOrPhenotypicFeature,C537475,train
9647766,nuclear encoded iron sulphur protein (IP) subunits of complex I,GeneOrGeneProduct,4720,Bind,nuclear encoded iron sulphur protein (IP) subunits of complex I,GeneOrGeneProduct,4726,train
9647766,nuclear encoded iron sulphur protein (IP) subunits of complex I,GeneOrGeneProduct,4720,Bind,nuclear encoded iron sulphur protein (IP) subunits of complex I,GeneOrGeneProduct,4722,train
9647766,nuclear encoded iron sulphur protein (IP) subunits of complex I,GeneOrGeneProduct,4720,Association,enzymatic complex I-deficient,DiseaseOrPhenotypicFeature,C537475,train
9647766,nuclear encoded iron sulphur protein (IP) subunits of complex I,GeneOrGeneProduct,4720,Association,protein kinase C,GeneOrGeneProduct,5578,train
9746003,lamotrigine,ChemicalEntity,D000077213,Cotreatment,ethosuximide,ChemicalEntity,D005013,train
9746003,sodium valproate,ChemicalEntity,D014635,Cotreatment,ethosuximide,ChemicalEntity,D005013,train
9746003,sodium valproate,ChemicalEntity,D014635,Cotreatment,lamotrigine,ChemicalEntity,D000077213,train
9746003,absence seizures,DiseaseOrPhenotypicFeature,D004832,Negative_Correlation,ethosuximide,ChemicalEntity,D005013,train
9746003,absence seizures,DiseaseOrPhenotypicFeature,D004832,Negative_Correlation,lamotrigine,ChemicalEntity,D000077213,train
9746003,absence seizures,DiseaseOrPhenotypicFeature,D004832,Negative_Correlation,sodium valproate,ChemicalEntity,D014635,train
9746003,absence seizures,DiseaseOrPhenotypicFeature,D004832,Positive_Correlation,vigabatrin,ChemicalEntity,D020888,train
9746003,absence seizures,DiseaseOrPhenotypicFeature,D004832,Positive_Correlation,carbamazepine,ChemicalEntity,D002220,train
9746003,carbamazepine,ChemicalEntity,D002220,Comparison,vigabatrin,ChemicalEntity,D020888,train
9746003,myoclonic jerks,DiseaseOrPhenotypicFeature,D009207,Positive_Correlation,carbamazepine,ChemicalEntity,D002220,train
15459183,Ile232Thr,SequenceVariant,rs1050501,Positive_Correlation,systemic lupus erythematosus,DiseaseOrPhenotypicFeature,D008180,train
15459183,nephritis,DiseaseOrPhenotypicFeature,D009393,Association,CD72,GeneOrGeneProduct,971,train
15459183,FCGR2B,GeneOrGeneProduct,2213,Association,systemic lupus erythematosus,DiseaseOrPhenotypicFeature,D008180,train
15459183,CD72,GeneOrGeneProduct,971,Association,FCGR2B,GeneOrGeneProduct,2213,train
15459183,systemic lupus erythematosus,DiseaseOrPhenotypicFeature,D008180,Association,CD72,GeneOrGeneProduct,971,train
15459183,CD72,GeneOrGeneProduct,12517,Association,systemic lupus erythematosus,DiseaseOrPhenotypicFeature,D008180,train
15599941,G/A,SequenceVariant,c|SUB|G||A,Positive_Correlation,prostate cancer,DiseaseOrPhenotypicFeature,D011471,train
15599941,glutamine repeat,SequenceVariant,c|DUP||G|,Positive_Correlation,malignant disease,DiseaseOrPhenotypicFeature,D009369,train
15599941,malignant disease,DiseaseOrPhenotypicFeature,D009369,Association,androgen receptor,GeneOrGeneProduct,367,train
15599941,prostate specific antigen,GeneOrGeneProduct,354,Association,androgen receptor,GeneOrGeneProduct,367,train
15599941,CAG and GGC repeat,SequenceVariant,c|DUP||CAG_GGC|,Positive_Correlation,prostate cancer,DiseaseOrPhenotypicFeature,D011471,train
15599941,prostate cancer,DiseaseOrPhenotypicFeature,D011471,Association,prostate specific antigen,GeneOrGeneProduct,354,train
15599941,androgen receptor,GeneOrGeneProduct,367,Association,prostate cancer,DiseaseOrPhenotypicFeature,D011471,train
15609295,glycoprotein (GP) Ib/IX/V,GeneOrGeneProduct,2814,Bind,von Willebrand factor,GeneOrGeneProduct,7450,train
15609295,glycoprotein (GP) Ib/IX/V,GeneOrGeneProduct,2814,Association,Bernard-Soulier syndrome,DiseaseOrPhenotypicFeature,D001606,train
15609295,glycoprotein (GP) Ib/IX/V,GeneOrGeneProduct,2811,Bind,von Willebrand factor,GeneOrGeneProduct,7450,train
15609295,glycoprotein (GP) Ib/IX/V,GeneOrGeneProduct,2811,Association,Bernard-Soulier syndrome,DiseaseOrPhenotypicFeature,D001606,train
15609295,von Willebrand factor,GeneOrGeneProduct,7450,Association,Bernard-Soulier syndrome,DiseaseOrPhenotypicFeature,D001606,train
15609295,glycoprotein IX,GeneOrGeneProduct,2815,Bind,von Willebrand factor,GeneOrGeneProduct,7450,train
15609295,glycoprotein IX,GeneOrGeneProduct,2815,Association,Bernard-Soulier syndrome,DiseaseOrPhenotypicFeature,D001606,train
15609295,Asn45Ser,SequenceVariant,rs5030764,Positive_Correlation,Bernard-Soulier syndrome,DiseaseOrPhenotypicFeature,D001606,train
15609295,"changes asparagine 86 for alanine and eliminates amino acids 87, 88, and 89 (arginine, threonine, and proline)",SequenceVariant,p|SUB|NRTP|86_89|A,Positive_Correlation,Bernard-Soulier syndrome,DiseaseOrPhenotypicFeature,D001606,train
15609295,nine-nucleotide deletion starting at position 1952,SequenceVariant,c|DEL|1952|9,Positive_Correlation,Bernard-Soulier syndrome,DiseaseOrPhenotypicFeature,D001606,train
16288197,DCT,GeneOrGeneProduct,1638,Association,pigmentation,DiseaseOrPhenotypicFeature,D010859,train
16288197,144 G>A,SequenceVariant,rs74315339,Positive_Correlation,glaucoma,DiseaseOrPhenotypicFeature,D005901,train
16288197,CYP1B1,GeneOrGeneProduct,1545,Association,glaucoma,DiseaseOrPhenotypicFeature,D005901,train
16288197,optineurin,GeneOrGeneProduct,10133,Association,glaucoma,DiseaseOrPhenotypicFeature,D005901,train
16288197,congenital microcoria,DiseaseOrPhenotypicFeature,C537550,Association,MCOR,GeneOrGeneProduct,8104,train
16288197,congenital microcoria,DiseaseOrPhenotypicFeature,C537550,Association,144 G>A,SequenceVariant,rs74315339,train
16288197,congenital microcoria,DiseaseOrPhenotypicFeature,C537550,Association,CYP1B1,GeneOrGeneProduct,1545,train
16288197,congenital microcoria,DiseaseOrPhenotypicFeature,C537550,Association,optineurin,GeneOrGeneProduct,10133,train
16288197,congenital microcoria,DiseaseOrPhenotypicFeature,C537550,Association,myocilin,GeneOrGeneProduct,4653,train
16288197,myocilin,GeneOrGeneProduct,4653,Association,glaucoma,DiseaseOrPhenotypicFeature,D005901,train
17177139,1284A>C,SequenceVariant,c|SUB|A|1284|C,Positive_Correlation,resistance to thyroid hormone syndrome,DiseaseOrPhenotypicFeature,D018382,train
17177139,thyroid stimulating hormone,GeneOrGeneProduct,1081,Positive_Correlation,thyroid hormone beta receptor,GeneOrGeneProduct,6955,train
17177139,thyroxine,ChemicalEntity,D013974,Association,thyroid hormone beta receptor,GeneOrGeneProduct,6955,train
17177139,thyroxine,ChemicalEntity,D013974,Positive_Correlation,E333D,SequenceVariant,p|SUB|E|333|D,train
17177139,triiodothyronine,ChemicalEntity,D014284,Association,thyroid hormone beta receptor,GeneOrGeneProduct,6955,train
17177139,triiodothyronine,ChemicalEntity,D014284,Positive_Correlation,E333D,SequenceVariant,p|SUB|E|333|D,train
17177139,thyroid hormone beta receptor,GeneOrGeneProduct,6955,Association,resistance to thyroid hormone syndrome,DiseaseOrPhenotypicFeature,D018382,train
17177139,resistance to thyroid hormone syndrome,DiseaseOrPhenotypicFeature,D018382,Positive_Correlation,thyroid hormones,ChemicalEntity,D013963,train
17177139,resistance to thyroid hormone syndrome,DiseaseOrPhenotypicFeature,D018382,Association,thyroid stimulating hormone,GeneOrGeneProduct,1081,train
17177139,resistance to thyroid hormone syndrome,DiseaseOrPhenotypicFeature,D018382,Positive_Correlation,thyroxine,ChemicalEntity,D013974,train
17177139,resistance to thyroid hormone syndrome,DiseaseOrPhenotypicFeature,D018382,Positive_Correlation,triiodothyronine,ChemicalEntity,D014284,train
17177139,E333D,SequenceVariant,p|SUB|E|333|D,Positive_Correlation,resistance to thyroid hormone syndrome,DiseaseOrPhenotypicFeature,D018382,train
17634480,reactive oxygen species,ChemicalEntity,D017382,Positive_Correlation,cancer,DiseaseOrPhenotypicFeature,D009369,train
17634480,GPX4,GeneOrGeneProduct,2879,Association,death,DiseaseOrPhenotypicFeature,D003643,train
17634480,GPX4,GeneOrGeneProduct,2879,Association,breast cancer,DiseaseOrPhenotypicFeature,D001943,train
17634480,rs713041,SequenceVariant,rs713041,Positive_Correlation,death,DiseaseOrPhenotypicFeature,D003643,train
17634480,breast cancer,DiseaseOrPhenotypicFeature,D001943,Positive_Correlation,rs757229,SequenceVariant,rs757229,train
17634480,breast cancer,DiseaseOrPhenotypicFeature,D001943,Positive_Correlation,rs713041,SequenceVariant,rs713041,train
18699851,mantle cell lymphoma,DiseaseOrPhenotypicFeature,D020522,Association,ERCC5,GeneOrGeneProduct,2073,train
18699851,mantle cell lymphoma,DiseaseOrPhenotypicFeature,D020522,Association,ATM,GeneOrGeneProduct,472,train
18699851,mantle cell lymphoma,DiseaseOrPhenotypicFeature,D020522,Association,PRKACB,GeneOrGeneProduct,5567,train
18699851,mantle cell lymphoma,DiseaseOrPhenotypicFeature,D020522,Association,ARHGAP29,GeneOrGeneProduct,9411,train
18699851,mantle cell lymphoma,DiseaseOrPhenotypicFeature,D020522,Association,FBXO5,GeneOrGeneProduct,26271,train
20086182,cancer,DiseaseOrPhenotypicFeature,D009369,Association,D302H,SequenceVariant,rs1045485,train
20086182,cancer,DiseaseOrPhenotypicFeature,D009369,Association,-652 6N ins/del,SequenceVariant,c|INDEL|-652|6,train
20086182,camptothecin,ChemicalEntity,D002166,Association,p53,GeneOrGeneProduct,7157,train
20086182,-652 6N del,SequenceVariant,c|DEL|-652|6,Positive_Correlation,camptothecin,ChemicalEntity,D002166,train
20086182,-652 6N del,SequenceVariant,c|DEL|-652|6,Positive_Correlation,squamous cell carcinoma of the head and neck,DiseaseOrPhenotypicFeature,D000077195,train
20086182,CASP8,GeneOrGeneProduct,841,Association,cancer,DiseaseOrPhenotypicFeature,D009369,train
20086182,CASP8,GeneOrGeneProduct,841,Association,p53,GeneOrGeneProduct,7157,train
20086182,CASP8,GeneOrGeneProduct,841,Association,camptothecin,ChemicalEntity,D002166,train
20086182,CASP8,GeneOrGeneProduct,841,Association,squamous cell carcinoma of the head and neck,DiseaseOrPhenotypicFeature,D000077195,train
24914936,developmental delay,DiseaseOrPhenotypicFeature,D002658,Negative_Correlation,thyroxine,ChemicalEntity,D013974,train
24914936,hypothyroidism,DiseaseOrPhenotypicFeature,D007037,Negative_Correlation,thyroxine,ChemicalEntity,D013974,train
24914936,THRA,GeneOrGeneProduct,7067,Association,constipation,DiseaseOrPhenotypicFeature,D003248,train
24914936,THRA,GeneOrGeneProduct,7067,Association,intellectual deficit,DiseaseOrPhenotypicFeature,D008607,train
24914936,THRA,GeneOrGeneProduct,7067,Association,skeletal dysplasia,DiseaseOrPhenotypicFeature,D001848,train
24914936,thyroxine,ChemicalEntity,D013974,Negative_Correlation,TSH,GeneOrGeneProduct,22094,train
24914936,thyroxine,ChemicalEntity,D013974,Negative_Correlation,TSH,GeneOrGeneProduct,12640,train
24914936,thyroxine,ChemicalEntity,D013974,Association,skeletal dysplasia,DiseaseOrPhenotypicFeature,D001848,train
24914936,Thyroid hormone receptor a,GeneOrGeneProduct,21833,Association,short stature,DiseaseOrPhenotypicFeature,D006130,train
24914936,Thyroid hormone receptor a,GeneOrGeneProduct,21833,Association,skeletal dysplasia,DiseaseOrPhenotypicFeature,D001848,train
27014915,RIP1,GeneOrGeneProduct,8737,Positive_Correlation,caspases,GeneOrGeneProduct,836,train
27014915,BV6,ChemicalEntity,C582180,Negative_Correlation,tumor,DiseaseOrPhenotypicFeature,D009369,train
27014915,cIAP2,GeneOrGeneProduct,330,Negative_Correlation,BV6,ChemicalEntity,C582180,train
27014915,cIAP2,GeneOrGeneProduct,330,Association,tumor,DiseaseOrPhenotypicFeature,D009369,train
27014915,cIAP1,GeneOrGeneProduct,329,Negative_Correlation,BV6,ChemicalEntity,C582180,train
27014915,cIAP1,GeneOrGeneProduct,329,Association,tumor,DiseaseOrPhenotypicFeature,D009369,train
27014915,Smac,GeneOrGeneProduct,56616,Negative_Correlation,cIAP2,GeneOrGeneProduct,330,train
27014915,Smac,GeneOrGeneProduct,56616,Negative_Correlation,cIAP1,GeneOrGeneProduct,329,train
27014915,Smac,GeneOrGeneProduct,56616,Association,tumor,DiseaseOrPhenotypicFeature,D009369,train
27014915,tumor,DiseaseOrPhenotypicFeature,D009369,Association,FasL,GeneOrGeneProduct,14103,train
27014915,tumor,DiseaseOrPhenotypicFeature,D009369,Association,perforin,GeneOrGeneProduct,18646,train
27014915,TNFa,GeneOrGeneProduct,7124,Positive_Correlation,RIP3,GeneOrGeneProduct,11035,train
27014915,TNFa,GeneOrGeneProduct,7124,Positive_Correlation,RIP1,GeneOrGeneProduct,8737,train
27014915,TNFa,GeneOrGeneProduct,7124,Positive_Correlation,caspases,GeneOrGeneProduct,836,train
27014915,TNFa,GeneOrGeneProduct,7124,Association,tumor,DiseaseOrPhenotypicFeature,D009369,train
27014915,TNFa,GeneOrGeneProduct,7124,Association,soft tissue sarcoma,DiseaseOrPhenotypicFeature,D012509,train
27014915,NF-kB,GeneOrGeneProduct,4790,Association,tumor,DiseaseOrPhenotypicFeature,D009369,train
27014915,NF-kB,GeneOrGeneProduct,4790,Positive_Correlation,TNFa,GeneOrGeneProduct,7124,train
27014915,NF-kB,GeneOrGeneProduct,4790,Association,soft tissue sarcoma,DiseaseOrPhenotypicFeature,D012509,train
27014915,NF-kB,GeneOrGeneProduct,4790,Bind,NF-kB,GeneOrGeneProduct,4790,train
27014915,p65,GeneOrGeneProduct,5970,Positive_Correlation,TNFa,GeneOrGeneProduct,7124,train
27014915,p65,GeneOrGeneProduct,5970,Association,soft tissue sarcoma,DiseaseOrPhenotypicFeature,D012509,train
27014915,p65,GeneOrGeneProduct,5970,Bind,NF-kB,GeneOrGeneProduct,4790,train
27959382,fibrosis,DiseaseOrPhenotypicFeature,D005355,Association,Bach1,GeneOrGeneProduct,12013,train
27959382,bleomycin,ChemicalEntity,D001761,Positive_Correlation,pulmonary fibrosis,DiseaseOrPhenotypicFeature,D011658,train
27959382,Bach1,GeneOrGeneProduct,12013,Positive_Correlation,interleukin-6,GeneOrGeneProduct,16193,train
27959382,Bach1,GeneOrGeneProduct,12013,Positive_Correlation,transforming growth factor (TGF)-b1,GeneOrGeneProduct,21803,train
27959382,Bach1,GeneOrGeneProduct,12013,Negative_Correlation,glutathione peroxidase 1,GeneOrGeneProduct,14775,train
27959382,Bach1,GeneOrGeneProduct,12013,Negative_Correlation,heme oxygenase-1,GeneOrGeneProduct,15368,train
27959382,Bach1,GeneOrGeneProduct,12013,Positive_Correlation,pulmonary fibrosis,DiseaseOrPhenotypicFeature,D011658,train
27959382,Bach1,GeneOrGeneProduct,12013,Positive_Correlation,bleomycin,ChemicalEntity,D001761,train
28368537,LIF Receptor,GeneOrGeneProduct,16880,Positive_Correlation,Msx1,GeneOrGeneProduct,17701,train
28368537,leukemia inhibitory factor,GeneOrGeneProduct,16878,Association,Msx1,GeneOrGeneProduct,17701,train
28368537,leukemia inhibitory factor,GeneOrGeneProduct,16878,Bind,LIF Receptor,GeneOrGeneProduct,16880,train
28368537,signal transducer and activation of transcription (STAT) 3,GeneOrGeneProduct,20848,Association,LIF Receptor,GeneOrGeneProduct,16880,train
28368537,signal transducer and activation of transcription (STAT) 3,GeneOrGeneProduct,20848,Association,leukemia inhibitory factor,GeneOrGeneProduct,16878,train
28368537,Janus kinase,GeneOrGeneProduct,16452,Association,LIF Receptor,GeneOrGeneProduct,16880,train
28368537,Janus kinase,GeneOrGeneProduct,16452,Association,leukemia inhibitory factor,GeneOrGeneProduct,16878,train
28368537,Janus kinase,GeneOrGeneProduct,16452,Association,signal transducer and activation of transcription (STAT) 3,GeneOrGeneProduct,20848,train
28650467,asparagine,ChemicalEntity,D001216,Association,NH3,ChemicalEntity,D000641,train
28650467,asparagine,ChemicalEntity,D001216,Association,aspartate,ChemicalEntity,D001224,train
28650467,Methadone,ChemicalEntity,D008691,Association,leukemic,DiseaseOrPhenotypicFeature,D007938,train
28650467,Methadone,ChemicalEntity,D008691,Positive_Correlation,opioid receptor u1,GeneOrGeneProduct,4988,train
28650467,ubiquitin-conjugating enzyme E2C,GeneOrGeneProduct,11065,Association,acute lymphoblastic leukemia,DiseaseOrPhenotypicFeature,D054198,train
28650467,carbonic anhydrase 1,GeneOrGeneProduct,759,Association,acute lymphoblastic leukemia,DiseaseOrPhenotypicFeature,D054198,train
28650467,L-asparaginase,ChemicalEntity,D001215,Positive_Correlation,asparagine deficit,DiseaseOrPhenotypicFeature,OMIM:615574,train
28650467,L-asparaginase,ChemicalEntity,D001215,Association,asparagine,ChemicalEntity,D001216,train
28650467,L-asparaginase,ChemicalEntity,D001215,Cotreatment,Methadone,ChemicalEntity,D008691,train
28650467,L-asparaginase,ChemicalEntity,D001215,Negative_Correlation,leukemic,DiseaseOrPhenotypicFeature,D007938,train
28650467,L-asparaginase,ChemicalEntity,D001215,Negative_Correlation,acute lymphoblastic leukemia,DiseaseOrPhenotypicFeature,D054198,train
28650467,opioid receptor u1,GeneOrGeneProduct,4988,Association,leukemic,DiseaseOrPhenotypicFeature,D007938,train
28650467,opioid receptor u1,GeneOrGeneProduct,4988,Negative_Correlation,acute lymphoblastic leukemia,DiseaseOrPhenotypicFeature,D054198,train
28650467,opioid receptor u1,GeneOrGeneProduct,4988,Positive_Correlation,L-asparaginase,ChemicalEntity,D001215,train
15748645,skin cancer,DiseaseOrPhenotypicFeature,D012878,Negative_Correlation,antioxidant,ChemicalEntity,D000975,train
15748645,skin cancer,DiseaseOrPhenotypicFeature,D012878,Positive_Correlation,ornithine decarboxylase,GeneOrGeneProduct,4953,train
15748645,skin cancer,DiseaseOrPhenotypicFeature,D012878,Positive_Correlation,prostaglandin,ChemicalEntity,D011453,train
16543197,CRB1,GeneOrGeneProduct,23418,Association,Leber congenital amaurosis,DiseaseOrPhenotypicFeature,D057130,train
16543197,CRB1,GeneOrGeneProduct,23418,Association,retinitis pigmentosa,DiseaseOrPhenotypicFeature,D012174,train
16543197,hyperopia,DiseaseOrPhenotypicFeature,D006956,Association,CRB1,GeneOrGeneProduct,23418,train
16543197,G1103R,SequenceVariant,rs62636275,Association,Leber congenital amaurosis,DiseaseOrPhenotypicFeature,D057130,train
16543197,G1103R,SequenceVariant,rs62636275,Association,hyperopia,DiseaseOrPhenotypicFeature,D006956,train
16543197,G1103R,SequenceVariant,rs62636275,Association,retinitis pigmentosa,DiseaseOrPhenotypicFeature,D012174,train
16574712,memory deficits,DiseaseOrPhenotypicFeature,D008569,Positive_Correlation,MDMA,ChemicalEntity,D018817,train
16574712,impaired social and emotional judgement processes,DiseaseOrPhenotypicFeature,D003072,Positive_Correlation,MDMA,ChemicalEntity,D018817,train
16575011,1494del6,SequenceVariant,c|DEL|1494|6,Association,Tumor,DiseaseOrPhenotypicFeature,D009369,train
16575011,1494del6,SequenceVariant,c|DEL|1494|6,Association,colorectal cancer,DiseaseOrPhenotypicFeature,D015179,train
16575011,thymidylate synthase,GeneOrGeneProduct,7298,Association,metastases,DiseaseOrPhenotypicFeature,D009362,train
16575011,thymidylate synthase,GeneOrGeneProduct,7298,Association,Tumor,DiseaseOrPhenotypicFeature,D009369,train
16575011,thymidylate synthase,GeneOrGeneProduct,7298,Association,colorectal cancer,DiseaseOrPhenotypicFeature,D015179,train
16575011,fluorouracil,ChemicalEntity,D005472,Cotreatment,leucovorin,ChemicalEntity,D002955,train
16575011,fluorouracil,ChemicalEntity,D005472,Cotreatment,levamisole,ChemicalEntity,D007978,train
16575011,colorectal cancer,DiseaseOrPhenotypicFeature,D015179,Negative_Correlation,fluorouracil,ChemicalEntity,D005472,train
16575011,colorectal cancer,DiseaseOrPhenotypicFeature,D015179,Negative_Correlation,leucovorin,ChemicalEntity,D002955,train
16575011,colorectal cancer,DiseaseOrPhenotypicFeature,D015179,Negative_Correlation,levamisole,ChemicalEntity,D007978,train
17074608,nonketotic hyperglycinemia,DiseaseOrPhenotypicFeature,D020158,Positive_Correlation,glycine,ChemicalEntity,D005998,train
17074608,Valproate,ChemicalEntity,D014635,Positive_Correlation,encephalopathy,DiseaseOrPhenotypicFeature,D001927,train
17074608,Valproate,ChemicalEntity,D014635,Positive_Correlation,chorea,DiseaseOrPhenotypicFeature,D002819,train
18310445,bone morphogenetic proteins (BMP)-4,GeneOrGeneProduct,443502,Negative_Correlation,FSH,GeneOrGeneProduct,443538,train
18310445,bone morphogenetic proteins (BMP)-4,GeneOrGeneProduct,443502,Negative_Correlation,FSHbeta,GeneOrGeneProduct,443387,train
18310445,p38 MAPK,GeneOrGeneProduct,26416,Negative_Correlation,Bone morphogenetic protein-4,GeneOrGeneProduct,652,train
18310445,Smad1/5,GeneOrGeneProduct,17129,Association,BMP,GeneOrGeneProduct,12159,train
18310445,Smad1/5,GeneOrGeneProduct,17129,Association,Bone morphogenetic protein-4,GeneOrGeneProduct,652,train
18310445,Smad1/5,GeneOrGeneProduct,17125,Association,BMP,GeneOrGeneProduct,12159,train
18310445,Smad1/5,GeneOrGeneProduct,17125,Association,Bone morphogenetic protein-4,GeneOrGeneProduct,652,train
18310445,GnRH receptor,GeneOrGeneProduct,14715,Positive_Correlation,LHbeta,GeneOrGeneProduct,16866,train
18310445,LHbeta,GeneOrGeneProduct,16866,Positive_Correlation,GnRH,GeneOrGeneProduct,14714,train
18310445,activin,GeneOrGeneProduct,16323,Association,Smad2/3,GeneOrGeneProduct,17127,train
18310445,activin,GeneOrGeneProduct,16323,Association,Smad2/3,GeneOrGeneProduct,17126,train
18310445,activin,GeneOrGeneProduct,16323,Positive_Correlation,FSH,GeneOrGeneProduct,443538,train
18310445,activin,GeneOrGeneProduct,16323,Positive_Correlation,FSHbeta,GeneOrGeneProduct,443387,train
18310445,activin,GeneOrGeneProduct,16323,Positive_Correlation,gonadotrophin,GeneOrGeneProduct,14308,train
18310445,activin,GeneOrGeneProduct,16323,Association,gonadotrophin,GeneOrGeneProduct,12640,train
18310445,activin,GeneOrGeneProduct,16323,Association,GnRH,GeneOrGeneProduct,14714,train
18310445,GnRH,GeneOrGeneProduct,14714,Positive_Correlation,p38 MAPK,GeneOrGeneProduct,26416,train
18310445,GnRH,GeneOrGeneProduct,14714,Association,cAMP response element-binding,GeneOrGeneProduct,12912,train
18310445,GnRH,GeneOrGeneProduct,14714,Association,ERK1/2,GeneOrGeneProduct,26417,train
18310445,GnRH,GeneOrGeneProduct,14714,Association,ERK1/2,GeneOrGeneProduct,26413,train
18310445,GnRH,GeneOrGeneProduct,14714,Positive_Correlation,FSH,GeneOrGeneProduct,443538,train
18310445,GnRH,GeneOrGeneProduct,14714,Positive_Correlation,FSHbeta,GeneOrGeneProduct,443387,train
18310445,GnRH,GeneOrGeneProduct,14714,Positive_Correlation,gonadotrophin,GeneOrGeneProduct,14308,train
18310445,GnRH,GeneOrGeneProduct,14714,Association,gonadotrophin,GeneOrGeneProduct,12640,train
18310445,activin,GeneOrGeneProduct,83729,Association,gonadotrophin,GeneOrGeneProduct,14308,train
18310445,activin,GeneOrGeneProduct,83729,Association,gonadotrophin,GeneOrGeneProduct,12640,train
18310445,activin,GeneOrGeneProduct,3624,Association,gonadotrophin,GeneOrGeneProduct,14308,train
18310445,activin,GeneOrGeneProduct,3624,Association,gonadotrophin,GeneOrGeneProduct,12640,train
18310445,Bone morphogenetic protein-4,GeneOrGeneProduct,652,Negative_Correlation,GnRH receptor,GeneOrGeneProduct,14715,train
18310445,Bone morphogenetic protein-4,GeneOrGeneProduct,652,Negative_Correlation,LHbeta,GeneOrGeneProduct,16866,train
18310445,Bone morphogenetic protein-4,GeneOrGeneProduct,652,Positive_Correlation,activin,GeneOrGeneProduct,16323,train
18310445,Bone morphogenetic protein-4,GeneOrGeneProduct,652,Association,gonadotrophin,GeneOrGeneProduct,14308,train
18310445,Bone morphogenetic protein-4,GeneOrGeneProduct,652,Association,gonadotrophin,GeneOrGeneProduct,12640,train
18310445,Bone morphogenetic protein-4,GeneOrGeneProduct,652,Positive_Correlation,GnRH,GeneOrGeneProduct,14714,train
18310445,Bone morphogenetic protein-4,GeneOrGeneProduct,652,Association,activin,GeneOrGeneProduct,83729,train
18310445,Bone morphogenetic protein-4,GeneOrGeneProduct,652,Association,activin,GeneOrGeneProduct,3624,train
19082493,ins/del 6 bp,SequenceVariant,c|INDEL||6,Positive_Correlation,5 fluorouracil,ChemicalEntity,D005472,train
19082493,ins/del 6 bp,SequenceVariant,c|INDEL||6,Association,colorectal cancer,DiseaseOrPhenotypicFeature,D015179,train
19082493,rectal cancers,DiseaseOrPhenotypicFeature,D012004,Association,ins/del 6 bp,SequenceVariant,c|INDEL||6,train
19082493,rectal cancers,DiseaseOrPhenotypicFeature,D012004,Association,thymidylate synthase,GeneOrGeneProduct,7298,train
19082493,thymidylate synthase,GeneOrGeneProduct,7298,Positive_Correlation,5 fluorouracil,ChemicalEntity,D005472,train
19082493,thymidylate synthase,GeneOrGeneProduct,7298,Association,colorectal cancer,DiseaseOrPhenotypicFeature,D015179,train
19082493,tumour,DiseaseOrPhenotypicFeature,D009369,Association,ins/del 6 bp,SequenceVariant,c|INDEL||6,train
19082493,tumour,DiseaseOrPhenotypicFeature,D009369,Association,thymidylate synthase,GeneOrGeneProduct,7298,train
19082493,deletion of 6 bp at position 1494,SequenceVariant,c|DEL|194|6,Association,colorectal cancer,DiseaseOrPhenotypicFeature,D015179,train
19082493,colorectal cancer,DiseaseOrPhenotypicFeature,D015179,Association,28 bp variable number of tandem repeats,SequenceVariant,c|DUP||28,train
19082493,colorectal cancer,DiseaseOrPhenotypicFeature,D015179,Negative_Correlation,5 fluorouracil,ChemicalEntity,D005472,train
19082493,colorectal cancer,DiseaseOrPhenotypicFeature,D015179,Association,G/C,SequenceVariant,c|SUB|G||C,train
19218574,testosterone,ChemicalEntity,D013739,Association,Met326Ile,SequenceVariant,rs3730089,train
19218574,testosterone,ChemicalEntity,D013739,Association,polycystic ovary syndrome,DiseaseOrPhenotypicFeature,D011085,train
19218574,17-hydroxyprogesterone,ChemicalEntity,D019326,Association,polycystic ovary syndrome,DiseaseOrPhenotypicFeature,D011085,train
19218574,Met326Ile,SequenceVariant,rs3730089,Positive_Correlation,17-hydroxyprogesterone,ChemicalEntity,D019326,train
19218574,Met326Ile,SequenceVariant,rs3730089,Association,polycystic ovary syndrome,DiseaseOrPhenotypicFeature,D011085,train
19218574,Phosphatidylinositol 3-kinase,GeneOrGeneProduct,5295,Association,testosterone,ChemicalEntity,D013739,train
19218574,Phosphatidylinositol 3-kinase,GeneOrGeneProduct,5295,Association,17-hydroxyprogesterone,ChemicalEntity,D019326,train
19218574,Phosphatidylinositol 3-kinase,GeneOrGeneProduct,5295,Association,polycystic ovary syndrome,DiseaseOrPhenotypicFeature,D011085,train
19218574,Phosphatidylinositol 3-kinase,GeneOrGeneProduct,5295,Association,glucose,ChemicalEntity,D005947,train
19218574,Phosphatidylinositol 3-kinase,GeneOrGeneProduct,5295,Association,insulin,GeneOrGeneProduct,3630,train
19218574,insulin,GeneOrGeneProduct,3630,Association,glucose,ChemicalEntity,D005947,train
19996135,tranexamic Acid,ChemicalEntity,D014148,Positive_Correlation,seizures,DiseaseOrPhenotypicFeature,D012640,train
20477932,GSH,ChemicalEntity,D005978,Association,nuclear factor kappa B,GeneOrGeneProduct,81736,train
20477932,neuronal nitric oxide synthase,GeneOrGeneProduct,24598,Association,GSH,ChemicalEntity,D005978,train
20477932,neuronal nitric oxide synthase,GeneOrGeneProduct,24598,Association,glutathione peroxidase,GeneOrGeneProduct,2876,train
20477932,neuronal nitric oxide synthase,GeneOrGeneProduct,24598,Positive_Correlation,Cocaine,ChemicalEntity,D003042,train
20477932,nuclear factor kappa B,GeneOrGeneProduct,81736,Negative_Correlation,neuronal nitric oxide synthase,GeneOrGeneProduct,24598,train
20477932,nuclear factor kappa B,GeneOrGeneProduct,81736,Association,glutathione peroxidase,GeneOrGeneProduct,2876,train
20477932,nuclear factor kappa B,GeneOrGeneProduct,81736,Negative_Correlation,Cocaine,ChemicalEntity,D003042,train
20477932,topiramate,ChemicalEntity,D000077236,Negative_Correlation,cocaine addiction,DiseaseOrPhenotypicFeature,D019970,train
20477932,topiramate,ChemicalEntity,D000077236,Negative_Correlation,memory and learning impairments,DiseaseOrPhenotypicFeature,D008569,train
20477932,topiramate,ChemicalEntity,D000077236,Negative_Correlation,memory and learning impairments,DiseaseOrPhenotypicFeature,D007859,train
20477932,Cocaine,ChemicalEntity,D003042,Association,glutathione peroxidase,GeneOrGeneProduct,2876,train
20477932,Cocaine,ChemicalEntity,D003042,Negative_Correlation,topiramate,ChemicalEntity,D000077236,train
20477932,Cocaine,ChemicalEntity,D003042,Positive_Correlation,memory and learning impairments,DiseaseOrPhenotypicFeature,D008569,train
20477932,Cocaine,ChemicalEntity,D003042,Positive_Correlation,memory and learning impairments,DiseaseOrPhenotypicFeature,D007859,train
24587916,dexamethasone,ChemicalEntity,D003907,Positive_Correlation,hydrogen peroxide,ChemicalEntity,D006861,train
24587916,dexamethasone,ChemicalEntity,D003907,Positive_Correlation,hypertension,DiseaseOrPhenotypicFeature,D006973,train
24587916,lactoferrin,GeneOrGeneProduct,301034,Negative_Correlation,ROS,ChemicalEntity,D017382,train
24587916,lactoferrin,GeneOrGeneProduct,301034,Negative_Correlation,weight loss,DiseaseOrPhenotypicFeature,D015431,train
24587916,lactoferrin,GeneOrGeneProduct,301034,Negative_Correlation,hydrogen peroxide,ChemicalEntity,D006861,train
24587916,lactoferrin,GeneOrGeneProduct,301034,Negative_Correlation,hypertension,DiseaseOrPhenotypicFeature,D006973,train
24587916,lactoferrin,GeneOrGeneProduct,301034,Negative_Correlation,dexamethasone,ChemicalEntity,D003907,train
24587916,iron,ChemicalEntity,D007501,Association,lactoferrin,GeneOrGeneProduct,301034,train
24743235,CSF-1R,GeneOrGeneProduct,12978,Positive_Correlation,c-Fos,GeneOrGeneProduct,14281,train
24743235,CSF-1,GeneOrGeneProduct,12977,Positive_Correlation,c-Fos,GeneOrGeneProduct,14281,train
24743235,CSF-1,GeneOrGeneProduct,12977,Bind,CSF-1R,GeneOrGeneProduct,12978,train
24743235,CSF-1,GeneOrGeneProduct,12977,Positive_Correlation,IL-10,GeneOrGeneProduct,16153,train
24743235,CSF-1,GeneOrGeneProduct,12977,Positive_Correlation,CD11c,GeneOrGeneProduct,16411,train
24743235,CSF-1,GeneOrGeneProduct,12977,Association,IL-3,GeneOrGeneProduct,16187,train
24743235,IL-10,GeneOrGeneProduct,16153,Association,LPS,ChemicalEntity,D008070,train
24743235,IL-3,GeneOrGeneProduct,16187,Positive_Correlation,IL-10,GeneOrGeneProduct,16153,train
24743235,IL-3,GeneOrGeneProduct,16187,Positive_Correlation,CD11c,GeneOrGeneProduct,16411,train
28348168,FGFR2,GeneOrGeneProduct,14183,Association,cancer,DiseaseOrPhenotypicFeature,D009369,train
28348168,FGFR2,GeneOrGeneProduct,14183,Association,SOX2,GeneOrGeneProduct,20674,train
28348168,degenerative disease,DiseaseOrPhenotypicFeature,D019636,Association,FGFR2,GeneOrGeneProduct,14183,train
28398555,N-type voltage-gated calcium channels,GeneOrGeneProduct,774,Positive_Correlation,calcium,ChemicalEntity,D002118,train
28398555,KCl,ChemicalEntity,D011189,Association,N-type voltage-gated calcium channels,GeneOrGeneProduct,774,train
28398555,calcium,ChemicalEntity,D002118,Association,KCl,ChemicalEntity,D011189,train
28398555,calcium,ChemicalEntity,D002118,Association,dystonia,DiseaseOrPhenotypicFeature,D004421,train
28398555,dystonia,DiseaseOrPhenotypicFeature,D004421,Positive_Correlation,A190T,SequenceVariant,rs550921485,train
28398555,dystonia,DiseaseOrPhenotypicFeature,D004421,Positive_Correlation,T71N,SequenceVariant,rs775863165,train
28398555,hippocalcin,GeneOrGeneProduct,3208,Association,N-type voltage-gated calcium channels,GeneOrGeneProduct,774,train
28398555,hippocalcin,GeneOrGeneProduct,3208,Association,KCl,ChemicalEntity,D011189,train
28398555,hippocalcin,GeneOrGeneProduct,3208,Positive_Correlation,calcium,ChemicalEntity,D002118,train
28398555,hippocalcin,GeneOrGeneProduct,3208,Bind,voltage-gated calcium channels,GeneOrGeneProduct,783,train
28398555,hippocalcin,GeneOrGeneProduct,3208,Association,dystonia,DiseaseOrPhenotypicFeature,D004421,train
30442153,glial fibrillary acidic protein,GeneOrGeneProduct,14580,Association,Alzheimer's disease,DiseaseOrPhenotypicFeature,D000544,train
30442153,Orai1,GeneOrGeneProduct,109305,Association,KCa3.1,GeneOrGeneProduct,16534,train
30442153,neuron loss,DiseaseOrPhenotypicFeature,D009422,Association,Ca2+,ChemicalEntity,D000069285,train
30442153,neuron loss,DiseaseOrPhenotypicFeature,D009422,Association,PS1,GeneOrGeneProduct,5663,train
30442153,neuron loss,DiseaseOrPhenotypicFeature,D009422,Association,APP,GeneOrGeneProduct,351,train
30442153,neuron loss,DiseaseOrPhenotypicFeature,D009422,Association,APP,GeneOrGeneProduct,11820,train
30442153,neuron loss,DiseaseOrPhenotypicFeature,D009422,Association,KCa3.1,GeneOrGeneProduct,16534,train
30442153,Ca2+,ChemicalEntity,D000069285,Association,APP,GeneOrGeneProduct,351,train
30442153,Ca2+,ChemicalEntity,D000069285,Association,memory deficits,DiseaseOrPhenotypicFeature,D008569,train
30442153,PS1,GeneOrGeneProduct,5663,Association,memory deficits,DiseaseOrPhenotypicFeature,D008569,train
30442153,APP,GeneOrGeneProduct,351,Association,memory deficits,DiseaseOrPhenotypicFeature,D008569,train
30442153,APP,GeneOrGeneProduct,11820,Association,memory deficits,DiseaseOrPhenotypicFeature,D008569,train
30442153,astrogliosis,DiseaseOrPhenotypicFeature,D005911,Association,glial fibrillary acidic protein,GeneOrGeneProduct,14580,train
30442153,mTOR,GeneOrGeneProduct,56717,Association,astrogliosis,DiseaseOrPhenotypicFeature,D005911,train
30442153,mTOR,GeneOrGeneProduct,2475,Association,astrogliosis,DiseaseOrPhenotypicFeature,D005911,train
30442153,AKT,GeneOrGeneProduct,207,Association,astrogliosis,DiseaseOrPhenotypicFeature,D005911,train
30442153,AKT,GeneOrGeneProduct,11651,Association,astrogliosis,DiseaseOrPhenotypicFeature,D005911,train
30442153,KCa3.1,GeneOrGeneProduct,3783,Association,Alzheimer's disease,DiseaseOrPhenotypicFeature,D000544,train
30442153,KCa3.1,GeneOrGeneProduct,3783,Association,neuron loss,DiseaseOrPhenotypicFeature,D009422,train
30442153,KCa3.1,GeneOrGeneProduct,3783,Association,memory deficits,DiseaseOrPhenotypicFeature,D008569,train
30442153,KCa3.1,GeneOrGeneProduct,3783,Association,astrogliosis,DiseaseOrPhenotypicFeature,D005911,train
30442153,KCa3.1,GeneOrGeneProduct,16534,Association,Alzheimer's disease,DiseaseOrPhenotypicFeature,D000544,train
30442153,KCa3.1,GeneOrGeneProduct,16534,Negative_Correlation,glial fibrillary acidic protein,GeneOrGeneProduct,14580,train
30442153,KCa3.1,GeneOrGeneProduct,16534,Negative_Correlation,CCAAT/enhancer-binding protein homologous protein,GeneOrGeneProduct,13198,train
30442153,KCa3.1,GeneOrGeneProduct,16534,Negative_Correlation,78-kDa glucose-regulated protein,GeneOrGeneProduct,14828,train
30442153,KCa3.1,GeneOrGeneProduct,16534,Association,Ca2+,ChemicalEntity,D000069285,train
30442153,KCa3.1,GeneOrGeneProduct,16534,Association,memory deficits,DiseaseOrPhenotypicFeature,D008569,train
30442153,KCa3.1,GeneOrGeneProduct,16534,Association,astrogliosis,DiseaseOrPhenotypicFeature,D005911,train
30442153,KCa3.1,GeneOrGeneProduct,16534,Negative_Correlation,mTOR,GeneOrGeneProduct,56717,train
30442153,KCa3.1,GeneOrGeneProduct,16534,Negative_Correlation,AKT,GeneOrGeneProduct,11651,train
30442153,Ca2+,ChemicalEntity,D002118,Association,Orai1,GeneOrGeneProduct,109305,train
30442153,Ca2+,ChemicalEntity,D002118,Association,astrogliosis,DiseaseOrPhenotypicFeature,D005911,train
30442153,Ca2+,ChemicalEntity,D002118,Association,mTOR,GeneOrGeneProduct,56717,train
30442153,Ca2+,ChemicalEntity,D002118,Association,mTOR,GeneOrGeneProduct,2475,train
30442153,Ca2+,ChemicalEntity,D002118,Association,AKT,GeneOrGeneProduct,207,train
30442153,Ca2+,ChemicalEntity,D002118,Association,AKT,GeneOrGeneProduct,11651,train
30442153,Ca2+,ChemicalEntity,D002118,Association,KCa3.1,GeneOrGeneProduct,3783,train
30442153,Ca2+,ChemicalEntity,D002118,Association,KCa3.1,GeneOrGeneProduct,16534,train
15461822,Delta30-4995,SequenceVariant,c|DEL|4995|30,Association,dengue,DiseaseOrPhenotypicFeature,D003715,train
15461822,30 nucleotide deletion,SequenceVariant,c|DEL||30,Association,dengue,DiseaseOrPhenotypicFeature,D003715,train
15461822,30 nucleotide deletion,SequenceVariant,c|DEL||30,Association,viremia,DiseaseOrPhenotypicFeature,D014766,train
16418600,sudden infant death with dysgenesis of the testes syndrome,DiseaseOrPhenotypicFeature,C563856,Positive_Correlation,457_458insG,SequenceVariant,c|INS|457_458|G,train
16418600,sudden infant death with dysgenesis of the testes syndrome,DiseaseOrPhenotypicFeature,C563856,Association,TSPYL1,GeneOrGeneProduct,7259,train
16720068,agitation,DiseaseOrPhenotypicFeature,D011595,Negative_Correlation,alprazolam,ChemicalEntity,D000525,train
16720068,agitation,DiseaseOrPhenotypicFeature,D011595,Negative_Correlation,paroxetine,ChemicalEntity,D017374,train
16720068,loss of appetite,DiseaseOrPhenotypicFeature,D001068,Negative_Correlation,alprazolam,ChemicalEntity,D000525,train
16720068,loss of appetite,DiseaseOrPhenotypicFeature,D001068,Negative_Correlation,paroxetine,ChemicalEntity,D017374,train
16720068,insomnia,DiseaseOrPhenotypicFeature,D007319,Negative_Correlation,alprazolam,ChemicalEntity,D000525,train
16720068,insomnia,DiseaseOrPhenotypicFeature,D007319,Negative_Correlation,paroxetine,ChemicalEntity,D017374,train
16720068,depressive symptoms,DiseaseOrPhenotypicFeature,D003866,Negative_Correlation,alprazolam,ChemicalEntity,D000525,train
16720068,depressive symptoms,DiseaseOrPhenotypicFeature,D003866,Negative_Correlation,paroxetine,ChemicalEntity,D017374,train
16720068,creatine phosphokinase,ChemicalEntity,D003402,Negative_Correlation,diazepam,ChemicalEntity,D003975,train
16720068,creatine phosphokinase,ChemicalEntity,D003402,Negative_Correlation,bromocriptine,ChemicalEntity,D001971,train
16720068,diazepam,ChemicalEntity,D003975,Negative_Correlation,extrapyramidal symptoms,DiseaseOrPhenotypicFeature,D001480,train
16720068,bromocriptine,ChemicalEntity,D001971,Negative_Correlation,extrapyramidal symptoms,DiseaseOrPhenotypicFeature,D001480,train
16720068,extrapyramidal symptoms,DiseaseOrPhenotypicFeature,D001480,Positive_Correlation,alanine aminotransferase,ChemicalEntity,D000410,train
16720068,extrapyramidal symptoms,DiseaseOrPhenotypicFeature,D001480,Positive_Correlation,aspartate aminotransferase,ChemicalEntity,D001219,train
16720068,extrapyramidal symptoms,DiseaseOrPhenotypicFeature,D001480,Positive_Correlation,creatine phosphokinase,ChemicalEntity,D003402,train
16720068,extrapyramidal symptoms,DiseaseOrPhenotypicFeature,D001480,Positive_Correlation,alprazolam,ChemicalEntity,D000525,train
16720068,extrapyramidal symptoms,DiseaseOrPhenotypicFeature,D001480,Positive_Correlation,paroxetine,ChemicalEntity,D017374,train
16720068,fever,DiseaseOrPhenotypicFeature,D005334,Positive_Correlation,alanine aminotransferase,ChemicalEntity,D000410,train
16720068,fever,DiseaseOrPhenotypicFeature,D005334,Positive_Correlation,aspartate aminotransferase,ChemicalEntity,D001219,train
16720068,fever,DiseaseOrPhenotypicFeature,D005334,Positive_Correlation,creatine phosphokinase,ChemicalEntity,D003402,train
16720068,fever,DiseaseOrPhenotypicFeature,D005334,Negative_Correlation,diazepam,ChemicalEntity,D003975,train
16720068,fever,DiseaseOrPhenotypicFeature,D005334,Negative_Correlation,bromocriptine,ChemicalEntity,D001971,train
16720068,tremors,DiseaseOrPhenotypicFeature,D014202,Negative_Correlation,diazepam,ChemicalEntity,D003975,train
16720068,tremors,DiseaseOrPhenotypicFeature,D014202,Negative_Correlation,bromocriptine,ChemicalEntity,D001971,train
16720068,muscle rigidity,DiseaseOrPhenotypicFeature,D009127,Negative_Correlation,diazepam,ChemicalEntity,D003975,train
16720068,muscle rigidity,DiseaseOrPhenotypicFeature,D009127,Negative_Correlation,bromocriptine,ChemicalEntity,D001971,train
16720068,psychomotor retardation,DiseaseOrPhenotypicFeature,D011596,Negative_Correlation,diazepam,ChemicalEntity,D003975,train
16720068,psychomotor retardation,DiseaseOrPhenotypicFeature,D011596,Negative_Correlation,bromocriptine,ChemicalEntity,D001971,train
16720068,alprazolam,ChemicalEntity,D000525,Positive_Correlation,fever,DiseaseOrPhenotypicFeature,D005334,train
16720068,alprazolam,ChemicalEntity,D000525,Positive_Correlation,tremors,DiseaseOrPhenotypicFeature,D014202,train
16720068,alprazolam,ChemicalEntity,D000525,Positive_Correlation,muscle rigidity,DiseaseOrPhenotypicFeature,D009127,train
16720068,alprazolam,ChemicalEntity,D000525,Positive_Correlation,psychomotor retardation,DiseaseOrPhenotypicFeature,D011596,train
16720068,alprazolam,ChemicalEntity,D000525,Positive_Correlation,neuroleptic malignant syndrome,DiseaseOrPhenotypicFeature,D009459,train
16720068,paroxetine,ChemicalEntity,D017374,Positive_Correlation,fever,DiseaseOrPhenotypicFeature,D005334,train
16720068,paroxetine,ChemicalEntity,D017374,Positive_Correlation,tremors,DiseaseOrPhenotypicFeature,D014202,train
16720068,paroxetine,ChemicalEntity,D017374,Positive_Correlation,muscle rigidity,DiseaseOrPhenotypicFeature,D009127,train
16720068,paroxetine,ChemicalEntity,D017374,Positive_Correlation,psychomotor retardation,DiseaseOrPhenotypicFeature,D011596,train
16720068,paroxetine,ChemicalEntity,D017374,Drug_Interaction,alprazolam,ChemicalEntity,D000525,train
16720068,paroxetine,ChemicalEntity,D017374,Positive_Correlation,neuroleptic malignant syndrome,DiseaseOrPhenotypicFeature,D009459,train
16904497,low back and right leg pain,DiseaseOrPhenotypicFeature,D017116,Negative_Correlation,steroid,ChemicalEntity,D013256,train
16904497,low back and right leg pain,DiseaseOrPhenotypicFeature,D010146,Negative_Correlation,steroid,ChemicalEntity,D013256,train
16904497,radiculopathy,DiseaseOrPhenotypicFeature,D011843,Negative_Correlation,steroid,ChemicalEntity,D013256,train
16904497,neurologic deterioration,DiseaseOrPhenotypicFeature,D009422,Positive_Correlation,steroid,ChemicalEntity,D013256,train
16904497,triamcinolone diacetate,ChemicalEntity,C030262,Positive_Correlation,lower extremity weakness,DiseaseOrPhenotypicFeature,D020335,train
16904497,triamcinolone diacetate,ChemicalEntity,C030262,Positive_Correlation,numbness,DiseaseOrPhenotypicFeature,D006987,train
16904497,bupivacaine,ChemicalEntity,D002045,Positive_Correlation,lower extremity weakness,DiseaseOrPhenotypicFeature,D020335,train
16904497,bupivacaine,ChemicalEntity,D002045,Positive_Correlation,numbness,DiseaseOrPhenotypicFeature,D006987,train
16904497,Cauda equina syndrome,DiseaseOrPhenotypicFeature,D011128,Positive_Correlation,triamcinolone,ChemicalEntity,D014221,train
16904497,Cauda equina syndrome,DiseaseOrPhenotypicFeature,D011128,Positive_Correlation,bupivacaine,ChemicalEntity,D002045,train
16904497,steroid,ChemicalEntity,D013256,Positive_Correlation,Cauda equina syndrome,DiseaseOrPhenotypicFeature,D011128,train
17083016,SP-D,GeneOrGeneProduct,6441,Bind,sugars,ChemicalEntity,D000073893,train
17083016,SP-D,GeneOrGeneProduct,6441,Association,inflammatory,DiseaseOrPhenotypicFeature,D007249,train
17083016,Surfactant protein (SP)-A,GeneOrGeneProduct,653509,Bind,sugars,ChemicalEntity,D000073893,train
17083016,Surfactant protein (SP)-A,GeneOrGeneProduct,653509,Association,inflammatory,DiseaseOrPhenotypicFeature,D007249,train
17083016,lysine at residue 223,SequenceVariant,c|Allele|K|223,Association,died,DiseaseOrPhenotypicFeature,D003643,train
17083016,carbohydrate,ChemicalEntity,D002241,Association,surfactant protein-A2,GeneOrGeneProduct,729238,train
17083016,lysine (in 1A1) rather than glutamine (in 1A5) at amino acid 223,SequenceVariant,c|SUB|Q|223|K,Positive_Correlation,died,DiseaseOrPhenotypicFeature,D003643,train
17083016,lysine (in 1A1) rather than glutamine (in 1A5) at amino acid 223,SequenceVariant,c|SUB|Q|223|K,Association,carbohydrate,ChemicalEntity,D002241,train
17083016,lysine (in 1A1) rather than glutamine (in 1A5) at amino acid 223,SequenceVariant,c|SUB|Q|223|K,Positive_Correlation,meningococcal disease,DiseaseOrPhenotypicFeature,D008589,train
17083016,surfactant protein-A2,GeneOrGeneProduct,729238,Bind,sugars,ChemicalEntity,D000073893,train
17083016,surfactant protein-A2,GeneOrGeneProduct,729238,Association,inflammatory,DiseaseOrPhenotypicFeature,D007249,train
17083016,surfactant protein-A2,GeneOrGeneProduct,729238,Association,died,DiseaseOrPhenotypicFeature,D003643,train
17083016,surfactant protein-A2,GeneOrGeneProduct,729238,Association,meningococcal disease,DiseaseOrPhenotypicFeature,D008589,train
17910065,MSX1,GeneOrGeneProduct,4487,Association,oligodontia,DiseaseOrPhenotypicFeature,C538049,train
17910065,C139T,SequenceVariant,rs121917720,Positive_Correlation,oligodontia,DiseaseOrPhenotypicFeature,C538049,train
17910065,PAX9,GeneOrGeneProduct,5083,Association,oligodontia,DiseaseOrPhenotypicFeature,C538049,train
18366737,FH,GeneOrGeneProduct,2271,Association,tricarboxylic acid,ChemicalEntity,D014233,train
18366737,FH,GeneOrGeneProduct,2271,Association,fumarase deficiency,DiseaseOrPhenotypicFeature,C538191,train
18366737,FH,GeneOrGeneProduct,2271,Association,tumor syndrome,DiseaseOrPhenotypicFeature,D009369,train
18366737,FH,GeneOrGeneProduct,2271,Association,MCUL,DiseaseOrPhenotypicFeature,C535516,train
18366737,FH,GeneOrGeneProduct,2271,Association,encephalopathy,DiseaseOrPhenotypicFeature,D001927,train
18827003,(G --> C) substitution at position 1201,SequenceVariant,c|SUB|G|1201|C,Positive_Correlation,glucocorticoid,ChemicalEntity,D005938,train
18827003,hypertension,DiseaseOrPhenotypicFeature,D006973,Association,glucocorticoid receptor,GeneOrGeneProduct,2908,train
18827003,obesity,DiseaseOrPhenotypicFeature,D009765,Association,glucocorticoid receptor,GeneOrGeneProduct,2908,train
18827003,glucocorticoid,ChemicalEntity,D005938,Association,cortisol,ChemicalEntity,D006854,train
18827003,glucocorticoid,ChemicalEntity,D005938,Association,dexamethasone,ChemicalEntity,D003907,train
18827003,glucocorticoid,ChemicalEntity,D005938,Bind,glucocorticoid receptor,GeneOrGeneProduct,2908,train
18827003,glucocorticoid,ChemicalEntity,D005938,Positive_Correlation,hypersensitivity,DiseaseOrPhenotypicFeature,D004342,train
18827003,aspartic acid to histidine substitution at amino acid position 401,SequenceVariant,p|SUB|D|401|H,Positive_Correlation,metabolic syndrome,DiseaseOrPhenotypicFeature,D008659,train
18827003,aspartic acid to histidine substitution at amino acid position 401,SequenceVariant,p|SUB|D|401|H,Positive_Correlation,hypertension,DiseaseOrPhenotypicFeature,D006973,train
18827003,aspartic acid to histidine substitution at amino acid position 401,SequenceVariant,p|SUB|D|401|H,Positive_Correlation,obesity,DiseaseOrPhenotypicFeature,D009765,train
18827003,aspartic acid to histidine substitution at amino acid position 401,SequenceVariant,p|SUB|D|401|H,Association,dexamethasone,ChemicalEntity,D003907,train
18827003,aspartic acid to histidine substitution at amino acid position 401,SequenceVariant,p|SUB|D|401|H,Positive_Correlation,glucocorticoid,ChemicalEntity,D005938,train
18827003,glucocorticoid receptor,GeneOrGeneProduct,2908,Association,metabolic syndrome,DiseaseOrPhenotypicFeature,D008659,train
18827003,glucocorticoid receptor,GeneOrGeneProduct,2908,Association,glucocorticoid receptor-interacting protein 1,GeneOrGeneProduct,23426,train
18827003,glucocorticoid receptor,GeneOrGeneProduct,2908,Association,dexamethasone,ChemicalEntity,D003907,train
18827003,hypersensitivity,DiseaseOrPhenotypicFeature,D004342,Association,(G --> C) substitution at position 1201,SequenceVariant,c|SUB|G|1201|C,train
18827003,hypersensitivity,DiseaseOrPhenotypicFeature,D004342,Association,aspartic acid to histidine substitution at amino acid position 401,SequenceVariant,p|SUB|D|401|H,train
18827003,hypersensitivity,DiseaseOrPhenotypicFeature,D004342,Association,glucocorticoid receptor,GeneOrGeneProduct,2908,train
20105280,Keratin 12,GeneOrGeneProduct,268482,Negative_Correlation,Ras,GeneOrGeneProduct,3265,train
20105280,Spry 2,GeneOrGeneProduct,24064,Negative_Correlation,Erk1,GeneOrGeneProduct,26417,train
20105280,Spry 2,GeneOrGeneProduct,24064,Negative_Correlation,Erk2,GeneOrGeneProduct,26413,train
20105280,Spry 2,GeneOrGeneProduct,24064,Negative_Correlation,Raf,GeneOrGeneProduct,109880,train
20105280,Spry 2,GeneOrGeneProduct,24064,Negative_Correlation,Ras,GeneOrGeneProduct,3265,train
20105280,Spry 1,GeneOrGeneProduct,24063,Negative_Correlation,Erk1,GeneOrGeneProduct,26417,train
20105280,Spry 1,GeneOrGeneProduct,24063,Negative_Correlation,Erk2,GeneOrGeneProduct,26413,train
20105280,Spry 1,GeneOrGeneProduct,24063,Negative_Correlation,Raf,GeneOrGeneProduct,109880,train
20105280,Spry 1,GeneOrGeneProduct,24063,Negative_Correlation,Ras,GeneOrGeneProduct,3265,train
20105280,p57Kip2,GeneOrGeneProduct,12577,Positive_Correlation,Ras,GeneOrGeneProduct,3265,train
20105280,cdk,GeneOrGeneProduct,12575,Negative_Correlation,p57Kip2,GeneOrGeneProduct,12577,train
20105280,cdk,GeneOrGeneProduct,12575,Negative_Correlation,p27Kip1,GeneOrGeneProduct,12576,train
20105280,p27Kip1,GeneOrGeneProduct,12576,Positive_Correlation,Ras,GeneOrGeneProduct,3265,train
20105280,Ras,GeneOrGeneProduct,3265,Positive_Correlation,Prox1,GeneOrGeneProduct,19130,train
20105280,Ras,GeneOrGeneProduct,3265,Association,cancers,DiseaseOrPhenotypicFeature,D009369,train
20105280,Ras,GeneOrGeneProduct,3265,Positive_Correlation,cyclin D1 and D2,GeneOrGeneProduct,12444,train
20105280,Ras,GeneOrGeneProduct,3265,Positive_Correlation,cyclin D1 and D2,GeneOrGeneProduct,12443,train
20846357,p.Asp50Asn,SequenceVariant,rs28931594,Positive_Correlation,keratitis-ichthyosis-deafness (KID) syndrome,DiseaseOrPhenotypicFeature,C536168,train
20846357,alanine for valine at position 88,SequenceVariant,p|SUB|A|88|V,Positive_Correlation,keratitis-ichthyosis-deafness (KID) syndrome,DiseaseOrPhenotypicFeature,C536168,train
20846357,c.263C>T,SequenceVariant,c|SUB|C|263|T,Positive_Correlation,keratitis-ichthyosis-deafness (KID) syndrome,DiseaseOrPhenotypicFeature,C536168,train
20846357,connexin 26,GeneOrGeneProduct,2706,Association,keratitis-ichthyosis-deafness (KID) syndrome,DiseaseOrPhenotypicFeature,C536168,train
20846357,hyperkeratosis,DiseaseOrPhenotypicFeature,D017488,Negative_Correlation,acitretin,ChemicalEntity,D017255,train
20846357,papillomatosis,DiseaseOrPhenotypicFeature,D010212,Negative_Correlation,acitretin,ChemicalEntity,D017255,train
20846357,acanthosis,DiseaseOrPhenotypicFeature,D000052,Negative_Correlation,acitretin,ChemicalEntity,D017255,train
20846357,keratitis-ichthyosis-deafness (KID) syndrome,DiseaseOrPhenotypicFeature,C536168,Negative_Correlation,acitretin,ChemicalEntity,D017255,train
25622904,G12D,SequenceVariant,rs121913529,Association,tumor,DiseaseOrPhenotypicFeature,D009369,train
25622904,Jun-B,GeneOrGeneProduct,16477,Association,Fbxw7,GeneOrGeneProduct,50754,train
25622904,Jun-B,GeneOrGeneProduct,16477,Association,p16,GeneOrGeneProduct,12578,train
25622904,tumor,DiseaseOrPhenotypicFeature,D009369,Association,Fbxw7,GeneOrGeneProduct,50754,train
25622904,p27,GeneOrGeneProduct,12576,Negative_Correlation,tumor,DiseaseOrPhenotypicFeature,D009369,train
25622904,p27,GeneOrGeneProduct,12576,Association,kras,GeneOrGeneProduct,16653,train
25622904,p21,GeneOrGeneProduct,12575,Negative_Correlation,tumor,DiseaseOrPhenotypicFeature,D009369,train
25622904,p21,GeneOrGeneProduct,12575,Association,kras,GeneOrGeneProduct,16653,train
25622904,DEPTOR,GeneOrGeneProduct,97998,Negative_Correlation,tumor,DiseaseOrPhenotypicFeature,D009369,train
25622904,DEPTOR,GeneOrGeneProduct,97998,Association,kras,GeneOrGeneProduct,16653,train
25622904,NFkappaB,GeneOrGeneProduct,18033,Negative_Correlation,tumor,DiseaseOrPhenotypicFeature,D009369,train
25622904,NFkappaB,GeneOrGeneProduct,18033,Association,kras,GeneOrGeneProduct,16653,train
25622904,kras,GeneOrGeneProduct,16653,Association,tumor,DiseaseOrPhenotypicFeature,D009369,train
25622904,kras,GeneOrGeneProduct,16653,Association,lung tumorigenesis,DiseaseOrPhenotypicFeature,D008175,train
25622904,Sag,GeneOrGeneProduct,19823,Association,NF1,GeneOrGeneProduct,18015,train
25622904,Sag,GeneOrGeneProduct,19823,Association,NOXA,GeneOrGeneProduct,58801,train
25622904,Sag,GeneOrGeneProduct,19823,Positive_Correlation,MAPK,GeneOrGeneProduct,26413,train
25622904,Sag,GeneOrGeneProduct,19823,Negative_Correlation,Jun-B,GeneOrGeneProduct,16477,train
25622904,Sag,GeneOrGeneProduct,19823,Negative_Correlation,p16,GeneOrGeneProduct,12578,train
25622904,Sag,GeneOrGeneProduct,19823,Association,tumor,DiseaseOrPhenotypicFeature,D009369,train
25622904,Sag,GeneOrGeneProduct,19823,Association,lung tumorigenesis,DiseaseOrPhenotypicFeature,D008175,train
25622904,Sag,GeneOrGeneProduct,19823,Association,p27,GeneOrGeneProduct,12576,train
25622904,Sag,GeneOrGeneProduct,19823,Association,p21,GeneOrGeneProduct,12575,train
25622904,Sag,GeneOrGeneProduct,19823,Association,DEPTOR,GeneOrGeneProduct,97998,train
25622904,Sag,GeneOrGeneProduct,19823,Association,NFkappaB,GeneOrGeneProduct,18033,train
25622904,Sag,GeneOrGeneProduct,19823,Positive_Correlation,kras,GeneOrGeneProduct,16653,train
26115410,inorganic arsenic,ChemicalEntity,D001152,Positive_Correlation,cancer,DiseaseOrPhenotypicFeature,D009369,train
28098423,cardiac dysfunction,DiseaseOrPhenotypicFeature,D006331,Association,Akt,GeneOrGeneProduct,24185,train
28098423,doxorubicin,ChemicalEntity,D004317,Positive_Correlation,cardiotoxicity,DiseaseOrPhenotypicFeature,D066126,train
28098423,doxorubicin,ChemicalEntity,D004317,Negative_Correlation,cancer,DiseaseOrPhenotypicFeature,D009369,train
28098423,doxorubicin,ChemicalEntity,D004317,Association,Akt,GeneOrGeneProduct,24185,train
28098423,doxorubicin,ChemicalEntity,D004317,Positive_Correlation,cardiac dysfunction,DiseaseOrPhenotypicFeature,D006331,train
28098423,Brain-derived neurotrophic factor,GeneOrGeneProduct,24225,Association,Bad,GeneOrGeneProduct,64639,train
28098423,Brain-derived neurotrophic factor,GeneOrGeneProduct,24225,Association,mammalian target of rapamycin,GeneOrGeneProduct,56718,train
28098423,Brain-derived neurotrophic factor,GeneOrGeneProduct,24225,Bind,tropomyosin-related kinase B,GeneOrGeneProduct,25054,train
28098423,Brain-derived neurotrophic factor,GeneOrGeneProduct,24225,Positive_Correlation,Akt,GeneOrGeneProduct,24185,train
28098423,Brain-derived neurotrophic factor,GeneOrGeneProduct,24225,Negative_Correlation,cardiac dysfunction,DiseaseOrPhenotypicFeature,D006331,train
28098423,Brain-derived neurotrophic factor,GeneOrGeneProduct,24225,Negative_Correlation,doxorubicin,ChemicalEntity,D004317,train
15042318,Atrial fibrillation,DiseaseOrPhenotypicFeature,D001281,Positive_Correlation,doxorubicin,ChemicalEntity,D004317,train
15042318,muscular dystrophy,DiseaseOrPhenotypicFeature,D009136,Positive_Correlation,doxorubicin,ChemicalEntity,D004317,train
15042318,gastric lymphoma,DiseaseOrPhenotypicFeature,C535648,Negative_Correlation,doxorubicin,ChemicalEntity,D004317,train
15042318,doxorubicin,ChemicalEntity,D004317,Positive_Correlation,cardiac toxicity,DiseaseOrPhenotypicFeature,D066126,train
15042318,doxorubicin,ChemicalEntity,D004317,Positive_Correlation,cardiac arrhythmias,DiseaseOrPhenotypicFeature,D001145,train
15184369,fura-2,ChemicalEntity,D016257,Positive_Correlation,Ca2+,ChemicalEntity,D002118,train
15184369,Delta695-725,SequenceVariant,p|DEL|695-725|,Association,Ca2+,ChemicalEntity,D002118,train
15184369,EGTA,ChemicalEntity,D004533,Association,Ca2+,ChemicalEntity,D002118,train
15184369,EGTA,ChemicalEntity,D004533,Association,TRPV6,GeneOrGeneProduct,55503,train
15184369,TRPV6,GeneOrGeneProduct,55503,Negative_Correlation,Ca2+,ChemicalEntity,D002118,train
15807692,3472delC,SequenceVariant,c|DEL|3472|C,Positive_Correlation,recessive dystrophic epidermolysis bullosa,DiseaseOrPhenotypicFeature,D016108,train
15807692,single base pair deletion of a cytosine nucleotide,SequenceVariant,c|DEL||C,Positive_Correlation,recessive dystrophic epidermolysis bullosa,DiseaseOrPhenotypicFeature,D016108,train
15807692,VII collagen,GeneOrGeneProduct,1294,Association,recessive dystrophic epidermolysis bullosa,DiseaseOrPhenotypicFeature,D016108,train
15807692,recessive dystrophic epidermolysis bullosa,DiseaseOrPhenotypicFeature,D016108,Positive_Correlation,G-->A,SequenceVariant,c|SUB|G||A,train
15807692,recessive dystrophic epidermolysis bullosa,DiseaseOrPhenotypicFeature,D016108,Positive_Correlation,IVS51 + 1G-->A,SequenceVariant,c|SUB|G|IVS51+1|A,train
16157158,Cys 23-Ser 23,SequenceVariant,rs6318,Association,seasonal affective disorder,DiseaseOrPhenotypicFeature,D016574,train
16157158,5-HT(2C) receptor,GeneOrGeneProduct,3358,Association,seasonal affective disorder,DiseaseOrPhenotypicFeature,D016574,train
17192049,A to G,SequenceVariant,rs1048943,Negative_Correlation,prostate cancer,DiseaseOrPhenotypicFeature,D011471,train
17192049,prostate cancer,DiseaseOrPhenotypicFeature,D011471,Association,T3801C,SequenceVariant,g|SUB|T|3801|C,train
17192049,prostate cancer,DiseaseOrPhenotypicFeature,D011471,Association,Cytochrome p4501A1,GeneOrGeneProduct,1543,train
18356633,hematologic/oncologic disorder,DiseaseOrPhenotypicFeature,D009369,Negative_Correlation,aminoglycoside,ChemicalEntity,D000617,train
18356633,hematologic/oncologic disorder,DiseaseOrPhenotypicFeature,D009369,Negative_Correlation,amikacin,ChemicalEntity,D000583,train
18356633,hematologic/oncologic disorder,DiseaseOrPhenotypicFeature,D006402,Negative_Correlation,aminoglycoside,ChemicalEntity,D000617,train
18356633,hematologic/oncologic disorder,DiseaseOrPhenotypicFeature,D006402,Negative_Correlation,amikacin,ChemicalEntity,D000583,train
18356633,nephrotoxicity,DiseaseOrPhenotypicFeature,D007674,Positive_Correlation,creatinine,ChemicalEntity,D003404,train
18356633,amikacin,ChemicalEntity,D000583,Negative_Correlation,infections,DiseaseOrPhenotypicFeature,D007239,train
18356633,amikacin,ChemicalEntity,D000583,Negative_Correlation,febrile neutropenia,DiseaseOrPhenotypicFeature,D009503,train
18356633,amikacin,ChemicalEntity,D000583,Positive_Correlation,nephrotoxicity,DiseaseOrPhenotypicFeature,D007674,train
19696792,rs2622604,SequenceVariant,rs2622604,Positive_Correlation,myelosuppression,DiseaseOrPhenotypicFeature,D001855,train
19696792,rs2622604,SequenceVariant,rs2622604,Positive_Correlation,irinotecan,ChemicalEntity,D000077146,train
19696792,myelosuppression,DiseaseOrPhenotypicFeature,D001855,Association,ABCG2,GeneOrGeneProduct,9429,train
19696792,irinotecan,ChemicalEntity,D000077146,Positive_Correlation,diarrhea,DiseaseOrPhenotypicFeature,D003967,train
19696792,irinotecan,ChemicalEntity,D000077146,Negative_Correlation,colorectal and lung cancers,DiseaseOrPhenotypicFeature,D015179,train
19696792,irinotecan,ChemicalEntity,D000077146,Negative_Correlation,colorectal and lung cancers,DiseaseOrPhenotypicFeature,D008175,train
19696792,irinotecan,ChemicalEntity,D000077146,Positive_Correlation,myelosuppression,DiseaseOrPhenotypicFeature,D001855,train
19696792,irinotecan,ChemicalEntity,D000077146,Association,ABCG2,GeneOrGeneProduct,9429,train
20226780,chordin,GeneOrGeneProduct,30161,Negative_Correlation,BMP1,GeneOrGeneProduct,30204,train
20226780,chordin,GeneOrGeneProduct,30161,Association,TGFbeta,GeneOrGeneProduct,359834,train
20226780,chordin-like,GeneOrGeneProduct,563085,Negative_Correlation,BMP1,GeneOrGeneProduct,30204,train
20226780,chordin-like,GeneOrGeneProduct,563085,Association,cysteine-rich domain-containing proteins,GeneOrGeneProduct,25884,train
20226780,chordin-like,GeneOrGeneProduct,563085,Association,cysteine-rich domain-containing proteins,GeneOrGeneProduct,91851,train
20226780,chordin-like,GeneOrGeneProduct,563085,Association,cysteine-rich domain-containing proteins,GeneOrGeneProduct,69121,train
20579626,type I collagen,GeneOrGeneProduct,1278,Association,bone fractures,DiseaseOrPhenotypicFeature,D050723,train
20579626,type I collagen,GeneOrGeneProduct,1278,Association,osteoporosis,DiseaseOrPhenotypicFeature,D010024,train
20579626,single base pair deletion,SequenceVariant,rs137853893,Association,recessive osteogenesis imperfecta,DiseaseOrPhenotypicFeature,D010013,train
20579626,recessive osteogenesis imperfecta,DiseaseOrPhenotypicFeature,D010013,Association,type I collagen,GeneOrGeneProduct,1278,train
20579626,recessive osteogenesis imperfecta,DiseaseOrPhenotypicFeature,D010013,Association,Osterix,GeneOrGeneProduct,121340,train
22051099,CXCR2,GeneOrGeneProduct,3579,Association,chronic periodontitis,DiseaseOrPhenotypicFeature,D055113,train
22051099,interleukin 8,GeneOrGeneProduct,3576,Association,inflammatory,DiseaseOrPhenotypicFeature,D007249,train
22051099,interleukin 8,GeneOrGeneProduct,3576,Association,chronic periodontitis,DiseaseOrPhenotypicFeature,D055113,train
22051099,CXCR1,GeneOrGeneProduct,3577,Association,inflammatory,DiseaseOrPhenotypicFeature,D007249,train
22051099,CXCR1,GeneOrGeneProduct,3577,Bind,interleukin 8,GeneOrGeneProduct,3576,train
22051099,CXCR1,GeneOrGeneProduct,3577,Association,lung cancer,DiseaseOrPhenotypicFeature,D008175,train
22051099,rs2234671,SequenceVariant,rs2234671,Negative_Correlation,lung cancer,DiseaseOrPhenotypicFeature,D008175,train
22303482,rs11079788,SequenceVariant,rs11079788,Negative_Correlation,atopic dermatitis,DiseaseOrPhenotypicFeature,D003876,train
22303482,rs12141189,SequenceVariant,rs12141189,Association,Peptidoglycan,ChemicalEntity,D010457,train
22303482,rs12141189,SequenceVariant,rs12141189,Association,Lipid A,ChemicalEntity,D008050,train
22303482,IFN-g,GeneOrGeneProduct,3458,Association,Lipid A,ChemicalEntity,D008050,train
22303482,GM-CSF,GeneOrGeneProduct,1437,Association,Peptidoglycan,ChemicalEntity,D010457,train
22303482,GM-CSF,GeneOrGeneProduct,1437,Association,Lipid A,ChemicalEntity,D008050,train
22303482,rs2738751,SequenceVariant,rs2738751,Association,Peptidoglycan,ChemicalEntity,D010457,train
22303482,rs2738751,SequenceVariant,rs2738751,Association,Lipid A,ChemicalEntity,D008050,train
22303482,rs17250932,SequenceVariant,rs17250932,Association,Lipid A,ChemicalEntity,D008050,train
22303482,TNF-a,GeneOrGeneProduct,7124,Association,Lipid A,ChemicalEntity,D008050,train
22303482,IL-13,GeneOrGeneProduct,3596,Association,Peptidoglycan,ChemicalEntity,D010457,train
22303482,IL-13,GeneOrGeneProduct,3596,Association,Lipid A,ChemicalEntity,D008050,train
22303482,IL-5,GeneOrGeneProduct,3567,Association,Peptidoglycan,ChemicalEntity,D010457,train
22303482,IL-5,GeneOrGeneProduct,3567,Association,Lipid A,ChemicalEntity,D008050,train
22303482,HLX1,GeneOrGeneProduct,3142,Association,IL-6,GeneOrGeneProduct,3569,train
22303482,HLX1,GeneOrGeneProduct,3142,Association,Dermatophagoides pteronyssinus 1,GeneOrGeneProduct,113791973,train
22303482,HLX1,GeneOrGeneProduct,3142,Association,IFN-g,GeneOrGeneProduct,3458,train
22303482,HLX1,GeneOrGeneProduct,3142,Association,GM-CSF,GeneOrGeneProduct,1437,train
22303482,HLX1,GeneOrGeneProduct,3142,Association,Peptidoglycan,ChemicalEntity,D010457,train
22303482,HLX1,GeneOrGeneProduct,3142,Association,Lipid A,ChemicalEntity,D008050,train
22303482,HLX1,GeneOrGeneProduct,3142,Association,TNF-a,GeneOrGeneProduct,7124,train
22303482,HLX1,GeneOrGeneProduct,3142,Association,IL-13,GeneOrGeneProduct,3596,train
22303482,HLX1,GeneOrGeneProduct,3142,Association,IL-5,GeneOrGeneProduct,3567,train
22303482,HLX1,GeneOrGeneProduct,3142,Association,asthma,DiseaseOrPhenotypicFeature,D001249,train
22303482,TBX21,GeneOrGeneProduct,30009,Association,atopic dermatitis,DiseaseOrPhenotypicFeature,D003876,train
22303482,TBX21,GeneOrGeneProduct,30009,Association,Lipid A,ChemicalEntity,D008050,train
22303482,TBX21,GeneOrGeneProduct,30009,Association,TNF-a,GeneOrGeneProduct,7124,train
22303482,TBX21,GeneOrGeneProduct,30009,Association,IL-13,GeneOrGeneProduct,3596,train
22303482,TBX21,GeneOrGeneProduct,30009,Association,IL-5,GeneOrGeneProduct,3567,train
22303482,TBX21,GeneOrGeneProduct,30009,Association,asthma,DiseaseOrPhenotypicFeature,D001249,train
23791840,embryopathy,DiseaseOrPhenotypicFeature,D005315,Association,Superoxide dismutase 1,GeneOrGeneProduct,20655,train
23791840,calnexin,GeneOrGeneProduct,12330,Positive_Correlation,maternal diabetes,DiseaseOrPhenotypicFeature,D016640,train
23791840,diabetic,DiseaseOrPhenotypicFeature,D003920,Association,Superoxide dismutase 1,GeneOrGeneProduct,20655,train
23791840,X-box binding protein,GeneOrGeneProduct,22433,Association,maternal diabetes,DiseaseOrPhenotypicFeature,D016640,train
23791840,kinases inositol-requiring protein-1a,GeneOrGeneProduct,78943,Association,maternal diabetes,DiseaseOrPhenotypicFeature,D016640,train
23791840,protein kinase ribonucleic acid (RNA)-like ER kinase,GeneOrGeneProduct,13666,Association,maternal diabetes,DiseaseOrPhenotypicFeature,D016640,train
23791840,eukaryotic initiation factor 2a,GeneOrGeneProduct,229317,Association,maternal diabetes,DiseaseOrPhenotypicFeature,D016640,train
23791840,maternal diabetes,DiseaseOrPhenotypicFeature,D016640,Positive_Correlation,C/EBP-homologous protein,GeneOrGeneProduct,13198,train
23791840,Superoxide dismutase 1,GeneOrGeneProduct,20655,Association,calnexin,GeneOrGeneProduct,12330,train
23791840,Superoxide dismutase 1,GeneOrGeneProduct,20655,Association,X-box binding protein,GeneOrGeneProduct,22433,train
23791840,Superoxide dismutase 1,GeneOrGeneProduct,20655,Association,kinases inositol-requiring protein-1a,GeneOrGeneProduct,78943,train
23791840,Superoxide dismutase 1,GeneOrGeneProduct,20655,Association,protein kinase ribonucleic acid (RNA)-like ER kinase,GeneOrGeneProduct,13666,train
23791840,Superoxide dismutase 1,GeneOrGeneProduct,20655,Association,eukaryotic initiation factor 2a,GeneOrGeneProduct,229317,train
23791840,Superoxide dismutase 1,GeneOrGeneProduct,20655,Association,C/EBP-homologous protein,GeneOrGeneProduct,13198,train
23791840,Superoxide dismutase 1,GeneOrGeneProduct,20655,Association,maternal diabetes,DiseaseOrPhenotypicFeature,D016640,train
26027517,TNFalpha,GeneOrGeneProduct,21926,Positive_Correlation,autotaxin,GeneOrGeneProduct,84050,train
26027517,radiation injury,DiseaseOrPhenotypicFeature,D011832,Association,GPCR,GeneOrGeneProduct,295589,train
26027517,radiation injury,DiseaseOrPhenotypicFeature,D011832,Association,LPA2,GeneOrGeneProduct,498609,train
26027517,radiation injury,DiseaseOrPhenotypicFeature,D011832,Association,autotaxin,GeneOrGeneProduct,84050,train
26027517,C311A,SequenceVariant,p|SUB|C|311|A,Association,L351A,SequenceVariant,p|SUB|L|351|A,train
26027517,C311A,SequenceVariant,p|SUB|C|311|A,Association,C314A,SequenceVariant,p|SUB|C|314|A,train
26027517,C314A,SequenceVariant,p|SUB|C|314|A,Association,L351A,SequenceVariant,p|SUB|L|351|A,train
26027517,AKT,GeneOrGeneProduct,11651,Association,LPA2,GeneOrGeneProduct,53978,train
26027517,PI3K,GeneOrGeneProduct,18708,Association,AKT,GeneOrGeneProduct,11651,train
26027517,PI3K,GeneOrGeneProduct,18708,Association,LPA2,GeneOrGeneProduct,53978,train
26027517,ERK1    '2,GeneOrGeneProduct,26417,Association,LPA2,GeneOrGeneProduct,53978,train
26027517,ERK1    '2,GeneOrGeneProduct,26413,Association,LPA2,GeneOrGeneProduct,53978,train
26027517,LPA1    '3,GeneOrGeneProduct,65086,Association,gamma-H2AX,GeneOrGeneProduct,15270,train
26027517,LPA1    '3,GeneOrGeneProduct,14745,Association,gamma-H2AX,GeneOrGeneProduct,15270,train
26027517,gamma-H2AX,GeneOrGeneProduct,500987,Association,LPA2,GeneOrGeneProduct,53978,train
26027517,ATM/ATR kinases,GeneOrGeneProduct,685055,Negative_Correlation,CGK-733,ChemicalEntity,C512273,train
26027517,ATM/ATR kinases,GeneOrGeneProduct,300711,Association,NF-kappaB,GeneOrGeneProduct,81736,train
26027517,ATM/ATR kinases,GeneOrGeneProduct,300711,Negative_Correlation,CGK-733,ChemicalEntity,C512273,train
26027517,LPA2,GeneOrGeneProduct,53978,Positive_Correlation,TNFalpha,GeneOrGeneProduct,21926,train
26027517,LPA2,GeneOrGeneProduct,53978,Association,c-Kit,GeneOrGeneProduct,16590,train
26027517,LPA2,GeneOrGeneProduct,53978,Association,Sca-1,GeneOrGeneProduct,110454,train
26027517,LPA2,GeneOrGeneProduct,53978,Association,Lin,GeneOrGeneProduct,83557,train
26027517,LPA2,GeneOrGeneProduct,53978,Association,gamma-H2AX,GeneOrGeneProduct,15270,train
26027517,LPA2,GeneOrGeneProduct,53978,Association,LPA1    '3,GeneOrGeneProduct,65086,train
26027517,LPA2,GeneOrGeneProduct,53978,Association,LPA1    '3,GeneOrGeneProduct,14745,train
26027517,LPA2,GeneOrGeneProduct,53978,Association,GPCR,GeneOrGeneProduct,295589,train
26027517,LPA2,GeneOrGeneProduct,498609,Association,gamma-H2AX,GeneOrGeneProduct,500987,train
26027517,LPA2,GeneOrGeneProduct,498609,Association,NF-kappaB,GeneOrGeneProduct,81736,train
26027517,LPA2,GeneOrGeneProduct,498609,Negative_Correlation,CGK-733,ChemicalEntity,C512273,train
26027517,LPA2,GeneOrGeneProduct,498609,Positive_Correlation,ATM/ATR kinases,GeneOrGeneProduct,300711,train
26027517,LPA2,GeneOrGeneProduct,498609,Association,GPCR,GeneOrGeneProduct,295589,train
26027517,autotaxin,GeneOrGeneProduct,84050,Association,GPCR,GeneOrGeneProduct,295589,train
26027517,autotaxin,GeneOrGeneProduct,84050,Association,LPA2,GeneOrGeneProduct,53978,train
26027517,autotaxin,GeneOrGeneProduct,84050,Association,LPA2,GeneOrGeneProduct,498609,train
28101574,microtubule-associated protein,GeneOrGeneProduct,4130,Association,hepatocellular carcinoma,DiseaseOrPhenotypicFeature,D006528,train
28101574,AKT,GeneOrGeneProduct,207,Association,hepatocellular carcinoma,DiseaseOrPhenotypicFeature,D006528,train
28101574,NEK2,GeneOrGeneProduct,4751,Association,metastasis of HCC,DiseaseOrPhenotypicFeature,D009362,train
28101574,NEK2,GeneOrGeneProduct,4751,Association,malignancies,DiseaseOrPhenotypicFeature,D009369,train
28101574,NEK2,GeneOrGeneProduct,4751,Positive_Correlation,microtubule-associated protein,GeneOrGeneProduct,4130,train
28101574,NEK2,GeneOrGeneProduct,4751,Positive_Correlation,AKT,GeneOrGeneProduct,207,train
28101574,NEK2,GeneOrGeneProduct,4751,Association,hepatocellular carcinoma,DiseaseOrPhenotypicFeature,D006528,train
15033202,Nijmegen breakage syndrome,DiseaseOrPhenotypicFeature,D049932,Association,NBS1,GeneOrGeneProduct,4683,train
15033202,Nijmegen breakage syndrome,DiseaseOrPhenotypicFeature,D049932,Positive_Correlation,5 nucleotide deletion,SequenceVariant,c|DEL||5,train
15198485,Lys198Asn,SequenceVariant,rs5370,Association,overweight,DiseaseOrPhenotypicFeature,D050177,train
15198485,Lys198Asn,SequenceVariant,rs5370,Association,obesity,DiseaseOrPhenotypicFeature,D009765,train
15198485,endothelin-1,GeneOrGeneProduct,1906,Association,overweight,DiseaseOrPhenotypicFeature,D050177,train
15198485,endothelin-1,GeneOrGeneProduct,1906,Association,obesity,DiseaseOrPhenotypicFeature,D009765,train
16120104,111G,SequenceVariant,c|Allele|G|111,Positive_Correlation,advanced sleep phase syndrome,DiseaseOrPhenotypicFeature,C565789,train
16120104,hPER2,GeneOrGeneProduct,8864,Association,advanced sleep phase syndrome,DiseaseOrPhenotypicFeature,C565789,train
17003357,1858C/T,SequenceVariant,rs2476601,Positive_Correlation,type 1 diabetes,DiseaseOrPhenotypicFeature,D003922,train
17003357,type 1 diabetes,DiseaseOrPhenotypicFeature,D003922,Association,PTPN22,GeneOrGeneProduct,26191,train
17003357,type 1 diabetes,DiseaseOrPhenotypicFeature,D003922,Positive_Correlation,2250G/C,SequenceVariant,rs56048322,train
17628794,valine (Val) to alanine (Ala) substitution at amino acid 16,SequenceVariant,p|SUB|V|16|A,Positive_Correlation,urolithiasis,DiseaseOrPhenotypicFeature,D052878,train
17628794,urolithiasis,DiseaseOrPhenotypicFeature,D052878,Association,Manganese superoxide dismutase,GeneOrGeneProduct,6648,train
17628794,Manganese superoxide dismutase,GeneOrGeneProduct,6648,Association,stone formation,DiseaseOrPhenotypicFeature,D002137,train
19160446,P2RX7,GeneOrGeneProduct,5027,Association,bipolar and unipolar disorder,DiseaseOrPhenotypicFeature,D003866,train
19160446,P2RX7,GeneOrGeneProduct,5027,Association,bipolar and unipolar disorder,DiseaseOrPhenotypicFeature,D001714,train
19549709,mammalian target of rapamycin,GeneOrGeneProduct,2475,Association,NSCLC,DiseaseOrPhenotypicFeature,D002289,train
19549709,everolimus,ChemicalEntity,D000068338,Negative_Correlation,mammalian target of rapamycin,GeneOrGeneProduct,2475,train
19549709,everolimus,ChemicalEntity,D000068338,Negative_Correlation,NSCLC,DiseaseOrPhenotypicFeature,D002289,train
19549709,EGFR,GeneOrGeneProduct,1956,Association,NSCLC,DiseaseOrPhenotypicFeature,D002289,train
19549709,platinum,ChemicalEntity,D010984,Negative_Correlation,NSCLC,DiseaseOrPhenotypicFeature,D002289,train
19891556,Clopidogrel,ChemicalEntity,D000077144,Association,CYP2C19,GeneOrGeneProduct,1557,train
19891556,Clopidogrel,ChemicalEntity,D000077144,Negative_Correlation,coronary artery disease,DiseaseOrPhenotypicFeature,D003324,train
20367983,tumor,DiseaseOrPhenotypicFeature,D009369,Negative_Correlation,MEN1,GeneOrGeneProduct,4221,train
20367983,cytosine insertion,SequenceVariant,c|INS||C,Positive_Correlation,multiple endocrine neoplasia type 1,DiseaseOrPhenotypicFeature,D018761,train
20367983,cytosine insertion,SequenceVariant,c|INS||C,Positive_Correlation,pituitary adenoma,DiseaseOrPhenotypicFeature,D010911,train
20367983,cytosine insertion,SequenceVariant,c|INS||C,Positive_Correlation,parathyroid hyperplasia,DiseaseOrPhenotypicFeature,D006965,train
20367983,MEN1,GeneOrGeneProduct,4221,Association,multiple endocrine neoplasia type 1,DiseaseOrPhenotypicFeature,D018761,train
20367983,MEN1,GeneOrGeneProduct,4221,Association,pituitary adenoma,DiseaseOrPhenotypicFeature,D010911,train
20367983,MEN1,GeneOrGeneProduct,4221,Association,parathyroid hyperplasia,DiseaseOrPhenotypicFeature,D006965,train
20367983,c.1546_1547insC,SequenceVariant,c|INS|1546_1547|C,Positive_Correlation,multiple endocrine neoplasia type 1,DiseaseOrPhenotypicFeature,D018761,train
20367983,c.1546_1547insC,SequenceVariant,c|INS|1546_1547|C,Positive_Correlation,pituitary adenoma,DiseaseOrPhenotypicFeature,D010911,train
20367983,c.1546_1547insC,SequenceVariant,c|INS|1546_1547|C,Positive_Correlation,parathyroid hyperplasia,DiseaseOrPhenotypicFeature,D006965,train
20367983,c.1546_1547insC,SequenceVariant,c|INS|1546_1547|C,Association,IVS3 + 18C > T,SequenceVariant,c|SUB|C|IVS3+18|T,train
22180037,A > G at nucleotide 313,SequenceVariant,rs1695,Association,benign prostate hyperplasia,DiseaseOrPhenotypicFeature,D011470,train
22180037,A > G at nucleotide 313,SequenceVariant,rs1695,Positive_Correlation,prostate cancer,DiseaseOrPhenotypicFeature,D011471,train
22180037,glutathione-S-transferase P1,GeneOrGeneProduct,2950,Association,benign prostate hyperplasia,DiseaseOrPhenotypicFeature,D011470,train
22180037,glutathione-S-transferase P1,GeneOrGeneProduct,2950,Association,prostate cancer,DiseaseOrPhenotypicFeature,D011471,train
24742750,Citalopram,ChemicalEntity,D015283,Positive_Correlation,Torsade de Pointes,DiseaseOrPhenotypicFeature,D016171,train
24742750,Terfenadine,ChemicalEntity,D016593,Positive_Correlation,Torsade de Pointes,DiseaseOrPhenotypicFeature,D016171,train
26270232,tumour,DiseaseOrPhenotypicFeature,D009369,Association,des-gamma-carboxy prothrombin,GeneOrGeneProduct,2147,train
26270232,tumour,DiseaseOrPhenotypicFeature,D009369,Association,alpha-fetoprotein,GeneOrGeneProduct,174,train
26270232,thrombopoietin,GeneOrGeneProduct,7066,Association,cirrhotic,DiseaseOrPhenotypicFeature,D008103,train
26270232,hepatocellular carcinoma,DiseaseOrPhenotypicFeature,D006528,Positive_Correlation,thrombopoietin,GeneOrGeneProduct,7066,train
26270232,hepatocellular carcinoma,DiseaseOrPhenotypicFeature,D006528,Positive_Correlation,chemokines,GeneOrGeneProduct,3576,train
26270232,hepatocellular carcinoma,DiseaseOrPhenotypicFeature,D006528,Positive_Correlation,chemokines,GeneOrGeneProduct,6374,train
26270232,hepatocellular carcinoma,DiseaseOrPhenotypicFeature,D006528,Positive_Correlation,chemokines,GeneOrGeneProduct,6352,train
26270232,hepatocellular carcinoma,DiseaseOrPhenotypicFeature,D006528,Positive_Correlation,chemokines,GeneOrGeneProduct,6351,train
26270232,hepatocellular carcinoma,DiseaseOrPhenotypicFeature,D006528,Positive_Correlation,chemokines,GeneOrGeneProduct,6348,train
26270232,hepatocellular carcinoma,DiseaseOrPhenotypicFeature,D006528,Positive_Correlation,chemokines,GeneOrGeneProduct,6347,train
26270232,chemokines,GeneOrGeneProduct,3576,Association,cirrhotic,DiseaseOrPhenotypicFeature,D008103,train
26270232,chemokines,GeneOrGeneProduct,6374,Association,cirrhotic,DiseaseOrPhenotypicFeature,D008103,train
26270232,chemokines,GeneOrGeneProduct,6352,Association,cirrhotic,DiseaseOrPhenotypicFeature,D008103,train
26270232,chemokines,GeneOrGeneProduct,6351,Association,cirrhotic,DiseaseOrPhenotypicFeature,D008103,train
26270232,chemokines,GeneOrGeneProduct,6348,Association,cirrhotic,DiseaseOrPhenotypicFeature,D008103,train
26270232,chemokines,GeneOrGeneProduct,6347,Association,cirrhotic,DiseaseOrPhenotypicFeature,D008103,train
26270232,neopterin,ChemicalEntity,D019798,Association,inflammatory,DiseaseOrPhenotypicFeature,D007249,train
26270232,inflammatory,DiseaseOrPhenotypicFeature,D007249,Association,chemokines,GeneOrGeneProduct,3576,train
26270232,inflammatory,DiseaseOrPhenotypicFeature,D007249,Association,chemokines,GeneOrGeneProduct,6374,train
26270232,inflammatory,DiseaseOrPhenotypicFeature,D007249,Association,chemokines,GeneOrGeneProduct,6352,train
26270232,inflammatory,DiseaseOrPhenotypicFeature,D007249,Association,chemokines,GeneOrGeneProduct,6351,train
26270232,inflammatory,DiseaseOrPhenotypicFeature,D007249,Association,chemokines,GeneOrGeneProduct,6348,train
26270232,inflammatory,DiseaseOrPhenotypicFeature,D007249,Association,chemokines,GeneOrGeneProduct,6347,train
26270232,inflammatory,DiseaseOrPhenotypicFeature,D007249,Association,IL-6,GeneOrGeneProduct,3569,train
26270232,CRP,GeneOrGeneProduct,1401,Association,inflammatory,DiseaseOrPhenotypicFeature,D007249,train
28883039,DDB,GeneOrGeneProduct,76895,Association,spinal muscular atrophy,DiseaseOrPhenotypicFeature,D009134,train
28883039,DDB,GeneOrGeneProduct,76895,Association,dynactin,GeneOrGeneProduct,1639,train
28883039,DDB,GeneOrGeneProduct,76895,Association,dynein,GeneOrGeneProduct,1778,train
28883039,DDB,GeneOrGeneProduct,76895,Association,BICD2,GeneOrGeneProduct,23299,train
28883039,GTPase Rab6a,GeneOrGeneProduct,5870,Positive_Correlation,DDB,GeneOrGeneProduct,76895,train
28883039,GTPase Rab6a,GeneOrGeneProduct,5870,Positive_Correlation,dynactin,GeneOrGeneProduct,1639,train
28883039,GTPase Rab6a,GeneOrGeneProduct,5870,Positive_Correlation,dynein,GeneOrGeneProduct,1778,train
28883039,dynactin,GeneOrGeneProduct,1639,Association,spinal muscular atrophy,DiseaseOrPhenotypicFeature,D009134,train
28883039,dynein,GeneOrGeneProduct,1778,Association,spinal muscular atrophy,DiseaseOrPhenotypicFeature,D009134,train
28883039,dynein,GeneOrGeneProduct,1778,Bind,dynactin,GeneOrGeneProduct,1639,train
28883039,BICD2,GeneOrGeneProduct,23299,Association,spinal muscular atrophy,DiseaseOrPhenotypicFeature,D009134,train
28883039,BICD2,GeneOrGeneProduct,23299,Bind,dynactin,GeneOrGeneProduct,1639,train
28883039,BICD2,GeneOrGeneProduct,23299,Bind,dynein,GeneOrGeneProduct,1778,train
29045486,alcohol,ChemicalEntity,D000438,Positive_Correlation,impaired mitochondrial function,DiseaseOrPhenotypicFeature,D028361,train
29045486,alcohol,ChemicalEntity,D000438,Positive_Correlation,excitotoxicity,DiseaseOrPhenotypicFeature,D064420,train
29045486,alcohol,ChemicalEntity,D000438,Positive_Correlation,inflammation,DiseaseOrPhenotypicFeature,D007249,train
29045486,Thiamine,ChemicalEntity,D013831,Negative_Correlation,hypoxia inducible factor-1a,GeneOrGeneProduct,15251,train
29045486,Thiamine,ChemicalEntity,D013831,Association,Thiamine deficiency,DiseaseOrPhenotypicFeature,D013832,train
29045486,YC1,GeneOrGeneProduct,56878,Association,Thiamine deficiency,DiseaseOrPhenotypicFeature,D013832,train
29045486,inflammation,DiseaseOrPhenotypicFeature,D007249,Association,Noxa,GeneOrGeneProduct,58801,train
29045486,inflammation,DiseaseOrPhenotypicFeature,D007249,Association,Nix,GeneOrGeneProduct,12177,train
29045486,inflammation,DiseaseOrPhenotypicFeature,D007249,Association,BNIP3,GeneOrGeneProduct,12176,train
29045486,inflammation,DiseaseOrPhenotypicFeature,D007249,Association,MCP1,GeneOrGeneProduct,20296,train
29045486,ischemia,DiseaseOrPhenotypicFeature,D007511,Association,hypoxia inducible factor-1a,GeneOrGeneProduct,15251,train
29045486,hypoxia,DiseaseOrPhenotypicFeature,D000860,Association,hypoxia inducible factor-1a,GeneOrGeneProduct,15251,train
29045486,hypoxia inducible factor-1a,GeneOrGeneProduct,15251,Negative_Correlation,YC1,GeneOrGeneProduct,56878,train
29045486,hypoxia inducible factor-1a,GeneOrGeneProduct,15251,Association,inflammation,DiseaseOrPhenotypicFeature,D007249,train
29045486,hypoxia inducible factor-1a,GeneOrGeneProduct,15251,Association,Noxa,GeneOrGeneProduct,58801,train
29045486,hypoxia inducible factor-1a,GeneOrGeneProduct,15251,Association,Nix,GeneOrGeneProduct,12177,train
29045486,hypoxia inducible factor-1a,GeneOrGeneProduct,15251,Association,BNIP3,GeneOrGeneProduct,12176,train
29045486,hypoxia inducible factor-1a,GeneOrGeneProduct,15251,Association,MCP1,GeneOrGeneProduct,20296,train
29045486,Thiamine deficiency,DiseaseOrPhenotypicFeature,D013832,Positive_Correlation,alcohol,ChemicalEntity,D000438,train
29045486,Thiamine deficiency,DiseaseOrPhenotypicFeature,D013832,Association,Annexin V,GeneOrGeneProduct,11747,train
29045486,Thiamine deficiency,DiseaseOrPhenotypicFeature,D013832,Association,Noxa,GeneOrGeneProduct,58801,train
29045486,Thiamine deficiency,DiseaseOrPhenotypicFeature,D013832,Association,Nix,GeneOrGeneProduct,12177,train
29045486,Thiamine deficiency,DiseaseOrPhenotypicFeature,D013832,Association,BNIP3,GeneOrGeneProduct,12176,train
29045486,Thiamine deficiency,DiseaseOrPhenotypicFeature,D013832,Association,MCP1,GeneOrGeneProduct,20296,train
29045486,Thiamine deficiency,DiseaseOrPhenotypicFeature,D013832,Positive_Correlation,hypoxia inducible factor-1a,GeneOrGeneProduct,15251,train
15602202,antibiotic,ChemicalEntity,D000900,Positive_Correlation,renal injury,DiseaseOrPhenotypicFeature,D007674,train
15602202,antibiotic,ChemicalEntity,D000900,Positive_Correlation,interstitial nephritis,DiseaseOrPhenotypicFeature,D009395,train
15602202,corticosteroid,ChemicalEntity,D000305,Negative_Correlation,interstitial nephritis,DiseaseOrPhenotypicFeature,D009395,train
15602202,interstitial nephritis,DiseaseOrPhenotypicFeature,D009395,Positive_Correlation,azithromycin,ChemicalEntity,D017963,train
16160878,urotensin-II,GeneOrGeneProduct,24111,Positive_Correlation,bradycardia,DiseaseOrPhenotypicFeature,D001919,train
16160878,urotensin-II,GeneOrGeneProduct,24111,Positive_Correlation,hypertension,DiseaseOrPhenotypicFeature,D006973,train
16160878,urotensin-II,GeneOrGeneProduct,24111,Positive_Correlation,thyrotropin,GeneOrGeneProduct,12640,train
16160878,urotensin-II,GeneOrGeneProduct,24111,Positive_Correlation,prolactin,GeneOrGeneProduct,19109,train
16160878,urotensin-II,GeneOrGeneProduct,24111,Association,psychiatric disorders,DiseaseOrPhenotypicFeature,D001523,train
16160878,urotensin-II,GeneOrGeneProduct,24111,Positive_Correlation,depressant,DiseaseOrPhenotypicFeature,D003866,train
16160878,urotensin-II,GeneOrGeneProduct,24111,Positive_Correlation,anxiogenic,DiseaseOrPhenotypicFeature,D001008,train
16288199,Nitric oxide,ChemicalEntity,D009569,Association,neurological and non-neurological disorders,DiseaseOrPhenotypicFeature,D009422,train
16288199,(CCTTT)14,SequenceVariant,c|DUP||CCTTT|14,Association,primary open angle glaucoma,DiseaseOrPhenotypicFeature,D005902,train
16288199,primary open angle glaucoma,DiseaseOrPhenotypicFeature,D005902,Association,(CCTTT)13,SequenceVariant,c|DUP||CCTTT|13,train
16288199,primary open angle glaucoma,DiseaseOrPhenotypicFeature,D005902,Association,(CCTTT)10,SequenceVariant,c|DUP||CCTTT|10,train
16288199,nitric oxide synthase,GeneOrGeneProduct,4843,Association,blindness,DiseaseOrPhenotypicFeature,D001766,train
16288199,nitric oxide synthase,GeneOrGeneProduct,4843,Association,glaucoma,DiseaseOrPhenotypicFeature,D005901,train
16288199,nitric oxide synthase,GeneOrGeneProduct,4843,Association,primary open angle glaucoma,DiseaseOrPhenotypicFeature,D005902,train
16391785,Trichostatin A,ChemicalEntity,C012589,Negative_Correlation,lung cancer,DiseaseOrPhenotypicFeature,D008175,train
16391785,Trichostatin A,ChemicalEntity,C012589,Positive_Correlation,DOCK8,GeneOrGeneProduct,81704,train
16391785,5-Aza-2'-deoxy-cytidine,ChemicalEntity,D000077209,Negative_Correlation,lung cancer,DiseaseOrPhenotypicFeature,D008175,train
16391785,5-Aza-2'-deoxy-cytidine,ChemicalEntity,D000077209,Positive_Correlation,DOCK8,GeneOrGeneProduct,81704,train
16391785,DOCK8,GeneOrGeneProduct,81704,Association,lung and other cancers,DiseaseOrPhenotypicFeature,D009369,train
16391785,DOCK8,GeneOrGeneProduct,81704,Negative_Correlation,breast cancer,DiseaseOrPhenotypicFeature,D001943,train
16391785,DOCK8,GeneOrGeneProduct,81704,Negative_Correlation,lung cancer,DiseaseOrPhenotypicFeature,D008175,train
17250663,p.D572H,SequenceVariant,rs121908072,Positive_Correlation,hearing loss,DiseaseOrPhenotypicFeature,D034381,train
17250663,DFNA36,GeneOrGeneProduct,117531,Association,hearing loss,DiseaseOrPhenotypicFeature,D034381,train
17318851,craniofacial syndromes,DiseaseOrPhenotypicFeature,D019465,Association,fibroblast growth factor receptor 1,GeneOrGeneProduct,2260,train
17318851,craniofacial syndromes,DiseaseOrPhenotypicFeature,D019465,Association,Interferon regulatory factor 6,GeneOrGeneProduct,3664,train
17318851,rs7802,SequenceVariant,rs7802,Positive_Correlation,Van der Woude and popliteal pterygium syndromes,DiseaseOrPhenotypicFeature,C562509,train
17318851,rs7802,SequenceVariant,rs7802,Positive_Correlation,Van der Woude and popliteal pterygium syndromes,DiseaseOrPhenotypicFeature,C536528,train
17318851,rs7802,SequenceVariant,rs7802,Association,orofacial clefts,DiseaseOrPhenotypicFeature,C566121,train
17318851,rs7802,SequenceVariant,rs7802,Association,tooth agenesis,DiseaseOrPhenotypicFeature,D000848,train
17318851,V274I,SequenceVariant,rs2235371,Positive_Correlation,Van der Woude and popliteal pterygium syndromes,DiseaseOrPhenotypicFeature,C562509,train
17318851,V274I,SequenceVariant,rs2235371,Positive_Correlation,Van der Woude and popliteal pterygium syndromes,DiseaseOrPhenotypicFeature,C536528,train
17318851,V274I,SequenceVariant,rs2235371,Association,orofacial clefts,DiseaseOrPhenotypicFeature,C566121,train
17318851,V274I,SequenceVariant,rs2235371,Association,tooth agenesis,DiseaseOrPhenotypicFeature,D000848,train
17318851,rs17015215,SequenceVariant,rs17015215,Positive_Correlation,Van der Woude and popliteal pterygium syndromes,DiseaseOrPhenotypicFeature,C562509,train
17318851,rs17015215,SequenceVariant,rs17015215,Positive_Correlation,Van der Woude and popliteal pterygium syndromes,DiseaseOrPhenotypicFeature,C536528,train
17318851,rs17015215,SequenceVariant,rs17015215,Association,orofacial clefts,DiseaseOrPhenotypicFeature,C566121,train
17318851,rs17015215,SequenceVariant,rs17015215,Association,tooth agenesis,DiseaseOrPhenotypicFeature,D000848,train
17318851,rs861019,SequenceVariant,rs861019,Positive_Correlation,Van der Woude and popliteal pterygium syndromes,DiseaseOrPhenotypicFeature,C562509,train
17318851,rs861019,SequenceVariant,rs861019,Positive_Correlation,Van der Woude and popliteal pterygium syndromes,DiseaseOrPhenotypicFeature,C536528,train
17318851,rs861019,SequenceVariant,rs861019,Association,orofacial clefts,DiseaseOrPhenotypicFeature,C566121,train
17318851,rs861019,SequenceVariant,rs861019,Association,tooth agenesis,DiseaseOrPhenotypicFeature,D000848,train
17318851,fibroblast growth factor receptor 1,GeneOrGeneProduct,2260,Association,tooth agenesis,DiseaseOrPhenotypicFeature,D000848,train
17318851,Interferon regulatory factor 6,GeneOrGeneProduct,3664,Association,TGFA,GeneOrGeneProduct,7039,train
17318851,Interferon regulatory factor 6,GeneOrGeneProduct,3664,Association,MSX1,GeneOrGeneProduct,4487,train
17318851,Interferon regulatory factor 6,GeneOrGeneProduct,3664,Association,Van der Woude and popliteal pterygium syndromes,DiseaseOrPhenotypicFeature,C562509,train
17318851,Interferon regulatory factor 6,GeneOrGeneProduct,3664,Association,Van der Woude and popliteal pterygium syndromes,DiseaseOrPhenotypicFeature,C536528,train
17318851,Interferon regulatory factor 6,GeneOrGeneProduct,3664,Association,orofacial clefts,DiseaseOrPhenotypicFeature,C566121,train
17318851,Interferon regulatory factor 6,GeneOrGeneProduct,3664,Association,tooth agenesis,DiseaseOrPhenotypicFeature,D000848,train
17951029,glutamic acid residue (GAA) to a premature termination codon (TAA),SequenceVariant,p|SUB|E||X,Positive_Correlation,Focal dermal hypoplasia,DiseaseOrPhenotypicFeature,D005489,train
17951029,G>T substitution at nucleotide c.898,SequenceVariant,c|SUB|G|898|T,Positive_Correlation,Focal dermal hypoplasia,DiseaseOrPhenotypicFeature,D005489,train
17951029,Focal dermal hypoplasia,DiseaseOrPhenotypicFeature,D005489,Association,PORCN,GeneOrGeneProduct,64840,train
17951029,p.E300X,SequenceVariant,p|SUB|E|300|X,Positive_Correlation,Focal dermal hypoplasia,DiseaseOrPhenotypicFeature,D005489,train
19110214,c.6799G --> A,SequenceVariant,rs545688154,Association,calcium,ChemicalEntity,D002118,train
19110214,recessive skeletal dysplasia,DiseaseOrPhenotypicFeature,D010009,Association,chondroitin sulfate proteoglycan 4,GeneOrGeneProduct,1464,train
19110214,recessive skeletal dysplasia,DiseaseOrPhenotypicFeature,D010009,Association,tenascin-C,GeneOrGeneProduct,3371,train
19110214,recessive skeletal dysplasia,DiseaseOrPhenotypicFeature,D010009,Positive_Correlation,c.6799G --> A,SequenceVariant,rs545688154,train
19110214,aggrecan,GeneOrGeneProduct,176,Association,tenascin-C,GeneOrGeneProduct,3371,train
19110214,aggrecan,GeneOrGeneProduct,176,Association,recessive skeletal dysplasia,DiseaseOrPhenotypicFeature,D010009,train
19592582,hepcidin,GeneOrGeneProduct,57817,Association,iron-refractory iron deficiency anemia,DiseaseOrPhenotypicFeature,C562385,train
19592582,iron-refractory iron deficiency anemia,DiseaseOrPhenotypicFeature,C562385,Positive_Correlation,A118D,SequenceVariant,p|SUB|A|118|D,train
19592582,iron-refractory iron deficiency anemia,DiseaseOrPhenotypicFeature,C562385,Positive_Correlation,c.468C>T,SequenceVariant,c|SUB|C|468|T,train
19592582,iron-refractory iron deficiency anemia,DiseaseOrPhenotypicFeature,C562385,Positive_Correlation,c.467C>A,SequenceVariant,c|SUB|C|467|A,train
19592582,iron-refractory iron deficiency anemia,DiseaseOrPhenotypicFeature,C562385,Positive_Correlation,2172_2173insCCCC,SequenceVariant,c|INS|2172_2173|CCCC,train
19592582,iron-refractory iron deficiency anemia,DiseaseOrPhenotypicFeature,C562385,Positive_Correlation,insertion of the four nucleotides CCCC,SequenceVariant,c|INS||CCCC,train
19592582,iron-refractory iron deficiency anemia,DiseaseOrPhenotypicFeature,C562385,Positive_Correlation,P686fs,SequenceVariant,p|FS|P|686||,train
19592582,iron,ChemicalEntity,D007501,Association,iron deficiency anemia,DiseaseOrPhenotypicFeature,D018798,train
19592582,Matriptase-2,GeneOrGeneProduct,164656,Negative_Correlation,hepcidin,GeneOrGeneProduct,57817,train
19592582,Matriptase-2,GeneOrGeneProduct,164656,Association,iron-refractory iron deficiency anemia,DiseaseOrPhenotypicFeature,C562385,train
19592582,Matriptase-2,GeneOrGeneProduct,164656,Association,iron deficiency anemia,DiseaseOrPhenotypicFeature,D018798,train
19841052,HIV seroconversion,DiseaseOrPhenotypicFeature,D006679,Positive_Correlation,crack cocaine,ChemicalEntity,D016578,train
19841052,crack cocaine,ChemicalEntity,D016578,Positive_Correlation,HIV infection,DiseaseOrPhenotypicFeature,D015658,train
21666969,IL-6,GeneOrGeneProduct,3569,Association,weight loss,DiseaseOrPhenotypicFeature,D015431,train
21666969,leptin,GeneOrGeneProduct,3952,Association,weight loss,DiseaseOrPhenotypicFeature,D015431,train
21666969,resistin,GeneOrGeneProduct,56729,Association,weight loss,DiseaseOrPhenotypicFeature,D015431,train
21666969,cannabinoid receptor,GeneOrGeneProduct,1268,Association,obese,DiseaseOrPhenotypicFeature,D009765,train
21666969,cannabinoid receptor,GeneOrGeneProduct,1268,Association,weight loss,DiseaseOrPhenotypicFeature,D015431,train
21666969,G1359A,SequenceVariant,rs1049353,Association,weight loss,DiseaseOrPhenotypicFeature,D015431,train
21810259,IDO,GeneOrGeneProduct,3620,Association,HIV-1-infected,DiseaseOrPhenotypicFeature,D015658,train
21810259,IDO,GeneOrGeneProduct,3620,Association,depressive,DiseaseOrPhenotypicFeature,D000275,train
21810259,tryptophan,ChemicalEntity,D014364,Association,"indoleamine 2,3 dioxygenase",GeneOrGeneProduct,15930,train
21810259,tryptophan,ChemicalEntity,D014364,Association,depressive,DiseaseOrPhenotypicFeature,D000275,train
21810259,IFNg,GeneOrGeneProduct,15978,Association,p38 mitogen-activated protein kinase,GeneOrGeneProduct,26416,train
21810259,"indoleamine 2,3 dioxygenase",GeneOrGeneProduct,15930,Association,IFNg,GeneOrGeneProduct,15978,train
21810259,"indoleamine 2,3 dioxygenase",GeneOrGeneProduct,15930,Association,p38 mitogen-activated protein kinase,GeneOrGeneProduct,26416,train
21810259,"indoleamine 2,3 dioxygenase",GeneOrGeneProduct,15930,Association,depressive,DiseaseOrPhenotypicFeature,D000275,train
21810259,"indoleamine 2,3 dioxygenase",GeneOrGeneProduct,15930,Positive_Correlation,Tat,GeneOrGeneProduct,155871,train
21810259,SB 202190,ChemicalEntity,C090942,Negative_Correlation,serotonin transporter,GeneOrGeneProduct,15567,train
21810259,SB 202190,ChemicalEntity,C090942,Negative_Correlation,inducible isoform of nitric oxide synthase,GeneOrGeneProduct,18126,train
21810259,SB 202190,ChemicalEntity,C090942,Negative_Correlation,IL-6,GeneOrGeneProduct,16193,train
21810259,SB 202190,ChemicalEntity,C090942,Negative_Correlation,TNFa,GeneOrGeneProduct,21926,train
21810259,SB 202190,ChemicalEntity,C090942,Negative_Correlation,"indoleamine 2,3 dioxygenase",GeneOrGeneProduct,15930,train
21810259,SB 202190,ChemicalEntity,C090942,Negative_Correlation,Tat,GeneOrGeneProduct,155871,train
21810259,p38 mitogen-activated protein kinase,GeneOrGeneProduct,26416,Association,HIV-1-infected,DiseaseOrPhenotypicFeature,D015658,train
21810259,p38 mitogen-activated protein kinase,GeneOrGeneProduct,26416,Negative_Correlation,SB 202190,ChemicalEntity,C090942,train
21810259,p38 mitogen-activated protein kinase,GeneOrGeneProduct,26416,Association,depressive,DiseaseOrPhenotypicFeature,D000275,train
21810259,Tat,GeneOrGeneProduct,155871,Association,IFNg,GeneOrGeneProduct,15978,train
21810259,Tat,GeneOrGeneProduct,155871,Positive_Correlation,serotonin transporter,GeneOrGeneProduct,15567,train
21810259,Tat,GeneOrGeneProduct,155871,Positive_Correlation,inducible isoform of nitric oxide synthase,GeneOrGeneProduct,18126,train
21810259,Tat,GeneOrGeneProduct,155871,Positive_Correlation,IL-6,GeneOrGeneProduct,16193,train
21810259,Tat,GeneOrGeneProduct,155871,Positive_Correlation,TNFa,GeneOrGeneProduct,21926,train
21810259,Tat,GeneOrGeneProduct,155871,Association,p38 mitogen-activated protein kinase,GeneOrGeneProduct,26416,train
21810259,Tat,GeneOrGeneProduct,155871,Positive_Correlation,depressive,DiseaseOrPhenotypicFeature,D000275,train
25979836,P-21-activated kinases,GeneOrGeneProduct,311450,Positive_Correlation,neurotransmitters,ChemicalEntity,D018377,train
25979836,P-21-activated kinases,GeneOrGeneProduct,311450,Positive_Correlation,Gastrointestinal hormones,ChemicalEntity,D005768,train
25979836,P-21-activated kinases,GeneOrGeneProduct,296078,Positive_Correlation,neurotransmitters,ChemicalEntity,D018377,train
25979836,P-21-activated kinases,GeneOrGeneProduct,296078,Positive_Correlation,Gastrointestinal hormones,ChemicalEntity,D005768,train
25979836,P-21-activated kinases,GeneOrGeneProduct,29433,Positive_Correlation,neurotransmitters,ChemicalEntity,D018377,train
25979836,P-21-activated kinases,GeneOrGeneProduct,29433,Positive_Correlation,Gastrointestinal hormones,ChemicalEntity,D005768,train
25979836,P-21-activated kinases,GeneOrGeneProduct,29431,Positive_Correlation,neurotransmitters,ChemicalEntity,D018377,train
25979836,P-21-activated kinases,GeneOrGeneProduct,29431,Positive_Correlation,Gastrointestinal hormones,ChemicalEntity,D005768,train
25979836,P-21-activated kinases,GeneOrGeneProduct,292756,Positive_Correlation,neurotransmitters,ChemicalEntity,D018377,train
25979836,P-21-activated kinases,GeneOrGeneProduct,292756,Positive_Correlation,Gastrointestinal hormones,ChemicalEntity,D005768,train
25979836,amylase,GeneOrGeneProduct,24203,Positive_Correlation,CCK,GeneOrGeneProduct,25298,train
25979836,IPA-3,ChemicalEntity,C541795,Negative_Correlation,amylase,GeneOrGeneProduct,24203,train
25979836,IPA-3,ChemicalEntity,C541795,Negative_Correlation,ERK1/2,GeneOrGeneProduct,50689,train
25979836,IPA-3,ChemicalEntity,C541795,Negative_Correlation,ERK1/2,GeneOrGeneProduct,116590,train
25979836,IPA-3,ChemicalEntity,C541795,Association,small-GTPases,GeneOrGeneProduct,64465,train
25979836,IPA-3,ChemicalEntity,C541795,Association,small-GTPases,GeneOrGeneProduct,363875,train
25979836,IPA-3,ChemicalEntity,C541795,Association,bombesin,ChemicalEntity,D001839,train
25979836,IPA-3,ChemicalEntity,C541795,Negative_Correlation,CCK,GeneOrGeneProduct,25298,train
25979836,IPA-3,ChemicalEntity,C541795,Negative_Correlation,P21 activated kinase 2,GeneOrGeneProduct,29432,train
25979836,PI3K,GeneOrGeneProduct,298947,Negative_Correlation,LY294002,ChemicalEntity,C085911,train
25979836,PI3K,GeneOrGeneProduct,298947,Negative_Correlation,wortmannin,ChemicalEntity,D000077191,train
25979836,CCK1-receptor,GeneOrGeneProduct,24889,Association,CCK,GeneOrGeneProduct,25298,train
25979836,bombesin,ChemicalEntity,D001839,Positive_Correlation,amylase,GeneOrGeneProduct,24203,train
25979836,CCK,GeneOrGeneProduct,25298,Association,Src,GeneOrGeneProduct,83805,train
25979836,CCK,GeneOrGeneProduct,25298,Positive_Correlation,ERK1/2,GeneOrGeneProduct,50689,train
25979836,CCK,GeneOrGeneProduct,25298,Positive_Correlation,ERK1/2,GeneOrGeneProduct,116590,train
25979836,CCK,GeneOrGeneProduct,25298,Association,small-GTPases,GeneOrGeneProduct,64465,train
25979836,CCK,GeneOrGeneProduct,25298,Association,small-GTPases,GeneOrGeneProduct,363875,train
25979836,CCK,GeneOrGeneProduct,25298,Association,PKC,GeneOrGeneProduct,24681,train
25979836,CCK,GeneOrGeneProduct,25298,Association,phospholipase-C,GeneOrGeneProduct,24655,train
25979836,neurotransmitters,ChemicalEntity,D018377,Association,Src,GeneOrGeneProduct,83805,train
25979836,neurotransmitters,ChemicalEntity,D018377,Association,small-GTPases,GeneOrGeneProduct,64465,train
25979836,neurotransmitters,ChemicalEntity,D018377,Association,small-GTPases,GeneOrGeneProduct,363875,train
25979836,neurotransmitters,ChemicalEntity,D018377,Association,PKC,GeneOrGeneProduct,24681,train
25979836,neurotransmitters,ChemicalEntity,D018377,Positive_Correlation,P21 activated kinase 2,GeneOrGeneProduct,29432,train
25979836,P21 activated kinase 2,GeneOrGeneProduct,29432,Association,pancreatitis,DiseaseOrPhenotypicFeature,D010195,train
25979836,P21 activated kinase 2,GeneOrGeneProduct,29432,Association,pancreatic disorders,DiseaseOrPhenotypicFeature,D010182,train
25979836,P21 activated kinase 2,GeneOrGeneProduct,29432,Association,Src,GeneOrGeneProduct,83805,train
25979836,P21 activated kinase 2,GeneOrGeneProduct,29432,Bind,small-GTPases,GeneOrGeneProduct,64465,train
25979836,P21 activated kinase 2,GeneOrGeneProduct,29432,Bind,small-GTPases,GeneOrGeneProduct,363875,train
25979836,P21 activated kinase 2,GeneOrGeneProduct,29432,Association,CCK1-receptor,GeneOrGeneProduct,24889,train
25979836,P21 activated kinase 2,GeneOrGeneProduct,29432,Positive_Correlation,pancreatic growth-factors,GeneOrGeneProduct,25266,train
25979836,P21 activated kinase 2,GeneOrGeneProduct,29432,Positive_Correlation,pancreatic growth-factors,GeneOrGeneProduct,25313,train
25979836,P21 activated kinase 2,GeneOrGeneProduct,29432,Positive_Correlation,bombesin,ChemicalEntity,D001839,train
25979836,P21 activated kinase 2,GeneOrGeneProduct,29432,Positive_Correlation,TPA,ChemicalEntity,D013755,train
25979836,P21 activated kinase 2,GeneOrGeneProduct,29432,Positive_Correlation,PKC,GeneOrGeneProduct,24681,train
25979836,P21 activated kinase 2,GeneOrGeneProduct,29432,Positive_Correlation,carbachol,ChemicalEntity,D002217,train
25979836,P21 activated kinase 2,GeneOrGeneProduct,29432,Positive_Correlation,CCK,GeneOrGeneProduct,25298,train
25979836,P21 activated kinase 2,GeneOrGeneProduct,29432,Positive_Correlation,phospholipase-C,GeneOrGeneProduct,24655,train
25979836,P21 activated kinase 2,GeneOrGeneProduct,29432,Positive_Correlation,pancreatic growth-factors,GeneOrGeneProduct,54250,train
25979836,Gastrointestinal hormones,ChemicalEntity,D005768,Association,Src,GeneOrGeneProduct,83805,train
25979836,Gastrointestinal hormones,ChemicalEntity,D005768,Association,small-GTPases,GeneOrGeneProduct,64465,train
25979836,Gastrointestinal hormones,ChemicalEntity,D005768,Association,small-GTPases,GeneOrGeneProduct,363875,train
25979836,Gastrointestinal hormones,ChemicalEntity,D005768,Association,PKC,GeneOrGeneProduct,24681,train
25979836,Gastrointestinal hormones,ChemicalEntity,D005768,Positive_Correlation,P21 activated kinase 2,GeneOrGeneProduct,29432,train
27930654,RABL4,GeneOrGeneProduct,11020,Association,Bardet-Biedl syndrome,DiseaseOrPhenotypicFeature,D020788,train
27930654,RAB28,GeneOrGeneProduct,9364,Association,RABL4,GeneOrGeneProduct,11020,train
27930654,RAB28,GeneOrGeneProduct,9364,Association,Bardet-Biedl syndrome,DiseaseOrPhenotypicFeature,D020788,train
27930654,GTP,ChemicalEntity,D006160,Association,BBSome,GeneOrGeneProduct,260219,train
27930654,GTP,ChemicalEntity,D006160,Bind,RAB-28,GeneOrGeneProduct,189429,train
27930654,GDP,ChemicalEntity,D006153,Bind,RAB-28,GeneOrGeneProduct,189429,train
27930654,Bardet-Biedl syndrome,DiseaseOrPhenotypicFeature,D020788,Association,BBSome,GeneOrGeneProduct,260219,train
27930654,RAB-28,GeneOrGeneProduct,189429,Association,cone-rod dystrophy,DiseaseOrPhenotypicFeature,D000071700,train
27930654,RAB-28,GeneOrGeneProduct,189429,Association,BBSome,GeneOrGeneProduct,260219,train
28604678,ESCRT-III,GeneOrGeneProduct,51652,Association,Snf7,GeneOrGeneProduct,29082,train
28604678,ESCRT-III,GeneOrGeneProduct,51652,Association,Vps4,GeneOrGeneProduct,9525,train
28604678,ESCRT-III,GeneOrGeneProduct,51652,Association,Vps4,GeneOrGeneProduct,27183,train
28604678,ESCRT-III,GeneOrGeneProduct,51652,Association,ESCRT-III,GeneOrGeneProduct,128866,train
28604678,ESCRT-III,GeneOrGeneProduct,27243,Association,Snf7,GeneOrGeneProduct,29082,train
28604678,ESCRT-III,GeneOrGeneProduct,27243,Association,Vps4,GeneOrGeneProduct,9525,train
28604678,ESCRT-III,GeneOrGeneProduct,27243,Association,Vps4,GeneOrGeneProduct,27183,train
28604678,ESCRT-III,GeneOrGeneProduct,27243,Association,ESCRT-III,GeneOrGeneProduct,128866,train
28604678,ESCRT-III,GeneOrGeneProduct,128866,Association,Vps4,GeneOrGeneProduct,9525,train
28604678,ESCRT-III,GeneOrGeneProduct,128866,Association,Vps4,GeneOrGeneProduct,27183,train
16167916,venous thromboembolism,DiseaseOrPhenotypicFeature,D054556,Positive_Correlation,tPA,GeneOrGeneProduct,5327,train
16167916,venous thromboembolism,DiseaseOrPhenotypicFeature,D054556,Positive_Correlation,raloxifene,ChemicalEntity,D020849,train
16167916,osteoporosis,DiseaseOrPhenotypicFeature,D010024,Negative_Correlation,raloxifene,ChemicalEntity,D020849,train
16167916,raloxifene,ChemicalEntity,D020849,Positive_Correlation,tPA,GeneOrGeneProduct,5327,train
16167916,raloxifene,ChemicalEntity,D020849,Negative_Correlation,TAFI,GeneOrGeneProduct,1361,train
16167916,raloxifene,ChemicalEntity,D020849,Negative_Correlation,osteopenia,DiseaseOrPhenotypicFeature,D001851,train
16167916,PAI-1,GeneOrGeneProduct,5054,Association,raloxifene,ChemicalEntity,D020849,train
16781314,inherited disorder,DiseaseOrPhenotypicFeature,D030342,Association,plakophilin 1,GeneOrGeneProduct,5317,train
16781314,plakophilin 1,GeneOrGeneProduct,5317,Association,genodermatosis,DiseaseOrPhenotypicFeature,D012873,train
16781314,888delC,SequenceVariant,c|DEL888|C,Association,genodermatosis,DiseaseOrPhenotypicFeature,D012873,train
16781314,Ectodermal dysplasia-skin fragility syndrome,DiseaseOrPhenotypicFeature,C536183,Association,plakophilin 1,GeneOrGeneProduct,5317,train
16781314,Ectodermal dysplasia-skin fragility syndrome,DiseaseOrPhenotypicFeature,C536183,Positive_Correlation,888delC,SequenceVariant,c|DEL888|C,train
16843501,hOGG1,GeneOrGeneProduct,4968,Association,gastric cancer,DiseaseOrPhenotypicFeature,D013274,train
16843501,G-->C substitution at position 135,SequenceVariant,g|SUB|G|135|C,Association,gastric cancer,DiseaseOrPhenotypicFeature,D013274,train
16843501,G/C,SequenceVariant,g|SUB|G||C,Association,gastric cancer,DiseaseOrPhenotypicFeature,D013274,train
16843501,gastric cancer,DiseaseOrPhenotypicFeature,D013274,Association,RAD51,GeneOrGeneProduct,5888,train
17221831,purine nucleoside phosphorylase,GeneOrGeneProduct,4860,Association,Alzheimer's disease,DiseaseOrPhenotypicFeature,D000544,train
17221831,neurodegenerative disorder,DiseaseOrPhenotypicFeature,D019636,Association,purine nucleoside phosphorylase,GeneOrGeneProduct,4860,train
17221831,neurodegenerative disorder,DiseaseOrPhenotypicFeature,D019636,Association,G51S,SequenceVariant,rs1049564,train
17221831,cognitive decline,DiseaseOrPhenotypicFeature,D003072,Association,purine nucleoside phosphorylase,GeneOrGeneProduct,4860,train
17221831,G51S,SequenceVariant,rs1049564,Positive_Correlation,cognitive decline,DiseaseOrPhenotypicFeature,D003072,train
17221831,G51S,SequenceVariant,rs1049564,Association,Alzheimer's disease,DiseaseOrPhenotypicFeature,D000544,train
17286451,RB1,GeneOrGeneProduct,5925,Association,Retinoblastoma,DiseaseOrPhenotypicFeature,D012175,train
17286451,RB1,GeneOrGeneProduct,5925,Association,tumors,DiseaseOrPhenotypicFeature,D009369,train
17327131,CYP2F1,GeneOrGeneProduct,1572,Association,carcinogenic,DiseaseOrPhenotypicFeature,D009369,train
19234905,levodopa,ChemicalEntity,D007980,Positive_Correlation,dyskinesias,DiseaseOrPhenotypicFeature,D004409,train
19365571,Macular corneal dystrophy,DiseaseOrPhenotypicFeature,D003317,Association,c.1072T>C,SequenceVariant,c|SUB|T|1072|C,train
19365571,Macular corneal dystrophy,DiseaseOrPhenotypicFeature,D003317,Association,c.892C>T,SequenceVariant,c|SUB|C|892|T,train
19365571,Macular corneal dystrophy,DiseaseOrPhenotypicFeature,D003317,Association,CHST6,GeneOrGeneProduct,4166,train
19365571,Macular corneal dystrophy,DiseaseOrPhenotypicFeature,D003317,Association,"codon 358, tyrosine to histidine",SequenceVariant,p|SUB|Y|358|H,train
19365571,Macular corneal dystrophy,DiseaseOrPhenotypicFeature,D003317,Association,stop codon for glutamine at codon 298,SequenceVariant,p|SUB|Q|298|X,train
19365571,keratan sulfate,ChemicalEntity,D007632,Association,c.1072T>C,SequenceVariant,c|SUB|T|1072|C,train
19365571,keratan sulfate,ChemicalEntity,D007632,Association,c.892C>T,SequenceVariant,c|SUB|C|892|T,train
19365571,keratan sulfate,ChemicalEntity,D007632,Association,CHST6,GeneOrGeneProduct,4166,train
19365571,keratan sulfate,ChemicalEntity,D007632,Association,"codon 358, tyrosine to histidine",SequenceVariant,p|SUB|Y|358|H,train
19365571,keratan sulfate,ChemicalEntity,D007632,Association,Macular corneal dystrophy,DiseaseOrPhenotypicFeature,D003317,train
19365571,keratan sulfate,ChemicalEntity,D007632,Association,stop codon for glutamine at codon 298,SequenceVariant,p|SUB|Q|298|X,train
19642243,vancomycin,ChemicalEntity,D014640,Positive_Correlation,Renal failure,DiseaseOrPhenotypicFeature,D051437,train
19642243,osteomyelitis,DiseaseOrPhenotypicFeature,D010019,Negative_Correlation,vancomycin,ChemicalEntity,D014640,train
19642243,tenofovir,ChemicalEntity,D000068698,Positive_Correlation,Fanconi syndrome,DiseaseOrPhenotypicFeature,D005198,train
19642243,tenofovir,ChemicalEntity,D000068698,Positive_Correlation,Renal failure,DiseaseOrPhenotypicFeature,D051437,train
19642243,tenofovir,ChemicalEntity,D000068698,Drug_Interaction,vancomycin,ChemicalEntity,D014640,train
19642243,tenofovir,ChemicalEntity,D000068698,Positive_Correlation,Acute renal failure,DiseaseOrPhenotypicFeature,D058186,train
19672862,tumorigenesis,DiseaseOrPhenotypicFeature,D009369,Association,ERK,GeneOrGeneProduct,5594,train
19672862,tumorigenesis,DiseaseOrPhenotypicFeature,D009369,Association,Akt,GeneOrGeneProduct,207,train
19672862,tumorigenesis,DiseaseOrPhenotypicFeature,D009369,Association,cyclin-dependent kinase,GeneOrGeneProduct,983,train
19672862,tumorigenesis,DiseaseOrPhenotypicFeature,D009369,Association,p27,GeneOrGeneProduct,1027,train
19672862,tumorigenesis,DiseaseOrPhenotypicFeature,D009369,Association,p21,GeneOrGeneProduct,1026,train
19672862,endometrial cancer,DiseaseOrPhenotypicFeature,D016889,Association,Protein kinase C alpha,GeneOrGeneProduct,5578,train
19672862,EGF,GeneOrGeneProduct,1950,Positive_Correlation,ERK,GeneOrGeneProduct,5594,train
19672862,Akt,GeneOrGeneProduct,207,Association,glycogen synthase kinase-3beta,GeneOrGeneProduct,2932,train
19672862,cyclin-dependent kinase,GeneOrGeneProduct,983,Negative_Correlation,p27,GeneOrGeneProduct,1027,train
19672862,cyclin-dependent kinase,GeneOrGeneProduct,983,Negative_Correlation,p21,GeneOrGeneProduct,1026,train
19672862,p27,GeneOrGeneProduct,1027,Association,ERK,GeneOrGeneProduct,5594,train
19672862,p27,GeneOrGeneProduct,1027,Association,Akt,GeneOrGeneProduct,207,train
19672862,p21,GeneOrGeneProduct,1026,Association,ERK,GeneOrGeneProduct,5594,train
19672862,p21,GeneOrGeneProduct,1026,Association,Akt,GeneOrGeneProduct,207,train
19672862,Protein kinase C alpha,GeneOrGeneProduct,5578,Association,tumorigenesis,DiseaseOrPhenotypicFeature,D009369,train
19672862,Protein kinase C alpha,GeneOrGeneProduct,5578,Association,EGF,GeneOrGeneProduct,1950,train
19672862,Protein kinase C alpha,GeneOrGeneProduct,5578,Positive_Correlation,ERK,GeneOrGeneProduct,5594,train
19672862,Protein kinase C alpha,GeneOrGeneProduct,5578,Association,glycogen synthase kinase-3beta,GeneOrGeneProduct,2932,train
19672862,Protein kinase C alpha,GeneOrGeneProduct,5578,Association,Akt,GeneOrGeneProduct,207,train
19672862,Protein kinase C alpha,GeneOrGeneProduct,5578,Association,cyclin-dependent kinase,GeneOrGeneProduct,983,train
19672862,Protein kinase C alpha,GeneOrGeneProduct,5578,Negative_Correlation,p27,GeneOrGeneProduct,1027,train
19672862,Protein kinase C alpha,GeneOrGeneProduct,5578,Negative_Correlation,p21,GeneOrGeneProduct,1026,train
20046642,ZnSO(4),ChemicalEntity,D019287,Negative_Correlation,caspase-3,GeneOrGeneProduct,25402,train
20046642,ZnSO(4),ChemicalEntity,D019287,Negative_Correlation,malondialdehyde,ChemicalEntity,D008315,train
20046642,ZnSO(4),ChemicalEntity,D019287,Negative_Correlation,TNFalpha,GeneOrGeneProduct,24835,train
20046642,ZnSO(4),ChemicalEntity,D019287,Positive_Correlation,glutathione,ChemicalEntity,D005978,train
20046642,ZnSO(4),ChemicalEntity,D019287,Positive_Correlation,glutathione reductase,GeneOrGeneProduct,116686,train
20046642,ZnSO(4),ChemicalEntity,D019287,Cotreatment,carmustine,ChemicalEntity,D002330,train
20046642,caspase-3,GeneOrGeneProduct,25402,Negative_Correlation,Metallothionein,ChemicalEntity,D008668,train
20046642,Metallothionein,ChemicalEntity,D008668,Positive_Correlation,ZnSO(4),ChemicalEntity,D019287,train
20046642,Metallothionein,ChemicalEntity,D008668,Negative_Correlation,malondialdehyde,ChemicalEntity,D008315,train
20046642,Metallothionein,ChemicalEntity,D008668,Negative_Correlation,TNFalpha,GeneOrGeneProduct,24835,train
20046642,Metallothionein,ChemicalEntity,D008668,Positive_Correlation,glutathione,ChemicalEntity,D005978,train
20046642,Metallothionein,ChemicalEntity,D008668,Positive_Correlation,glutathione reductase,GeneOrGeneProduct,116686,train
20046642,cognitive dysfunction,DiseaseOrPhenotypicFeature,D003072,Negative_Correlation,Metallothionein,ChemicalEntity,D008668,train
20046642,carmustine,ChemicalEntity,D002330,Positive_Correlation,caspase-3,GeneOrGeneProduct,25402,train
20046642,carmustine,ChemicalEntity,D002330,Positive_Correlation,malondialdehyde,ChemicalEntity,D008315,train
20046642,carmustine,ChemicalEntity,D002330,Positive_Correlation,TNFalpha,GeneOrGeneProduct,24835,train
20046642,carmustine,ChemicalEntity,D002330,Negative_Correlation,glutathione,ChemicalEntity,D005978,train
20046642,carmustine,ChemicalEntity,D002330,Negative_Correlation,glutathione reductase,GeneOrGeneProduct,116686,train
20046642,carmustine,ChemicalEntity,D002330,Positive_Correlation,deterioration of learning and short-term memory,DiseaseOrPhenotypicFeature,D008569,train
20046642,carmustine,ChemicalEntity,D002330,Positive_Correlation,deterioration of learning and short-term memory,DiseaseOrPhenotypicFeature,D007859,train
20046642,carmustine,ChemicalEntity,D002330,Positive_Correlation,Metallothionein,ChemicalEntity,D008668,train
20046642,carmustine,ChemicalEntity,D002330,Positive_Correlation,cognitive dysfunction,DiseaseOrPhenotypicFeature,D003072,train
20534142,abnormal glucose homeostasis,DiseaseOrPhenotypicFeature,D044882,Association,proinsulin,ChemicalEntity,D011384,train
20534142,glucose,ChemicalEntity,D005947,Association,PCSK1,GeneOrGeneProduct,5122,train
20534142,glucose,ChemicalEntity,D005947,Association,proinsulin,ChemicalEntity,D011384,train
20534142,rs6232,SequenceVariant,rs6232,Association,glucose,ChemicalEntity,D005947,train
20534142,rs6232,SequenceVariant,rs6232,Association,obesity,DiseaseOrPhenotypicFeature,D009765,train
20534142,rs6232,SequenceVariant,rs6232,Association,insulin,GeneOrGeneProduct,3630,train
20534142,PCSK1,GeneOrGeneProduct,5122,Association,abnormal glucose homeostasis,DiseaseOrPhenotypicFeature,D044882,train
20534142,PCSK1,GeneOrGeneProduct,5122,Association,proinsulin,ChemicalEntity,D011384,train
20534142,rs6235,SequenceVariant,rs6235,Association,obesity,DiseaseOrPhenotypicFeature,D009765,train
20534142,proinsulin,ChemicalEntity,D011384,Association,obesity,DiseaseOrPhenotypicFeature,D009765,train
20534142,obesity,DiseaseOrPhenotypicFeature,D009765,Association,PCSK1,GeneOrGeneProduct,5122,train
20534142,insulin,GeneOrGeneProduct,3630,Association,PCSK1,GeneOrGeneProduct,5122,train
20534142,insulin,GeneOrGeneProduct,3630,Association,proinsulin,ChemicalEntity,D011384,train
20534142,insulin,GeneOrGeneProduct,3630,Association,obesity,DiseaseOrPhenotypicFeature,D009765,train
28260110,fatty acid,ChemicalEntity,D005227,Association,colon cancer,DiseaseOrPhenotypicFeature,D015179,train
28260110,Palmitate,ChemicalEntity,D010168,Association,fatty acid synthase,GeneOrGeneProduct,2194,train
28260110,Palmitate,ChemicalEntity,D010168,Association,emodin,ChemicalEntity,D004642,train
28260110,cerulenin,ChemicalEntity,D002569,Negative_Correlation,fatty acid synthase,GeneOrGeneProduct,2194,train
28260110,cerulenin,ChemicalEntity,D002569,Negative_Correlation,colon cancer,DiseaseOrPhenotypicFeature,D015179,train
28260110,fatty acid synthase,GeneOrGeneProduct,2194,Association,fatty acid,ChemicalEntity,D005227,train
28260110,fatty acid synthase,GeneOrGeneProduct,2194,Association,mitogen-activated protein kinases/extracellular signal-regulated kinases 1/2,GeneOrGeneProduct,5595,train
28260110,fatty acid synthase,GeneOrGeneProduct,2194,Association,mitogen-activated protein kinases/extracellular signal-regulated kinases 1/2,GeneOrGeneProduct,5594,train
28260110,fatty acid synthase,GeneOrGeneProduct,2194,Association,Akt,GeneOrGeneProduct,207,train
28260110,fatty acid synthase,GeneOrGeneProduct,2194,Association,phosphatidylinositol 3-kinase,GeneOrGeneProduct,5291,train
28260110,fatty acid synthase,GeneOrGeneProduct,2194,Association,nicotinamide adenine dinucleotide phosphate,ChemicalEntity,D009249,train
28260110,fatty acid synthase,GeneOrGeneProduct,2194,Association,colon cancer,DiseaseOrPhenotypicFeature,D015179,train
28260110,fatty acid synthase,GeneOrGeneProduct,2194,Negative_Correlation,emodin,ChemicalEntity,D004642,train
28260110,emodin,ChemicalEntity,D004642,Association,mitogen-activated protein kinases/extracellular signal-regulated kinases 1/2,GeneOrGeneProduct,5595,train
28260110,emodin,ChemicalEntity,D004642,Association,mitogen-activated protein kinases/extracellular signal-regulated kinases 1/2,GeneOrGeneProduct,5594,train
28260110,emodin,ChemicalEntity,D004642,Association,Akt,GeneOrGeneProduct,207,train
28260110,emodin,ChemicalEntity,D004642,Association,phosphatidylinositol 3-kinase,GeneOrGeneProduct,5291,train
28260110,emodin,ChemicalEntity,D004642,Cotreatment,cerulenin,ChemicalEntity,D002569,train
28260110,emodin,ChemicalEntity,D004642,Negative_Correlation,free fatty acid,ChemicalEntity,D005230,train
28260110,emodin,ChemicalEntity,D004642,Negative_Correlation,colon cancer,DiseaseOrPhenotypicFeature,D015179,train
28260110,emodin,ChemicalEntity,D004642,Negative_Correlation,cancer,DiseaseOrPhenotypicFeature,D009369,train
28747658,S75X,SequenceVariant,p|SUB|S|75|X,Association,cancer,DiseaseOrPhenotypicFeature,D009369,train
28747658,Arginine (R) to Glycine (G) mutation at position 76,SequenceVariant,p|SUB|R|76|G,Association,cancer,DiseaseOrPhenotypicFeature,D009369,train
28747658,cancer,DiseaseOrPhenotypicFeature,D009369,Association,PP2C-alpha,GeneOrGeneProduct,5494,train
28747658,cancer,DiseaseOrPhenotypicFeature,D009369,Association,PAK1,GeneOrGeneProduct,5058,train
28747658,cancer,DiseaseOrPhenotypicFeature,D009369,Association,GSK-3 beta,GeneOrGeneProduct,2932,train
28747658,cancer,DiseaseOrPhenotypicFeature,D009369,Association,CHEK2,GeneOrGeneProduct,11200,train
28747658,cancer,DiseaseOrPhenotypicFeature,D009369,Association,CHEK1,GeneOrGeneProduct,1111,train
28747658,cancer,DiseaseOrPhenotypicFeature,D009369,Association,CDK8,GeneOrGeneProduct,1024,train
28747658,cancer,DiseaseOrPhenotypicFeature,D009369,Association,CDK2,GeneOrGeneProduct,1017,train
28747658,cancer,DiseaseOrPhenotypicFeature,D009369,Association,CDK1,GeneOrGeneProduct,983,train
28747658,cancer,DiseaseOrPhenotypicFeature,D009369,Association,NPM,GeneOrGeneProduct,4869,train
28747658,p17,GeneOrGeneProduct,155348,Association,lymphoma,DiseaseOrPhenotypicFeature,D008223,train
28747658,p17,GeneOrGeneProduct,155348,Association,PP2C-alpha,GeneOrGeneProduct,5494,train
28747658,p17,GeneOrGeneProduct,155348,Association,PAK1,GeneOrGeneProduct,5058,train
28747658,p17,GeneOrGeneProduct,155348,Association,GSK-3 beta,GeneOrGeneProduct,2932,train
28747658,p17,GeneOrGeneProduct,155348,Association,CHEK2,GeneOrGeneProduct,11200,train
28747658,p17,GeneOrGeneProduct,155348,Association,CHEK1,GeneOrGeneProduct,1111,train
28747658,p17,GeneOrGeneProduct,155348,Association,CDK8,GeneOrGeneProduct,1024,train
28747658,p17,GeneOrGeneProduct,155348,Association,CDK2,GeneOrGeneProduct,1017,train
28747658,p17,GeneOrGeneProduct,155348,Association,CDK1,GeneOrGeneProduct,983,train
28747658,p17,GeneOrGeneProduct,155348,Association,cancer,DiseaseOrPhenotypicFeature,D009369,train
28747658,p17,GeneOrGeneProduct,155348,Association,MAPK8,GeneOrGeneProduct,5599,train
28747658,p17,GeneOrGeneProduct,155348,Association,PAX2,GeneOrGeneProduct,5076,train
28747658,p17,GeneOrGeneProduct,155348,Association,Src,GeneOrGeneProduct,6714,train
28747658,p17,GeneOrGeneProduct,155348,Association,YWHAZ,GeneOrGeneProduct,7534,train
28747658,p17,GeneOrGeneProduct,155348,Association,NPM,GeneOrGeneProduct,4869,train
28747658,p17,GeneOrGeneProduct,155348,Association,DFF-45,GeneOrGeneProduct,1676,train
28747658,p17,GeneOrGeneProduct,155348,Association,CASP-7,GeneOrGeneProduct,840,train
28747658,p17,GeneOrGeneProduct,155348,Association,CASP-9,GeneOrGeneProduct,842,train
16410744,Gln/Gln,SequenceVariant,p|SUB|Q||Q,Association,glioblastomas,DiseaseOrPhenotypicFeature,D005909,train
16410744,codon 787 CAG/CAA,SequenceVariant,p|SUB|Q|787|Q,Association,glioblastomas,DiseaseOrPhenotypicFeature,D005909,train
16410744,TP53,GeneOrGeneProduct,7157,Positive_Correlation,p16,GeneOrGeneProduct,1029,train
16410744,TP53,GeneOrGeneProduct,7157,Association,glioblastomas,DiseaseOrPhenotypicFeature,D005909,train
16410744,EGFR,GeneOrGeneProduct,1956,Negative_Correlation,p16,GeneOrGeneProduct,1029,train
16410744,glioblastomas,DiseaseOrPhenotypicFeature,D005909,Association,p16,GeneOrGeneProduct,1029,train
16410744,glioblastomas,DiseaseOrPhenotypicFeature,D005909,Association,EGFR,GeneOrGeneProduct,1956,train
17065198,p53,GeneOrGeneProduct,7157,Association,skin cancer,DiseaseOrPhenotypicFeature,D012878,train
17065198,p53,GeneOrGeneProduct,7157,Association,actinic keratosis,DiseaseOrPhenotypicFeature,D055623,train
17065198,p53,GeneOrGeneProduct,7157,Association,cyclosporin A,ChemicalEntity,D016572,train
17065198,CC to TT,SequenceVariant,c|SUB|C||T,Positive_Correlation,skin cancer,DiseaseOrPhenotypicFeature,D012878,train
17065198,CC to TT,SequenceVariant,c|SUB|C||T,Association,cyclosporin A,ChemicalEntity,D016572,train
17344330,torsade de pointes,DiseaseOrPhenotypicFeature,D016171,Positive_Correlation,methadone,ChemicalEntity,D008691,train
17344330,buprenorphine,ChemicalEntity,D002047,Negative_Correlation,heroin dependence,DiseaseOrPhenotypicFeature,D006556,train
17344330,buprenorphine,ChemicalEntity,D002047,Comparison,methadone,ChemicalEntity,D008691,train
17344330,methadone,ChemicalEntity,D008691,Association,opioid,ChemicalEntity,D000701,train
17344330,methadone,ChemicalEntity,D008691,Negative_Correlation,heroin dependence,DiseaseOrPhenotypicFeature,D006556,train
17344330,methadone,ChemicalEntity,D008691,Positive_Correlation,QT prolongation,DiseaseOrPhenotypicFeature,D008133,train
17344330,methadone,ChemicalEntity,D008691,Positive_Correlation,Syncope,DiseaseOrPhenotypicFeature,D013575,train
18945288,HGD,GeneOrGeneProduct,3081,Association,homogentisic acid,ChemicalEntity,D006713,train
18945288,HGD,GeneOrGeneProduct,3081,Association,alkaptonuria,DiseaseOrPhenotypicFeature,D000474,train
18945288,R58fs,SequenceVariant,p|FS|R|58||,Association,alkaptonuria,DiseaseOrPhenotypicFeature,D000474,train
18945288,c.342delA,SequenceVariant,c|DEL|342|A,Association,alkaptonuria,DiseaseOrPhenotypicFeature,D000474,train
19306381,focal adhesion kinase,GeneOrGeneProduct,5747,Association,erbB3,GeneOrGeneProduct,2065,train
19306381,focal adhesion kinase,GeneOrGeneProduct,5747,Association,erbB3,GeneOrGeneProduct,13867,train
19306381,erbB4,GeneOrGeneProduct,2066,Association,focal adhesion kinase,GeneOrGeneProduct,5747,train
19306381,erbB4,GeneOrGeneProduct,2066,Association,laminin receptor,GeneOrGeneProduct,3688,train
19306381,erbB4,GeneOrGeneProduct,2066,Association,malignant peripheral nerve sheath tumor,DiseaseOrPhenotypicFeature,D018319,train
19306381,erbB4,GeneOrGeneProduct,13869,Association,focal adhesion kinase,GeneOrGeneProduct,5747,train
19306381,erbB4,GeneOrGeneProduct,13869,Association,laminin receptor,GeneOrGeneProduct,3688,train
19306381,erbB4,GeneOrGeneProduct,13869,Association,malignant peripheral nerve sheath tumor,DiseaseOrPhenotypicFeature,D018319,train
19306381,erbB3,GeneOrGeneProduct,2065,Association,laminin receptor,GeneOrGeneProduct,3688,train
19306381,erbB3,GeneOrGeneProduct,2065,Association,malignant peripheral nerve sheath tumor,DiseaseOrPhenotypicFeature,D018319,train
19306381,erbB3,GeneOrGeneProduct,13867,Association,laminin receptor,GeneOrGeneProduct,3688,train
19306381,erbB3,GeneOrGeneProduct,13867,Association,malignant peripheral nerve sheath tumor,DiseaseOrPhenotypicFeature,D018319,train
19306381,laminin,GeneOrGeneProduct,16777,Bind,laminin receptor,GeneOrGeneProduct,3688,train
19306381,Neuregulin-1 beta,GeneOrGeneProduct,3084,Positive_Correlation,Akt,GeneOrGeneProduct,207,train
19306381,Neuregulin-1 beta,GeneOrGeneProduct,3084,Positive_Correlation,Akt,GeneOrGeneProduct,11651,train
19306381,Neuregulin-1 beta,GeneOrGeneProduct,3084,Positive_Correlation,Erk 1/2,GeneOrGeneProduct,5595,train
19306381,Neuregulin-1 beta,GeneOrGeneProduct,3084,Positive_Correlation,Erk 1/2,GeneOrGeneProduct,5594,train
19306381,Neuregulin-1 beta,GeneOrGeneProduct,3084,Positive_Correlation,Erk 1/2,GeneOrGeneProduct,26417,train
19306381,Neuregulin-1 beta,GeneOrGeneProduct,3084,Positive_Correlation,Erk 1/2,GeneOrGeneProduct,26413,train
19306381,Neuregulin-1 beta,GeneOrGeneProduct,3084,Association,ROCK-I/II,GeneOrGeneProduct,9475,train
19306381,Neuregulin-1 beta,GeneOrGeneProduct,3084,Association,ROCK-I/II,GeneOrGeneProduct,6093,train
19306381,Neuregulin-1 beta,GeneOrGeneProduct,3084,Association,ROCK-I/II,GeneOrGeneProduct,19878,train
19306381,Neuregulin-1 beta,GeneOrGeneProduct,3084,Association,ROCK-I/II,GeneOrGeneProduct,19877,train
19306381,Neuregulin-1 beta,GeneOrGeneProduct,3084,Positive_Correlation,Src family kinases,GeneOrGeneProduct,6714,train
19306381,Neuregulin-1 beta,GeneOrGeneProduct,3084,Positive_Correlation,Src family kinases,GeneOrGeneProduct,20779,train
19306381,Neuregulin-1 beta,GeneOrGeneProduct,3084,Association,PI-3 kinase,GeneOrGeneProduct,5290,train
19306381,Neuregulin-1 beta,GeneOrGeneProduct,3084,Association,PI-3 kinase,GeneOrGeneProduct,30955,train
19306381,Neuregulin-1 beta,GeneOrGeneProduct,3084,Positive_Correlation,SAPK,GeneOrGeneProduct,5599,train
19306381,Neuregulin-1 beta,GeneOrGeneProduct,3084,Positive_Correlation,SAPK,GeneOrGeneProduct,26419,train
19306381,Neuregulin-1 beta,GeneOrGeneProduct,3084,Association,MEK 1/2,GeneOrGeneProduct,5605,train
19306381,Neuregulin-1 beta,GeneOrGeneProduct,3084,Association,MEK 1/2,GeneOrGeneProduct,5604,train
19306381,Neuregulin-1 beta,GeneOrGeneProduct,3084,Association,MEK 1/2,GeneOrGeneProduct,26396,train
19306381,Neuregulin-1 beta,GeneOrGeneProduct,3084,Association,MEK 1/2,GeneOrGeneProduct,26395,train
19306381,Neuregulin-1 beta,GeneOrGeneProduct,3084,Bind,erbB4,GeneOrGeneProduct,2066,train
19306381,Neuregulin-1 beta,GeneOrGeneProduct,3084,Bind,erbB4,GeneOrGeneProduct,13869,train
19306381,Neuregulin-1 beta,GeneOrGeneProduct,3084,Bind,erbB3,GeneOrGeneProduct,2065,train
19306381,Neuregulin-1 beta,GeneOrGeneProduct,3084,Bind,erbB3,GeneOrGeneProduct,13867,train
19306381,Neuregulin-1 beta,GeneOrGeneProduct,3084,Association,laminin,GeneOrGeneProduct,16777,train
19306381,malignant peripheral nerve sheath tumor,DiseaseOrPhenotypicFeature,D018319,Association,neurofibromatosis Type 1,GeneOrGeneProduct,4763,train
19306381,malignant peripheral nerve sheath tumor,DiseaseOrPhenotypicFeature,D018319,Association,focal adhesion kinase,GeneOrGeneProduct,5747,train
19306381,malignant peripheral nerve sheath tumor,DiseaseOrPhenotypicFeature,D018319,Association,laminin receptor,GeneOrGeneProduct,3688,train
19306381,malignant peripheral nerve sheath tumor,DiseaseOrPhenotypicFeature,D018319,Association,laminin,GeneOrGeneProduct,16777,train
19306381,malignant peripheral nerve sheath tumor,DiseaseOrPhenotypicFeature,D018319,Association,Neuregulin-1 beta,GeneOrGeneProduct,3084,train
22048266,rs2073416,SequenceVariant,rs2073416,Association,Down syndrome,DiseaseOrPhenotypicFeature,D004314,train
22048266,rs2073601,SequenceVariant,rs2073601,Association,Down syndrome,DiseaseOrPhenotypicFeature,D004314,train
22048266,rs461155,SequenceVariant,rs461155,Association,Down syndrome,DiseaseOrPhenotypicFeature,D004314,train
22048266,ETS2,GeneOrGeneProduct,2114,Association,Down syndrome,DiseaseOrPhenotypicFeature,D004314,train
22048266,SIM2,GeneOrGeneProduct,6493,Association,Down syndrome,DiseaseOrPhenotypicFeature,D004314,train
24853300,CB,GeneOrGeneProduct,793,Negative_Correlation,Alzheimer's disease,DiseaseOrPhenotypicFeature,D000544,train
24853300,mitochondrial dysfunction,DiseaseOrPhenotypicFeature,D028361,Association,calbindin-D28k,GeneOrGeneProduct,12307,train
24853300,calbindin-D28k,GeneOrGeneProduct,12307,Association,cAMP response element-binding protein,GeneOrGeneProduct,12912,train
24853300,calbindin-D28k,GeneOrGeneProduct,12307,Bind,calcium,ChemicalEntity,D002118,train
24853300,calbindin-D28k,GeneOrGeneProduct,12307,Association,presenilin,GeneOrGeneProduct,19164,train
24853300,calbindin-D28k,GeneOrGeneProduct,12307,Association,synaptophysin,GeneOrGeneProduct,20977,train
24853300,calbindin-D28k,GeneOrGeneProduct,12307,Association,PSD-95,GeneOrGeneProduct,13385,train
24853300,calbindin-D28k,GeneOrGeneProduct,12307,Association,NMDA receptor 2A,GeneOrGeneProduct,14811,train
24853300,calbindin-D28k,GeneOrGeneProduct,12307,Association,N-methyl-D-aspartate receptor 1,GeneOrGeneProduct,14810,train
24853300,calbindin-D28k,GeneOrGeneProduct,12307,Association,mitogen-activated protein kinase,GeneOrGeneProduct,26417,train
24853300,calbindin-D28k,GeneOrGeneProduct,12307,Association,mitogen-activated protein kinase,GeneOrGeneProduct,26413,train
24853300,calbindin-D28k,GeneOrGeneProduct,12307,Negative_Correlation,neuronal death,DiseaseOrPhenotypicFeature,D009410,train
24853300,calbindin-D28k,GeneOrGeneProduct,12307,Negative_Correlation,Alzheimer's disease,DiseaseOrPhenotypicFeature,D000544,train
26102294,p53,GeneOrGeneProduct,7157,Positive_Correlation,p21Cip1,GeneOrGeneProduct,1026,train
26102294,p53,GeneOrGeneProduct,7157,Positive_Correlation,OCT4A,GeneOrGeneProduct,5460,train
26102294,embryonal carcinoma,DiseaseOrPhenotypicFeature,D018236,Association,p53,GeneOrGeneProduct,7157,train
26102294,embryonal carcinoma,DiseaseOrPhenotypicFeature,D018236,Association,p21Cip1,GeneOrGeneProduct,1026,train
26102294,embryonal carcinoma,DiseaseOrPhenotypicFeature,D018236,Association,OCT4A,GeneOrGeneProduct,5460,train
26102294,p16ink4a,GeneOrGeneProduct,1029,Association,etoposide,ChemicalEntity,D005047,train
26102294,etoposide,ChemicalEntity,D005047,Association,p53,GeneOrGeneProduct,7157,train
26102294,etoposide,ChemicalEntity,D005047,Negative_Correlation,embryonal carcinoma,DiseaseOrPhenotypicFeature,D018236,train
26102294,etoposide,ChemicalEntity,D005047,Positive_Correlation,AMPK,GeneOrGeneProduct,5562,train
26102294,etoposide,ChemicalEntity,D005047,Positive_Correlation,p21Cip1,GeneOrGeneProduct,1026,train
26102294,etoposide,ChemicalEntity,D005047,Positive_Correlation,OCT4A,GeneOrGeneProduct,5460,train
26102294,p21Cip1,GeneOrGeneProduct,1026,Association,AMPK,GeneOrGeneProduct,5562,train
26102294,OCT4A,GeneOrGeneProduct,5460,Positive_Correlation,AMPK,GeneOrGeneProduct,5562,train
26102294,OCT4A,GeneOrGeneProduct,5460,Positive_Correlation,p21Cip1,GeneOrGeneProduct,1026,train
26411452,TMPRSS2,GeneOrGeneProduct,7113,Association,ERG,GeneOrGeneProduct,2078,train
26411452,rs11891426,SequenceVariant,rs11891426,Association,Prostate Cancer,DiseaseOrPhenotypicFeature,D011471,train
26411452,androgen,ChemicalEntity,D000728,Association,rs11891426,SequenceVariant,rs11891426,train
26411452,Androgen Receptor,GeneOrGeneProduct,367,Association,Prostate Cancer,DiseaseOrPhenotypicFeature,D011471,train
26411452,Androgen Receptor,GeneOrGeneProduct,367,Association,androgen,ChemicalEntity,D000728,train
26411452,Melanophilin,GeneOrGeneProduct,79083,Association,Prostate Cancer,DiseaseOrPhenotypicFeature,D011471,train
26411452,Melanophilin,GeneOrGeneProduct,79083,Association,androgen,ChemicalEntity,D000728,train
26411452,Melanophilin,GeneOrGeneProduct,79083,Bind,Androgen Receptor,GeneOrGeneProduct,367,train
27941998,ATF2,GeneOrGeneProduct,81647,Association,Desminopathy,DiseaseOrPhenotypicFeature,C563319,train
27941998,ATF2,GeneOrGeneProduct,1386,Association,Desminopathy,DiseaseOrPhenotypicFeature,C563319,train
27941998,bax,GeneOrGeneProduct,581,Association,Desminopathy,DiseaseOrPhenotypicFeature,C563319,train
27941998,bax,GeneOrGeneProduct,24887,Association,Desminopathy,DiseaseOrPhenotypicFeature,C563319,train
27941998,desmin,GeneOrGeneProduct,64362,Association,myopathies,DiseaseOrPhenotypicFeature,D009135,train
27941998,desmin,GeneOrGeneProduct,64362,Association,Desminopathy,DiseaseOrPhenotypicFeature,C563319,train
27941998,desmin,GeneOrGeneProduct,1674,Association,myopathies,DiseaseOrPhenotypicFeature,D009135,train
27941998,desmin,GeneOrGeneProduct,1674,Association,Desminopathy,DiseaseOrPhenotypicFeature,C563319,train
27941998,Voltage-Dependent Anion Channel 1,GeneOrGeneProduct,83529,Association,Desminopathy,DiseaseOrPhenotypicFeature,C563319,train
27941998,Voltage-Dependent Anion Channel 1,GeneOrGeneProduct,83529,Association,desmin,GeneOrGeneProduct,64362,train
27941998,Voltage-Dependent Anion Channel 1,GeneOrGeneProduct,83529,Association,desmin,GeneOrGeneProduct,1674,train
27941998,Voltage-Dependent Anion Channel 1,GeneOrGeneProduct,83529,Association,Mitochondrial Dysfunction,DiseaseOrPhenotypicFeature,D028361,train
27941998,Voltage-Dependent Anion Channel 1,GeneOrGeneProduct,7416,Association,Desminopathy,DiseaseOrPhenotypicFeature,C563319,train
27941998,Voltage-Dependent Anion Channel 1,GeneOrGeneProduct,7416,Association,desmin,GeneOrGeneProduct,64362,train
27941998,Voltage-Dependent Anion Channel 1,GeneOrGeneProduct,7416,Association,desmin,GeneOrGeneProduct,1674,train
27941998,Voltage-Dependent Anion Channel 1,GeneOrGeneProduct,7416,Association,Mitochondrial Dysfunction,DiseaseOrPhenotypicFeature,D028361,train
30836660,inflammatory,DiseaseOrPhenotypicFeature,D007249,Association,TNF-alpha,GeneOrGeneProduct,7124,train
30836660,inflammatory,DiseaseOrPhenotypicFeature,D007249,Association,TNF-alpha,GeneOrGeneProduct,21926,train
30836660,inflammatory,DiseaseOrPhenotypicFeature,D007249,Association,IL-6,GeneOrGeneProduct,3569,train
30836660,inflammatory,DiseaseOrPhenotypicFeature,D007249,Association,IL-6,GeneOrGeneProduct,16193,train
30836660,inflammatory,DiseaseOrPhenotypicFeature,D007249,Association,IL-1beta,GeneOrGeneProduct,3553,train
30836660,inflammatory,DiseaseOrPhenotypicFeature,D007249,Association,IL-1beta,GeneOrGeneProduct,16176,train
30836660,folic acid,ChemicalEntity,D005492,Positive_Correlation,Renal Interstitial Fibrosis,DiseaseOrPhenotypicFeature,D007674,train
30836660,Renal Interstitial Fibrosis,DiseaseOrPhenotypicFeature,D007674,Association,MAPK,GeneOrGeneProduct,5594,train
30836660,Renal Interstitial Fibrosis,DiseaseOrPhenotypicFeature,D007674,Association,MAPK,GeneOrGeneProduct,26413,train
30836660,Renal Interstitial Fibrosis,DiseaseOrPhenotypicFeature,D007674,Association,NF-kappaB,GeneOrGeneProduct,4790,train
30836660,Renal Interstitial Fibrosis,DiseaseOrPhenotypicFeature,D007674,Association,NF-kappaB,GeneOrGeneProduct,18033,train
30836660,Renal Interstitial Fibrosis,DiseaseOrPhenotypicFeature,D007674,Association,IkappaBalpha,GeneOrGeneProduct,4792,train
30836660,Renal Interstitial Fibrosis,DiseaseOrPhenotypicFeature,D007674,Association,IkappaBalpha,GeneOrGeneProduct,18035,train
30836660,Renal Interstitial Fibrosis,DiseaseOrPhenotypicFeature,D007674,Association,TLR4,GeneOrGeneProduct,7099,train
30836660,Renal Interstitial Fibrosis,DiseaseOrPhenotypicFeature,D007674,Association,TLR4,GeneOrGeneProduct,21898,train
30836660,Salidroside,ChemicalEntity,C009172,Negative_Correlation,MAPK,GeneOrGeneProduct,5594,train
30836660,Salidroside,ChemicalEntity,C009172,Negative_Correlation,MAPK,GeneOrGeneProduct,26413,train
30836660,Salidroside,ChemicalEntity,C009172,Negative_Correlation,NF-kappaB,GeneOrGeneProduct,4790,train
30836660,Salidroside,ChemicalEntity,C009172,Negative_Correlation,NF-kappaB,GeneOrGeneProduct,18033,train
30836660,Salidroside,ChemicalEntity,C009172,Negative_Correlation,IkappaBalpha,GeneOrGeneProduct,4792,train
30836660,Salidroside,ChemicalEntity,C009172,Negative_Correlation,IkappaBalpha,GeneOrGeneProduct,18035,train
30836660,Salidroside,ChemicalEntity,C009172,Negative_Correlation,TLR4,GeneOrGeneProduct,7099,train
30836660,Salidroside,ChemicalEntity,C009172,Negative_Correlation,TLR4,GeneOrGeneProduct,21898,train
30836660,Salidroside,ChemicalEntity,C009172,Negative_Correlation,inflammatory,DiseaseOrPhenotypicFeature,D007249,train
30836660,Salidroside,ChemicalEntity,C009172,Negative_Correlation,TNF-alpha,GeneOrGeneProduct,7124,train
30836660,Salidroside,ChemicalEntity,C009172,Negative_Correlation,TNF-alpha,GeneOrGeneProduct,21926,train
30836660,Salidroside,ChemicalEntity,C009172,Negative_Correlation,IL-6,GeneOrGeneProduct,3569,train
30836660,Salidroside,ChemicalEntity,C009172,Negative_Correlation,IL-6,GeneOrGeneProduct,16193,train
30836660,Salidroside,ChemicalEntity,C009172,Negative_Correlation,IL-1beta,GeneOrGeneProduct,3553,train
30836660,Salidroside,ChemicalEntity,C009172,Negative_Correlation,IL-1beta,GeneOrGeneProduct,16176,train
30836660,Salidroside,ChemicalEntity,C009172,Negative_Correlation,uric acid,ChemicalEntity,D014527,train
30836660,Salidroside,ChemicalEntity,C009172,Negative_Correlation,creatinine,ChemicalEntity,D003404,train
30836660,Salidroside,ChemicalEntity,C009172,Positive_Correlation,E-cadherin,GeneOrGeneProduct,999,train
30836660,Salidroside,ChemicalEntity,C009172,Positive_Correlation,E-cadherin,GeneOrGeneProduct,12550,train
30836660,Salidroside,ChemicalEntity,C009172,Negative_Correlation,slug,GeneOrGeneProduct,6591,train
30836660,Salidroside,ChemicalEntity,C009172,Negative_Correlation,slug,GeneOrGeneProduct,20583,train
30836660,Salidroside,ChemicalEntity,C009172,Negative_Correlation,snail,GeneOrGeneProduct,6615,train
30836660,Salidroside,ChemicalEntity,C009172,Negative_Correlation,snail,GeneOrGeneProduct,20613,train
30836660,Salidroside,ChemicalEntity,C009172,Negative_Correlation,TGF-beta1,GeneOrGeneProduct,7040,train
30836660,Salidroside,ChemicalEntity,C009172,Negative_Correlation,transforming growth factor (TGF)-beta1,GeneOrGeneProduct,21803,train
30836660,Salidroside,ChemicalEntity,C009172,Negative_Correlation,vimentin,GeneOrGeneProduct,7431,train
30836660,Salidroside,ChemicalEntity,C009172,Negative_Correlation,vimentin,GeneOrGeneProduct,22352,train
30836660,Salidroside,ChemicalEntity,C009172,Negative_Correlation,alpha-SMA,GeneOrGeneProduct,59,train
30836660,Salidroside,ChemicalEntity,C009172,Negative_Correlation,alpha-SMA,GeneOrGeneProduct,11475,train
30836660,Salidroside,ChemicalEntity,C009172,Negative_Correlation,collagen I,GeneOrGeneProduct,12843,train
30836660,Salidroside,ChemicalEntity,C009172,Negative_Correlation,collagen I,GeneOrGeneProduct,12842,train
30836660,Salidroside,ChemicalEntity,C009172,Negative_Correlation,collagen I,GeneOrGeneProduct,1278,train
30836660,Salidroside,ChemicalEntity,C009172,Negative_Correlation,collagen I,GeneOrGeneProduct,1277,train
30836660,Salidroside,ChemicalEntity,C009172,Negative_Correlation,collagen SH,GeneOrGeneProduct,12825,train
30836660,Salidroside,ChemicalEntity,C009172,Negative_Correlation,collagen SH,GeneOrGeneProduct,1281,train
30836660,Salidroside,ChemicalEntity,C009172,Negative_Correlation,Renal Interstitial Fibrosis,DiseaseOrPhenotypicFeature,D007674,train
15749661,skin pigmentation,DiseaseOrPhenotypicFeature,D010859,Association,transferrin receptor 2,GeneOrGeneProduct,7036,train
15749661,diabetes mellitus,DiseaseOrPhenotypicFeature,D003920,Association,transferrin receptor 2,GeneOrGeneProduct,7036,train
15749661,glucose,ChemicalEntity,D005947,Association,diabetes mellitus,DiseaseOrPhenotypicFeature,D003920,train
15749661,cirrhotic,DiseaseOrPhenotypicFeature,D008103,Association,iron,ChemicalEntity,D007501,train
15749661,cirrhotic,DiseaseOrPhenotypicFeature,D008103,Association,transferrin receptor 2,GeneOrGeneProduct,7036,train
15749661,714C,SequenceVariant,rs34242818,Association,hemochromatosis,DiseaseOrPhenotypicFeature,D006432,train
15749661,V561X,SequenceVariant,rs80338887,Association,iron overload,DiseaseOrPhenotypicFeature,D019190,train
15749661,V561X,SequenceVariant,rs80338887,Association,skin pigmentation,DiseaseOrPhenotypicFeature,D010859,train
15749661,V561X,SequenceVariant,rs80338887,Association,diabetes mellitus,DiseaseOrPhenotypicFeature,D003920,train
15749661,V561X,SequenceVariant,rs80338887,Association,cirrhotic,DiseaseOrPhenotypicFeature,D008103,train
15749661,V561X,SequenceVariant,rs80338887,Association,hemochromatosis,DiseaseOrPhenotypicFeature,D006432,train
15749661,L490R,SequenceVariant,rs80338886,Association,hemochromatosis,DiseaseOrPhenotypicFeature,D006432,train
15749661,transferrin receptor 2,GeneOrGeneProduct,7036,Association,iron overload,DiseaseOrPhenotypicFeature,D019190,train
15749661,hemochromatosis,DiseaseOrPhenotypicFeature,D006432,Association,transferrin receptor 2,GeneOrGeneProduct,7036,train
15749661,hemochromatosis,DiseaseOrPhenotypicFeature,D006432,Association,AVAQ 594-597 deletion,SequenceVariant,p|DEL|594_597|AVAQ,train
15893386,Succinylcholine,ChemicalEntity,D013390,Positive_Correlation,masseter muscle rigidity,DiseaseOrPhenotypicFeature,D014313,train
17877751,p.R34X,SequenceVariant,rs121908073,Positive_Correlation,Non-syndromic deafness,DiseaseOrPhenotypicFeature,D003638,train
17877751,DFNB7/B11 deafness,DiseaseOrPhenotypicFeature,C563417,Positive_Correlation,p.R34X,SequenceVariant,rs121908073,train
17877751,DFNB7/B11 deafness,DiseaseOrPhenotypicFeature,C563417,Association,TMC1,GeneOrGeneProduct,117531,train
17877751,Non-syndromic deafness,DiseaseOrPhenotypicFeature,D003638,Association,TMC1,GeneOrGeneProduct,117531,train
17877751,non-syndromic recessive deafness,DiseaseOrPhenotypicFeature,C564609,Association,TMC1,GeneOrGeneProduct,117531,train
18410548,pituitary adenomas,DiseaseOrPhenotypicFeature,D010911,Association,Aryl hydrocarbon receptor interacting protein,GeneOrGeneProduct,9049,train
18410548,Aryl hydrocarbon receptor interacting protein,GeneOrGeneProduct,9049,Association,GH-secreting adenoma,DiseaseOrPhenotypicFeature,D049912,train
18410548,Y248del,SequenceVariant,rs267606574,Association,GH-secreting adenoma,DiseaseOrPhenotypicFeature,D049912,train
18593936,tumors,DiseaseOrPhenotypicFeature,D009369,Negative_Correlation,Curcumin,ChemicalEntity,D003474,train
18593936,Sp4,GeneOrGeneProduct,20688,Association,tumors,DiseaseOrPhenotypicFeature,D009369,train
18593936,Sp3,GeneOrGeneProduct,20687,Association,tumors,DiseaseOrPhenotypicFeature,D009369,train
18593936,Sp1,GeneOrGeneProduct,20683,Association,tumors,DiseaseOrPhenotypicFeature,D009369,train
18593936,bladder cancer,DiseaseOrPhenotypicFeature,D001749,Association,Sp4,GeneOrGeneProduct,20688,train
18593936,bladder cancer,DiseaseOrPhenotypicFeature,D001749,Association,Sp3,GeneOrGeneProduct,20687,train
18593936,bladder cancer,DiseaseOrPhenotypicFeature,D001749,Association,Sp1,GeneOrGeneProduct,20683,train
18593936,bladder cancer,DiseaseOrPhenotypicFeature,D001749,Association,proapoptotic protein,GeneOrGeneProduct,332,train
18593936,bladder cancer,DiseaseOrPhenotypicFeature,D001749,Association,angiogenic proteins,GeneOrGeneProduct,2321,train
18593936,bladder cancer,DiseaseOrPhenotypicFeature,D001749,Association,angiogenic proteins,GeneOrGeneProduct,7422,train
18593936,nuclear factor kappaB,GeneOrGeneProduct,4790,Association,cyclin D1,GeneOrGeneProduct,595,train
18593936,nuclear factor kappaB,GeneOrGeneProduct,4790,Association,bcl-2,GeneOrGeneProduct,596,train
18593936,nuclear factor kappaB,GeneOrGeneProduct,4790,Association,proapoptotic protein,GeneOrGeneProduct,332,train
18593936,proteasome,GeneOrGeneProduct,5698,Association,specificity protein,GeneOrGeneProduct,6671,train
18593936,proteasome,GeneOrGeneProduct,5698,Association,specificity protein,GeneOrGeneProduct,6670,train
18593936,proteasome,GeneOrGeneProduct,5698,Association,specificity protein,GeneOrGeneProduct,6667,train
18593936,angiogenic proteins,GeneOrGeneProduct,2321,Association,specificity protein,GeneOrGeneProduct,6671,train
18593936,angiogenic proteins,GeneOrGeneProduct,2321,Association,specificity protein,GeneOrGeneProduct,6670,train
18593936,angiogenic proteins,GeneOrGeneProduct,2321,Association,specificity protein,GeneOrGeneProduct,6667,train
18593936,angiogenic proteins,GeneOrGeneProduct,7422,Association,specificity protein,GeneOrGeneProduct,6671,train
18593936,angiogenic proteins,GeneOrGeneProduct,7422,Association,specificity protein,GeneOrGeneProduct,6670,train
18593936,angiogenic proteins,GeneOrGeneProduct,7422,Association,specificity protein,GeneOrGeneProduct,6667,train
18593936,specificity protein,GeneOrGeneProduct,6671,Association,bladder cancer,DiseaseOrPhenotypicFeature,D001749,train
18593936,specificity protein,GeneOrGeneProduct,6671,Association,cyclin D1,GeneOrGeneProduct,595,train
18593936,specificity protein,GeneOrGeneProduct,6671,Association,bcl-2,GeneOrGeneProduct,596,train
18593936,specificity protein,GeneOrGeneProduct,6671,Association,nuclear factor kappaB,GeneOrGeneProduct,4790,train
18593936,specificity protein,GeneOrGeneProduct,6671,Association,proapoptotic protein,GeneOrGeneProduct,332,train
18593936,specificity protein,GeneOrGeneProduct,6670,Association,bladder cancer,DiseaseOrPhenotypicFeature,D001749,train
18593936,specificity protein,GeneOrGeneProduct,6670,Association,cyclin D1,GeneOrGeneProduct,595,train
18593936,specificity protein,GeneOrGeneProduct,6670,Association,bcl-2,GeneOrGeneProduct,596,train
18593936,specificity protein,GeneOrGeneProduct,6670,Association,nuclear factor kappaB,GeneOrGeneProduct,4790,train
18593936,specificity protein,GeneOrGeneProduct,6670,Association,proapoptotic protein,GeneOrGeneProduct,332,train
18593936,specificity protein,GeneOrGeneProduct,6667,Association,bladder cancer,DiseaseOrPhenotypicFeature,D001749,train
18593936,specificity protein,GeneOrGeneProduct,6667,Association,cyclin D1,GeneOrGeneProduct,595,train
18593936,specificity protein,GeneOrGeneProduct,6667,Association,bcl-2,GeneOrGeneProduct,596,train
18593936,specificity protein,GeneOrGeneProduct,6667,Association,nuclear factor kappaB,GeneOrGeneProduct,4790,train
18593936,specificity protein,GeneOrGeneProduct,6667,Association,proapoptotic protein,GeneOrGeneProduct,332,train
18593936,Curcumin,ChemicalEntity,D003474,Negative_Correlation,Sp4,GeneOrGeneProduct,20688,train
18593936,Curcumin,ChemicalEntity,D003474,Negative_Correlation,Sp3,GeneOrGeneProduct,20687,train
18593936,Curcumin,ChemicalEntity,D003474,Negative_Correlation,Sp1,GeneOrGeneProduct,20683,train
18593936,Curcumin,ChemicalEntity,D003474,Negative_Correlation,bladder cancer,DiseaseOrPhenotypicFeature,D001749,train
18593936,Curcumin,ChemicalEntity,D003474,Negative_Correlation,cyclin D1,GeneOrGeneProduct,595,train
18593936,Curcumin,ChemicalEntity,D003474,Negative_Correlation,bcl-2,GeneOrGeneProduct,596,train
18593936,Curcumin,ChemicalEntity,D003474,Association,nuclear factor kappaB,GeneOrGeneProduct,4790,train
18593936,Curcumin,ChemicalEntity,D003474,Association,proteasome,GeneOrGeneProduct,5698,train
18593936,Curcumin,ChemicalEntity,D003474,Negative_Correlation,proapoptotic protein,GeneOrGeneProduct,332,train
18593936,Curcumin,ChemicalEntity,D003474,Negative_Correlation,angiogenic proteins,GeneOrGeneProduct,2321,train
18593936,Curcumin,ChemicalEntity,D003474,Negative_Correlation,angiogenic proteins,GeneOrGeneProduct,7422,train
18593936,Curcumin,ChemicalEntity,D003474,Negative_Correlation,specificity protein,GeneOrGeneProduct,6671,train
18593936,Curcumin,ChemicalEntity,D003474,Negative_Correlation,specificity protein,GeneOrGeneProduct,6670,train
18593936,Curcumin,ChemicalEntity,D003474,Negative_Correlation,specificity protein,GeneOrGeneProduct,6667,train
19825989,Ca(2+),ChemicalEntity,D002118,Association,cholangiocarcinoma,DiseaseOrPhenotypicFeature,D018281,train
19825989,"d-myo-inositol 1,4,5-trisphosphate",ChemicalEntity,D015544,Association,cholangiocarcinoma,DiseaseOrPhenotypicFeature,D018281,train
19825989,HRH4,GeneOrGeneProduct,59340,Association,cholangiocarcinoma,DiseaseOrPhenotypicFeature,D018281,train
19825989,HRH2,GeneOrGeneProduct,3274,Association,cholangiocarcinoma,DiseaseOrPhenotypicFeature,D018281,train
19825989,HRH1,GeneOrGeneProduct,3269,Association,cholangiocarcinoma,DiseaseOrPhenotypicFeature,D018281,train
19825989,Histamine,ChemicalEntity,D006632,Bind,HRH4,GeneOrGeneProduct,59340,train
19825989,Histamine,ChemicalEntity,D006632,Bind,HRH2,GeneOrGeneProduct,3274,train
19825989,Histamine,ChemicalEntity,D006632,Bind,HRH1,GeneOrGeneProduct,3269,train
19825989,Histamine,ChemicalEntity,D006632,Bind,H3 histamine receptor,GeneOrGeneProduct,11255,train
19825989,(R)-(alpha)-(-)-methylhistamine dihydrobromide,ChemicalEntity,C069357,Negative_Correlation,VEGF-C,GeneOrGeneProduct,7424,train
19825989,(R)-(alpha)-(-)-methylhistamine dihydrobromide,ChemicalEntity,C069357,Negative_Correlation,vascular endothelial growth factor (VEGF)-A,GeneOrGeneProduct,7422,train
19825989,(R)-(alpha)-(-)-methylhistamine dihydrobromide,ChemicalEntity,C069357,Positive_Correlation,"d-myo-inositol 1,4,5-trisphosphate",ChemicalEntity,D015544,train
19825989,(R)-(alpha)-(-)-methylhistamine dihydrobromide,ChemicalEntity,C069357,Negative_Correlation,tumor,DiseaseOrPhenotypicFeature,D009369,train
19825989,(R)-(alpha)-(-)-methylhistamine dihydrobromide,ChemicalEntity,C069357,Negative_Correlation,mitogen-activated protein kinase,GeneOrGeneProduct,5595,train
19825989,(R)-(alpha)-(-)-methylhistamine dihydrobromide,ChemicalEntity,C069357,Negative_Correlation,mitogen-activated protein kinase,GeneOrGeneProduct,5594,train
19825989,(R)-(alpha)-(-)-methylhistamine dihydrobromide,ChemicalEntity,C069357,Negative_Correlation,cholangiocarcinoma,DiseaseOrPhenotypicFeature,D018281,train
19825989,mitogen-activated protein kinase,GeneOrGeneProduct,5595,Association,cholangiocarcinoma,DiseaseOrPhenotypicFeature,D018281,train
19825989,mitogen-activated protein kinase,GeneOrGeneProduct,5594,Association,cholangiocarcinoma,DiseaseOrPhenotypicFeature,D018281,train
19825989,protein kinase Calpha,GeneOrGeneProduct,5578,Association,HRH4,GeneOrGeneProduct,59340,train
19825989,protein kinase Calpha,GeneOrGeneProduct,5578,Association,HRH2,GeneOrGeneProduct,3274,train
19825989,protein kinase Calpha,GeneOrGeneProduct,5578,Association,HRH1,GeneOrGeneProduct,3269,train
19825989,protein kinase Calpha,GeneOrGeneProduct,5578,Positive_Correlation,(R)-(alpha)-(-)-methylhistamine dihydrobromide,ChemicalEntity,C069357,train
19825989,protein kinase Calpha,GeneOrGeneProduct,5578,Association,mitogen-activated protein kinase,GeneOrGeneProduct,5595,train
19825989,protein kinase Calpha,GeneOrGeneProduct,5578,Association,mitogen-activated protein kinase,GeneOrGeneProduct,5594,train
19825989,protein kinase Calpha,GeneOrGeneProduct,5578,Negative_Correlation,cholangiocarcinoma,DiseaseOrPhenotypicFeature,D018281,train
19825989,H3 histamine receptor,GeneOrGeneProduct,11255,Association,cholangiocarcinoma,DiseaseOrPhenotypicFeature,D018281,train
19825989,H3 histamine receptor,GeneOrGeneProduct,11255,Positive_Correlation,protein kinase Calpha,GeneOrGeneProduct,5578,train
20080916,rs2004640,SequenceVariant,rs2004640,Association,rs10954213,SequenceVariant,rs10954213,train
20080916,systemic lupus erythematosus,DiseaseOrPhenotypicFeature,D008180,Association,IRF5,GeneOrGeneProduct,3663,train
20080916,systemic lupus erythematosus,DiseaseOrPhenotypicFeature,D008180,Association,rs10954213,SequenceVariant,rs10954213,train
21496008,c.1074G>T,SequenceVariant,c|SUB|G|1074|T,Positive_Correlation,intellectual disability,DiseaseOrPhenotypicFeature,D008607,train
21496008,dup33bp,SequenceVariant,c|DUP||33|,Positive_Correlation,intellectual disability,DiseaseOrPhenotypicFeature,D008607,train
21496008,dup27bp,SequenceVariant,c|DUP||27|,Positive_Correlation,intellectual disability,DiseaseOrPhenotypicFeature,D008607,train
21496008,Aristaless-related homeobox,GeneOrGeneProduct,170302,Association,polyalanine,ChemicalEntity,C019529,train
21496008,Aristaless-related homeobox,GeneOrGeneProduct,170302,Association,intellectual disability,DiseaseOrPhenotypicFeature,D008607,train
21496008,dup24bp,SequenceVariant,c|DUP||24|,Positive_Correlation,intellectual disability,DiseaseOrPhenotypicFeature,D008607,train
21496008,c.429_452dup,SequenceVariant,c|DUP|429_452||,Positive_Correlation,intellectual disability,DiseaseOrPhenotypicFeature,D008607,train
21496008,c.304ins(GCG)(7),SequenceVariant,c|INS|304|GCG(7),Positive_Correlation,intellectual disability,DiseaseOrPhenotypicFeature,D008607,train
24768818,ponatinib,ChemicalEntity,C545373,Negative_Correlation,lung cancer,DiseaseOrPhenotypicFeature,D008175,train
24768818,ponatinib,ChemicalEntity,C545373,Bind,Abelson kinase,GeneOrGeneProduct,25,train
24768818,ponatinib,ChemicalEntity,C545373,Negative_Correlation,cancer,DiseaseOrPhenotypicFeature,D009369,train
24768818,imatinib,ChemicalEntity,D000068877,Negative_Correlation,lung cancer,DiseaseOrPhenotypicFeature,D008175,train
24768818,imatinib,ChemicalEntity,D000068877,Bind,Abelson kinase,GeneOrGeneProduct,25,train
24768818,imatinib,ChemicalEntity,D000068877,Negative_Correlation,cancer,DiseaseOrPhenotypicFeature,D009369,train
24768818,collagen receptor,GeneOrGeneProduct,4921,Positive_Correlation,collagen,GeneOrGeneProduct,1277,train
24768818,collagen receptor,GeneOrGeneProduct,4921,Association,lung cancer,DiseaseOrPhenotypicFeature,D008175,train
24768818,collagen receptor,GeneOrGeneProduct,4921,Negative_Correlation,ponatinib,ChemicalEntity,C545373,train
24768818,collagen receptor,GeneOrGeneProduct,4921,Negative_Correlation,imatinib,ChemicalEntity,D000068877,train
24768818,collagen receptor,GeneOrGeneProduct,4921,Association,cancer,DiseaseOrPhenotypicFeature,D009369,train
24768818,collagen receptor,GeneOrGeneProduct,4921,Association,atherosclerosis,DiseaseOrPhenotypicFeature,D050197,train
24768818,collagen receptor,GeneOrGeneProduct,4921,Association,fibrosis,DiseaseOrPhenotypicFeature,D005355,train
24768818,collagen receptor,GeneOrGeneProduct,780,Positive_Correlation,collagen,GeneOrGeneProduct,1277,train
24768818,collagen receptor,GeneOrGeneProduct,780,Association,lung cancer,DiseaseOrPhenotypicFeature,D008175,train
24768818,collagen receptor,GeneOrGeneProduct,780,Association,DFG,ChemicalEntity,C553185,train
24768818,collagen receptor,GeneOrGeneProduct,780,Negative_Correlation,ponatinib,ChemicalEntity,C545373,train
24768818,collagen receptor,GeneOrGeneProduct,780,Negative_Correlation,imatinib,ChemicalEntity,D000068877,train
24768818,collagen receptor,GeneOrGeneProduct,780,Association,cancer,DiseaseOrPhenotypicFeature,D009369,train
24768818,collagen receptor,GeneOrGeneProduct,780,Association,atherosclerosis,DiseaseOrPhenotypicFeature,D050197,train
24768818,collagen receptor,GeneOrGeneProduct,780,Association,fibrosis,DiseaseOrPhenotypicFeature,D005355,train
25986755,interstitial fibrosis,DiseaseOrPhenotypicFeature,D005355,Positive_Correlation,creatinine,ChemicalEntity,D003404,train
25986755,glomerulosclerosis,DiseaseOrPhenotypicFeature,D005921,Positive_Correlation,creatinine,ChemicalEntity,D003404,train
25986755,AT2R,GeneOrGeneProduct,24182,Association,glomerulosclerosis,DiseaseOrPhenotypicFeature,D005921,train
25986755,AT2R,GeneOrGeneProduct,24182,Association,tyrosine kinase receptor,GeneOrGeneProduct,24716,train
25986755,AT2R,GeneOrGeneProduct,24182,Association,glial-cell-line-derived neurotrophic factor,GeneOrGeneProduct,25453,train
25986755,AT2R,GeneOrGeneProduct,24182,Negative_Correlation,caffeine,ChemicalEntity,D002110,train
25986755,angiotensin II receptor type 1a,GeneOrGeneProduct,24180,Association,caffeine,ChemicalEntity,D002110,train
25986755,caffeine,ChemicalEntity,D002110,Negative_Correlation,podocin,GeneOrGeneProduct,170672,train
25986755,caffeine,ChemicalEntity,D002110,Negative_Correlation,nephrin,GeneOrGeneProduct,64563,train
25986755,caffeine,ChemicalEntity,D002110,Positive_Correlation,interstitial fibrosis,DiseaseOrPhenotypicFeature,D005355,train
25986755,caffeine,ChemicalEntity,D002110,Positive_Correlation,creatinine,ChemicalEntity,D003404,train
25986755,caffeine,ChemicalEntity,D002110,Positive_Correlation,glomerulosclerosis,DiseaseOrPhenotypicFeature,D005921,train
25986755,caffeine,ChemicalEntity,D002110,Positive_Correlation,intrauterine growth retardation,DiseaseOrPhenotypicFeature,D005317,train
25986755,caffeine,ChemicalEntity,D002110,Association,tyrosine kinase receptor,GeneOrGeneProduct,24716,train
25986755,caffeine,ChemicalEntity,D002110,Positive_Correlation,dysplasia of fetal kidneys,DiseaseOrPhenotypicFeature,D007674,train
25986755,caffeine,ChemicalEntity,D002110,Association,glial-cell-line-derived neurotrophic factor,GeneOrGeneProduct,25453,train
28368423,B-cell non-Hodgkin lymphoma,DiseaseOrPhenotypicFeature,D016393,Association,B-cell receptor,GeneOrGeneProduct,16019,train
28368423,Akt,GeneOrGeneProduct,11651,Negative_Correlation,ibrutinib,ChemicalEntity,C551803,train
28368423,Akt,GeneOrGeneProduct,11651,Positive_Correlation,Myc,GeneOrGeneProduct,17869,train
28368423,PI3K,GeneOrGeneProduct,18708,Association,Akt,GeneOrGeneProduct,11651,train
28368423,PI3K,GeneOrGeneProduct,18708,Negative_Correlation,ibrutinib,ChemicalEntity,C551803,train
28368423,PI3K,GeneOrGeneProduct,18708,Positive_Correlation,Myc,GeneOrGeneProduct,17869,train
28368423,ibrutinib,ChemicalEntity,C551803,Negative_Correlation,Bruton's tyrosine kinase,GeneOrGeneProduct,695,train
28368423,ibrutinib,ChemicalEntity,C551803,Association,Myc,GeneOrGeneProduct,17869,train
28368423,B-cell receptor,GeneOrGeneProduct,16019,Association,ibrutinib,ChemicalEntity,C551803,train
28368423,B-cell receptor,GeneOrGeneProduct,16019,Association,precancerous,DiseaseOrPhenotypicFeature,D011230,train
28368423,Myc,GeneOrGeneProduct,17869,Association,B-cell non-Hodgkin lymphoma,DiseaseOrPhenotypicFeature,D016393,train
28368423,Myc,GeneOrGeneProduct,17869,Positive_Correlation,Erk1/2,GeneOrGeneProduct,26417,train
28368423,Myc,GeneOrGeneProduct,17869,Positive_Correlation,Erk1/2,GeneOrGeneProduct,26413,train
28368423,Myc,GeneOrGeneProduct,17869,Positive_Correlation,Plcg2,GeneOrGeneProduct,234779,train
28368423,Myc,GeneOrGeneProduct,17869,Positive_Correlation,CD79a,GeneOrGeneProduct,12518,train
28368423,Myc,GeneOrGeneProduct,17869,Positive_Correlation,Btk,GeneOrGeneProduct,12229,train
28368423,Myc,GeneOrGeneProduct,17869,Association,precancerous,DiseaseOrPhenotypicFeature,D011230,train
28368423,Myc,GeneOrGeneProduct,17869,Positive_Correlation,B-cell receptor,GeneOrGeneProduct,16019,train
28416580,collagenase,ChemicalEntity,D017364,Positive_Correlation,intracerebral hemorrhage,DiseaseOrPhenotypicFeature,D002543,train
28416580,intracerebral hemorrhage,DiseaseOrPhenotypicFeature,D002543,Association,Iba1,GeneOrGeneProduct,199,train
28416580,TSPO,GeneOrGeneProduct,706,Association,intracerebral hemorrhage,DiseaseOrPhenotypicFeature,D002543,train
28416580,TSPO,GeneOrGeneProduct,706,Positive_Correlation,Iba1,GeneOrGeneProduct,199,train
28416580,TSPO,GeneOrGeneProduct,12257,Association,CNS injury,DiseaseOrPhenotypicFeature,D002493,train
28416580,TSPO,GeneOrGeneProduct,12257,Association,intracerebral hemorrhage,DiseaseOrPhenotypicFeature,D002543,train
28416580,TSPO,GeneOrGeneProduct,12257,Association,inflammatory,DiseaseOrPhenotypicFeature,D007249,train
28416580,TSPO,GeneOrGeneProduct,12257,Association,brain injury,DiseaseOrPhenotypicFeature,D001927,train
28416580,TSPO,GeneOrGeneProduct,12257,Association,etifoxine,ChemicalEntity,C002125,train
28416580,etifoxine,ChemicalEntity,C002125,Association,colony-stimulating factor 1 receptor,GeneOrGeneProduct,12978,train
28416580,etifoxine,ChemicalEntity,C002125,Positive_Correlation,TNF-a,GeneOrGeneProduct,21926,train
28416580,etifoxine,ChemicalEntity,C002125,Positive_Correlation,IL-6,GeneOrGeneProduct,16193,train
28416580,etifoxine,ChemicalEntity,C002125,Negative_Correlation,brain edema,DiseaseOrPhenotypicFeature,D001929,train
28416580,etifoxine,ChemicalEntity,C002125,Negative_Correlation,intracerebral hemorrhage,DiseaseOrPhenotypicFeature,D002543,train
28416580,etifoxine,ChemicalEntity,C002125,Negative_Correlation,inflammatory,DiseaseOrPhenotypicFeature,D007249,train
28416580,etifoxine,ChemicalEntity,C002125,Negative_Correlation,brain injury,DiseaseOrPhenotypicFeature,D001927,train
28687665,TUBA1A,GeneOrGeneProduct,7846,Association,cortical malformations,DiseaseOrPhenotypicFeature,D054220,train
28687665,a-tubulin,GeneOrGeneProduct,22142,Association,cortical malformations,DiseaseOrPhenotypicFeature,D054220,train
28687665,a/b-tubulin,GeneOrGeneProduct,53857,Association,cortical malformations,DiseaseOrPhenotypicFeature,D054220,train
29222418,IFNg,GeneOrGeneProduct,15978,Association,HEB,GeneOrGeneProduct,21406,train
29222418,Vg4,GeneOrGeneProduct,21638,Association,IFNg,GeneOrGeneProduct,15978,train
29222418,Vg4,GeneOrGeneProduct,21638,Association,HEB,GeneOrGeneProduct,21406,train
29222418,Rorc,GeneOrGeneProduct,19885,Negative_Correlation,Id3,GeneOrGeneProduct,15903,train
29222418,Sox13,GeneOrGeneProduct,20668,Negative_Correlation,Id3,GeneOrGeneProduct,15903,train
29222418,Sox4,GeneOrGeneProduct,20677,Negative_Correlation,Id3,GeneOrGeneProduct,15903,train
29222418,HEB,GeneOrGeneProduct,21406,Positive_Correlation,Rorc,GeneOrGeneProduct,19885,train
29222418,HEB,GeneOrGeneProduct,21406,Positive_Correlation,Sox13,GeneOrGeneProduct,20668,train
29222418,HEB,GeneOrGeneProduct,21406,Negative_Correlation,Id3,GeneOrGeneProduct,15903,train
29222418,HEB,GeneOrGeneProduct,21406,Positive_Correlation,Sox4,GeneOrGeneProduct,20677,train
29222418,HEB,GeneOrGeneProduct,21406,Association,IL-17,GeneOrGeneProduct,16171,train
15649253,Primary malignant lymphoma of the brain,DiseaseOrPhenotypicFeature,D016543,Association,L50R,SequenceVariant,p|SUB|L|50|R,train
15649253,Primary malignant lymphoma of the brain,DiseaseOrPhenotypicFeature,D016543,Association,p14,GeneOrGeneProduct,11102,train
15649253,systemic lymphoma,DiseaseOrPhenotypicFeature,D008223,Association,p14,GeneOrGeneProduct,11102,train
15649253,p14,GeneOrGeneProduct,11102,Association,carcinogenesis,DiseaseOrPhenotypicFeature,D063646,train
15649253,p14,GeneOrGeneProduct,11102,Negative_Correlation,tumor,DiseaseOrPhenotypicFeature,D009369,train
16321363,338G>A,SequenceVariant,rs768372697,Positive_Correlation,Congenital disorder of glycosylation Ic,DiseaseOrPhenotypicFeature,C535741,train
16321363,del(1)(p31.2p32.3),SequenceVariant,c|DEL|p31.2_p32.3|,Positive_Correlation,CDG,DiseaseOrPhenotypicFeature,D018981,train
16321363,del(1)(p31.2p32.3),SequenceVariant,c|DEL|p31.2_p32.3|,Positive_Correlation,Congenital disorder of glycosylation Ic,DiseaseOrPhenotypicFeature,C535741,train
16321363,deletion (10-12Mb),SequenceVariant,c|DEL||10-12MB,Positive_Correlation,CDG,DiseaseOrPhenotypicFeature,D018981,train
16321363,deletion (10-12Mb),SequenceVariant,c|DEL||10-12MB,Positive_Correlation,Congenital disorder of glycosylation Ic,DiseaseOrPhenotypicFeature,C535741,train
16321363,hALG-6,GeneOrGeneProduct,29929,Association,CDG,DiseaseOrPhenotypicFeature,D018981,train
16321363,hALG-6,GeneOrGeneProduct,29929,Association,Congenital disorder of glycosylation Ic,DiseaseOrPhenotypicFeature,C535741,train
16506214,+8365 C/T,SequenceVariant,c|SUB|C|+8365|T,Negative_Correlation,prostate cancer,DiseaseOrPhenotypicFeature,D011471,train
16506214,+3100 T/G,SequenceVariant,c|SUB|T|+3100|G,Association,+8365 C/T,SequenceVariant,c|SUB|C|+8365|T,train
16506214,+3100 T/G,SequenceVariant,c|SUB|T|+3100|G,Negative_Correlation,prostate cancer,DiseaseOrPhenotypicFeature,D011471,train
16506214,prostaglandins,ChemicalEntity,D011453,Association,pain,DiseaseOrPhenotypicFeature,D010146,train
16506214,prostaglandins,ChemicalEntity,D011453,Association,inflammation,DiseaseOrPhenotypicFeature,D007249,train
16506214,arachidonic acid,ChemicalEntity,D016718,Conversion,prostaglandins,ChemicalEntity,D011453,train
16506214,COX-2,GeneOrGeneProduct,4513,Association,pain,DiseaseOrPhenotypicFeature,D010146,train
16506214,COX-2,GeneOrGeneProduct,4513,Association,inflammation,DiseaseOrPhenotypicFeature,D007249,train
16506214,COX-2,GeneOrGeneProduct,4513,Positive_Correlation,prostaglandins,ChemicalEntity,D011453,train
16506214,COX-2,GeneOrGeneProduct,4513,Association,arachidonic acid,ChemicalEntity,D016718,train
16506214,COX-2,GeneOrGeneProduct,4513,Positive_Correlation,prostate cancer,DiseaseOrPhenotypicFeature,D011471,train
16506214,COX-2,GeneOrGeneProduct,4513,Association,carcinogenesis,DiseaseOrPhenotypicFeature,D009369,train
16801510,cytochrome P-450 3A4 inhibitors,ChemicalEntity,D065692,Association,long QT syndrome,DiseaseOrPhenotypicFeature,D008133,train
16801510,cytochrome P-450 3A4,GeneOrGeneProduct,1576,Negative_Correlation,cytochrome P-450 3A4 inhibitors,ChemicalEntity,D065692,train
16801510,potassium,ChemicalEntity,D011188,Association,long QT syndrome,DiseaseOrPhenotypicFeature,D008133,train
16801510,methadone,ChemicalEntity,D008691,Association,torsades de pointes,DiseaseOrPhenotypicFeature,D016171,train
16801510,methadone,ChemicalEntity,D008691,Positive_Correlation,long QT syndrome,DiseaseOrPhenotypicFeature,D008133,train
18809400,cisplatin,ChemicalEntity,D002945,Positive_Correlation,neurotoxicity,DiseaseOrPhenotypicFeature,D020258,train
18809400,cisplatin,ChemicalEntity,D002945,Positive_Correlation,mitochondrial damage,DiseaseOrPhenotypicFeature,D028361,train
18809400,paclitaxel,ChemicalEntity,D017239,Positive_Correlation,neurotoxicity,DiseaseOrPhenotypicFeature,D020258,train
18809400,paclitaxel,ChemicalEntity,D017239,Positive_Correlation,mitochondrial damage,DiseaseOrPhenotypicFeature,D028361,train
18809400,peripheral neuropathy,DiseaseOrPhenotypicFeature,D010523,Positive_Correlation,cisplatin,ChemicalEntity,D002945,train
18809400,peripheral neuropathy,DiseaseOrPhenotypicFeature,D010523,Positive_Correlation,paclitaxel,ChemicalEntity,D017239,train
18809400,Alpha-lipoic acid,ChemicalEntity,D008063,Positive_Correlation,frataxin,GeneOrGeneProduct,2395,train
18809400,Alpha-lipoic acid,ChemicalEntity,D008063,Negative_Correlation,axonal damage,DiseaseOrPhenotypicFeature,D020833,train
18809400,Alpha-lipoic acid,ChemicalEntity,D008063,Negative_Correlation,peripheral neuropathy,DiseaseOrPhenotypicFeature,D010523,train
18809400,Alpha-lipoic acid,ChemicalEntity,D008063,Association,neuropathy,DiseaseOrPhenotypicFeature,D009422,train
18809400,Alpha-lipoic acid,ChemicalEntity,D008063,Negative_Correlation,neurotoxicity,DiseaseOrPhenotypicFeature,D020258,train
18809400,Alpha-lipoic acid,ChemicalEntity,D008063,Negative_Correlation,mitochondrial damage,DiseaseOrPhenotypicFeature,D028361,train
23864035,dexamethasone,ChemicalEntity,D003907,Positive_Correlation,peripheral neuropathy,DiseaseOrPhenotypicFeature,D010523,train
23864035,dexamethasone,ChemicalEntity,D003907,Negative_Correlation,multiple myeloma,DiseaseOrPhenotypicFeature,D009101,train
23864035,Bortezomib,ChemicalEntity,D000069286,Positive_Correlation,peripheral neuropathy,DiseaseOrPhenotypicFeature,D010523,train
23864035,Bortezomib,ChemicalEntity,D000069286,Cotreatment,dexamethasone,ChemicalEntity,D003907,train
23864035,Bortezomib,ChemicalEntity,D000069286,Negative_Correlation,multiple myeloma,DiseaseOrPhenotypicFeature,D009101,train
24842192,AMP-activated protein kinase,GeneOrGeneProduct,65248,Negative_Correlation,inflammatory,DiseaseOrPhenotypicFeature,D007249,train
24842192,AMP-activated protein kinase,GeneOrGeneProduct,65248,Negative_Correlation,myocardial infarction,DiseaseOrPhenotypicFeature,D009203,train
24842192,isoproterenol,ChemicalEntity,D007545,Positive_Correlation,tumor necrosis factor-alpha,GeneOrGeneProduct,24835,train
24842192,isoproterenol,ChemicalEntity,D007545,Positive_Correlation,interleukin 6,GeneOrGeneProduct,24498,train
24842192,isoproterenol,ChemicalEntity,D007545,Positive_Correlation,myeloid differentiation protein 88,GeneOrGeneProduct,301059,train
24842192,isoproterenol,ChemicalEntity,D007545,Positive_Correlation,myocardial infarction,DiseaseOrPhenotypicFeature,D009203,train
24842192,isoproterenol,ChemicalEntity,D007545,Positive_Correlation,toll-like receptor 4,GeneOrGeneProduct,29260,train
24842192,toll-like receptor 4,GeneOrGeneProduct,29260,Association,inflammatory,DiseaseOrPhenotypicFeature,D007249,train
24842192,toll-like receptor 4,GeneOrGeneProduct,29260,Association,cardiac dysfunction,DiseaseOrPhenotypicFeature,D006331,train
24842192,toll-like receptor 4,GeneOrGeneProduct,29260,Association,myocardial infarction,DiseaseOrPhenotypicFeature,D009203,train
24842192,metformin,ChemicalEntity,D008687,Negative_Correlation,inflammatory,DiseaseOrPhenotypicFeature,D007249,train
24842192,metformin,ChemicalEntity,D008687,Negative_Correlation,cardiac dysfunction,DiseaseOrPhenotypicFeature,D006331,train
24842192,metformin,ChemicalEntity,D008687,Positive_Correlation,AMP-activated protein kinase,GeneOrGeneProduct,65248,train
24842192,metformin,ChemicalEntity,D008687,Negative_Correlation,tumor necrosis factor-alpha,GeneOrGeneProduct,24835,train
24842192,metformin,ChemicalEntity,D008687,Negative_Correlation,interleukin 6,GeneOrGeneProduct,24498,train
24842192,metformin,ChemicalEntity,D008687,Negative_Correlation,myeloid differentiation protein 88,GeneOrGeneProduct,301059,train
24842192,metformin,ChemicalEntity,D008687,Negative_Correlation,myocardial infarction,DiseaseOrPhenotypicFeature,D009203,train
24842192,metformin,ChemicalEntity,D008687,Negative_Correlation,isoproterenol,ChemicalEntity,D007545,train
24842192,metformin,ChemicalEntity,D008687,Negative_Correlation,left ventricular dysfunction,DiseaseOrPhenotypicFeature,D018487,train
24842192,metformin,ChemicalEntity,D008687,Negative_Correlation,toll-like receptor 4,GeneOrGeneProduct,29260,train
27825100,myogenic factor 5,GeneOrGeneProduct,4617,Negative_Correlation,diabetic nephropathy,DiseaseOrPhenotypicFeature,D003928,train
27825100,myogenic factor 5,GeneOrGeneProduct,4617,Negative_Correlation,glucose,ChemicalEntity,D005947,train
27825100,myocyte-specific enhancer factor 2C,GeneOrGeneProduct,4208,Negative_Correlation,diabetic nephropathy,DiseaseOrPhenotypicFeature,D003928,train
27825100,myocyte-specific enhancer factor 2C,GeneOrGeneProduct,4208,Negative_Correlation,glucose,ChemicalEntity,D005947,train
27825100,serine-threonine liver kinase B1,GeneOrGeneProduct,6794,Association,glucose,ChemicalEntity,D005947,train
27825100,AMPK,GeneOrGeneProduct,5562,Association,glucose,ChemicalEntity,D005947,train
27825100,peroxisome proliferator-activated receptor-g coactivator 1a,GeneOrGeneProduct,10891,Negative_Correlation,diabetic nephropathy,DiseaseOrPhenotypicFeature,D003928,train
27825100,peroxisome proliferator-activated receptor-g coactivator 1a,GeneOrGeneProduct,10891,Association,glucose,ChemicalEntity,D005947,train
27825100,glucose,ChemicalEntity,D005947,Association,diabetic nephropathy,DiseaseOrPhenotypicFeature,D003928,train
27825100,glucose,ChemicalEntity,D005947,Positive_Correlation,lactic acidosis,DiseaseOrPhenotypicFeature,D000140,train
27860244,EPZ015666,ChemicalEntity,C000599896,Association,AKT,GeneOrGeneProduct,207,train
27860244,EPZ015666,ChemicalEntity,C000599896,Association,p65,GeneOrGeneProduct,5970,train
27860244,EPZ015666,ChemicalEntity,C000599896,Association,IkBa,GeneOrGeneProduct,4792,train
27860244,EPZ015666,ChemicalEntity,C000599896,Association,IkB kinaseb,GeneOrGeneProduct,3551,train
27860244,EPZ015666,ChemicalEntity,C000599896,Negative_Correlation,IL-8,GeneOrGeneProduct,3576,train
27860244,EPZ015666,ChemicalEntity,C000599896,Negative_Correlation,IL-6,GeneOrGeneProduct,3569,train
27860244,EPZ015666,ChemicalEntity,C000599896,Negative_Correlation,protein arginine methyltransferase 5,GeneOrGeneProduct,10419,train
27860244,EPZ015666,ChemicalEntity,C000599896,Association,rheumatoid arthritis,DiseaseOrPhenotypicFeature,D001172,train
27860244,protein arginine methyltransferase 5,GeneOrGeneProduct,10419,Association,synovial inflammation,DiseaseOrPhenotypicFeature,D013585,train
27860244,protein arginine methyltransferase 5,GeneOrGeneProduct,10419,Association,inflammation,DiseaseOrPhenotypicFeature,D007249,train
27860244,protein arginine methyltransferase 5,GeneOrGeneProduct,10419,Association,AKT,GeneOrGeneProduct,207,train
27860244,protein arginine methyltransferase 5,GeneOrGeneProduct,10419,Association,p65,GeneOrGeneProduct,5970,train
27860244,protein arginine methyltransferase 5,GeneOrGeneProduct,10419,Positive_Correlation,IL-8,GeneOrGeneProduct,3576,train
27860244,protein arginine methyltransferase 5,GeneOrGeneProduct,10419,Positive_Correlation,IL-6,GeneOrGeneProduct,3569,train
27860244,protein arginine methyltransferase 5,GeneOrGeneProduct,10419,Positive_Correlation,TNF-a,GeneOrGeneProduct,7124,train
27860244,protein arginine methyltransferase 5,GeneOrGeneProduct,10419,Positive_Correlation,IL-1b,GeneOrGeneProduct,3553,train
27860244,rheumatoid arthritis,DiseaseOrPhenotypicFeature,D001172,Association,AKT,GeneOrGeneProduct,207,train
27860244,rheumatoid arthritis,DiseaseOrPhenotypicFeature,D001172,Association,p65,GeneOrGeneProduct,5970,train
27860244,rheumatoid arthritis,DiseaseOrPhenotypicFeature,D001172,Association,protein arginine methyltransferase 5,GeneOrGeneProduct,10419,train
28148288,EGF,GeneOrGeneProduct,1950,Association,Metalloprotease-disintegrin,GeneOrGeneProduct,8038,train
28148288,batimastat,ChemicalEntity,C080985,Association,Epidermal Growth Factor Receptor,GeneOrGeneProduct,1956,train
28148288,batimastat,ChemicalEntity,C080985,Negative_Correlation,Metalloprotease-disintegrin,GeneOrGeneProduct,8038,train
28148288,claudin,GeneOrGeneProduct,9076,Association,breast cancer,DiseaseOrPhenotypicFeature,D001943,train
28148288,Metalloprotease-disintegrin,GeneOrGeneProduct,8038,Association,estrogen receptor,GeneOrGeneProduct,2099,train
28148288,Metalloprotease-disintegrin,GeneOrGeneProduct,8038,Positive_Correlation,Epidermal Growth Factor Receptor,GeneOrGeneProduct,1956,train
28148288,Metalloprotease-disintegrin,GeneOrGeneProduct,8038,Positive_Correlation,tumors,DiseaseOrPhenotypicFeature,D009369,train
28148288,Metalloprotease-disintegrin,GeneOrGeneProduct,8038,Association,breast cancer,DiseaseOrPhenotypicFeature,D001943,train
28148288,Metalloprotease-disintegrin,GeneOrGeneProduct,8038,Association,claudin,GeneOrGeneProduct,9076,train
15064320,testosterone,ChemicalEntity,D013739,Association,human chorionic gonadotropin,ChemicalEntity,D006063,train
15064320,"T nucleotide deletion, which predicts a frameshift mutation from codon 219",SequenceVariant,c|DEL|CODON219|T,Association,male pseudohermaphrodite,DiseaseOrPhenotypicFeature,D058490,train
15064320,guanine (CGA) by adenine (CAA),SequenceVariant,rs9332964,Association,male pseudohermaphrodite,DiseaseOrPhenotypicFeature,D058490,train
15064320,SRD5A2,GeneOrGeneProduct,6716,Association,male pseudohermaphrodite,DiseaseOrPhenotypicFeature,D058490,train
15623763,arginine 555-to-tryptophan,SequenceVariant,rs121909208,Association,GCD type I,DiseaseOrPhenotypicFeature,C537304,train
15623763,arginine 555-to-tryptophan,SequenceVariant,rs121909208,Positive_Correlation,lattice and granular corneal dystrophies,DiseaseOrPhenotypicFeature,D003317,train
15623763,GCD type I,DiseaseOrPhenotypicFeature,C537304,Association,leucine 269 to phenylalanine,SequenceVariant,rs199852470,train
15623763,GCD type I,DiseaseOrPhenotypicFeature,C537304,Association,TGFBI,GeneOrGeneProduct,7045,train
15623763,GCD type III,DiseaseOrPhenotypicFeature,C535476,Association,Arg124Leu,SequenceVariant,rs121909211,train
15623763,GCD type III,DiseaseOrPhenotypicFeature,C535476,Association,TGFBI,GeneOrGeneProduct,7045,train
15623763,lattice and granular corneal dystrophies,DiseaseOrPhenotypicFeature,D003317,Association,leucine 269 to phenylalanine,SequenceVariant,rs199852470,train
15623763,lattice and granular corneal dystrophies,DiseaseOrPhenotypicFeature,D003317,Association,Arg124Leu,SequenceVariant,rs121909211,train
15623763,lattice and granular corneal dystrophies,DiseaseOrPhenotypicFeature,C537881,Association,histidine 626-to-arginine,SequenceVariant,p|SUB|H|626|R,train
15623763,lattice and granular corneal dystrophies,DiseaseOrPhenotypicFeature,C537881,Positive_Correlation,arginine 124-to-cysteine,SequenceVariant,rs121909210,train
15623763,lattice and granular corneal dystrophies,DiseaseOrPhenotypicFeature,C537881,Association,"deletion of valine 624, valine 625",SequenceVariant,p|DEL|624_625|VV,train
15623763,lattice and granular corneal dystrophies,DiseaseOrPhenotypicFeature,C537881,Association,valine-539-aspartic acid,SequenceVariant,p|SUB|V|539|D,train
15623763,lattice and granular corneal dystrophies,DiseaseOrPhenotypicFeature,C537881,Association,glycine-594-valine,SequenceVariant,p|SUB|G|594|V,train
15623763,TGFBI,GeneOrGeneProduct,7045,Association,lattice and granular corneal dystrophies,DiseaseOrPhenotypicFeature,D003317,train
15623763,TGFBI,GeneOrGeneProduct,7045,Association,lattice and granular corneal dystrophies,DiseaseOrPhenotypicFeature,C537881,train
17033686,c.461_462delAG,SequenceVariant,rs606231195,Association,X-linked mental retardation,DiseaseOrPhenotypicFeature,D038901,train
17033686,c.461_462delAG,SequenceVariant,rs606231195,Association,Hamel cerebropalatocardiac syndrome,DiseaseOrPhenotypicFeature,C537761,train
17033686,BCOR,GeneOrGeneProduct,54880,Association,Lenz microphthalmia syndrome,DiseaseOrPhenotypicFeature,C537464,train
17033686,microphthalmia,DiseaseOrPhenotypicFeature,D008850,Association,c.461_462delAG,SequenceVariant,rs606231195,train
17033686,PQBP1,GeneOrGeneProduct,10084,Association,X-linked mental retardation,DiseaseOrPhenotypicFeature,D038901,train
17033686,PQBP1,GeneOrGeneProduct,10084,Association,Hamel cerebropalatocardiac syndrome,DiseaseOrPhenotypicFeature,C537761,train
17033686,PQBP1,GeneOrGeneProduct,10084,Association,mental retardation,DiseaseOrPhenotypicFeature,D008607,train
17033686,PQBP1,GeneOrGeneProduct,10084,Association,microcephaly,DiseaseOrPhenotypicFeature,D008831,train
17033686,PQBP1,GeneOrGeneProduct,10084,Association,microphthalmia,DiseaseOrPhenotypicFeature,D008850,train
17639754,levofloxacin,ChemicalEntity,D064704,Positive_Correlation,warfarin,ChemicalEntity,D014859,train
17639754,bleeding,DiseaseOrPhenotypicFeature,D006470,Positive_Correlation,levofloxacin,ChemicalEntity,D064704,train
17639754,bleeding,DiseaseOrPhenotypicFeature,D006470,Positive_Correlation,warfarin,ChemicalEntity,D014859,train
19319147,warfarin,ChemicalEntity,D014859,Association,intracerebral hemorrhage,DiseaseOrPhenotypicFeature,D002543,train
19319147,prothrombin complex concentrate,ChemicalEntity,C025667,Negative_Correlation,warfarin,ChemicalEntity,D014859,train
19319147,prothrombin complex concentrate,ChemicalEntity,C025667,Negative_Correlation,intracerebral hemorrhage,DiseaseOrPhenotypicFeature,D002543,train
19319147,hemorrhage,DiseaseOrPhenotypicFeature,D006470,Negative_Correlation,prothrombin complex concentrate,ChemicalEntity,C025667,train
19319147,collagenase,ChemicalEntity,D017364,Positive_Correlation,hemorrhage,DiseaseOrPhenotypicFeature,D006470,train
19918264,Gly388Arg,SequenceVariant,rs351855,Association,prostate cancer,DiseaseOrPhenotypicFeature,D011471,train
19918264,FGFR4,GeneOrGeneProduct,2264,Association,prostate cancer,DiseaseOrPhenotypicFeature,D011471,train
20335448,arginine 714,SequenceVariant,c|Allele|R|714,Association,hypokalemia,DiseaseOrPhenotypicFeature,D007008,train
20335448,arginine 714,SequenceVariant,c|Allele|R|714,Association,hypoglycemia,DiseaseOrPhenotypicFeature,D007003,train
20335448,arginine 714,SequenceVariant,c|Allele|R|714,Association,hypertension,DiseaseOrPhenotypicFeature,D006973,train
20335448,arginine 714,SequenceVariant,c|Allele|R|714,Positive_Correlation,glucocorticoid resistance,DiseaseOrPhenotypicFeature,C564221,train
20335448,premature pubarche,DiseaseOrPhenotypicFeature,C567552,Association,arginine 714,SequenceVariant,c|Allele|R|714,train
20335448,premature pubarche,DiseaseOrPhenotypicFeature,C567552,Negative_Correlation,dexamethasone,ChemicalEntity,D003907,train
20335448,premature pubarche,DiseaseOrPhenotypicFeature,C567552,Association,glucocorticoid receptor,GeneOrGeneProduct,2908,train
20335448,dexamethasone,ChemicalEntity,D003907,Negative_Correlation,hypokalemia,DiseaseOrPhenotypicFeature,D007008,train
20335448,dexamethasone,ChemicalEntity,D003907,Negative_Correlation,hypoglycemia,DiseaseOrPhenotypicFeature,D007003,train
20335448,dexamethasone,ChemicalEntity,D003907,Negative_Correlation,seizure,DiseaseOrPhenotypicFeature,D012640,train
20335448,hypertension,DiseaseOrPhenotypicFeature,D006973,Negative_Correlation,dexamethasone,ChemicalEntity,D003907,train
20335448,glucocorticoid resistance,DiseaseOrPhenotypicFeature,C564221,Negative_Correlation,glucocorticoids,ChemicalEntity,D005938,train
20335448,glucocorticoid resistance,DiseaseOrPhenotypicFeature,C564221,Positive_Correlation,arginine by glutamine at amino acid position 714,SequenceVariant,c|SUB|R|714|Q,train
20335448,glucocorticoid resistance,DiseaseOrPhenotypicFeature,C564221,Positive_Correlation,(G-->A) at nucleotide position 2141,SequenceVariant,c|SUB|G|2141|A,train
20335448,glucocorticoid receptor,GeneOrGeneProduct,2908,Association,hypokalemia,DiseaseOrPhenotypicFeature,D007008,train
20335448,glucocorticoid receptor,GeneOrGeneProduct,2908,Association,hypoglycemia,DiseaseOrPhenotypicFeature,D007003,train
20335448,glucocorticoid receptor,GeneOrGeneProduct,2908,Association,seizure,DiseaseOrPhenotypicFeature,D012640,train
20335448,glucocorticoid receptor,GeneOrGeneProduct,2908,Association,hypertension,DiseaseOrPhenotypicFeature,D006973,train
20335448,glucocorticoid receptor,GeneOrGeneProduct,2908,Association,glucocorticoid resistance,DiseaseOrPhenotypicFeature,C564221,train
21695597,MHC,GeneOrGeneProduct,720,Association,systemic lupus erythematosus,DiseaseOrPhenotypicFeature,D008180,train
21695597,MHC,GeneOrGeneProduct,3123,Association,systemic lupus erythematosus,DiseaseOrPhenotypicFeature,D008180,train
21695597,rs2844580,SequenceVariant,rs2844580,Positive_Correlation,systemic lupus erythematosus,DiseaseOrPhenotypicFeature,D008180,train
21695597,rs2071349,SequenceVariant,rs2071349,Positive_Correlation,systemic lupus erythematosus,DiseaseOrPhenotypicFeature,D008180,train
21695597,rs204890,SequenceVariant,rs204890,Positive_Correlation,systemic lupus erythematosus,DiseaseOrPhenotypicFeature,D008180,train
21695597,systemic lupus erythematosus,DiseaseOrPhenotypicFeature,D008180,Positive_Correlation,rs9271366,SequenceVariant,rs9271366,train
21911891,triglycerides,ChemicalEntity,D014280,Positive_Correlation,obese,DiseaseOrPhenotypicFeature,D009765,train
21911891,Plasminogen activator inhibitor type 1,GeneOrGeneProduct,5054,Association,obese,DiseaseOrPhenotypicFeature,D009765,train
28468941,type I TGFb receptors,GeneOrGeneProduct,94,Association,Smad,GeneOrGeneProduct,4093,train
28468941,type I TGFb receptors,GeneOrGeneProduct,94,Association,Smad,GeneOrGeneProduct,4090,train
28468941,type I TGFb receptors,GeneOrGeneProduct,94,Association,Smad,GeneOrGeneProduct,4086,train
28468941,type I TGFb receptors,GeneOrGeneProduct,90,Association,Smad,GeneOrGeneProduct,4093,train
28468941,type I TGFb receptors,GeneOrGeneProduct,90,Association,Smad,GeneOrGeneProduct,4090,train
28468941,type I TGFb receptors,GeneOrGeneProduct,90,Association,Smad,GeneOrGeneProduct,4086,train
28468941,type I TGFb receptors,GeneOrGeneProduct,658,Association,Smad,GeneOrGeneProduct,4093,train
28468941,type I TGFb receptors,GeneOrGeneProduct,658,Association,Smad,GeneOrGeneProduct,4090,train
28468941,type I TGFb receptors,GeneOrGeneProduct,658,Association,Smad,GeneOrGeneProduct,4086,train
28468941,type I TGFb receptors,GeneOrGeneProduct,657,Association,Smad,GeneOrGeneProduct,4093,train
28468941,type I TGFb receptors,GeneOrGeneProduct,657,Association,Smad,GeneOrGeneProduct,4090,train
28468941,type I TGFb receptors,GeneOrGeneProduct,657,Association,Smad,GeneOrGeneProduct,4086,train
28468941,adenine 474 deletion,SequenceVariant,rs587777017,Association,pulmonary arterial hypertension,DiseaseOrPhenotypicFeature,D000081029,train
28468941,pulmonary hypertension,DiseaseOrPhenotypicFeature,D006976,Association,adenine 474 deletion,SequenceVariant,rs587777017,train
28468941,pulmonary hypertension,DiseaseOrPhenotypicFeature,D006976,Association,Smad,GeneOrGeneProduct,4093,train
28468941,pulmonary hypertension,DiseaseOrPhenotypicFeature,D006976,Association,Smad,GeneOrGeneProduct,4090,train
28468941,pulmonary hypertension,DiseaseOrPhenotypicFeature,D006976,Association,Smad,GeneOrGeneProduct,4086,train
28468941,pulmonary hypertension,DiseaseOrPhenotypicFeature,D006976,Association,caveolin-1,GeneOrGeneProduct,857,train
28468941,Smad,GeneOrGeneProduct,4093,Association,pulmonary arterial hypertension,DiseaseOrPhenotypicFeature,D000081029,train
28468941,Smad,GeneOrGeneProduct,4090,Association,pulmonary arterial hypertension,DiseaseOrPhenotypicFeature,D000081029,train
28468941,Smad,GeneOrGeneProduct,4086,Association,pulmonary arterial hypertension,DiseaseOrPhenotypicFeature,D000081029,train
28468941,caveolin-1,GeneOrGeneProduct,857,Association,pulmonary arterial hypertension,DiseaseOrPhenotypicFeature,D000081029,train
28468941,caveolin-1,GeneOrGeneProduct,857,Association,Smad,GeneOrGeneProduct,4093,train
28468941,caveolin-1,GeneOrGeneProduct,857,Association,Smad,GeneOrGeneProduct,4090,train
28468941,caveolin-1,GeneOrGeneProduct,857,Association,Smad,GeneOrGeneProduct,4086,train
15191352,impaired intellectual development,DiseaseOrPhenotypicFeature,D008607,Positive_Correlation,I280S,SequenceVariant,p|SUB|I|280|S,train
15191352,hearing and visual impairment,DiseaseOrPhenotypicFeature,D014786,Positive_Correlation,I280S,SequenceVariant,p|SUB|I|280|S,train
15191352,hearing and visual impairment,DiseaseOrPhenotypicFeature,D006311,Positive_Correlation,I280S,SequenceVariant,p|SUB|I|280|S,train
15191352,tachycardia,DiseaseOrPhenotypicFeature,D013610,Positive_Correlation,I280S,SequenceVariant,p|SUB|I|280|S,train
15191352,hyperkinetic,DiseaseOrPhenotypicFeature,D006948,Positive_Correlation,I280S,SequenceVariant,p|SUB|I|280|S,train
15191352,1123T-->G,SequenceVariant,g|SUB|T|1123|G,Positive_Correlation,impaired intellectual development,DiseaseOrPhenotypicFeature,D008607,train
15191352,1123T-->G,SequenceVariant,g|SUB|T|1123|G,Positive_Correlation,hearing and visual impairment,DiseaseOrPhenotypicFeature,D014786,train
15191352,1123T-->G,SequenceVariant,g|SUB|T|1123|G,Positive_Correlation,hearing and visual impairment,DiseaseOrPhenotypicFeature,D006311,train
15191352,1123T-->G,SequenceVariant,g|SUB|T|1123|G,Positive_Correlation,tachycardia,DiseaseOrPhenotypicFeature,D013610,train
15191352,1123T-->G,SequenceVariant,g|SUB|T|1123|G,Positive_Correlation,hyperkinetic,DiseaseOrPhenotypicFeature,D006948,train
15191352,T3 receptor,GeneOrGeneProduct,7068,Association,impaired intellectual development,DiseaseOrPhenotypicFeature,D008607,train
15191352,T3 receptor,GeneOrGeneProduct,7068,Association,hearing and visual impairment,DiseaseOrPhenotypicFeature,D014786,train
15191352,T3 receptor,GeneOrGeneProduct,7068,Association,hearing and visual impairment,DiseaseOrPhenotypicFeature,D006311,train
15191352,T3 receptor,GeneOrGeneProduct,7068,Association,tachycardia,DiseaseOrPhenotypicFeature,D013610,train
15191352,T3 receptor,GeneOrGeneProduct,7068,Association,hyperkinetic,DiseaseOrPhenotypicFeature,D006948,train
15191352,thyroid hormone resistance,DiseaseOrPhenotypicFeature,D018382,Positive_Correlation,1123T-->G,SequenceVariant,g|SUB|T|1123|G,train
15191352,thyroid hormone resistance,DiseaseOrPhenotypicFeature,D018382,Positive_Correlation,I280S,SequenceVariant,p|SUB|I|280|S,train
15191352,thyroid hormone resistance,DiseaseOrPhenotypicFeature,D018382,Association,T3 receptor,GeneOrGeneProduct,7068,train
15814629,angiotensin I-converting enzyme,GeneOrGeneProduct,1636,Association,agarose,ChemicalEntity,D012685,train
15814629,angiotensin I-converting enzyme,GeneOrGeneProduct,1636,Association,gastric cancer,DiseaseOrPhenotypicFeature,D013274,train
15814629,angiotensin I-converting enzyme,GeneOrGeneProduct,1636,Association,tumor,DiseaseOrPhenotypicFeature,D009369,train
15814629,lymph node metastases,DiseaseOrPhenotypicFeature,D009362,Association,angiotensin I-converting enzyme,GeneOrGeneProduct,1636,train
16541406,MSH2,GeneOrGeneProduct,4436,Association,Lynch syndrome,DiseaseOrPhenotypicFeature,D003123,train
16541406,MLH1,GeneOrGeneProduct,4292,Association,Lynch syndrome,DiseaseOrPhenotypicFeature,D003123,train
17185386,schizophrenia,DiseaseOrPhenotypicFeature,D012559,Association,NDE1,GeneOrGeneProduct,54820,train
17185386,DISC1,GeneOrGeneProduct,27185,Association,NDE1,GeneOrGeneProduct,54820,train
17185386,DISC1,GeneOrGeneProduct,27185,Association,schizophrenia,DiseaseOrPhenotypicFeature,D012559,train
18779591,benign breast tumors,DiseaseOrPhenotypicFeature,D001943,Association,prolactin receptor,GeneOrGeneProduct,5618,train
18779591,Multiple fibroadenomas,DiseaseOrPhenotypicFeature,D018226,Positive_Correlation,Ile(146)-->Leu,SequenceVariant,rs72478580,train
18779591,Multiple fibroadenomas,DiseaseOrPhenotypicFeature,D018226,Association,prolactin receptor,GeneOrGeneProduct,5618,train
18779591,prolactin receptor,GeneOrGeneProduct,5618,Association,signal transducer and activator of transcription 5,GeneOrGeneProduct,6776,train
18779591,prolactin receptor,GeneOrGeneProduct,5618,Association,breast diseases,DiseaseOrPhenotypicFeature,D001941,train
18779591,prolactin,GeneOrGeneProduct,5617,Association,benign breast tumors,DiseaseOrPhenotypicFeature,D001943,train
18779591,prolactin,GeneOrGeneProduct,5617,Association,Multiple fibroadenomas,DiseaseOrPhenotypicFeature,D018226,train
18779591,prolactin,GeneOrGeneProduct,5617,Bind,prolactin receptor,GeneOrGeneProduct,5618,train
18779591,prolactin,GeneOrGeneProduct,5617,Association,breast diseases,DiseaseOrPhenotypicFeature,D001941,train
19346865,metronidazole,ChemicalEntity,D008795,Negative_Correlation,infection,DiseaseOrPhenotypicFeature,D007239,train
19346865,metronidazole,ChemicalEntity,D008795,Positive_Correlation,inferior colliculus lesion,DiseaseOrPhenotypicFeature,D001927,train
19889778,precore,GeneOrGeneProduct,944568,Association,HBsAg,ChemicalEntity,D006514,train
19889778,precore,GeneOrGeneProduct,944568,Association,lamivudine,ChemicalEntity,D019259,train
19889778,precore,GeneOrGeneProduct,944568,Association,hepatitis B virus e antigen,ChemicalEntity,D006513,train
19889778,P120T,SequenceVariant,c|SUB|P|120|T,Association,HBsAg,ChemicalEntity,D006514,train
19889778,P120T,SequenceVariant,c|SUB|P|120|T,Association,hepatitis B virus e antigen,ChemicalEntity,D006513,train
19889778,lamivudine,ChemicalEntity,D019259,Association,P120T,SequenceVariant,c|SUB|P|120|T,train
19889778,lamivudine,ChemicalEntity,D019259,Association,hepatitis B virus e antigen,ChemicalEntity,D006513,train
19889778,G145R,SequenceVariant,p|SUB|G|145|R,Negative_Correlation,HBsAg,ChemicalEntity,D006514,train
19889778,G145R,SequenceVariant,p|SUB|G|145|R,Association,lamivudine,ChemicalEntity,D019259,train
19889778,hepatitis B virus e antigen,ChemicalEntity,D006513,Association,G145R,SequenceVariant,p|SUB|G|145|R,train
20583543,hypospadias,DiseaseOrPhenotypicFeature,D007021,Association,8 nucleotide deletion,SequenceVariant,c|DEL||8,train
20583543,isolated micropenis,DiseaseOrPhenotypicFeature,C536649,Association,p.G196S,SequenceVariant,rs121434250,train
20583543,isolated micropenis,DiseaseOrPhenotypicFeature,C536649,Association,SRD5A2,GeneOrGeneProduct,6716,train
20583543,SRD5A2,GeneOrGeneProduct,6716,Association,hypospadias,DiseaseOrPhenotypicFeature,D007021,train
20583543,"46,XY DSD",DiseaseOrPhenotypicFeature,D058490,Association,g.80_87delT CGCGAAG,SequenceVariant,g|DEL|80_87|TCGCGAAG,train
20583543,"46,XY DSD",DiseaseOrPhenotypicFeature,D058490,Association,p.A27fsX132,SequenceVariant,p|FS|A|27||132,train
20583543,"46,XY DSD",DiseaseOrPhenotypicFeature,D058490,Association,p.R246Q,SequenceVariant,rs9332967,train
20583543,"46,XY DSD",DiseaseOrPhenotypicFeature,D058490,Association,SRD5A2,GeneOrGeneProduct,6716,train
20583543,"46,XY DSD",DiseaseOrPhenotypicFeature,D058490,Association,8 nucleotide deletion,SequenceVariant,c|DEL||8,train
20722491,5-fluorouracil,ChemicalEntity,D005472,Negative_Correlation,"colorectal, breast, pancreaticobiliary, gastric, renal cell and head and neck cancers",DiseaseOrPhenotypicFeature,D013274,train
20722491,5-fluorouracil,ChemicalEntity,D005472,Negative_Correlation,"colorectal, breast, pancreaticobiliary, gastric, renal cell and head and neck cancers",DiseaseOrPhenotypicFeature,D010190,train
20722491,5-fluorouracil,ChemicalEntity,D005472,Negative_Correlation,"colorectal, breast, pancreaticobiliary, gastric, renal cell and head and neck cancers",DiseaseOrPhenotypicFeature,D002292,train
20722491,5-fluorouracil,ChemicalEntity,D005472,Negative_Correlation,"colorectal, breast and head and neck cancers",DiseaseOrPhenotypicFeature,D015179,train
20722491,5-fluorouracil,ChemicalEntity,D005472,Negative_Correlation,"colorectal, breast and head and neck cancers",DiseaseOrPhenotypicFeature,D006258,train
20722491,5-fluorouracil,ChemicalEntity,D005472,Negative_Correlation,"colorectal, breast and head and neck cancers",DiseaseOrPhenotypicFeature,D001943,train
20722491,5-fluorouracil,ChemicalEntity,D005472,Negative_Correlation,tumors,DiseaseOrPhenotypicFeature,D009369,train
20722491,capecitabine,ChemicalEntity,D000069287,Association,hepatic and renal dysfunctions,DiseaseOrPhenotypicFeature,D008107,train
20722491,capecitabine,ChemicalEntity,D000069287,Association,renal and kidney disease,DiseaseOrPhenotypicFeature,D007674,train
20722491,capecitabine,ChemicalEntity,D000069287,Positive_Correlation,hand-foot syndrome,DiseaseOrPhenotypicFeature,D060831,train
20722491,capecitabine,ChemicalEntity,D000069287,Positive_Correlation,stomatitis,DiseaseOrPhenotypicFeature,D013280,train
20722491,capecitabine,ChemicalEntity,D000069287,Positive_Correlation,vomiting,DiseaseOrPhenotypicFeature,D014839,train
20722491,capecitabine,ChemicalEntity,D000069287,Positive_Correlation,nausea,DiseaseOrPhenotypicFeature,D009325,train
20722491,capecitabine,ChemicalEntity,D000069287,Positive_Correlation,diarrhea,DiseaseOrPhenotypicFeature,D003967,train
20722491,capecitabine,ChemicalEntity,D000069287,Negative_Correlation,"colorectal, breast, pancreaticobiliary, gastric, renal cell and head and neck cancers",DiseaseOrPhenotypicFeature,D013274,train
20722491,capecitabine,ChemicalEntity,D000069287,Negative_Correlation,"colorectal, breast, pancreaticobiliary, gastric, renal cell and head and neck cancers",DiseaseOrPhenotypicFeature,D010190,train
20722491,capecitabine,ChemicalEntity,D000069287,Negative_Correlation,"colorectal, breast, pancreaticobiliary, gastric, renal cell and head and neck cancers",DiseaseOrPhenotypicFeature,D002292,train
20722491,capecitabine,ChemicalEntity,D000069287,Negative_Correlation,"colorectal, breast and head and neck cancers",DiseaseOrPhenotypicFeature,D015179,train
20722491,capecitabine,ChemicalEntity,D000069287,Negative_Correlation,"colorectal, breast and head and neck cancers",DiseaseOrPhenotypicFeature,D006258,train
20722491,capecitabine,ChemicalEntity,D000069287,Negative_Correlation,"colorectal, breast and head and neck cancers",DiseaseOrPhenotypicFeature,D001943,train
20828385,necrotic,DiseaseOrPhenotypicFeature,D009336,Negative_Correlation,temsirolimus,ChemicalEntity,C401859,train
20828385,temsirolimus,ChemicalEntity,C401859,Negative_Correlation,mTOR,GeneOrGeneProduct,2475,train
20828385,temsirolimus,ChemicalEntity,C401859,Negative_Correlation,VEGF,GeneOrGeneProduct,7422,train
20828385,temsirolimus,ChemicalEntity,C401859,Negative_Correlation,tumor,DiseaseOrPhenotypicFeature,D009369,train
20828385,mantle cell lymphoma,DiseaseOrPhenotypicFeature,D020522,Negative_Correlation,temsirolimus,ChemicalEntity,C401859,train
24477591,NADPH oxidases,GeneOrGeneProduct,1666,Association,Reactive oxygen species,ChemicalEntity,D017382,train
24477591,Reactive oxygen species,ChemicalEntity,D017382,Association,atherosclerosis,DiseaseOrPhenotypicFeature,D050197,train
24477591,Reactive oxygen species,ChemicalEntity,D017382,Association,coronary artery disease,DiseaseOrPhenotypicFeature,D003324,train
24477591,overweight,DiseaseOrPhenotypicFeature,D050177,Association,CYBA,GeneOrGeneProduct,1535,train
24477591,obesity,DiseaseOrPhenotypicFeature,D009765,Association,CYBA,GeneOrGeneProduct,1535,train
24477591,-930A>G,SequenceVariant,rs9932581,Positive_Correlation,overweight,DiseaseOrPhenotypicFeature,D050177,train
24477591,-930A>G,SequenceVariant,rs9932581,Positive_Correlation,obesity,DiseaseOrPhenotypicFeature,D009765,train
24477591,-930A>G,SequenceVariant,rs9932581,Positive_Correlation,coronary artery disease,DiseaseOrPhenotypicFeature,D003324,train
24477591,CYBA,GeneOrGeneProduct,1535,Association,NADPH oxidases,GeneOrGeneProduct,1666,train
24477591,CYBA,GeneOrGeneProduct,1535,Association,coronary artery disease,DiseaseOrPhenotypicFeature,D003324,train
28279980,sodium,ChemicalEntity,D012964,Association,Glucose,ChemicalEntity,D005947,train
28279980,Glucose,ChemicalEntity,D005947,Negative_Correlation,phloridzin,ChemicalEntity,D010695,train
28279980,GLUT,GeneOrGeneProduct,56485,Negative_Correlation,cytochalasin B,ChemicalEntity,D003571,train
28279980,GLUT,GeneOrGeneProduct,56017,Negative_Correlation,cytochalasin B,ChemicalEntity,D003571,train
28279980,GLUT,GeneOrGeneProduct,353169,Negative_Correlation,cytochalasin B,ChemicalEntity,D003571,train
28279980,GLUT,GeneOrGeneProduct,227659,Positive_Correlation,Glucose,ChemicalEntity,D005947,train
28279980,GLUT,GeneOrGeneProduct,227659,Negative_Correlation,cytochalasin B,ChemicalEntity,D003571,train
28279980,GLUT4,GeneOrGeneProduct,20528,Association,insulin,GeneOrGeneProduct,3630,train
28279980,GLUT4,GeneOrGeneProduct,20528,Association,Glucose,ChemicalEntity,D005947,train
28279980,GLUT4,GeneOrGeneProduct,20528,Negative_Correlation,cytochalasin B,ChemicalEntity,D003571,train
28279980,GLUT,GeneOrGeneProduct,20527,Positive_Correlation,Glucose,ChemicalEntity,D005947,train
28279980,GLUT,GeneOrGeneProduct,20527,Negative_Correlation,cytochalasin B,ChemicalEntity,D003571,train
28279980,GLUT,GeneOrGeneProduct,20526,Negative_Correlation,cytochalasin B,ChemicalEntity,D003571,train
28279980,GLUT,GeneOrGeneProduct,20525,Positive_Correlation,Glucose,ChemicalEntity,D005947,train
28279980,GLUT,GeneOrGeneProduct,20525,Negative_Correlation,cytochalasin B,ChemicalEntity,D003571,train
28279980,GLUT,GeneOrGeneProduct,170441,Positive_Correlation,Glucose,ChemicalEntity,D005947,train
28279980,GLUT,GeneOrGeneProduct,170441,Negative_Correlation,cytochalasin B,ChemicalEntity,D003571,train
28472177,glioma,DiseaseOrPhenotypicFeature,D005910,Association,Beta catenin,GeneOrGeneProduct,1499,train
28472177,glioma,DiseaseOrPhenotypicFeature,D005910,Association,Wnt,GeneOrGeneProduct,7474,train
28472177,PDGFB,GeneOrGeneProduct,5155,Association,Ubiquitin carboxyl-terminal esterase L1,GeneOrGeneProduct,7345,train
28472177,TNF,GeneOrGeneProduct,7124,Association,Ubiquitin carboxyl-terminal esterase L1,GeneOrGeneProduct,7345,train
28472177,IL1B,GeneOrGeneProduct,3553,Association,Ubiquitin carboxyl-terminal esterase L1,GeneOrGeneProduct,7345,train
28472177,FGF2,GeneOrGeneProduct,2247,Association,Ubiquitin carboxyl-terminal esterase L1,GeneOrGeneProduct,7345,train
28472177,cancer,DiseaseOrPhenotypicFeature,D009369,Association,ALK,GeneOrGeneProduct,238,train
28472177,cancer,DiseaseOrPhenotypicFeature,D009369,Association,CALB1,GeneOrGeneProduct,793,train
28472177,cancer,DiseaseOrPhenotypicFeature,D009369,Association,AQP4,GeneOrGeneProduct,361,train
28472177,cancer,DiseaseOrPhenotypicFeature,D009369,Association,AQP3,GeneOrGeneProduct,360,train
28472177,cancer,DiseaseOrPhenotypicFeature,D009369,Association,ABCA4,GeneOrGeneProduct,24,train
28472177,cancer,DiseaseOrPhenotypicFeature,D009369,Association,IGLL5,GeneOrGeneProduct,100423062,train
28472177,cancer,DiseaseOrPhenotypicFeature,D009369,Association,HEY2,GeneOrGeneProduct,23493,train
28472177,cancer,DiseaseOrPhenotypicFeature,D009369,Association,GDF15,GeneOrGeneProduct,9518,train
28472177,cancer,DiseaseOrPhenotypicFeature,D009369,Association,FBXW11,GeneOrGeneProduct,23291,train
28472177,cancer,DiseaseOrPhenotypicFeature,D009369,Association,FBXL7,GeneOrGeneProduct,23194,train
28472177,cancer,DiseaseOrPhenotypicFeature,D009369,Association,LIF,GeneOrGeneProduct,3976,train
28472177,cancer,DiseaseOrPhenotypicFeature,D009369,Association,POSTN,GeneOrGeneProduct,10631,train
28472177,cancer,DiseaseOrPhenotypicFeature,D009369,Association,ACTA2,GeneOrGeneProduct,59,train
28472177,Ubiquitin carboxyl-terminal esterase L1,GeneOrGeneProduct,7345,Association,glioma,DiseaseOrPhenotypicFeature,D005910,train
28472177,Ubiquitin carboxyl-terminal esterase L1,GeneOrGeneProduct,7345,Association,Beta catenin,GeneOrGeneProduct,1499,train
28472177,Ubiquitin carboxyl-terminal esterase L1,GeneOrGeneProduct,7345,Association,cancer,DiseaseOrPhenotypicFeature,D009369,train
28472177,Ubiquitin carboxyl-terminal esterase L1,GeneOrGeneProduct,7345,Association,ALK,GeneOrGeneProduct,238,train
28472177,Ubiquitin carboxyl-terminal esterase L1,GeneOrGeneProduct,7345,Association,CALB1,GeneOrGeneProduct,793,train
28472177,Ubiquitin carboxyl-terminal esterase L1,GeneOrGeneProduct,7345,Association,AQP4,GeneOrGeneProduct,361,train
28472177,Ubiquitin carboxyl-terminal esterase L1,GeneOrGeneProduct,7345,Association,AQP3,GeneOrGeneProduct,360,train
28472177,Ubiquitin carboxyl-terminal esterase L1,GeneOrGeneProduct,7345,Association,ABCA4,GeneOrGeneProduct,24,train
28472177,Ubiquitin carboxyl-terminal esterase L1,GeneOrGeneProduct,7345,Association,IGLL5,GeneOrGeneProduct,100423062,train
28472177,Ubiquitin carboxyl-terminal esterase L1,GeneOrGeneProduct,7345,Association,HEY2,GeneOrGeneProduct,23493,train
28472177,Ubiquitin carboxyl-terminal esterase L1,GeneOrGeneProduct,7345,Association,GDF15,GeneOrGeneProduct,9518,train
28472177,Ubiquitin carboxyl-terminal esterase L1,GeneOrGeneProduct,7345,Association,FBXW11,GeneOrGeneProduct,23291,train
28472177,Ubiquitin carboxyl-terminal esterase L1,GeneOrGeneProduct,7345,Association,FBXL7,GeneOrGeneProduct,23194,train
28472177,Ubiquitin carboxyl-terminal esterase L1,GeneOrGeneProduct,7345,Association,LIF,GeneOrGeneProduct,3976,train
28472177,Ubiquitin carboxyl-terminal esterase L1,GeneOrGeneProduct,7345,Association,POSTN,GeneOrGeneProduct,10631,train
28472177,Ubiquitin carboxyl-terminal esterase L1,GeneOrGeneProduct,7345,Association,ACTA2,GeneOrGeneProduct,59,train
28472177,Wnt,GeneOrGeneProduct,7474,Positive_Correlation,Ubiquitin carboxyl-terminal esterase L1,GeneOrGeneProduct,7345,train
28584052,c.463-6T>G,SequenceVariant,c|SUB|T463-6|G,Association,X-linked intellectual disability,DiseaseOrPhenotypicFeature,D038901,train
28584052,host cell factor 1,GeneOrGeneProduct,3054,Association,X-linked intellectual disability,DiseaseOrPhenotypicFeature,D038901,train
28584052,p.Arg284Pro,SequenceVariant,rs1114167891,Association,X-linked intellectual disability,DiseaseOrPhenotypicFeature,D038901,train
28584052,N-acetylglucosamine (O-GlcNAc) transferase,GeneOrGeneProduct,8473,Association,neurodegeneration,DiseaseOrPhenotypicFeature,D019636,train
28584052,N-acetylglucosamine (O-GlcNAc) transferase,GeneOrGeneProduct,8473,Association,developmental defects,DiseaseOrPhenotypicFeature,D003147,train
28584052,N-acetylglucosamine (O-GlcNAc) transferase,GeneOrGeneProduct,8473,Association,X-linked intellectual disability,DiseaseOrPhenotypicFeature,D038901,train
15523499,cardiovascular and metabolic disorders,DiseaseOrPhenotypicFeature,D008659,Association,Arg64Trp,SequenceVariant,p|SUB|R|64|W,train
15523499,cardiovascular and metabolic disorders,DiseaseOrPhenotypicFeature,D008659,Association,Gln27Glu,SequenceVariant,p|SUB|Q|27|E,train
15523499,cardiovascular and metabolic disorders,DiseaseOrPhenotypicFeature,D008659,Association,Arg16Gly,SequenceVariant,p|SUB|R|16|G,train
15523499,cardiovascular and metabolic disorders,DiseaseOrPhenotypicFeature,D008659,Association,Gly49Ser,SequenceVariant,p|SUB|G|49|S,train
15523499,cardiovascular and metabolic disorders,DiseaseOrPhenotypicFeature,D008659,Association,Arg389Gly,SequenceVariant,p|SUB|R|389|G,train
15523499,cardiovascular and metabolic disorders,DiseaseOrPhenotypicFeature,D008659,Association,beta adrenergic receptor,GeneOrGeneProduct,155,train
15523499,cardiovascular and metabolic disorders,DiseaseOrPhenotypicFeature,D008659,Association,beta adrenergic receptor,GeneOrGeneProduct,154,train
15523499,cardiovascular and metabolic disorders,DiseaseOrPhenotypicFeature,D008659,Association,beta adrenergic receptor,GeneOrGeneProduct,153,train
15523499,cardiovascular and metabolic disorders,DiseaseOrPhenotypicFeature,D002318,Association,Arg64Trp,SequenceVariant,p|SUB|R|64|W,train
15523499,cardiovascular and metabolic disorders,DiseaseOrPhenotypicFeature,D002318,Association,Gln27Glu,SequenceVariant,p|SUB|Q|27|E,train
15523499,cardiovascular and metabolic disorders,DiseaseOrPhenotypicFeature,D002318,Association,Arg16Gly,SequenceVariant,p|SUB|R|16|G,train
15523499,cardiovascular and metabolic disorders,DiseaseOrPhenotypicFeature,D002318,Association,Gly49Ser,SequenceVariant,p|SUB|G|49|S,train
15523499,cardiovascular and metabolic disorders,DiseaseOrPhenotypicFeature,D002318,Association,Arg389Gly,SequenceVariant,p|SUB|R|389|G,train
15523499,cardiovascular and metabolic disorders,DiseaseOrPhenotypicFeature,D002318,Association,beta adrenergic receptor,GeneOrGeneProduct,155,train
15523499,cardiovascular and metabolic disorders,DiseaseOrPhenotypicFeature,D002318,Association,beta adrenergic receptor,GeneOrGeneProduct,154,train
15523499,cardiovascular and metabolic disorders,DiseaseOrPhenotypicFeature,D002318,Association,beta adrenergic receptor,GeneOrGeneProduct,153,train
15523499,beta adrenergic receptor,GeneOrGeneProduct,155,Positive_Correlation,norepinephrine,ChemicalEntity,D009638,train
15523499,beta adrenergic receptor,GeneOrGeneProduct,155,Positive_Correlation,epinephrine,ChemicalEntity,D004837,train
15523499,beta adrenergic receptor,GeneOrGeneProduct,154,Positive_Correlation,norepinephrine,ChemicalEntity,D009638,train
15523499,beta adrenergic receptor,GeneOrGeneProduct,154,Positive_Correlation,epinephrine,ChemicalEntity,D004837,train
15523499,beta adrenergic receptor,GeneOrGeneProduct,153,Positive_Correlation,norepinephrine,ChemicalEntity,D009638,train
15523499,beta adrenergic receptor,GeneOrGeneProduct,153,Positive_Correlation,epinephrine,ChemicalEntity,D004837,train
15770495,steroid 5alpha-reductase type 2,GeneOrGeneProduct,6716,Association,steroid 5alpha-reductase deficiency type 2,DiseaseOrPhenotypicFeature,C535830,train
15770495,steroid 5alpha-reductase deficiency type 2,DiseaseOrPhenotypicFeature,C535830,Association,G183S,SequenceVariant,rs121434247,train
15770495,steroid 5alpha-reductase deficiency type 2,DiseaseOrPhenotypicFeature,C535830,Association,V89L,SequenceVariant,rs523349,train
15770495,steroid 5alpha-reductase deficiency type 2,DiseaseOrPhenotypicFeature,C535830,Association,R266W,SequenceVariant,p|SUB|R|266|W,train
15770495,steroid 5alpha-reductase deficiency type 2,DiseaseOrPhenotypicFeature,C535830,Association,A207D,SequenceVariant,rs767564684,train
15770495,steroid 5alpha-reductase deficiency type 2,DiseaseOrPhenotypicFeature,C535830,Association,G158R,SequenceVariant,p|SUB|G|158|R,train
15770495,steroid 5alpha-reductase deficiency type 2,DiseaseOrPhenotypicFeature,C535830,Association,del418T,SequenceVariant,c|DEL|418|T,train
15770495,steroid 5alpha-reductase deficiency type 2,DiseaseOrPhenotypicFeature,C535830,Association,IVS3+1G>A,SequenceVariant,c|SUB|G|IVS3+1|A,train
15770495,steroid 5alpha-reductase deficiency type 2,DiseaseOrPhenotypicFeature,C535830,Association,Q126R,SequenceVariant,rs368386747,train
15770495,steroid 5alpha-reductase deficiency type 2,DiseaseOrPhenotypicFeature,C535830,Association,A49T,SequenceVariant,rs9282858,train
15770495,steroid 5alpha-reductase deficiency type 2,DiseaseOrPhenotypicFeature,C535830,Association,217_218insC,SequenceVariant,c|INS|217_218|C,train
15770495,steroid 5alpha-reductase deficiency type 2,DiseaseOrPhenotypicFeature,C535830,Association,G196S,SequenceVariant,rs121434250,train
15770495,steroid 5alpha-reductase deficiency type 2,DiseaseOrPhenotypicFeature,C535830,Association,del642T,SequenceVariant,c|DEL|642|T,train
15770495,steroid 5alpha-reductase deficiency type 2,DiseaseOrPhenotypicFeature,C535830,Association,R246W,SequenceVariant,rs121434244,train
15970799,simvastatin,ChemicalEntity,D019821,Association,C1007G,SequenceVariant,rs72559747,train
15970799,simvastatin,ChemicalEntity,D019821,Association,SLCO1B1,GeneOrGeneProduct,10599,train
15970799,cerivastatin,ChemicalEntity,C086276,Association,C1007G,SequenceVariant,rs72559747,train
15970799,cerivastatin,ChemicalEntity,C086276,Association,SLCO1B1,GeneOrGeneProduct,10599,train
15970799,atorvastatin,ChemicalEntity,D000069059,Association,C1007G,SequenceVariant,rs72559747,train
15970799,atorvastatin,ChemicalEntity,D000069059,Association,SLCO1B1,GeneOrGeneProduct,10599,train
15970799,tritium,ChemicalEntity,D014316,Association,estrone-3-sulfate,ChemicalEntity,C017296,train
15970799,tritium,ChemicalEntity,D014316,Association,estradiol-17beta-D-glucuronide,ChemicalEntity,C025483,train
15970799,pravastatin,ChemicalEntity,D017035,Association,C1007G,SequenceVariant,rs72559747,train
15970799,pravastatin,ChemicalEntity,D017035,Positive_Correlation,myopathy,DiseaseOrPhenotypicFeature,D009135,train
15970799,pravastatin,ChemicalEntity,D017035,Association,SLCO1B1,GeneOrGeneProduct,10599,train
15970799,C1007G,SequenceVariant,rs72559747,Association,myopathy,DiseaseOrPhenotypicFeature,D009135,train
15970799,SLCO1B1,GeneOrGeneProduct,10599,Association,myopathy,DiseaseOrPhenotypicFeature,D009135,train
16737910,cancer,DiseaseOrPhenotypicFeature,D009369,Association,ETV6,GeneOrGeneProduct,2120,train
16737910,beta-galactosidase,GeneOrGeneProduct,2720,Association,ETV6,GeneOrGeneProduct,2120,train
16822828,CYP17,GeneOrGeneProduct,1586,Association,17alpha-hydroxylase deficiency,DiseaseOrPhenotypicFeature,C538237,train
16822828,D487_S488_F489 deletion,SequenceVariant,p|DEL|487_489|DSF,Positive_Correlation,17alpha-hydroxylase deficiency,DiseaseOrPhenotypicFeature,C538237,train
16822828,(TAC-->AA) at codon 329,SequenceVariant,c|SUB|TAC|CODON329|AA,Positive_Correlation,17alpha-hydroxylase deficiency,DiseaseOrPhenotypicFeature,C538237,train
16822828,8-bp nucleotide (TTAAATGG) deletion,SequenceVariant,c|DEL||TTAAATGG,Positive_Correlation,17alpha-hydroxylase deficiency,DiseaseOrPhenotypicFeature,C538237,train
16822828,Y329fs,SequenceVariant,p|FS|Y|329||,Positive_Correlation,17alpha-hydroxylase deficiency,DiseaseOrPhenotypicFeature,C538237,train
16822828,V311fs,SequenceVariant,p|FS|V|311||,Positive_Correlation,17alpha-hydroxylase deficiency,DiseaseOrPhenotypicFeature,C538237,train
17351238,chest pain,DiseaseOrPhenotypicFeature,D002637,Negative_Correlation,oxygen,ChemicalEntity,D010100,train
17351238,chest pain,DiseaseOrPhenotypicFeature,D002637,Negative_Correlation,GTN,ChemicalEntity,D005996,train
17351238,drop in blood pressure,DiseaseOrPhenotypicFeature,D007022,Negative_Correlation,atropine sulphate,ChemicalEntity,D001285,train
17351238,drop in blood pressure,DiseaseOrPhenotypicFeature,D007022,Positive_Correlation,GTN,ChemicalEntity,D005996,train
18189233,K294E,SequenceVariant,rs143544690,Association,prostate cancer,DiseaseOrPhenotypicFeature,D011471,train
18189233,prostate cancer,DiseaseOrPhenotypicFeature,D011471,Association,D541E,SequenceVariant,rs627928,train
18189233,prostate cancer,DiseaseOrPhenotypicFeature,D011471,Association,R462Q,SequenceVariant,rs486907,train
18189233,RNASEL,GeneOrGeneProduct,6041,Negative_Correlation,ABCE1,GeneOrGeneProduct,6059,train
18189233,RNASEL,GeneOrGeneProduct,6041,Association,prostate cancer,DiseaseOrPhenotypicFeature,D011471,train
18483878,cyclophosphamide,ChemicalEntity,D003520,Positive_Correlation,IL-1beta,GeneOrGeneProduct,16176,train
18483878,cyclophosphamide,ChemicalEntity,D003520,Positive_Correlation,CXCL1,GeneOrGeneProduct,14825,train
18483878,cyclophosphamide,ChemicalEntity,D003520,Association,inflammatory,DiseaseOrPhenotypicFeature,D007249,train
18483878,cyclophosphamide,ChemicalEntity,D003520,Positive_Correlation,cystitis,DiseaseOrPhenotypicFeature,D003556,train
18483878,vasoactive intestinal polypeptide,GeneOrGeneProduct,22353,Negative_Correlation,inflammatory,DiseaseOrPhenotypicFeature,D007249,train
18483878,vasoactive intestinal polypeptide,GeneOrGeneProduct,22353,Negative_Correlation,cystitis,DiseaseOrPhenotypicFeature,D003556,train
18483878,vasoactive intestinal polypeptide,GeneOrGeneProduct,22353,Association,cyclophosphamide,ChemicalEntity,D003520,train
18631865,sirolimus,ChemicalEntity,D020123,Negative_Correlation,chronic allograft nephropathy,DiseaseOrPhenotypicFeature,D051436,train
18631865,calcineurin inhibitors,ChemicalEntity,D065095,Association,chronic allograft nephropathy,DiseaseOrPhenotypicFeature,D051436,train
18631865,calcineurin inhibitors,ChemicalEntity,D065095,Comparison,sirolimus,ChemicalEntity,D020123,train
18631865,calcineurin inhibitors,ChemicalEntity,D065095,Association,proteinuria,DiseaseOrPhenotypicFeature,D011507,train
18631865,mToR,GeneOrGeneProduct,2475,Association,proteinuria,DiseaseOrPhenotypicFeature,D011507,train
18631865,glomerulosclerosis,DiseaseOrPhenotypicFeature,D005921,Association,mToR,GeneOrGeneProduct,2475,train
18631865,proteinuria,DiseaseOrPhenotypicFeature,D011507,Positive_Correlation,sirolimus,ChemicalEntity,D020123,train
18791947,Bernard-Soulier Syndrome,DiseaseOrPhenotypicFeature,D001606,Negative_Correlation,GPIbalpha,GeneOrGeneProduct,2811,train
18791947,Bernard-Soulier Syndrome,DiseaseOrPhenotypicFeature,D001606,Positive_Correlation,deletion (TGAG),SequenceVariant,c|DEL||TGAG,train
19370764,p.G204VfsX28,SequenceVariant,p|FS|G|204|V|28,Positive_Correlation,Mucolipidosis type III,DiseaseOrPhenotypicFeature,D009081,train
19370764,p.G204_K247del,SequenceVariant,p|DEL|204_247|,Positive_Correlation,Mucolipidosis type III,DiseaseOrPhenotypicFeature,D009081,train
19370764,Mucolipidosis type III,DiseaseOrPhenotypicFeature,D009081,Positive_Correlation,p.G204VfsX17,SequenceVariant,p|FS|G|204|V|17,train
19370764,Mucolipidosis type III,DiseaseOrPhenotypicFeature,D009081,Positive_Correlation,33-bp genomic deletion,SequenceVariant,g|DEL||33,train
19370764,Mucolipidosis type III,DiseaseOrPhenotypicFeature,D009081,Positive_Correlation,c.609+28_610-16del,SequenceVariant,c|DEL|609+28_610-16|,train
19370764,Mucolipidosis type III,DiseaseOrPhenotypicFeature,D009081,Positive_Correlation,c.640_667del28,SequenceVariant,rs193302859,train
19370764,Mucolipidosis type III,DiseaseOrPhenotypicFeature,D009081,Positive_Correlation,c.611delG,SequenceVariant,rs193302856,train
19370764,Mucolipidosis type III,DiseaseOrPhenotypicFeature,D009081,Positive_Correlation,AG-dinucleotide,SequenceVariant,rs193302855,train
19370764,Mucolipidosis type III,DiseaseOrPhenotypicFeature,D009081,Positive_Correlation,p.W111X,SequenceVariant,rs137852884,train
19370764,Mucolipidosis type III,DiseaseOrPhenotypicFeature,D009081,Positive_Correlation,p.T286M,SequenceVariant,rs193302860,train
19370764,Mucolipidosis type III,DiseaseOrPhenotypicFeature,D009081,Negative_Correlation,UDP-N-acetylglucosamine-1-phosphotransferase gamma subunit,GeneOrGeneProduct,84572,train
19370764,UDP-N-acetylglucosamine-1-phosphotransferase gamma subunit,GeneOrGeneProduct,84572,Association,mucolipidosis III gamma,DiseaseOrPhenotypicFeature,C565367,train
20331935,risperidone,ChemicalEntity,D018967,Positive_Correlation,hyperprolactinemia,DiseaseOrPhenotypicFeature,D006966,train
20331935,fractures,DiseaseOrPhenotypicFeature,D050723,Positive_Correlation,selective serotonin reuptake inhibitors,ChemicalEntity,D017367,train
20331935,fractures,DiseaseOrPhenotypicFeature,D050723,Positive_Correlation,risperidone,ChemicalEntity,D018967,train
21059483,GALT,GeneOrGeneProduct,2592,Association,Classic galactosemia,DiseaseOrPhenotypicFeature,D005693,train
21059483,Classic galactosemia,DiseaseOrPhenotypicFeature,D005693,Association,lactose,ChemicalEntity,D007785,train
21059483,Classic galactosemia,DiseaseOrPhenotypicFeature,D005693,Positive_Correlation,5.5 kb deletion,SequenceVariant,c|DEL||5.5K,train
24055495,insulin-receptor,GeneOrGeneProduct,24954,Negative_Correlation,glucose,ChemicalEntity,D005947,train
24055495,dementia,DiseaseOrPhenotypicFeature,D003704,Association,insulin-receptor,GeneOrGeneProduct,24954,train
24055495,Alzheimer's disease,DiseaseOrPhenotypicFeature,D000544,Association,insulin-receptor,GeneOrGeneProduct,24954,train
24055495,Alzheimer's disease,DiseaseOrPhenotypicFeature,D000544,Negative_Correlation,glucose,ChemicalEntity,D005947,train
24055495,streptozotocin,ChemicalEntity,D013311,Positive_Correlation,Alzheimer's disease,DiseaseOrPhenotypicFeature,D000544,train
24055495,streptozotocin,ChemicalEntity,D013311,Positive_Correlation,cognitive deficits,DiseaseOrPhenotypicFeature,D003072,train
24055495,streptozotocin,ChemicalEntity,D013311,Negative_Correlation,galactose,ChemicalEntity,D005690,train
24055495,glucose,ChemicalEntity,D005947,Association,dementia,DiseaseOrPhenotypicFeature,D003704,train
24055495,GLUT4,GeneOrGeneProduct,25139,Association,glucose,ChemicalEntity,D005947,train
24055495,galactose,ChemicalEntity,D005690,Association,glucose hypometabolism,DiseaseOrPhenotypicFeature,D018149,train
24055495,galactose,ChemicalEntity,D005690,Association,Alzheimer's disease,DiseaseOrPhenotypicFeature,D000544,train
24055495,galactose,ChemicalEntity,D005690,Positive_Correlation,memory deterioration,DiseaseOrPhenotypicFeature,D008569,train
24055495,galactose,ChemicalEntity,D005690,Association,GLUT3,GeneOrGeneProduct,25551,train
24055495,galactose,ChemicalEntity,D005690,Negative_Correlation,cognitive deficits,DiseaseOrPhenotypicFeature,D003072,train
27084744,CD133,GeneOrGeneProduct,8842,Positive_Correlation,SOX10,GeneOrGeneProduct,6663,train
27084744,CD133,GeneOrGeneProduct,8842,Association,NOTCH1,GeneOrGeneProduct,4851,train
27084744,DAPT,ChemicalEntity,C419410,Association,CD133,GeneOrGeneProduct,8842,train
27084744,DAPT,ChemicalEntity,C419410,Negative_Correlation,SKP2,GeneOrGeneProduct,6502,train
27084744,DAPT,ChemicalEntity,C419410,Positive_Correlation,p27Kip1,GeneOrGeneProduct,1027,train
27084744,DAPT,ChemicalEntity,C419410,Negative_Correlation,Adenoid Cystic Carcinoma,DiseaseOrPhenotypicFeature,D003528,train
27084744,g-secretase,GeneOrGeneProduct,55851,Association,CD133,GeneOrGeneProduct,8842,train
27084744,g-secretase,GeneOrGeneProduct,55851,Negative_Correlation,DAPT,ChemicalEntity,C419410,train
27084744,g-secretase,GeneOrGeneProduct,55851,Positive_Correlation,SKP2,GeneOrGeneProduct,6502,train
27084744,g-secretase,GeneOrGeneProduct,55851,Negative_Correlation,p27Kip1,GeneOrGeneProduct,1027,train
27084744,g-secretase,GeneOrGeneProduct,55851,Association,Adenoid Cystic Carcinoma,DiseaseOrPhenotypicFeature,D003528,train
27084744,g-secretase,GeneOrGeneProduct,55851,Positive_Correlation,NOTCH1,GeneOrGeneProduct,4851,train
27084744,SKP2,GeneOrGeneProduct,6502,Association,p27Kip1,GeneOrGeneProduct,1027,train
27084744,SKP2,GeneOrGeneProduct,6502,Association,Adenoid Cystic Carcinoma,DiseaseOrPhenotypicFeature,D003528,train
27084744,FABP7,GeneOrGeneProduct,2173,Association,Adenoid Cystic Carcinoma,DiseaseOrPhenotypicFeature,D003528,train
27084744,SOX10,GeneOrGeneProduct,6663,Positive_Correlation,FABP7,GeneOrGeneProduct,2173,train
27084744,SOX10,GeneOrGeneProduct,6663,Association,Cancer,DiseaseOrPhenotypicFeature,D009369,train
27084744,SOX10,GeneOrGeneProduct,6663,Association,Adenoid Cystic Carcinoma,DiseaseOrPhenotypicFeature,D003528,train
27084744,Cancer,DiseaseOrPhenotypicFeature,D009369,Association,ROCK,GeneOrGeneProduct,6093,train
27084744,Cancer,DiseaseOrPhenotypicFeature,D009369,Association,CD133,GeneOrGeneProduct,8842,train
27084744,Adenoid Cystic Carcinoma,DiseaseOrPhenotypicFeature,D003528,Association,ROCK,GeneOrGeneProduct,6093,train
27084744,Adenoid Cystic Carcinoma,DiseaseOrPhenotypicFeature,D003528,Association,CD133,GeneOrGeneProduct,8842,train
27084744,Adenoid Cystic Carcinoma,DiseaseOrPhenotypicFeature,D003528,Association,p27Kip1,GeneOrGeneProduct,1027,train
27084744,Adenoid Cystic Carcinoma,DiseaseOrPhenotypicFeature,D003528,Association,NR2F2,GeneOrGeneProduct,7026,train
27084744,Adenoid Cystic Carcinoma,DiseaseOrPhenotypicFeature,D003528,Association,NR2F1,GeneOrGeneProduct,7025,train
27084744,Adenoid Cystic Carcinoma,DiseaseOrPhenotypicFeature,D003528,Association,JAG1,GeneOrGeneProduct,182,train
27084744,NOTCH1,GeneOrGeneProduct,4851,Negative_Correlation,DAPT,ChemicalEntity,C419410,train
27084744,NOTCH1,GeneOrGeneProduct,4851,Positive_Correlation,FABP7,GeneOrGeneProduct,2173,train
27084744,NOTCH1,GeneOrGeneProduct,4851,Association,Cancer,DiseaseOrPhenotypicFeature,D009369,train
27084744,NOTCH1,GeneOrGeneProduct,4851,Association,Adenoid Cystic Carcinoma,DiseaseOrPhenotypicFeature,D003528,train
18235024,Cone dystrophy with supernormal rod response,DiseaseOrPhenotypicFeature,C563678,Association,KCNV2,GeneOrGeneProduct,169522,train
18235024,Cone dystrophy with supernormal rod response,DiseaseOrPhenotypicFeature,C563678,Association,PDE6H,GeneOrGeneProduct,5149,train
19779499,muscle weakness,DiseaseOrPhenotypicFeature,D018908,Association,potassium,ChemicalEntity,D011188,train
19779499,hypokalemic periodic paralysis,DiseaseOrPhenotypicFeature,D020514,Association,CACNA1S,GeneOrGeneProduct,779,train
19779499,CACNA1S,GeneOrGeneProduct,779,Association,death,DiseaseOrPhenotypicFeature,D003643,train
19779499,V876E,SequenceVariant,rs267606698,Positive_Correlation,hypokalemic periodic paralysis,DiseaseOrPhenotypicFeature,D020514,train
19779499,death,DiseaseOrPhenotypicFeature,D003643,Positive_Correlation,V876E,SequenceVariant,rs267606698,train
19811499,phosphoinositide 3-kinase (PI3K)/protein kinase B,GeneOrGeneProduct,207,Association,bone morphogenetic protein-2,GeneOrGeneProduct,650,train
19811499,phosphoinositide 3-kinase (PI3K)/protein kinase B,GeneOrGeneProduct,207,Association,nuclear factor-kappaB,GeneOrGeneProduct,4790,train
19811499,phosphoinositide 3-kinase (PI3K)/protein kinase B,GeneOrGeneProduct,207,Association,prostate cancer,DiseaseOrPhenotypicFeature,D011471,train
19811499,collagen IA1,GeneOrGeneProduct,1277,Positive_Correlation,prostate cancer,DiseaseOrPhenotypicFeature,D011471,train
19811499,osteocalcin,GeneOrGeneProduct,632,Positive_Correlation,prostate cancer,DiseaseOrPhenotypicFeature,D011471,train
19811499,osteopontin,GeneOrGeneProduct,6696,Positive_Correlation,prostate cancer,DiseaseOrPhenotypicFeature,D011471,train
19811499,bone morphogenetic protein-2,GeneOrGeneProduct,650,Association,nuclear factor-kappaB,GeneOrGeneProduct,4790,train
19811499,bone morphogenetic protein-2,GeneOrGeneProduct,650,Association,tumor necrosis factor-alpha,GeneOrGeneProduct,7124,train
19811499,bone morphogenetic protein-2,GeneOrGeneProduct,650,Association,prostate cancer,DiseaseOrPhenotypicFeature,D011471,train
19811499,bone morphogenetic protein-2,GeneOrGeneProduct,12156,Association,Smad,GeneOrGeneProduct,17127,train
19811499,bone morphogenetic protein-2,GeneOrGeneProduct,12156,Association,prostate cancer,DiseaseOrPhenotypicFeature,D011471,train
19811499,nuclear factor-kappaB,GeneOrGeneProduct,4790,Positive_Correlation,p65,GeneOrGeneProduct,5970,train
19811499,nuclear factor-kappaB,GeneOrGeneProduct,4790,Positive_Correlation,tumor necrosis factor-alpha,GeneOrGeneProduct,7124,train
19811499,nuclear factor-kappaB,GeneOrGeneProduct,4790,Association,prostate cancer,DiseaseOrPhenotypicFeature,D011471,train
19811499,nuclear factor-kappaB,GeneOrGeneProduct,18033,Association,prostate cancer,DiseaseOrPhenotypicFeature,D011471,train
19811499,tumor necrosis factor-alpha,GeneOrGeneProduct,7124,Negative_Correlation,receptor activator of NF-kappaB ligand,GeneOrGeneProduct,21943,train
19811499,tumor necrosis factor-alpha,GeneOrGeneProduct,7124,Positive_Correlation,Smad,GeneOrGeneProduct,17127,train
19811499,tumor necrosis factor-alpha,GeneOrGeneProduct,7124,Positive_Correlation,bone morphogenetic protein-2,GeneOrGeneProduct,12156,train
19811499,tumor necrosis factor-alpha,GeneOrGeneProduct,7124,Association,prostate cancer,DiseaseOrPhenotypicFeature,D011471,train
19811499,tumor necrosis factor-alpha,GeneOrGeneProduct,21926,Association,prostate cancer,DiseaseOrPhenotypicFeature,D011471,train
20801104,-521C/T,SequenceVariant,rs1800955,Positive_Correlation,heroin addiction,DiseaseOrPhenotypicFeature,D006556,train
20801104,-1240 L/S,SequenceVariant,p|SUB|L|-1240|S,Positive_Correlation,paranoid schizophrenia,DiseaseOrPhenotypicFeature,D012563,train
20801104,-120 bp duplication,SequenceVariant,c|DUP|-120||,Positive_Correlation,schizophrenia,DiseaseOrPhenotypicFeature,D012559,train
20801104,DRD4,GeneOrGeneProduct,1815,Association,heroin addiction,DiseaseOrPhenotypicFeature,D006556,train
20801104,DRD4,GeneOrGeneProduct,1815,Association,paranoid schizophrenia,DiseaseOrPhenotypicFeature,D012563,train
20801104,DRD4,GeneOrGeneProduct,1815,Association,schizophrenia,DiseaseOrPhenotypicFeature,D012559,train
21080147,EGF,GeneOrGeneProduct,1950,Association,atrioventricular septal defect,DiseaseOrPhenotypicFeature,C562831,train
21080147,calcium,ChemicalEntity,D002118,Bind,EGF,GeneOrGeneProduct,1950,train
21080147,Down syndrome,DiseaseOrPhenotypicFeature,D004314,Association,CRELD1,GeneOrGeneProduct,78987,train
21080147,c.973G>A,SequenceVariant,rs755981922,Association,Down syndrome,DiseaseOrPhenotypicFeature,D004314,train
21080147,c.973G>A,SequenceVariant,rs755981922,Positive_Correlation,heart defect,DiseaseOrPhenotypicFeature,D006331,train
21080147,c.973G>A,SequenceVariant,rs755981922,Association,atrioventricular septal defect,DiseaseOrPhenotypicFeature,C562831,train
21080147,alanine for proline at amino acid 286,SequenceVariant,p|SUB|A|286|P,Positive_Correlation,heart defect,DiseaseOrPhenotypicFeature,D006331,train
21080147,alanine for proline at amino acid 286,SequenceVariant,p|SUB|A|286|P,Association,atrioventricular septal defect,DiseaseOrPhenotypicFeature,C562831,train
21080147,C-to-G transition was identified at nucleotide 857,SequenceVariant,c|SUB|C|857|G,Positive_Correlation,heart defect,DiseaseOrPhenotypicFeature,D006331,train
21080147,C-to-G transition was identified at nucleotide 857,SequenceVariant,c|SUB|C|857|G,Association,atrioventricular septal defect,DiseaseOrPhenotypicFeature,C562831,train
21080147,CRELD1,GeneOrGeneProduct,78987,Association,EGF,GeneOrGeneProduct,1950,train
21080147,CRELD1,GeneOrGeneProduct,78987,Association,calcium,ChemicalEntity,D002118,train
21080147,CRELD1,GeneOrGeneProduct,78987,Association,heart defect,DiseaseOrPhenotypicFeature,D006331,train
21080147,CRELD1,GeneOrGeneProduct,78987,Association,atrioventricular septal defect,DiseaseOrPhenotypicFeature,C562831,train
21135151,delta32,SequenceVariant,c|DEL||32,Association,HIV-1-infected,DiseaseOrPhenotypicFeature,D015658,train
21135151,CCR5,GeneOrGeneProduct,1234,Association,HIV-1-infected,DiseaseOrPhenotypicFeature,D015658,train
22836123,corticosteroid,ChemicalEntity,D000305,Positive_Correlation,scleroderma renal crisis,DiseaseOrPhenotypicFeature,D007674,train
22836123,thrombotic microangiopathy,DiseaseOrPhenotypicFeature,D057049,Positive_Correlation,cyclosporine,ChemicalEntity,D016572,train
22836123,cyclosporine,ChemicalEntity,D016572,Negative_Correlation,systemic sclerosis,DiseaseOrPhenotypicFeature,D012595,train
22836123,tacrolimus,ChemicalEntity,D016559,Negative_Correlation,systemic sclerosis,DiseaseOrPhenotypicFeature,D012595,train
22836123,scleroderma renal crisis,DiseaseOrPhenotypicFeature,D007674,Positive_Correlation,prednisolone,ChemicalEntity,D011239,train
22836123,scleroderma renal crisis,DiseaseOrPhenotypicFeature,D007674,Positive_Correlation,tacrolimus,ChemicalEntity,D016559,train
25946186,Bcl-2,GeneOrGeneProduct,596,Association,Lung Cancer,DiseaseOrPhenotypicFeature,D008175,train
25946186,Bax,GeneOrGeneProduct,581,Association,Lung Cancer,DiseaseOrPhenotypicFeature,D008175,train
25946186,caspase-9,GeneOrGeneProduct,842,Association,Lung Cancer,DiseaseOrPhenotypicFeature,D008175,train
25946186,caspase-3,GeneOrGeneProduct,836,Association,Lung Cancer,DiseaseOrPhenotypicFeature,D008175,train
25946186,TIPE2,GeneOrGeneProduct,79626,Association,P38,GeneOrGeneProduct,1432,train
25946186,TIPE2,GeneOrGeneProduct,79626,Association,Akt,GeneOrGeneProduct,207,train
25946186,TIPE2,GeneOrGeneProduct,79626,Negative_Correlation,Bcl-2,GeneOrGeneProduct,596,train
25946186,TIPE2,GeneOrGeneProduct,79626,Positive_Correlation,Bax,GeneOrGeneProduct,581,train
25946186,TIPE2,GeneOrGeneProduct,79626,Positive_Correlation,caspase-9,GeneOrGeneProduct,842,train
25946186,TIPE2,GeneOrGeneProduct,79626,Positive_Correlation,caspase-3,GeneOrGeneProduct,836,train
25946186,TIPE2,GeneOrGeneProduct,79626,Association,cancer,DiseaseOrPhenotypicFeature,D009369,train
25946186,TIPE2,GeneOrGeneProduct,79626,Negative_Correlation,Lung Cancer,DiseaseOrPhenotypicFeature,D008175,train
25946186,TIPE2,GeneOrGeneProduct,79626,Negative_Correlation,small cell lung cancer,DiseaseOrPhenotypicFeature,D055752,train
27134166,glutamine,ChemicalEntity,D005973,Positive_Correlation,lactate,ChemicalEntity,D019344,train
27134166,lactate,ChemicalEntity,D019344,Positive_Correlation,mTOR,GeneOrGeneProduct,56717,train
27134166,mTOR,GeneOrGeneProduct,56717,Negative_Correlation,GLUT2,GeneOrGeneProduct,20526,train
27134166,mTOR,GeneOrGeneProduct,56717,Positive_Correlation,glutamine,ChemicalEntity,D005973,train
27134166,MCT4,GeneOrGeneProduct,80879,Association,HIF1a,GeneOrGeneProduct,15251,train
27134166,GLUT1,GeneOrGeneProduct,20525,Association,HIF1a,GeneOrGeneProduct,15251,train
27134166,tumor,DiseaseOrPhenotypicFeature,D009369,Association,glucose,ChemicalEntity,D005947,train
27134166,tumor,DiseaseOrPhenotypicFeature,D009369,Association,glutamine,ChemicalEntity,D005973,train
27134166,tumor,DiseaseOrPhenotypicFeature,D009369,Association,lactate,ChemicalEntity,D019344,train
27134166,tumor,DiseaseOrPhenotypicFeature,D009369,Positive_Correlation,mTOR,GeneOrGeneProduct,56717,train
27134166,tumor,DiseaseOrPhenotypicFeature,D009369,Association,p-S6,GeneOrGeneProduct,72508,train
27134166,tumor,DiseaseOrPhenotypicFeature,D009369,Association,MCT1,GeneOrGeneProduct,20501,train
27134166,tumor,DiseaseOrPhenotypicFeature,D009369,Association,VEGF,GeneOrGeneProduct,7422,train
27134166,tumor,DiseaseOrPhenotypicFeature,D009369,Association,VEGF,GeneOrGeneProduct,22339,train
27184800,Metallothionein-1,GeneOrGeneProduct,4495,Association,tumours,DiseaseOrPhenotypicFeature,D009369,train
27184800,Metallothionein-1,GeneOrGeneProduct,4495,Positive_Correlation,sorafenib,ChemicalEntity,D000077157,train
27184800,Metallothionein-1,GeneOrGeneProduct,4495,Association,hepatocellular carcinoma,DiseaseOrPhenotypicFeature,D006528,train
27184800,sorafenib,ChemicalEntity,D000077157,Negative_Correlation,tumours,DiseaseOrPhenotypicFeature,D009369,train
27184800,hepatocellular carcinoma,DiseaseOrPhenotypicFeature,D006528,Negative_Correlation,sorafenib,ChemicalEntity,D000077157,train
27974047,BRAF,GeneOrGeneProduct,673,Association,gastrointestinal stromal tumors,DiseaseOrPhenotypicFeature,D046152,train
27974047,RAS,GeneOrGeneProduct,3845,Association,gastrointestinal stromal tumors,DiseaseOrPhenotypicFeature,D046152,train
27974047,NTRK3,GeneOrGeneProduct,4916,Association,TRK,GeneOrGeneProduct,4914,train
27974047,ETV6,GeneOrGeneProduct,2120,Association,TRK,GeneOrGeneProduct,4914,train
27974047,ETV6,GeneOrGeneProduct,2120,Association,NTRK3,GeneOrGeneProduct,4916,train
27974047,tumors,DiseaseOrPhenotypicFeature,D009369,Association,TRK,GeneOrGeneProduct,4914,train
27974047,tumors,DiseaseOrPhenotypicFeature,D009369,Association,NTRK3,GeneOrGeneProduct,4916,train
27974047,tumors,DiseaseOrPhenotypicFeature,D009369,Association,ETV6,GeneOrGeneProduct,2120,train
27974047,tumors,DiseaseOrPhenotypicFeature,D009369,Association,TACC1,GeneOrGeneProduct,6867,train
27974047,tumors,DiseaseOrPhenotypicFeature,D009369,Association,HOOK3,GeneOrGeneProduct,84376,train
27974047,tumors,DiseaseOrPhenotypicFeature,D009369,Association,FGFR1,GeneOrGeneProduct,2260,train
27974047,FGFR1,GeneOrGeneProduct,2260,Association,TACC1,GeneOrGeneProduct,6867,train
27974047,FGFR1,GeneOrGeneProduct,2260,Association,HOOK3,GeneOrGeneProduct,84376,train
27974047,gastrointestinal stromal tumors,DiseaseOrPhenotypicFeature,D046152,Association,NTRK3,GeneOrGeneProduct,4916,train
27974047,gastrointestinal stromal tumors,DiseaseOrPhenotypicFeature,D046152,Association,ETV6,GeneOrGeneProduct,2120,train
27974047,gastrointestinal stromal tumors,DiseaseOrPhenotypicFeature,D046152,Association,TACC1,GeneOrGeneProduct,6867,train
27974047,gastrointestinal stromal tumors,DiseaseOrPhenotypicFeature,D046152,Association,ZNF217,GeneOrGeneProduct,7764,train
27974047,gastrointestinal stromal tumors,DiseaseOrPhenotypicFeature,D046152,Association,PARK2,GeneOrGeneProduct,5071,train
27974047,gastrointestinal stromal tumors,DiseaseOrPhenotypicFeature,D046152,Association,SUFU,GeneOrGeneProduct,51684,train
27974047,gastrointestinal stromal tumors,DiseaseOrPhenotypicFeature,D046152,Association,LTK,GeneOrGeneProduct,4058,train
27974047,gastrointestinal stromal tumors,DiseaseOrPhenotypicFeature,D046152,Association,FGFR1,GeneOrGeneProduct,2260,train
27974047,gastrointestinal stromal tumors,DiseaseOrPhenotypicFeature,D046152,Association,ATR,GeneOrGeneProduct,545,train
27974047,gastrointestinal stromal tumors,DiseaseOrPhenotypicFeature,D046152,Association,ARID1B,GeneOrGeneProduct,57492,train
27974047,NF1,GeneOrGeneProduct,4763,Association,gastrointestinal stromal tumors,DiseaseOrPhenotypicFeature,D046152,train
28204828,terminal deoxynucleotidyltransferase,GeneOrGeneProduct,1791,Association,dUTP,ChemicalEntity,C027078,train
28204828,Akt,GeneOrGeneProduct,11651,Association,ischaemic heart disease,DiseaseOrPhenotypicFeature,D017202,train
28204828,Pten,GeneOrGeneProduct,19211,Association,ischaemic heart disease,DiseaseOrPhenotypicFeature,D017202,train
28204828,Pten,GeneOrGeneProduct,19211,Association,Akt,GeneOrGeneProduct,11651,train
28204828,infarcted heart,DiseaseOrPhenotypicFeature,D009203,Association,Akt,GeneOrGeneProduct,11651,train
28204828,infarcted heart,DiseaseOrPhenotypicFeature,D009203,Association,Pten,GeneOrGeneProduct,19211,train
28204828,TIEG1,GeneOrGeneProduct,21847,Association,pancreatic cancer,DiseaseOrPhenotypicFeature,D010190,train
28204828,TIEG1,GeneOrGeneProduct,21847,Association,leukaemia,DiseaseOrPhenotypicFeature,D007938,train
28204828,TIEG1,GeneOrGeneProduct,21847,Association,osteoporosis,DiseaseOrPhenotypicFeature,D010024,train
28204828,TIEG1,GeneOrGeneProduct,21847,Association,ischaemic heart disease,DiseaseOrPhenotypicFeature,D017202,train
28204828,TIEG1,GeneOrGeneProduct,21847,Association,vascular endothelial growth factor,GeneOrGeneProduct,22339,train
28204828,TIEG1,GeneOrGeneProduct,21847,Association,Bax,GeneOrGeneProduct,12028,train
28204828,TIEG1,GeneOrGeneProduct,21847,Association,Bcl-2,GeneOrGeneProduct,12043,train
28204828,TIEG1,GeneOrGeneProduct,21847,Association,Akt,GeneOrGeneProduct,11651,train
28204828,TIEG1,GeneOrGeneProduct,21847,Association,Pten,GeneOrGeneProduct,19211,train
28204828,TIEG1,GeneOrGeneProduct,21847,Association,infarcted heart,DiseaseOrPhenotypicFeature,D009203,train
16001362,actin,GeneOrGeneProduct,60,Association,DKFZP434I216,GeneOrGeneProduct,25894,train
16001362,Rho guanine-nucleotide exchange-factor,GeneOrGeneProduct,9138,Association,cerebellar degeneration,DiseaseOrPhenotypicFeature,D013132,train
16001362,autosomal dominant cerebellar ataxia,DiseaseOrPhenotypicFeature,OMIM:604121,Association,DKFZP434I216,GeneOrGeneProduct,25894,train
16001362,autosomal dominant cerebellar ataxia,DiseaseOrPhenotypicFeature,OMIM:604121,Association,C-->T,SequenceVariant,c|SUB|C||T,train
16001362,autosomal dominant cerebellar ataxia,DiseaseOrPhenotypicFeature,OMIM:604121,Association,Rho guanine-nucleotide exchange-factor,GeneOrGeneProduct,9138,train
16158428,OPHN1,GeneOrGeneProduct,4983,Association,X-linked mental retardation,DiseaseOrPhenotypicFeature,D038901,train
16158428,OPHN1,GeneOrGeneProduct,4983,Association,cerebellar hypoplasia,DiseaseOrPhenotypicFeature,C562568,train
16158428,mental retardation,DiseaseOrPhenotypicFeature,D008607,Association,OPHN1,GeneOrGeneProduct,4983,train
16786513,autosomal recessive disorder,DiseaseOrPhenotypicFeature,D030342,Association,glycogen,ChemicalEntity,D006003,train
16786513,p.R50X,SequenceVariant,rs116987552,Association,McArdle disease,DiseaseOrPhenotypicFeature,D006012,train
16786513,McArdle disease,DiseaseOrPhenotypicFeature,D006012,Association,glycogen,ChemicalEntity,D006003,train
16786513,McArdle disease,DiseaseOrPhenotypicFeature,D006012,Association,p.V657_G726,SequenceVariant,p|DEL|657_726|,train
16786513,McArdle disease,DiseaseOrPhenotypicFeature,D006012,Association,c.1627A>T,SequenceVariant,c|SUB|A|1627|T,train
16786513,McArdle disease,DiseaseOrPhenotypicFeature,D006012,Association,c.1475G>A,SequenceVariant,c|SUB|G|1475|A,train
16786513,McArdle disease,DiseaseOrPhenotypicFeature,D006012,Association,c.2444A>C,SequenceVariant,c|SUB|A|2444|C,train
16786513,McArdle disease,DiseaseOrPhenotypicFeature,D006012,Association,c.2477G>C,SequenceVariant,c|SUB|G|2477|C,train
16786513,McArdle disease,DiseaseOrPhenotypicFeature,D006012,Association,c.2380 +1G>A,SequenceVariant,c|SUB|G|2380+1|A,train
16786513,McArdle disease,DiseaseOrPhenotypicFeature,D006012,Association,c.1239 +1G>A,SequenceVariant,c|SUB|G|1239+1|A,train
16786513,McArdle disease,DiseaseOrPhenotypicFeature,D006012,Association,c. 1093-1G>T,SequenceVariant,c|SUB|G|1093-1|T,train
16786513,McArdle disease,DiseaseOrPhenotypicFeature,D006012,Association,c.1092 +1G>A,SequenceVariant,c|SUB|G|1092+1|A,train
16786513,McArdle disease,DiseaseOrPhenotypicFeature,D006012,Association,c.855 +1G>C,SequenceVariant,c|SUB|C|855+1|C,train
16786513,McArdle disease,DiseaseOrPhenotypicFeature,D006012,Association,c.1151C>A,SequenceVariant,c|SUB|C|1151|A,train
16786513,McArdle disease,DiseaseOrPhenotypicFeature,D006012,Association,c.1094C>T,SequenceVariant,c|SUB|C|1094|T,train
16786513,McArdle disease,DiseaseOrPhenotypicFeature,D006012,Association,c.689C>G,SequenceVariant,c|SUB|C|689|G,train
16786513,McArdle disease,DiseaseOrPhenotypicFeature,D006012,Association,p.G705RfsX16,SequenceVariant,p|FS|G|705|R|16,train
16786513,McArdle disease,DiseaseOrPhenotypicFeature,D006012,Association,c.2113_2114delGG,SequenceVariant,c|DEL|2113_2114|GG,train
16786513,McArdle disease,DiseaseOrPhenotypicFeature,D006012,Association,c.1970_2177del,SequenceVariant,c|DEL|1970_2177|,train
16786513,McArdle disease,DiseaseOrPhenotypicFeature,D006012,Association,p.N102DfsX4,SequenceVariant,p|FS|N|102|D|4,train
16786513,McArdle disease,DiseaseOrPhenotypicFeature,D006012,Association,c.304delA,SequenceVariant,c|DEL|304|A,train
16786513,McArdle disease,DiseaseOrPhenotypicFeature,D006012,Association,p.V239del,SequenceVariant,p|DEL|239|V,train
16786513,McArdle disease,DiseaseOrPhenotypicFeature,D006012,Association,c.715_717delGTC,SequenceVariant,c|DEL|715_717|GTC,train
16786513,McArdle disease,DiseaseOrPhenotypicFeature,D006012,Association,p.K543X,SequenceVariant,p|SUB|K|543|X,train
16786513,McArdle disease,DiseaseOrPhenotypicFeature,D006012,Association,p.W492X,SequenceVariant,p|SUB|W|492|X,train
16786513,McArdle disease,DiseaseOrPhenotypicFeature,D006012,Association,p.W826S,SequenceVariant,p|SUB|W|826|S,train
16786513,McArdle disease,DiseaseOrPhenotypicFeature,D006012,Association,p.D815A,SequenceVariant,p|SUB|D|815|A,train
16786513,McArdle disease,DiseaseOrPhenotypicFeature,D006012,Association,c.1471C>T,SequenceVariant,rs759977194,train
16786513,McArdle disease,DiseaseOrPhenotypicFeature,D006012,Association,"c.1182C>T,",SequenceVariant,rs750700202,train
16786513,McArdle disease,DiseaseOrPhenotypicFeature,D006012,Association,p.A384D,SequenceVariant,p|SUB|A|384|D,train
16786513,McArdle disease,DiseaseOrPhenotypicFeature,D006012,Association,p.A365E,SequenceVariant,p|SUB|A|365|E,train
16786513,McArdle disease,DiseaseOrPhenotypicFeature,D006012,Association,p.P230R,SequenceVariant,p|SUB|P|230|R,train
16786513,McArdle disease,DiseaseOrPhenotypicFeature,D006012,Association,c.475G>A,SequenceVariant,rs760654579,train
16786513,PYGM,GeneOrGeneProduct,5837,Association,McArdle disease,DiseaseOrPhenotypicFeature,D006012,train
17965424,oedema,DiseaseOrPhenotypicFeature,D004487,Positive_Correlation,diclofenac sodium,ChemicalEntity,D004008,train
17965424,oedema,DiseaseOrPhenotypicFeature,D004487,Positive_Correlation,etoricoxib,ChemicalEntity,D000077613,train
17965424,hypertension,DiseaseOrPhenotypicFeature,D006973,Positive_Correlation,diclofenac sodium,ChemicalEntity,D004008,train
17965424,hypertension,DiseaseOrPhenotypicFeature,D006973,Positive_Correlation,etoricoxib,ChemicalEntity,D000077613,train
17965424,GI adverse experiences,DiseaseOrPhenotypicFeature,D005767,Positive_Correlation,diclofenac sodium,ChemicalEntity,D004008,train
17965424,GI adverse experiences,DiseaseOrPhenotypicFeature,D005767,Positive_Correlation,etoricoxib,ChemicalEntity,D000077613,train
17965424,aspirin,ChemicalEntity,D001241,Negative_Correlation,rheumatoid arthritis,DiseaseOrPhenotypicFeature,D001172,train
17965424,diclofenac sodium,ChemicalEntity,D004008,Negative_Correlation,rheumatoid arthritis,DiseaseOrPhenotypicFeature,D001172,train
17965424,etoricoxib,ChemicalEntity,D000077613,Comparison,diclofenac sodium,ChemicalEntity,D004008,train
17965424,etoricoxib,ChemicalEntity,D000077613,Negative_Correlation,rheumatoid arthritis,DiseaseOrPhenotypicFeature,D001172,train
18672102,c.1146+25insA,SequenceVariant,c|INS|1146+25|A,Association,ventricular septal defect,DiseaseOrPhenotypicFeature,D006345,train
18672102,GATA4,GeneOrGeneProduct,2626,Association,endocardial cushion defect,DiseaseOrPhenotypicFeature,D004694,train
18672102,GATA4,GeneOrGeneProduct,2626,Association,Tetralogy of Fallot,DiseaseOrPhenotypicFeature,D013771,train
18672102,GATA4,GeneOrGeneProduct,2626,Association,ventricular septal defect,DiseaseOrPhenotypicFeature,D006345,train
18672102,GATA4,GeneOrGeneProduct,2626,Association,congenital heart disease,DiseaseOrPhenotypicFeature,D006331,train
18672102,A442V,SequenceVariant,rs146017816,Association,endocardial cushion defect,DiseaseOrPhenotypicFeature,D004694,train
18672102,A442V,SequenceVariant,rs146017816,Association,Tetralogy of Fallot,DiseaseOrPhenotypicFeature,D013771,train
18672102,A442V,SequenceVariant,rs146017816,Association,ventricular septal defect,DiseaseOrPhenotypicFeature,D006345,train
18672102,S429T,SequenceVariant,p|SUB|S|429|T,Association,endocardial cushion defect,DiseaseOrPhenotypicFeature,D004694,train
18672102,S429T,SequenceVariant,p|SUB|S|429|T,Association,Tetralogy of Fallot,DiseaseOrPhenotypicFeature,D013771,train
18672102,S429T,SequenceVariant,p|SUB|S|429|T,Association,ventricular septal defect,DiseaseOrPhenotypicFeature,D006345,train
18672102,P407Q,SequenceVariant,rs115099192,Association,endocardial cushion defect,DiseaseOrPhenotypicFeature,D004694,train
18672102,P407Q,SequenceVariant,rs115099192,Association,Tetralogy of Fallot,DiseaseOrPhenotypicFeature,D013771,train
18672102,P407Q,SequenceVariant,rs115099192,Association,ventricular septal defect,DiseaseOrPhenotypicFeature,D006345,train
18672102,E359K,SequenceVariant,rs368489876,Association,endocardial cushion defect,DiseaseOrPhenotypicFeature,D004694,train
18672102,E359K,SequenceVariant,rs368489876,Association,Tetralogy of Fallot,DiseaseOrPhenotypicFeature,D013771,train
18672102,E359K,SequenceVariant,rs368489876,Association,ventricular septal defect,DiseaseOrPhenotypicFeature,D006345,train
18672102,P163S,SequenceVariant,rs387906769,Association,endocardial cushion defect,DiseaseOrPhenotypicFeature,D004694,train
18672102,P163S,SequenceVariant,rs387906769,Association,Tetralogy of Fallot,DiseaseOrPhenotypicFeature,D013771,train
18672102,P163S,SequenceVariant,rs387906769,Association,ventricular septal defect,DiseaseOrPhenotypicFeature,D006345,train
18672102,A6V,SequenceVariant,rs199922907,Association,endocardial cushion defect,DiseaseOrPhenotypicFeature,D004694,train
18672102,A6V,SequenceVariant,rs199922907,Association,Tetralogy of Fallot,DiseaseOrPhenotypicFeature,D013771,train
18672102,A6V,SequenceVariant,rs199922907,Association,ventricular septal defect,DiseaseOrPhenotypicFeature,D006345,train
18672102,125-126insAA,SequenceVariant,|INS|125_126|AA,Association,endocardial cushion defect,DiseaseOrPhenotypicFeature,D004694,train
18672102,125-126insAA,SequenceVariant,|INS|125_126|AA,Association,Tetralogy of Fallot,DiseaseOrPhenotypicFeature,D013771,train
18672102,125-126insAA,SequenceVariant,|INS|125_126|AA,Association,ventricular septal defect,DiseaseOrPhenotypicFeature,D006345,train
18672102,118-119insA,SequenceVariant,|INS|118_119|A,Association,endocardial cushion defect,DiseaseOrPhenotypicFeature,D004694,train
18672102,118-119insA,SequenceVariant,|INS|118_119|A,Association,Tetralogy of Fallot,DiseaseOrPhenotypicFeature,D013771,train
18672102,118-119insA,SequenceVariant,|INS|118_119|A,Association,ventricular septal defect,DiseaseOrPhenotypicFeature,D006345,train
18672102,46delS,SequenceVariant,|DEL|46|S,Association,endocardial cushion defect,DiseaseOrPhenotypicFeature,D004694,train
18672102,46delS,SequenceVariant,|DEL|46|S,Association,Tetralogy of Fallot,DiseaseOrPhenotypicFeature,D013771,train
18672102,46delS,SequenceVariant,|DEL|46|S,Association,ventricular septal defect,DiseaseOrPhenotypicFeature,D006345,train
18672102,congenital heart disease,DiseaseOrPhenotypicFeature,D006331,Association,A442V,SequenceVariant,rs146017816,train
18672102,congenital heart disease,DiseaseOrPhenotypicFeature,D006331,Association,S429T,SequenceVariant,p|SUB|S|429|T,train
18672102,congenital heart disease,DiseaseOrPhenotypicFeature,D006331,Association,P407Q,SequenceVariant,rs115099192,train
18672102,congenital heart disease,DiseaseOrPhenotypicFeature,D006331,Association,E359K,SequenceVariant,rs368489876,train
18672102,congenital heart disease,DiseaseOrPhenotypicFeature,D006331,Association,P163S,SequenceVariant,rs387906769,train
18672102,congenital heart disease,DiseaseOrPhenotypicFeature,D006331,Association,A6V,SequenceVariant,rs199922907,train
18672102,congenital heart disease,DiseaseOrPhenotypicFeature,D006331,Association,125-126insAA,SequenceVariant,|INS|125_126|AA,train
18672102,congenital heart disease,DiseaseOrPhenotypicFeature,D006331,Association,118-119insA,SequenceVariant,|INS|118_119|A,train
18672102,congenital heart disease,DiseaseOrPhenotypicFeature,D006331,Association,46delS,SequenceVariant,|DEL|46|S,train
18768591,urea,ChemicalEntity,D014508,Association,uremia,DiseaseOrPhenotypicFeature,D014511,train
18768591,urea,ChemicalEntity,D014508,Association,Serum- and glucocorticoid-inducible kinase 1,GeneOrGeneProduct,20393,train
18768591,weight gain,DiseaseOrPhenotypicFeature,D015430,Association,Serum- and glucocorticoid-inducible kinase 1,GeneOrGeneProduct,20393,train
18768591,sodium,ChemicalEntity,D012964,Association,weight gain,DiseaseOrPhenotypicFeature,D015430,train
18768591,sodium,ChemicalEntity,D012964,Association,nephropathy,DiseaseOrPhenotypicFeature,D007674,train
18768591,sodium,ChemicalEntity,D012964,Association,volume retention,DiseaseOrPhenotypicFeature,D016055,train
18768591,sodium,ChemicalEntity,D012964,Negative_Correlation,Serum- and glucocorticoid-inducible kinase 1,GeneOrGeneProduct,20393,train
18768591,aldosterone,ChemicalEntity,D000450,Association,nephropathy,DiseaseOrPhenotypicFeature,D007674,train
18768591,aldosterone,ChemicalEntity,D000450,Positive_Correlation,Serum- and glucocorticoid-inducible kinase 1,GeneOrGeneProduct,20393,train
18768591,aldosterone,ChemicalEntity,D000450,Positive_Correlation,nephrotic syndrome,DiseaseOrPhenotypicFeature,D009404,train
18768591,nephropathy,DiseaseOrPhenotypicFeature,D007674,Positive_Correlation,salt,ChemicalEntity,D012492,train
18768591,nephropathy,DiseaseOrPhenotypicFeature,D007674,Positive_Correlation,mineralocorticoid,ChemicalEntity,D008901,train
18768591,Serum- and glucocorticoid-inducible kinase 1,GeneOrGeneProduct,20393,Association,nephropathy,DiseaseOrPhenotypicFeature,D007674,train
18768591,Serum- and glucocorticoid-inducible kinase 1,GeneOrGeneProduct,20393,Association,volume retention,DiseaseOrPhenotypicFeature,D016055,train
18768591,Serum- and glucocorticoid-inducible kinase 1,GeneOrGeneProduct,20393,Association,fibrosis,DiseaseOrPhenotypicFeature,D005355,train
18768591,Serum- and glucocorticoid-inducible kinase 1,GeneOrGeneProduct,20393,Association,nephrotic syndrome,DiseaseOrPhenotypicFeature,D009404,train
18768591,Serum- and glucocorticoid-inducible kinase 1,GeneOrGeneProduct,20393,Association,doxorubicin,ChemicalEntity,D004317,train
18768591,doxorubicin,ChemicalEntity,D004317,Positive_Correlation,nephropathy,DiseaseOrPhenotypicFeature,D007674,train
18768591,doxorubicin,ChemicalEntity,D004317,Positive_Correlation,hypoalbuminemia,DiseaseOrPhenotypicFeature,D034141,train
18768591,doxorubicin,ChemicalEntity,D004317,Positive_Correlation,lipidemia,DiseaseOrPhenotypicFeature,D006949,train
18768591,doxorubicin,ChemicalEntity,D004317,Positive_Correlation,ascites,DiseaseOrPhenotypicFeature,D001201,train
18768591,doxorubicin,ChemicalEntity,D004317,Positive_Correlation,proteinuria,DiseaseOrPhenotypicFeature,D011507,train
18768591,doxorubicin,ChemicalEntity,D004317,Positive_Correlation,volume retention,DiseaseOrPhenotypicFeature,D016055,train
18768591,doxorubicin,ChemicalEntity,D004317,Positive_Correlation,nephrotic syndrome,DiseaseOrPhenotypicFeature,D009404,train
20431083,Antithrombotic drug,ChemicalEntity,D005343,Association,cerebral microbleeds,DiseaseOrPhenotypicFeature,D002543,train
20431083,cerebral microbleeds,DiseaseOrPhenotypicFeature,D002543,Association,warfarin,ChemicalEntity,D014859,train
21070631,dopamine,ChemicalEntity,D004298,Conversion,noradrenaline,ChemicalEntity,D009638,train
21070631,noradrenaline,ChemicalEntity,D009638,Negative_Correlation,inflammatory,DiseaseOrPhenotypicFeature,D007249,train
21070631,IL6,GeneOrGeneProduct,3569,Association,Alzheimer's disease,DiseaseOrPhenotypicFeature,D000544,train
21070631,IL1A,GeneOrGeneProduct,3552,Association,Alzheimer's disease,DiseaseOrPhenotypicFeature,D000544,train
21070631,inflammatory,DiseaseOrPhenotypicFeature,D007249,Association,IL6,GeneOrGeneProduct,3569,train
21070631,inflammatory,DiseaseOrPhenotypicFeature,D007249,Association,IL1A,GeneOrGeneProduct,3552,train
21070631,-1021C/T,SequenceVariant,rs1611115,Association,inflammatory,DiseaseOrPhenotypicFeature,D007249,train
21070631,-1021C/T,SequenceVariant,rs1611115,Positive_Correlation,Alzheimer's disease,DiseaseOrPhenotypicFeature,D000544,train
21070631,Alzheimer's disease,DiseaseOrPhenotypicFeature,D000544,Association,noradrenaline,ChemicalEntity,D009638,train
21070631,dopamine b-hydroxylase,GeneOrGeneProduct,1621,Association,dopamine,ChemicalEntity,D004298,train
21070631,dopamine b-hydroxylase,GeneOrGeneProduct,1621,Association,noradrenaline,ChemicalEntity,D009638,train
21070631,dopamine b-hydroxylase,GeneOrGeneProduct,1621,Association,IL6,GeneOrGeneProduct,3569,train
21070631,dopamine b-hydroxylase,GeneOrGeneProduct,1621,Association,IL1A,GeneOrGeneProduct,3552,train
21070631,dopamine b-hydroxylase,GeneOrGeneProduct,1621,Association,inflammatory,DiseaseOrPhenotypicFeature,D007249,train
21070631,dopamine b-hydroxylase,GeneOrGeneProduct,1621,Association,Alzheimer's disease,DiseaseOrPhenotypicFeature,D000544,train
22859398,rs1800896,SequenceVariant,rs1800896,Negative_Correlation,prostate cancer,DiseaseOrPhenotypicFeature,D011471,train
22859398,rs1800872,SequenceVariant,rs1800872,Positive_Correlation,prostate cancer,DiseaseOrPhenotypicFeature,D011471,train
22859398,IL1B,GeneOrGeneProduct,3553,Association,prostate cancer,DiseaseOrPhenotypicFeature,D011471,train
22859398,GSTP1,GeneOrGeneProduct,2950,Association,prostate cancer,DiseaseOrPhenotypicFeature,D011471,train
22859398,CRP,GeneOrGeneProduct,1401,Association,prostate cancer,DiseaseOrPhenotypicFeature,D011471,train
22859398,IL10,GeneOrGeneProduct,3586,Association,prostate cancer,DiseaseOrPhenotypicFeature,D011471,train
22859398,NOS2,GeneOrGeneProduct,4843,Association,prostate cancer,DiseaseOrPhenotypicFeature,D011471,train
27292643,Her2,GeneOrGeneProduct,13866,Association,malignancies,DiseaseOrPhenotypicFeature,D009369,train
27292643,Kras,GeneOrGeneProduct,16653,Association,malignancies,DiseaseOrPhenotypicFeature,D009369,train
27292643,Mad2,GeneOrGeneProduct,56150,Association,Kras,GeneOrGeneProduct,16653,train
27292643,Mad2,GeneOrGeneProduct,56150,Association,malignancies,DiseaseOrPhenotypicFeature,D009369,train
27292643,Mad2,GeneOrGeneProduct,56150,Association,Breast Cancer,DiseaseOrPhenotypicFeature,D001943,train
27292643,Chromosome Instability,DiseaseOrPhenotypicFeature,D043171,Positive_Correlation,Mad2,GeneOrGeneProduct,56150,train
28512644,C262,SequenceVariant,c|Aelle|C|262,Association,Erysipelas,DiseaseOrPhenotypicFeature,D004886,train
28512644,T2734,SequenceVariant,c|Aelle|T|2734,Association,Erysipelas,DiseaseOrPhenotypicFeature,D004886,train
28512644,G7958,SequenceVariant,c|Aelle|G|7958,Association,Erysipelas,DiseaseOrPhenotypicFeature,D004886,train
28512644,CCL2,GeneOrGeneProduct,6347,Association,CAT,GeneOrGeneProduct,847,train
28512644,HGF,GeneOrGeneProduct,3082,Association,SOD2,GeneOrGeneProduct,6648,train
28512644,CCL5,GeneOrGeneProduct,6352,Association,SOD2,GeneOrGeneProduct,6648,train
28512644,IL-8,GeneOrGeneProduct,3576,Association,SOD2,GeneOrGeneProduct,6648,train
28512644,IL-7,GeneOrGeneProduct,3574,Association,SOD2,GeneOrGeneProduct,6648,train
28512644,VEGF,GeneOrGeneProduct,7422,Association,Erysipelas,DiseaseOrPhenotypicFeature,D004886,train
28512644,G-CSF,GeneOrGeneProduct,1440,Association,Erysipelas,DiseaseOrPhenotypicFeature,D004886,train
28512644,IL-17,GeneOrGeneProduct,3605,Association,SOD2,GeneOrGeneProduct,6648,train
28512644,IL-17,GeneOrGeneProduct,3605,Association,Erysipelas,DiseaseOrPhenotypicFeature,D004886,train
28512644,IL-15,GeneOrGeneProduct,3600,Association,Erysipelas,DiseaseOrPhenotypicFeature,D004886,train
28512644,IL-13,GeneOrGeneProduct,3596,Association,Erysipelas,DiseaseOrPhenotypicFeature,D004886,train
28512644,IL-10,GeneOrGeneProduct,3586,Association,Erysipelas,DiseaseOrPhenotypicFeature,D004886,train
28512644,IL-9,GeneOrGeneProduct,3578,Association,Erysipelas,DiseaseOrPhenotypicFeature,D004886,train
28512644,IL-6,GeneOrGeneProduct,3569,Association,Erysipelas,DiseaseOrPhenotypicFeature,D004886,train
28512644,T2734C,SequenceVariant,c|SYB|T2734|C,Association,Erysipelas,DiseaseOrPhenotypicFeature,D004886,train
28512644,CCL4,GeneOrGeneProduct,6351,Association,Erysipelas,DiseaseOrPhenotypicFeature,D004886,train
28512644,PDGF-BB,GeneOrGeneProduct,5155,Association,CAT,GeneOrGeneProduct,847,train
28512644,PDGF-BB,GeneOrGeneProduct,5155,Association,Erysipelas,DiseaseOrPhenotypicFeature,D004886,train
28512644,TRAIL,GeneOrGeneProduct,8743,Association,Erysipelas,DiseaseOrPhenotypicFeature,D004886,train
28512644,CXCL9,GeneOrGeneProduct,4283,Association,Erysipelas,DiseaseOrPhenotypicFeature,D004886,train
28512644,IL-2Ralpha,GeneOrGeneProduct,3559,Association,Erysipelas,DiseaseOrPhenotypicFeature,D004886,train
28512644,CCL11,GeneOrGeneProduct,6356,Association,Erysipelas,DiseaseOrPhenotypicFeature,D004886,train
28512644,IL-1beta,GeneOrGeneProduct,3553,Association,SOD2,GeneOrGeneProduct,6648,train
28512644,IL-1beta,GeneOrGeneProduct,3553,Association,Erysipelas,DiseaseOrPhenotypicFeature,D004886,train
28512644,G7958A,SequenceVariant,rs4998557,Association,Erysipelas,DiseaseOrPhenotypicFeature,D004886,train
28512644,CAT,GeneOrGeneProduct,847,Association,Erysipelas,DiseaseOrPhenotypicFeature,D004886,train
28512644,SOD2,GeneOrGeneProduct,6648,Association,Erysipelas,DiseaseOrPhenotypicFeature,D004886,train
28512644,SOD1,GeneOrGeneProduct,6647,Association,Erysipelas,DiseaseOrPhenotypicFeature,D004886,train
28851297,fetal hemoglobin,GeneOrGeneProduct,3040,Association,MYB,GeneOrGeneProduct,4602,train
28851297,fetal hemoglobin,GeneOrGeneProduct,3040,Association,BCL11A,GeneOrGeneProduct,53335,train
28851297,fetal hemoglobin,GeneOrGeneProduct,3040,Association,b-thalassemia,DiseaseOrPhenotypicFeature,D017086,train
28851297,fetal hemoglobin,GeneOrGeneProduct,3048,Association,MYB,GeneOrGeneProduct,4602,train
28851297,fetal hemoglobin,GeneOrGeneProduct,3048,Association,BCL11A,GeneOrGeneProduct,53335,train
28851297,fetal hemoglobin,GeneOrGeneProduct,3048,Association,fetal hemoglobin,GeneOrGeneProduct,3040,train
28851297,fetal hemoglobin,GeneOrGeneProduct,3048,Association,b(0)39 thalassemia globin,GeneOrGeneProduct,3043,train
28851297,fetal hemoglobin,GeneOrGeneProduct,3048,Association,fetal hemoglobin,GeneOrGeneProduct,3048,train
28851297,fetal hemoglobin,GeneOrGeneProduct,3048,Association,b-thalassemia,DiseaseOrPhenotypicFeature,D017086,train
28851297,Ag-globin,GeneOrGeneProduct,3047,Association,fetal hemoglobin,GeneOrGeneProduct,3040,train
28851297,Ag-globin,GeneOrGeneProduct,3047,Association,b(0)39 thalassemia globin,GeneOrGeneProduct,3043,train
28851297,Ag-globin,GeneOrGeneProduct,3047,Association,fetal hemoglobin,GeneOrGeneProduct,3048,train
28851297,Ag-globin,GeneOrGeneProduct,3047,Association,Ly-1 antibody reactive clone,GeneOrGeneProduct,17089,train
28851297,Ag-globin,GeneOrGeneProduct,3047,Association,LYAR,GeneOrGeneProduct,55646,train
28851297,Ag-globin,GeneOrGeneProduct,3047,Association,b-thalassemia,DiseaseOrPhenotypicFeature,D017086,train
28851297,G->A,SequenceVariant,rs368698783,Association,b-thalassemia,DiseaseOrPhenotypicFeature,D017086,train
15122711,liver disease,DiseaseOrPhenotypicFeature,D008107,Association,POLG,GeneOrGeneProduct,5428,train
15122711,neurodegeneration,DiseaseOrPhenotypicFeature,D019636,Association,POLG,GeneOrGeneProduct,5428,train
15122711,seizures,DiseaseOrPhenotypicFeature,D012640,Association,POLG,GeneOrGeneProduct,5428,train
15122711,G1681A,SequenceVariant,rs113994095,Association,mitochondrial DNA depletion,DiseaseOrPhenotypicFeature,D028361,train
15122711,G1681A,SequenceVariant,rs113994095,Association,Alpers' syndrome,DiseaseOrPhenotypicFeature,D002549,train
15122711,Glu873Stop,SequenceVariant,rs121918047,Association,mitochondrial DNA depletion,DiseaseOrPhenotypicFeature,D028361,train
15122711,Alpers' syndrome,DiseaseOrPhenotypicFeature,D002549,Association,Glu873Stop,SequenceVariant,rs121918047,train
15122711,POLG,GeneOrGeneProduct,5428,Association,mitochondrial DNA depletion,DiseaseOrPhenotypicFeature,D028361,train
15122711,POLG,GeneOrGeneProduct,5428,Association,Alpers' syndrome,DiseaseOrPhenotypicFeature,D002549,train
15817013,stroke,DiseaseOrPhenotypicFeature,D020521,Negative_Correlation,warfarin,ChemicalEntity,D014859,train
15817013,warfarin,ChemicalEntity,D014859,Positive_Correlation,hemorrhage,DiseaseOrPhenotypicFeature,D006470,train
15817013,atrial fibrillation,DiseaseOrPhenotypicFeature,D001281,Negative_Correlation,warfarin,ChemicalEntity,D014859,train
17304550,developmental delay,DiseaseOrPhenotypicFeature,D002658,Association,synaptotagmin,GeneOrGeneProduct,255928,train
17304550,cerebral atrophy,DiseaseOrPhenotypicFeature,D001927,Association,synaptotagmin,GeneOrGeneProduct,255928,train
17304550,seizures,DiseaseOrPhenotypicFeature,D012640,Association,synaptotagmin,GeneOrGeneProduct,255928,train
17304550,macrocephaly,DiseaseOrPhenotypicFeature,D058627,Association,synaptotagmin,GeneOrGeneProduct,255928,train
17304550,synaptotagmin,GeneOrGeneProduct,255928,Association,calcium,ChemicalEntity,D002118,train
17304550,synaptotagmin,GeneOrGeneProduct,255928,Association,neurodevelopmental abnormalities,DiseaseOrPhenotypicFeature,D009421,train
18808529,oxygen,ChemicalEntity,D010100,Association,hypotension,DiseaseOrPhenotypicFeature,D007022,train
18808529,oxygen,ChemicalEntity,D010100,Association,myocardial injury,DiseaseOrPhenotypicFeature,D009202,train
18808529,dystrophin,GeneOrGeneProduct,24907,Association,ischaemic injury,DiseaseOrPhenotypicFeature,D007511,train
18808529,dystrophin,GeneOrGeneProduct,24907,Positive_Correlation,laminin,GeneOrGeneProduct,309368,train
18808529,dystrophin,GeneOrGeneProduct,24907,Positive_Correlation,beta1-integrin,GeneOrGeneProduct,24511,train
18808529,dystrophin,GeneOrGeneProduct,24907,Positive_Correlation,beta-dystroglycan,GeneOrGeneProduct,114489,train
18808529,dystrophin,GeneOrGeneProduct,24907,Positive_Correlation,gamma-sarcoglycan,GeneOrGeneProduct,305941,train
18808529,dystrophin,GeneOrGeneProduct,24907,Association,glycoprotein,GeneOrGeneProduct,11820,train
18808529,dystrophin,GeneOrGeneProduct,24907,Association,myocardial injury,DiseaseOrPhenotypicFeature,D009202,train
18808529,Isoproterenol,ChemicalEntity,D007545,Positive_Correlation,ischaemic injury,DiseaseOrPhenotypicFeature,D007511,train
18808529,Isoproterenol,ChemicalEntity,D007545,Positive_Correlation,myocardial injury,DiseaseOrPhenotypicFeature,D009202,train
18808529,Isoproterenol,ChemicalEntity,D007545,Negative_Correlation,dystrophin,GeneOrGeneProduct,24907,train
20415560,diabetes mellitus,DiseaseOrPhenotypicFeature,D003920,Association,haptoglobin,GeneOrGeneProduct,3240,train
20415560,haptoglobin,GeneOrGeneProduct,3240,Association,cardiovascular disease,DiseaseOrPhenotypicFeature,D002318,train
20415560,Vitamin E,ChemicalEntity,D014810,Negative_Correlation,stroke,DiseaseOrPhenotypicFeature,D020521,train
20415560,Vitamin E,ChemicalEntity,D014810,Negative_Correlation,myocardial infarction,DiseaseOrPhenotypicFeature,D009203,train
20415560,Vitamin E,ChemicalEntity,D014810,Negative_Correlation,diabetes mellitus,DiseaseOrPhenotypicFeature,D003920,train
20415560,Vitamin E,ChemicalEntity,D014810,Association,haptoglobin,GeneOrGeneProduct,3240,train
20415560,Vitamin E,ChemicalEntity,D014810,Negative_Correlation,cardiovascular disease,DiseaseOrPhenotypicFeature,D002318,train
20523265,complement factor H,GeneOrGeneProduct,3075,Association,age-related macular degeneration,DiseaseOrPhenotypicFeature,D008268,train
20523265,rs1329428,SequenceVariant,rs1329428,Positive_Correlation,age-related macular degeneration,DiseaseOrPhenotypicFeature,D008268,train
20523265,rs1061170,SequenceVariant,rs1061170,Positive_Correlation,age-related macular degeneration,DiseaseOrPhenotypicFeature,D008268,train
20523265,rs800292,SequenceVariant,rs800292,Positive_Correlation,age-related macular degeneration,DiseaseOrPhenotypicFeature,D008268,train
20523265,rs3753394,SequenceVariant,rs3753394,Positive_Correlation,age-related macular degeneration,DiseaseOrPhenotypicFeature,D008268,train
20523265,C2,GeneOrGeneProduct,717,Association,age-related macular degeneration,DiseaseOrPhenotypicFeature,D008268,train
20523265,age-related macular degeneration,DiseaseOrPhenotypicFeature,D008268,Association,C3,GeneOrGeneProduct,718,train
20523265,CFB,GeneOrGeneProduct,629,Association,age-related macular degeneration,DiseaseOrPhenotypicFeature,D008268,train
20949073,cystic fibrosis,DiseaseOrPhenotypicFeature,D003550,Association,CFTR,GeneOrGeneProduct,1080,train
20949073,cystic fibrosis,DiseaseOrPhenotypicFeature,D003550,Association,E831X,SequenceVariant,rs397508387,train
20973483,haloperidol,ChemicalEntity,D006220,Positive_Correlation,catalepsy,DiseaseOrPhenotypicFeature,D002375,train
20973483,adenosine A2A/A1 receptor antagonist,ChemicalEntity,D058915,Association,Parkinson's disease,DiseaseOrPhenotypicFeature,D010300,train
20973483,Parkinson's disease,DiseaseOrPhenotypicFeature,D010300,Association,haloperidol,ChemicalEntity,D006220,train
20973483,Parkinson's disease,DiseaseOrPhenotypicFeature,D010300,Association,MPTP,ChemicalEntity,D015632,train
20973483,Parkinson's disease,DiseaseOrPhenotypicFeature,D010300,Association,6-hydroxydopamine,ChemicalEntity,D016627,train
20973483,Parkinson's disease,DiseaseOrPhenotypicFeature,D010300,Association,reserpine,ChemicalEntity,D012110,train
20973483,reserpine,ChemicalEntity,D012110,Positive_Correlation,akinesia,DiseaseOrPhenotypicFeature,D004409,train
21533187,15 kb deletion,SequenceVariant,c|DEL||15K,Association,metachondromatosis,DiseaseOrPhenotypicFeature,C562938,train
21533187,EXT2,GeneOrGeneProduct,2132,Association,multiple exostosis,DiseaseOrPhenotypicFeature,D005097,train
21533187,EXT1,GeneOrGeneProduct,2131,Association,multiple exostosis,DiseaseOrPhenotypicFeature,D005097,train
21533187,PTPN11,GeneOrGeneProduct,5781,Association,metachondromatosis,DiseaseOrPhenotypicFeature,C562938,train
23952588,levodopa,ChemicalEntity,D007980,Negative_Correlation,Parkinson's disease,DiseaseOrPhenotypicFeature,D010300,train
23952588,levodopa,ChemicalEntity,D007980,Positive_Correlation,dyskinesia,DiseaseOrPhenotypicFeature,D004409,train
25305591,FoxP3,GeneOrGeneProduct,20371,Positive_Correlation,VPAC2,GeneOrGeneProduct,22355,train
25305591,CD25,GeneOrGeneProduct,16184,Positive_Correlation,VPAC2,GeneOrGeneProduct,22355,train
25305591,CD4,GeneOrGeneProduct,12504,Positive_Correlation,VPAC2,GeneOrGeneProduct,22355,train
25305591,MOG35-55,GeneOrGeneProduct,4340,Positive_Correlation,experimental autoimmune encephalomyelitis,DiseaseOrPhenotypicFeature,D004681,train
25305591,MOG35-55,GeneOrGeneProduct,4340,Positive_Correlation,VPAC2,GeneOrGeneProduct,22355,train
25305591,pituitary adenylyl cyclase-activating polypeptide,GeneOrGeneProduct,11516,Negative_Correlation,inflammatory,DiseaseOrPhenotypicFeature,D007249,train
25305591,pituitary adenylyl cyclase-activating polypeptide,GeneOrGeneProduct,11516,Association,experimental autoimmune encephalomyelitis,DiseaseOrPhenotypicFeature,D004681,train
25305591,Vasoactive intestinal peptide,GeneOrGeneProduct,22353,Negative_Correlation,inflammatory,DiseaseOrPhenotypicFeature,D007249,train
25305591,experimental autoimmune encephalomyelitis,DiseaseOrPhenotypicFeature,D004681,Negative_Correlation,FoxP3,GeneOrGeneProduct,20371,train
25305591,experimental autoimmune encephalomyelitis,DiseaseOrPhenotypicFeature,D004681,Negative_Correlation,CD25,GeneOrGeneProduct,16184,train
25305591,experimental autoimmune encephalomyelitis,DiseaseOrPhenotypicFeature,D004681,Negative_Correlation,CD4,GeneOrGeneProduct,12504,train
25305591,experimental autoimmune encephalomyelitis,DiseaseOrPhenotypicFeature,D004681,Negative_Correlation,anti-inflammatory cytokines,GeneOrGeneProduct,21803,train
25305591,experimental autoimmune encephalomyelitis,DiseaseOrPhenotypicFeature,D004681,Negative_Correlation,anti-inflammatory cytokines,GeneOrGeneProduct,16189,train
25305591,experimental autoimmune encephalomyelitis,DiseaseOrPhenotypicFeature,D004681,Negative_Correlation,anti-inflammatory cytokines,GeneOrGeneProduct,16153,train
25305591,experimental autoimmune encephalomyelitis,DiseaseOrPhenotypicFeature,D004681,Positive_Correlation,proinflammatory cytokines,GeneOrGeneProduct,21926,train
25305591,experimental autoimmune encephalomyelitis,DiseaseOrPhenotypicFeature,D004681,Positive_Correlation,proinflammatory cytokines,GeneOrGeneProduct,16193,train
25305591,experimental autoimmune encephalomyelitis,DiseaseOrPhenotypicFeature,D004681,Positive_Correlation,proinflammatory cytokines,GeneOrGeneProduct,16171,train
25305591,experimental autoimmune encephalomyelitis,DiseaseOrPhenotypicFeature,D004681,Positive_Correlation,proinflammatory cytokines,GeneOrGeneProduct,15978,train
25305591,experimental autoimmune encephalomyelitis,DiseaseOrPhenotypicFeature,D004681,Association,Vasoactive intestinal peptide,GeneOrGeneProduct,22353,train
25305591,VPAC2,GeneOrGeneProduct,22355,Positive_Correlation,anti-inflammatory cytokines,GeneOrGeneProduct,21803,train
25305591,VPAC2,GeneOrGeneProduct,22355,Positive_Correlation,anti-inflammatory cytokines,GeneOrGeneProduct,16189,train
25305591,VPAC2,GeneOrGeneProduct,22355,Positive_Correlation,anti-inflammatory cytokines,GeneOrGeneProduct,16153,train
25305591,VPAC2,GeneOrGeneProduct,22355,Negative_Correlation,proinflammatory cytokines,GeneOrGeneProduct,21926,train
25305591,VPAC2,GeneOrGeneProduct,22355,Negative_Correlation,proinflammatory cytokines,GeneOrGeneProduct,16193,train
25305591,VPAC2,GeneOrGeneProduct,22355,Negative_Correlation,proinflammatory cytokines,GeneOrGeneProduct,16171,train
25305591,VPAC2,GeneOrGeneProduct,22355,Negative_Correlation,proinflammatory cytokines,GeneOrGeneProduct,15978,train
25305591,VPAC2,GeneOrGeneProduct,22355,Association,experimental autoimmune encephalomyelitis,DiseaseOrPhenotypicFeature,D004681,train
27643404,rs10973794,SequenceVariant,rs10973794,Positive_Correlation,prostate cancer,DiseaseOrPhenotypicFeature,D011471,train
27643404,ALDH1B1,GeneOrGeneProduct,219,Association,prostate cancer,DiseaseOrPhenotypicFeature,D011471,train
27643404,rs8041922,SequenceVariant,rs8041922,Positive_Correlation,prostate cancer,DiseaseOrPhenotypicFeature,D011471,train
27643404,rs12910509,SequenceVariant,rs12910509,Positive_Correlation,prostate cancer,DiseaseOrPhenotypicFeature,D011471,train
27643404,rs1441817,SequenceVariant,rs1441817,Positive_Correlation,prostate cancer,DiseaseOrPhenotypicFeature,D011471,train
27643404,Aldehyde Dehydrogenases,GeneOrGeneProduct,8854,Association,prostate cancer,DiseaseOrPhenotypicFeature,D011471,train
27643404,Alcohol,ChemicalEntity,D000438,Association,prostate cancer,DiseaseOrPhenotypicFeature,D011471,train
27643404,Alcohol,ChemicalEntity,D000438,Association,Aldehyde Dehydrogenases,GeneOrGeneProduct,8854,train
27643404,Alcohol,ChemicalEntity,D000438,Association,Alcohol Dehydrogenases,GeneOrGeneProduct,125,train
15686794,low back pain,DiseaseOrPhenotypicFeature,D017116,Positive_Correlation,amiodarone,ChemicalEntity,D000638,train
15686794,antiarrhythmic drug,ChemicalEntity,D000889,Negative_Correlation,atrial fibrillation,DiseaseOrPhenotypicFeature,D001281,train
15686794,amiodarone,ChemicalEntity,D000638,Negative_Correlation,atrial fibrillation,DiseaseOrPhenotypicFeature,D001281,train
15755837,dihydrofolate,ChemicalEntity,C010920,Positive_Correlation,thymidylate synthase,GeneOrGeneProduct,7298,train
15755837,Folate,ChemicalEntity,D005492,Negative_Correlation,preterm delivery,DiseaseOrPhenotypicFeature,D047928,train
15755837,19-base pair deletion,SequenceVariant,c|DEL||19,Positive_Correlation,preterm delivery,DiseaseOrPhenotypicFeature,D047928,train
15755837,dihydrofolate reductase,GeneOrGeneProduct,1719,Association,dihydrofolate,ChemicalEntity,C010920,train
15755837,dihydrofolate reductase,GeneOrGeneProduct,1719,Association,Folate,ChemicalEntity,D005492,train
15755837,dihydrofolate reductase,GeneOrGeneProduct,1719,Association,preterm delivery,DiseaseOrPhenotypicFeature,D047928,train
15851735,c.2607C>A,SequenceVariant,rs386833565,Positive_Correlation,glycine encephalopathy,DiseaseOrPhenotypicFeature,D020158,train
15851735,glycine encephalopathy,DiseaseOrPhenotypicFeature,D020158,Association,GLDC,GeneOrGeneProduct,2731,train
18262054,735-6 TG>AT,SequenceVariant,c|SUB|TG|735_736|AT,Association,colon cancer,DiseaseOrPhenotypicFeature,D003110,train
18262054,735-6 TG>AT,SequenceVariant,c|SUB|TG|735_736|AT,Positive_Correlation,juvenile polyposis,DiseaseOrPhenotypicFeature,C537702,train
18262054,G246X,SequenceVariant,p|SUB|G|246|X,Association,colon cancer,DiseaseOrPhenotypicFeature,D003110,train
18262054,G246X,SequenceVariant,p|SUB|G|246|X,Positive_Correlation,juvenile polyposis,DiseaseOrPhenotypicFeature,C537702,train
18262054,Y245X,SequenceVariant,p|SUB|Y|245|X,Association,G246X,SequenceVariant,p|SUB|G|246|X,train
18262054,Y245X,SequenceVariant,p|SUB|Y|245|X,Association,colon cancer,DiseaseOrPhenotypicFeature,D003110,train
18262054,Y245X,SequenceVariant,p|SUB|Y|245|X,Positive_Correlation,juvenile polyposis,DiseaseOrPhenotypicFeature,C537702,train
18262054,BMPR1A,GeneOrGeneProduct,657,Association,colon cancer,DiseaseOrPhenotypicFeature,D003110,train
18262054,BMPR1A,GeneOrGeneProduct,657,Association,juvenile polyposis,DiseaseOrPhenotypicFeature,C537702,train
18470323,TGFBI,GeneOrGeneProduct,7045,Association,lattice corneal dystrophy type I,DiseaseOrPhenotypicFeature,C537881,train
18470323,R124C,SequenceVariant,rs121909210,Association,lattice corneal dystrophy type I,DiseaseOrPhenotypicFeature,C537881,train
18772193,Parkinson's disease,DiseaseOrPhenotypicFeature,D010300,Association,alpha-synuclein,GeneOrGeneProduct,6622,train
18772193,HSP82,GeneOrGeneProduct,855836,Negative_Correlation,reactive oxygen species,ChemicalEntity,D017382,train
18772193,HSP82,GeneOrGeneProduct,855836,Negative_Correlation,alpha-synuclein,GeneOrGeneProduct,6622,train
18772193,ARG2,GeneOrGeneProduct,853374,Negative_Correlation,reactive oxygen species,ChemicalEntity,D017382,train
18772193,ARG2,GeneOrGeneProduct,853374,Negative_Correlation,alpha-synuclein,GeneOrGeneProduct,6622,train
18772193,JEM1,GeneOrGeneProduct,853372,Negative_Correlation,reactive oxygen species,ChemicalEntity,D017382,train
18772193,JEM1,GeneOrGeneProduct,853372,Negative_Correlation,alpha-synuclein,GeneOrGeneProduct,6622,train
18772193,IDP3,GeneOrGeneProduct,855723,Negative_Correlation,reactive oxygen species,ChemicalEntity,D017382,train
18772193,IDP3,GeneOrGeneProduct,855723,Negative_Correlation,alpha-synuclein,GeneOrGeneProduct,6622,train
18772193,ENT3,GeneOrGeneProduct,853589,Negative_Correlation,reactive oxygen species,ChemicalEntity,D017382,train
18772193,ENT3,GeneOrGeneProduct,853589,Negative_Correlation,alpha-synuclein,GeneOrGeneProduct,6622,train
18772193,alpha-synuclein,GeneOrGeneProduct,6622,Association,neurodegeneration,DiseaseOrPhenotypicFeature,D019636,train
18772193,alpha-synuclein,GeneOrGeneProduct,6622,Positive_Correlation,reactive oxygen species,ChemicalEntity,D017382,train
18772193,alpha-synuclein,GeneOrGeneProduct,6622,Association,hydrogen peroxide,ChemicalEntity,D006861,train
19101703,polyadenylate binding-protein nuclear 1,GeneOrGeneProduct,8106,Association,oculopharyngeal muscular dystrophy,DiseaseOrPhenotypicFeature,D039141,train
19101703,polyalanine,ChemicalEntity,C019529,Association,polyadenylate binding-protein nuclear 1,GeneOrGeneProduct,8106,train
19101703,oculopharyngeal muscular dystrophy,DiseaseOrPhenotypicFeature,D039141,Association,polyalanine,ChemicalEntity,C019529,train
19101703,oculopharyngeal muscular dystrophy,DiseaseOrPhenotypicFeature,D039141,Positive_Correlation,insertion of (GCG)4GCA,SequenceVariant,c|INS|(GCG)4GCA,train
19101703,oculopharyngeal muscular dystrophy,DiseaseOrPhenotypicFeature,D039141,Positive_Correlation,(GCG)6(GCA)3GCG sequence was replaced by (GCG)6(GCA)(GCG)4(GCA)3GCG,SequenceVariant,c|SUB|(GCG)6(GCA)3GCG||(GCG)6(GCA)(GCG)4(GCA)3GCG,train
19536134,bone morphogenetic protein receptor (BMPR)1,GeneOrGeneProduct,12166,Association,Erk,GeneOrGeneProduct,26413,train
19536134,bone morphogenetic protein receptor (BMPR)1,GeneOrGeneProduct,12166,Association,Jnk,GeneOrGeneProduct,26419,train
19536134,bone morphogenetic protein receptor (BMPR)1,GeneOrGeneProduct,12166,Association,p38,GeneOrGeneProduct,26416,train
19536134,bone morphogenetic protein receptor (BMPR)1,GeneOrGeneProduct,12166,Association,Smad1/5/8,GeneOrGeneProduct,55994,train
19536134,bone morphogenetic protein receptor (BMPR)1,GeneOrGeneProduct,12166,Association,Smad1/5/8,GeneOrGeneProduct,17129,train
19536134,bone morphogenetic protein receptor (BMPR)1,GeneOrGeneProduct,12166,Association,Smad1/5/8,GeneOrGeneProduct,17125,train
19536134,bone morphogenetic protein receptor (BMPR)1,GeneOrGeneProduct,12166,Bind,BMP,GeneOrGeneProduct,12159,train
19536134,bone morphogenetic protein receptor (BMPR)1,GeneOrGeneProduct,12166,Association,TAK1,GeneOrGeneProduct,26409,train
19536134,collagen 2,GeneOrGeneProduct,12824,Association,tarsal fusion,DiseaseOrPhenotypicFeature,D000070604,train
19536134,collagen 2,GeneOrGeneProduct,12824,Association,elbow dislocation,DiseaseOrPhenotypicFeature,D004204,train
19536134,collagen 2,GeneOrGeneProduct,12824,Association,joint abnormalities,DiseaseOrPhenotypicFeature,D007592,train
19536134,collagen 2,GeneOrGeneProduct,12824,Association,chondrodysplasia,DiseaseOrPhenotypicFeature,D010009,train
19536134,BMP,GeneOrGeneProduct,12159,Association,Erk,GeneOrGeneProduct,26413,train
19536134,BMP,GeneOrGeneProduct,12159,Association,Jnk,GeneOrGeneProduct,26419,train
19536134,BMP,GeneOrGeneProduct,12159,Association,p38,GeneOrGeneProduct,26416,train
19536134,BMP,GeneOrGeneProduct,12159,Association,Smad1/5/8,GeneOrGeneProduct,55994,train
19536134,BMP,GeneOrGeneProduct,12159,Association,Smad1/5/8,GeneOrGeneProduct,17129,train
19536134,BMP,GeneOrGeneProduct,12159,Association,Smad1/5/8,GeneOrGeneProduct,17125,train
19536134,TAK1,GeneOrGeneProduct,26409,Association,Erk,GeneOrGeneProduct,26413,train
19536134,TAK1,GeneOrGeneProduct,26409,Association,Jnk,GeneOrGeneProduct,26419,train
19536134,TAK1,GeneOrGeneProduct,26409,Association,p38,GeneOrGeneProduct,26416,train
19536134,TAK1,GeneOrGeneProduct,26409,Association,Smad1/5/8,GeneOrGeneProduct,55994,train
19536134,TAK1,GeneOrGeneProduct,26409,Association,Smad1/5/8,GeneOrGeneProduct,17129,train
19536134,TAK1,GeneOrGeneProduct,26409,Association,Smad1/5/8,GeneOrGeneProduct,17125,train
19536134,TAK1,GeneOrGeneProduct,26409,Association,collagen 2,GeneOrGeneProduct,12824,train
19536134,TAK1,GeneOrGeneProduct,26409,Association,tarsal fusion,DiseaseOrPhenotypicFeature,D000070604,train
19536134,TAK1,GeneOrGeneProduct,26409,Association,elbow dislocation,DiseaseOrPhenotypicFeature,D004204,train
19536134,TAK1,GeneOrGeneProduct,26409,Association,joint abnormalities,DiseaseOrPhenotypicFeature,D007592,train
19536134,TAK1,GeneOrGeneProduct,26409,Association,chondrodysplasia,DiseaseOrPhenotypicFeature,D010009,train
19536134,TAK1,GeneOrGeneProduct,26409,Positive_Correlation,BMP,GeneOrGeneProduct,12159,train
20428796,TGF-beta,GeneOrGeneProduct,7043,Bind,TGF-beta-isoforms and their receptors I and II,GeneOrGeneProduct,7048,train
20428796,TGF-beta,GeneOrGeneProduct,7043,Bind,TGF-beta-isoforms and their receptors I and II,GeneOrGeneProduct,7046,train
20428796,TGF-beta,GeneOrGeneProduct,7042,Bind,TGF-beta-isoforms and their receptors I and II,GeneOrGeneProduct,7048,train
20428796,TGF-beta,GeneOrGeneProduct,7042,Bind,TGF-beta-isoforms and their receptors I and II,GeneOrGeneProduct,7046,train
20428796,TGF-beta,GeneOrGeneProduct,7042,Positive_Correlation,keloid scars,DiseaseOrPhenotypicFeature,D007627,train
20428796,TGF-beta,GeneOrGeneProduct,7040,Bind,TGF-beta-isoforms and their receptors I and II,GeneOrGeneProduct,7048,train
20428796,TGF-beta,GeneOrGeneProduct,7040,Bind,TGF-beta-isoforms and their receptors I and II,GeneOrGeneProduct,7046,train
20428796,TGF-beta,GeneOrGeneProduct,7040,Association,keloid scars,DiseaseOrPhenotypicFeature,D007627,train
20428796,TGF-beta-isoforms and their receptors I and II,GeneOrGeneProduct,7048,Negative_Correlation,keloid scars,DiseaseOrPhenotypicFeature,D007627,train
20428796,TGF-beta-isoforms and their receptors I and II,GeneOrGeneProduct,7046,Association,keloid scars,DiseaseOrPhenotypicFeature,D007627,train
20428796,keloid scars,DiseaseOrPhenotypicFeature,D007627,Negative_Correlation,TGF-beta,GeneOrGeneProduct,7043,train
20428796,TGF-beta1,GeneOrGeneProduct,4052,Positive_Correlation,TGF-beta,GeneOrGeneProduct,7042,train
20428796,TGF-beta1,GeneOrGeneProduct,4052,Bind,TGF-beta-isoforms and their receptors I and II,GeneOrGeneProduct,7046,train
20428796,TGF-beta1,GeneOrGeneProduct,4052,Positive_Correlation,keloid scars,DiseaseOrPhenotypicFeature,D007627,train
20428796,TGF-beta1,GeneOrGeneProduct,4052,Association,oligonucleotides,ChemicalEntity,D009841,train
20428796,TGF-beta1,GeneOrGeneProduct,4052,Positive_Correlation,TGF-beta1,GeneOrGeneProduct,4052,train
21238926,Pumilio,GeneOrGeneProduct,41094,Negative_Correlation,dMyc,GeneOrGeneProduct,31310,train
21238926,Pumilio,GeneOrGeneProduct,41094,Negative_Correlation,Mad,GeneOrGeneProduct,33529,train
21238926,Brat,GeneOrGeneProduct,35197,Association,BMP,GeneOrGeneProduct,33432,train
21238926,Brat,GeneOrGeneProduct,35197,Negative_Correlation,dMyc,GeneOrGeneProduct,31310,train
21238926,Brat,GeneOrGeneProduct,35197,Negative_Correlation,Mad,GeneOrGeneProduct,33529,train
21238926,Brat,GeneOrGeneProduct,35197,Association,Nanos,GeneOrGeneProduct,42297,train
21238926,Brat,GeneOrGeneProduct,35197,Association,Pumilio,GeneOrGeneProduct,41094,train
21904390,c.643T>C,SequenceVariant,c|SUB|T|643|C,Positive_Correlation,Peters anomaly,DiseaseOrPhenotypicFeature,C537884,train
21904390,c.643T>C,SequenceVariant,c|SUB|T|643|C,Positive_Correlation,anterior segment malformations,DiseaseOrPhenotypicFeature,C537775,train
21904390,p.S216P,SequenceVariant,p|SUB|S|216|P,Positive_Correlation,Peters anomaly,DiseaseOrPhenotypicFeature,C537884,train
21904390,p.S216P,SequenceVariant,p|SUB|S|216|P,Positive_Correlation,anterior segment malformations,DiseaseOrPhenotypicFeature,C537775,train
21904390,c.357-3C>G,SequenceVariant,c|SUB|C|357-3|G,Positive_Correlation,Aniridia,DiseaseOrPhenotypicFeature,D015783,train
21904390,p.Ser119fsX,SequenceVariant,p|FS|S|119||,Positive_Correlation,Aniridia,DiseaseOrPhenotypicFeature,D015783,train
21904390,PAX6,GeneOrGeneProduct,5080,Association,Peters anomaly,DiseaseOrPhenotypicFeature,C537884,train
21904390,PAX6,GeneOrGeneProduct,5080,Association,anterior segment malformations,DiseaseOrPhenotypicFeature,C537775,train
21904390,Aniridia,DiseaseOrPhenotypicFeature,D015783,Association,PAX6,GeneOrGeneProduct,5080,train
24709919,"Re, Rg1, and Rb1 ginsenosides",ChemicalEntity,C049864,Negative_Correlation,opioid,ChemicalEntity,D000701,train
24709919,"Re, Rg1, and Rb1 ginsenosides",ChemicalEntity,C049864,Negative_Correlation,hyperalgesia,DiseaseOrPhenotypicFeature,D006930,train
24709919,"Re, Rg1, and Rb1 ginsenosides",ChemicalEntity,C035054,Positive_Correlation,hyperalgesia,DiseaseOrPhenotypicFeature,D006930,train
24709919,opioid,ChemicalEntity,D000701,Positive_Correlation,hyperalgesia,DiseaseOrPhenotypicFeature,D006930,train
24709919,ginsenosides,ChemicalEntity,D036145,Association,opioid,ChemicalEntity,D000701,train
24709919,ginsenosides,ChemicalEntity,D036145,Association,hyperalgesia,DiseaseOrPhenotypicFeature,D006930,train
27630165,IFN-g,GeneOrGeneProduct,15978,Association,Malaria Infection,DiseaseOrPhenotypicFeature,D008288,train
27630165,IFN-g,GeneOrGeneProduct,15978,Association,TIGIT,GeneOrGeneProduct,100043314,train
27630165,IFN-g,GeneOrGeneProduct,15978,Association,Lag-3,GeneOrGeneProduct,16768,train
27630165,IFN-g,GeneOrGeneProduct,15978,Association,PD-1,GeneOrGeneProduct,18566,train
27630165,IL-10,GeneOrGeneProduct,16153,Association,Malaria Infection,DiseaseOrPhenotypicFeature,D008288,train
27630165,IL-10,GeneOrGeneProduct,16153,Association,TIGIT,GeneOrGeneProduct,100043314,train
27630165,IL-10,GeneOrGeneProduct,16153,Association,Lag-3,GeneOrGeneProduct,16768,train
27630165,IL-10,GeneOrGeneProduct,16153,Association,PD-1,GeneOrGeneProduct,18566,train
27630165,CD4,GeneOrGeneProduct,12504,Association,Malaria Infection,DiseaseOrPhenotypicFeature,D008288,train
27630165,CD4,GeneOrGeneProduct,12504,Association,TIGIT,GeneOrGeneProduct,100043314,train
27630165,CD4,GeneOrGeneProduct,12504,Association,Lag-3,GeneOrGeneProduct,16768,train
27630165,CD4,GeneOrGeneProduct,12504,Association,PD-1,GeneOrGeneProduct,18566,train
27630165,CD4,GeneOrGeneProduct,12504,Association,IFN-g,GeneOrGeneProduct,15978,train
27630165,CD4,GeneOrGeneProduct,12504,Association,IL-10,GeneOrGeneProduct,16153,train
28260077,heat shock protein (Hsp)27,GeneOrGeneProduct,3315,Association,Bcl-2,GeneOrGeneProduct,596,train
28260077,heat shock protein (Hsp)27,GeneOrGeneProduct,3315,Association,caspase-3,GeneOrGeneProduct,836,train
28260077,heat shock protein (Hsp)27,GeneOrGeneProduct,3315,Association,Bax,GeneOrGeneProduct,581,train
28260077,iopamidol,ChemicalEntity,D007479,Association,Bcl-2,GeneOrGeneProduct,596,train
28260077,iopamidol,ChemicalEntity,D007479,Association,caspase-3,GeneOrGeneProduct,836,train
28260077,iopamidol,ChemicalEntity,D007479,Association,Bax,GeneOrGeneProduct,581,train
28260077,iopamidol,ChemicalEntity,D007479,Positive_Correlation,B cell lymphoma-2 (Bcl-2)-associated X protein,GeneOrGeneProduct,24887,train
28260077,iopamidol,ChemicalEntity,D007479,Positive_Correlation,caspase-3,GeneOrGeneProduct,25402,train
28260077,iopamidol,ChemicalEntity,D007479,Association,heat shock protein (Hsp)27,GeneOrGeneProduct,3315,train
28260077,iopamidol,ChemicalEntity,D007479,Positive_Correlation,contrast-induced nephropathy,DiseaseOrPhenotypicFeature,D007674,train
28260077,Atorvastatin,ChemicalEntity,D000069059,Positive_Correlation,Hsp27,GeneOrGeneProduct,24471,train
28260077,Atorvastatin,ChemicalEntity,D000069059,Negative_Correlation,B cell lymphoma-2 (Bcl-2)-associated X protein,GeneOrGeneProduct,24887,train
28260077,Atorvastatin,ChemicalEntity,D000069059,Positive_Correlation,Bcl-2,GeneOrGeneProduct,24224,train
28260077,Atorvastatin,ChemicalEntity,D000069059,Negative_Correlation,caspase-3,GeneOrGeneProduct,25402,train
28260077,Atorvastatin,ChemicalEntity,D000069059,Negative_Correlation,iopamidol,ChemicalEntity,D007479,train
28260077,Atorvastatin,ChemicalEntity,D000069059,Negative_Correlation,contrast-induced nephropathy,DiseaseOrPhenotypicFeature,D007674,train
28346429,VEGF receptor 2,GeneOrGeneProduct,16542,Association,liver kinase B1,GeneOrGeneProduct,20869,train
28346429,vascular endothelial growth factor,GeneOrGeneProduct,22339,Association,specificity protein 1,GeneOrGeneProduct,20683,train
28346429,vascular endothelial growth factor,GeneOrGeneProduct,22339,Association,tumor,DiseaseOrPhenotypicFeature,D009369,train
28346429,tumor,DiseaseOrPhenotypicFeature,D009369,Association,specificity protein 1,GeneOrGeneProduct,20683,train
28346429,liver kinase B1,GeneOrGeneProduct,20869,Association,Peutz-Jeghers syndrome,DiseaseOrPhenotypicFeature,D010580,train
28346429,liver kinase B1,GeneOrGeneProduct,20869,Bind,specificity protein 1,GeneOrGeneProduct,20683,train
28346429,liver kinase B1,GeneOrGeneProduct,20869,Negative_Correlation,vascular endothelial growth factor,GeneOrGeneProduct,22339,train
28346429,liver kinase B1,GeneOrGeneProduct,20869,Negative_Correlation,tumor,DiseaseOrPhenotypicFeature,D009369,train
15241482,-107C/T,SequenceVariant,c|SUB|C|-107|T,Association,coronary heart disease,DiseaseOrPhenotypicFeature,D003327,train
15241482,Paraoxonase 1,GeneOrGeneProduct,5444,Association,coronary heart disease,DiseaseOrPhenotypicFeature,D003327,train
15241482,192RR,SequenceVariant,p|Allele|R|192,Association,coronary heart disease,DiseaseOrPhenotypicFeature,D003327,train
15241482,ischemic heart disease,DiseaseOrPhenotypicFeature,D017202,Association,Paraoxonase 1,GeneOrGeneProduct,5444,train
15241482,ischemic heart disease,DiseaseOrPhenotypicFeature,D017202,Association,192Q/R,SequenceVariant,p|SUB|Q|192|R,train
15241482,192Q/R,SequenceVariant,p|SUB|Q|192|R,Association,coronary heart disease,DiseaseOrPhenotypicFeature,D003327,train
15241482,55M/L,SequenceVariant,p|SUB|M|55|L,Association,coronary heart disease,DiseaseOrPhenotypicFeature,D003327,train
17273972,H194Q,SequenceVariant,rs74315522,Association,22q11.2 deletions,DiseaseOrPhenotypicFeature,D004062,train
17273972,TBX1,GeneOrGeneProduct,6899,Negative_Correlation,22q11.2 deletions,DiseaseOrPhenotypicFeature,D004062,train
17959715,rs1800734,SequenceVariant,rs1800734,Positive_Correlation,cancer,DiseaseOrPhenotypicFeature,D009369,train
17959715,rs1800734,SequenceVariant,rs1800734,Association,Hodgkin lymphoma,DiseaseOrPhenotypicFeature,D006689,train
17959715,rs1800734,SequenceVariant,rs1800734,Association,breast cancer,DiseaseOrPhenotypicFeature,D001943,train
17959715,rs1800734,SequenceVariant,rs1800734,Association,acute myeloid leukaemia,DiseaseOrPhenotypicFeature,D015470,train
17959715,MLH1,GeneOrGeneProduct,4292,Association,cancer,DiseaseOrPhenotypicFeature,D009369,train
17959715,MLH1,GeneOrGeneProduct,4292,Association,Hodgkin lymphoma,DiseaseOrPhenotypicFeature,D006689,train
17959715,MLH1,GeneOrGeneProduct,4292,Association,breast cancer,DiseaseOrPhenotypicFeature,D001943,train
17959715,MLH1,GeneOrGeneProduct,4292,Association,acute myeloid leukaemia,DiseaseOrPhenotypicFeature,D015470,train
18050247,systemic lupus erythematosus,DiseaseOrPhenotypicFeature,D008180,Positive_Correlation,N673S,SequenceVariant,rs3917815,train
18050247,systemic lupus erythematosus,DiseaseOrPhenotypicFeature,D008180,Association,IRF5,GeneOrGeneProduct,3663,train
18050247,systemic lupus erythematosus,DiseaseOrPhenotypicFeature,D008180,Association,TNFRSF6,GeneOrGeneProduct,355,train
18050247,systemic lupus erythematosus,DiseaseOrPhenotypicFeature,D008180,Association,interleukin-1 receptor-associated kinase 1,GeneOrGeneProduct,3654,train
18050247,systemic lupus erythematosus,DiseaseOrPhenotypicFeature,D008180,Positive_Correlation,C203S,SequenceVariant,rs10127175,train
18050247,systemic lupus erythematosus,DiseaseOrPhenotypicFeature,D008180,Association,P-selectin,GeneOrGeneProduct,6403,train
18541230,thrombin,GeneOrGeneProduct,29251,Association,nephrotic syndrome,DiseaseOrPhenotypicFeature,D009404,train
18541230,thrombin,GeneOrGeneProduct,29251,Association,puromycin aminonucleoside,ChemicalEntity,D011692,train
18541230,puromycin aminonucleoside,ChemicalEntity,D011692,Positive_Correlation,nephrotic syndrome,DiseaseOrPhenotypicFeature,D009404,train
18541230,puromycin aminonucleoside,ChemicalEntity,D011692,Positive_Correlation,hyperlipidemia,DiseaseOrPhenotypicFeature,D006949,train
18541230,puromycin aminonucleoside,ChemicalEntity,D011692,Positive_Correlation,renal dysfunction,DiseaseOrPhenotypicFeature,D007674,train
18541230,puromycin aminonucleoside,ChemicalEntity,D011692,Positive_Correlation,hematological abnormalities,DiseaseOrPhenotypicFeature,D006402,train
18541230,puromycin aminonucleoside,ChemicalEntity,D011692,Positive_Correlation,nephrosis,DiseaseOrPhenotypicFeature,D009401,train
18541230,antithrombin,ChemicalEntity,D000991,Negative_Correlation,nephrotic syndrome,DiseaseOrPhenotypicFeature,D009404,train
18541230,antithrombin,ChemicalEntity,D000991,Negative_Correlation,hyperlipidemia,DiseaseOrPhenotypicFeature,D006949,train
18541230,antithrombin,ChemicalEntity,D000991,Negative_Correlation,renal dysfunction,DiseaseOrPhenotypicFeature,D007674,train
18541230,antithrombin,ChemicalEntity,D000991,Negative_Correlation,hematological abnormalities,DiseaseOrPhenotypicFeature,D006402,train
18541230,antithrombin,ChemicalEntity,D000991,Negative_Correlation,nephrosis,DiseaseOrPhenotypicFeature,D009401,train
18541230,antithrombin,ChemicalEntity,D000991,Negative_Correlation,puromycin aminonucleoside,ChemicalEntity,D011692,train
19048115,MAPK,GeneOrGeneProduct,5594,Association,tumor,DiseaseOrPhenotypicFeature,D009369,train
19048115,GTP,ChemicalEntity,D006160,Bind,KRAS,GeneOrGeneProduct,3845,train
19048115,ovarian serous carcinomas,DiseaseOrPhenotypicFeature,D010051,Association,Neurofibromin 1,GeneOrGeneProduct,4763,train
19048115,Brca2,GeneOrGeneProduct,675,Association,ovarian serous carcinomas,DiseaseOrPhenotypicFeature,D010051,train
19048115,Brca1,GeneOrGeneProduct,672,Association,ovarian serous carcinomas,DiseaseOrPhenotypicFeature,D010051,train
19048115,tumor,DiseaseOrPhenotypicFeature,D009369,Association,KRAS,GeneOrGeneProduct,3845,train
19048115,tumor,DiseaseOrPhenotypicFeature,D009369,Association,Brca2,GeneOrGeneProduct,675,train
19048115,tumor,DiseaseOrPhenotypicFeature,D009369,Association,Brca1,GeneOrGeneProduct,672,train
19048115,tumor,DiseaseOrPhenotypicFeature,D009369,Association,Neurofibromin 1,GeneOrGeneProduct,4763,train
19048115,TP53,GeneOrGeneProduct,7157,Association,ovarian serous carcinomas,DiseaseOrPhenotypicFeature,D010051,train
19048115,TP53,GeneOrGeneProduct,7157,Association,tumor,DiseaseOrPhenotypicFeature,D009369,train
19048115,Neurofibromin 1,GeneOrGeneProduct,4763,Association,TP53,GeneOrGeneProduct,7157,train
19463742,glucose,ChemicalEntity,D005947,Positive_Correlation,insulin,GeneOrGeneProduct,16333,train
19463742,melanotan II,ChemicalEntity,C079282,Association,AKT,GeneOrGeneProduct,24185,train
19463742,melanotan II,ChemicalEntity,C079282,Association,insulin,GeneOrGeneProduct,24505,train
19463742,IRS-1,GeneOrGeneProduct,3667,Association,Melanocortin-4 receptor,GeneOrGeneProduct,4160,train
19463742,melanocortin,GeneOrGeneProduct,5443,Positive_Correlation,melanotan II,ChemicalEntity,C079282,train
19463742,melanocortin,GeneOrGeneProduct,5443,Association,AKT,GeneOrGeneProduct,24185,train
19463742,melanocortin,GeneOrGeneProduct,5443,Positive_Correlation,NDP-MSH,ChemicalEntity,C027756,train
19463742,melanocortin,GeneOrGeneProduct,5443,Association,insulin,GeneOrGeneProduct,24505,train
19463742,melanocortin,GeneOrGeneProduct,5443,Bind,Melanocortin-4 receptor,GeneOrGeneProduct,4160,train
19463742,melanocortin,GeneOrGeneProduct,5443,Negative_Correlation,c-Jun N-terminal kinase,GeneOrGeneProduct,5599,train
19463742,NDP-MSH,ChemicalEntity,C027756,Positive_Correlation,glucose,ChemicalEntity,D005947,train
19463742,NDP-MSH,ChemicalEntity,C027756,Association,AKT,GeneOrGeneProduct,207,train
19463742,NDP-MSH,ChemicalEntity,C027756,Association,IRS-1,GeneOrGeneProduct,3667,train
19463742,NDP-MSH,ChemicalEntity,C027756,Association,insulin,GeneOrGeneProduct,3630,train
19463742,NDP-MSH,ChemicalEntity,C027756,Association,insulin,GeneOrGeneProduct,16333,train
19463742,NDP-MSH,ChemicalEntity,C027756,Association,Melanocortin-4 receptor,GeneOrGeneProduct,4160,train
19463742,NDP-MSH,ChemicalEntity,C027756,Negative_Correlation,c-Jun N-terminal kinase,GeneOrGeneProduct,5599,train
19463742,insulin,GeneOrGeneProduct,3630,Association,AKT,GeneOrGeneProduct,207,train
19463742,insulin,GeneOrGeneProduct,3630,Association,c-Jun N-terminal kinase,GeneOrGeneProduct,5599,train
19463742,insulin,GeneOrGeneProduct,3630,Association,c-Jun N-terminal kinase,GeneOrGeneProduct,26419,train
19463742,insulin,GeneOrGeneProduct,3630,Association,c-Jun N-terminal kinase,GeneOrGeneProduct,116554,train
19463742,insulin,GeneOrGeneProduct,24505,Association,AKT,GeneOrGeneProduct,24185,train
19463742,insulin,GeneOrGeneProduct,24505,Association,c-Jun N-terminal kinase,GeneOrGeneProduct,5599,train
19463742,insulin,GeneOrGeneProduct,24505,Association,c-Jun N-terminal kinase,GeneOrGeneProduct,26419,train
19463742,insulin,GeneOrGeneProduct,24505,Association,c-Jun N-terminal kinase,GeneOrGeneProduct,116554,train
19463742,insulin,GeneOrGeneProduct,16333,Association,c-Jun N-terminal kinase,GeneOrGeneProduct,5599,train
19463742,insulin,GeneOrGeneProduct,16333,Association,c-Jun N-terminal kinase,GeneOrGeneProduct,26419,train
19463742,insulin,GeneOrGeneProduct,16333,Association,c-Jun N-terminal kinase,GeneOrGeneProduct,116554,train
19463742,Melanocortin-4 receptor,GeneOrGeneProduct,4160,Positive_Correlation,insulin,GeneOrGeneProduct,3630,train
19463742,Melanocortin-4 receptor,GeneOrGeneProduct,4160,Positive_Correlation,insulin,GeneOrGeneProduct,24505,train
19463742,Melanocortin-4 receptor,GeneOrGeneProduct,4160,Positive_Correlation,insulin,GeneOrGeneProduct,16333,train
19463742,Melanocortin-4 receptor,GeneOrGeneProduct,4160,Negative_Correlation,c-Jun N-terminal kinase,GeneOrGeneProduct,5599,train
19463742,Melanocortin-4 receptor,GeneOrGeneProduct,4160,Negative_Correlation,c-Jun N-terminal kinase,GeneOrGeneProduct,26419,train
19463742,Melanocortin-4 receptor,GeneOrGeneProduct,4160,Negative_Correlation,c-Jun N-terminal kinase,GeneOrGeneProduct,116554,train
19463742,Melanocortin-4 receptor,GeneOrGeneProduct,25635,Positive_Correlation,insulin,GeneOrGeneProduct,3630,train
19463742,Melanocortin-4 receptor,GeneOrGeneProduct,25635,Positive_Correlation,insulin,GeneOrGeneProduct,24505,train
19463742,Melanocortin-4 receptor,GeneOrGeneProduct,25635,Positive_Correlation,insulin,GeneOrGeneProduct,16333,train
19463742,Melanocortin-4 receptor,GeneOrGeneProduct,25635,Negative_Correlation,c-Jun N-terminal kinase,GeneOrGeneProduct,5599,train
19463742,Melanocortin-4 receptor,GeneOrGeneProduct,25635,Negative_Correlation,c-Jun N-terminal kinase,GeneOrGeneProduct,26419,train
19463742,Melanocortin-4 receptor,GeneOrGeneProduct,25635,Negative_Correlation,c-Jun N-terminal kinase,GeneOrGeneProduct,116554,train
19463742,Melanocortin-4 receptor,GeneOrGeneProduct,17202,Positive_Correlation,insulin,GeneOrGeneProduct,3630,train
19463742,Melanocortin-4 receptor,GeneOrGeneProduct,17202,Positive_Correlation,insulin,GeneOrGeneProduct,24505,train
19463742,Melanocortin-4 receptor,GeneOrGeneProduct,17202,Positive_Correlation,insulin,GeneOrGeneProduct,16333,train
19463742,Melanocortin-4 receptor,GeneOrGeneProduct,17202,Negative_Correlation,c-Jun N-terminal kinase,GeneOrGeneProduct,5599,train
19463742,Melanocortin-4 receptor,GeneOrGeneProduct,17202,Negative_Correlation,c-Jun N-terminal kinase,GeneOrGeneProduct,26419,train
19463742,Melanocortin-4 receptor,GeneOrGeneProduct,17202,Negative_Correlation,c-Jun N-terminal kinase,GeneOrGeneProduct,116554,train
24588023,tranexamic acid,ChemicalEntity,D014148,Association,convulsive seizures,DiseaseOrPhenotypicFeature,D012640,train
26516699,Let-7b,GeneOrGeneProduct,406884,Association,Kras,GeneOrGeneProduct,3845,train
26516699,miR-192,GeneOrGeneProduct,387187,Association,pancreatic cancer,DiseaseOrPhenotypicFeature,D010190,train
26516699,pancreatic cancer,DiseaseOrPhenotypicFeature,D010190,Association,miR-138,GeneOrGeneProduct,723956,train
26516699,pancreatic cancer,DiseaseOrPhenotypicFeature,D010190,Association,miR-138,GeneOrGeneProduct,387156,train
26516699,pancreatic cancer,DiseaseOrPhenotypicFeature,D010190,Association,miR-494,GeneOrGeneProduct,723878,train
26516699,pancreatic cancer,DiseaseOrPhenotypicFeature,D010190,Association,G12D,SequenceVariant,p|SUB|G|12|D,train
26516699,pancreatic cancer,DiseaseOrPhenotypicFeature,D010190,Association,Let-7b,GeneOrGeneProduct,406884,train
26516699,pancreatic cancer,DiseaseOrPhenotypicFeature,D010190,Association,miR-223,GeneOrGeneProduct,723814,train
26516699,pancreatic cancer,DiseaseOrPhenotypicFeature,D010190,Association,miR-1273,GeneOrGeneProduct,100422821,train
26516699,pancreatic cancer,DiseaseOrPhenotypicFeature,D010190,Association,miR-34c,GeneOrGeneProduct,723932,train
26516699,pancreatic cancer,DiseaseOrPhenotypicFeature,D010190,Association,Let-7b,GeneOrGeneProduct,387245,train
26516699,pancreatic cancer,DiseaseOrPhenotypicFeature,D010190,Association,miR-195,GeneOrGeneProduct,387190,train
26516699,pancreatic cancer,DiseaseOrPhenotypicFeature,D010190,Association,miR-150,GeneOrGeneProduct,387168,train
26516699,pancreatic cancer,DiseaseOrPhenotypicFeature,D010190,Association,miR-26b,GeneOrGeneProduct,387219,train
26516699,pancreatic cancer,DiseaseOrPhenotypicFeature,D010190,Association,miR-483-3p,GeneOrGeneProduct,723874,train
26516699,pancreatic cancer,DiseaseOrPhenotypicFeature,D010190,Association,miR-141,GeneOrGeneProduct,387159,train
26516699,pancreatic cancer,DiseaseOrPhenotypicFeature,D010190,Association,miR-345,GeneOrGeneProduct,723946,train
26516699,pancreatic cancer,DiseaseOrPhenotypicFeature,D010190,Association,miR-100,GeneOrGeneProduct,723892,train
26516699,pancreatic cancer,DiseaseOrPhenotypicFeature,D010190,Association,Ago2,GeneOrGeneProduct,239528,train
26516699,pancreatic cancer,DiseaseOrPhenotypicFeature,D010190,Association,DGCR8,GeneOrGeneProduct,94223,train
26516699,pancreatic cancer,DiseaseOrPhenotypicFeature,D010190,Association,TARBP2,GeneOrGeneProduct,21357,train
26516699,pancreatic cancer,DiseaseOrPhenotypicFeature,D010190,Association,TRKRA,GeneOrGeneProduct,18211,train
26516699,pancreatic cancer,DiseaseOrPhenotypicFeature,D010190,Association,Exportin-5,GeneOrGeneProduct,72322,train
26516699,pancreatic cancer,DiseaseOrPhenotypicFeature,D010190,Association,Dicer,GeneOrGeneProduct,192119,train
26516699,pancreatic cancer,DiseaseOrPhenotypicFeature,D010190,Association,miR-21,GeneOrGeneProduct,387140,train
26516699,pancreatic cancer,DiseaseOrPhenotypicFeature,D010190,Association,miR-31,GeneOrGeneProduct,723895,train
26516699,pancreatic cancer,DiseaseOrPhenotypicFeature,D010190,Association,miR-205,GeneOrGeneProduct,387201,train
26516699,pancreatic cancer,DiseaseOrPhenotypicFeature,D010190,Association,miR-146b,GeneOrGeneProduct,751550,train
26516699,pancreatic cancer,DiseaseOrPhenotypicFeature,D010190,Association,miR-217,GeneOrGeneProduct,387213,train
26516699,pancreatic cancer,DiseaseOrPhenotypicFeature,D010190,Association,miR-216a,GeneOrGeneProduct,387212,train
26516699,pancreatic cancer,DiseaseOrPhenotypicFeature,D010190,Association,miR-148a,GeneOrGeneProduct,387166,train
26516699,pancreatic cancer,DiseaseOrPhenotypicFeature,D010190,Association,Kras,GeneOrGeneProduct,3845,train
26516699,Kras,GeneOrGeneProduct,3845,Association,miR-138,GeneOrGeneProduct,723956,train
26516699,Kras,GeneOrGeneProduct,3845,Association,miR-138,GeneOrGeneProduct,387156,train
26516699,Kras,GeneOrGeneProduct,3845,Association,miR-494,GeneOrGeneProduct,723878,train
26516699,Kras,GeneOrGeneProduct,3845,Association,miR-223,GeneOrGeneProduct,723814,train
26516699,Kras,GeneOrGeneProduct,3845,Association,miR-1273,GeneOrGeneProduct,100422821,train
26516699,Kras,GeneOrGeneProduct,3845,Association,miR-34c,GeneOrGeneProduct,723932,train
26516699,Kras,GeneOrGeneProduct,3845,Association,Let-7b,GeneOrGeneProduct,387245,train
26516699,Kras,GeneOrGeneProduct,3845,Association,miR-195,GeneOrGeneProduct,387190,train
26516699,Kras,GeneOrGeneProduct,3845,Association,miR-150,GeneOrGeneProduct,387168,train
26516699,Kras,GeneOrGeneProduct,3845,Association,miR-26b,GeneOrGeneProduct,387219,train
26516699,Kras,GeneOrGeneProduct,3845,Association,miR-483-3p,GeneOrGeneProduct,723874,train
26516699,Kras,GeneOrGeneProduct,3845,Association,miR-141,GeneOrGeneProduct,387159,train
26516699,Kras,GeneOrGeneProduct,3845,Association,miR-345,GeneOrGeneProduct,723946,train
26516699,Kras,GeneOrGeneProduct,3845,Association,miR-100,GeneOrGeneProduct,723892,train
26516699,Kras,GeneOrGeneProduct,3845,Association,Ago2,GeneOrGeneProduct,239528,train
26516699,Kras,GeneOrGeneProduct,3845,Association,DGCR8,GeneOrGeneProduct,94223,train
26516699,Kras,GeneOrGeneProduct,3845,Association,TARBP2,GeneOrGeneProduct,21357,train
26516699,Kras,GeneOrGeneProduct,3845,Association,TRKRA,GeneOrGeneProduct,18211,train
26516699,Kras,GeneOrGeneProduct,3845,Association,Exportin-5,GeneOrGeneProduct,72322,train
26516699,Kras,GeneOrGeneProduct,3845,Association,Dicer,GeneOrGeneProduct,192119,train
26516699,Kras,GeneOrGeneProduct,3845,Association,miR-21,GeneOrGeneProduct,387140,train
26516699,Kras,GeneOrGeneProduct,3845,Association,miR-192,GeneOrGeneProduct,387187,train
26516699,Kras,GeneOrGeneProduct,3845,Association,miR-31,GeneOrGeneProduct,723895,train
26516699,Kras,GeneOrGeneProduct,3845,Association,miR-205,GeneOrGeneProduct,387201,train
26516699,Kras,GeneOrGeneProduct,3845,Association,miR-146b,GeneOrGeneProduct,751550,train
26516699,Kras,GeneOrGeneProduct,3845,Association,miR-217,GeneOrGeneProduct,387213,train
26516699,Kras,GeneOrGeneProduct,3845,Association,miR-216a,GeneOrGeneProduct,387212,train
26516699,Kras,GeneOrGeneProduct,3845,Association,miR-148a,GeneOrGeneProduct,387166,train
26731607,GADD45A,GeneOrGeneProduct,13197,Association,p38 Mitogen-activated protein kinase,GeneOrGeneProduct,26416,train
27172902,IL-10,GeneOrGeneProduct,16153,Association,cancer,DiseaseOrPhenotypicFeature,D009369,train
27172902,IL-10,GeneOrGeneProduct,16153,Association,inflammatory,DiseaseOrPhenotypicFeature,D007249,train
27172902,IL-10,GeneOrGeneProduct,16153,Positive_Correlation,NF-kappaB,GeneOrGeneProduct,18033,train
27172902,IL-10,GeneOrGeneProduct,16153,Positive_Correlation,p38 MAPK,GeneOrGeneProduct,26416,train
27172902,TLR,GeneOrGeneProduct,13982,Positive_Correlation,NF-kappaB,GeneOrGeneProduct,18033,train
27172902,TLR,GeneOrGeneProduct,13982,Positive_Correlation,p38 MAPK,GeneOrGeneProduct,26416,train
27172902,TLR,GeneOrGeneProduct,13982,Positive_Correlation,IL-10,GeneOrGeneProduct,16153,train
27172902,Cisplatin,ChemicalEntity,D002945,Negative_Correlation,cancer,DiseaseOrPhenotypicFeature,D009369,train
27172902,Cisplatin,ChemicalEntity,D002945,Positive_Correlation,inflammatory,DiseaseOrPhenotypicFeature,D007249,train
27172902,Cisplatin,ChemicalEntity,D002945,Cotreatment,lipopolysaccharide,ChemicalEntity,D008070,train
27172902,Cisplatin,ChemicalEntity,D002945,Positive_Correlation,NF-kappaB,GeneOrGeneProduct,18033,train
27172902,Cisplatin,ChemicalEntity,D002945,Positive_Correlation,p38 MAPK,GeneOrGeneProduct,26416,train
27172902,Cisplatin,ChemicalEntity,D002945,Positive_Correlation,IL-10,GeneOrGeneProduct,16153,train
27172902,Cisplatin,ChemicalEntity,D002945,Negative_Correlation,MHC class I and II,GeneOrGeneProduct,14972,train
27172902,Cisplatin,ChemicalEntity,D002945,Negative_Correlation,MHC class I and II,GeneOrGeneProduct,14961,train
27172902,Cisplatin,ChemicalEntity,D002945,Negative_Correlation,CD86,GeneOrGeneProduct,12524,train
27172902,Cisplatin,ChemicalEntity,D002945,Negative_Correlation,CD80,GeneOrGeneProduct,12519,train
27172902,Cisplatin,ChemicalEntity,D002945,Positive_Correlation,TLR,GeneOrGeneProduct,13982,train
27248656,proteinuria,DiseaseOrPhenotypicFeature,D011507,Association,mTOR,GeneOrGeneProduct,56718,train
27248656,proteinuria,DiseaseOrPhenotypicFeature,D011507,Association,p38,GeneOrGeneProduct,81649,train
27248656,proteinuria,DiseaseOrPhenotypicFeature,D011507,Association,NF-kappaB,GeneOrGeneProduct,81736,train
27248656,17-dimethylaminoethylamino-17-demethoxygeldanamycin,ChemicalEntity,C448659,Association,mTOR,GeneOrGeneProduct,56718,train
27248656,17-dimethylaminoethylamino-17-demethoxygeldanamycin,ChemicalEntity,C448659,Negative_Correlation,proteinuria,DiseaseOrPhenotypicFeature,D011507,train
27248656,17-dimethylaminoethylamino-17-demethoxygeldanamycin,ChemicalEntity,C448659,Association,p38,GeneOrGeneProduct,81649,train
27248656,17-dimethylaminoethylamino-17-demethoxygeldanamycin,ChemicalEntity,C448659,Association,NF-kappaB,GeneOrGeneProduct,81736,train
27248656,17-dimethylaminoethylamino-17-demethoxygeldanamycin,ChemicalEntity,C448659,Negative_Correlation,nephropathy,DiseaseOrPhenotypicFeature,D007674,train
27248656,17-dimethylaminoethylamino-17-demethoxygeldanamycin,ChemicalEntity,C448659,Association,salt,ChemicalEntity,D012492,train
27248656,MCP-1,GeneOrGeneProduct,24770,Positive_Correlation,salt,ChemicalEntity,D012492,train
27248656,IL-6,GeneOrGeneProduct,24498,Positive_Correlation,salt,ChemicalEntity,D012492,train
27248656,TNF-alpha,GeneOrGeneProduct,24835,Positive_Correlation,salt,ChemicalEntity,D012492,train
27248656,HIF-1alpha,GeneOrGeneProduct,29560,Positive_Correlation,salt,ChemicalEntity,D012492,train
27248656,"TGF-beta,",GeneOrGeneProduct,59086,Positive_Correlation,salt,ChemicalEntity,D012492,train
27248656,nephropathy,DiseaseOrPhenotypicFeature,D007674,Association,mTOR,GeneOrGeneProduct,56718,train
27248656,nephropathy,DiseaseOrPhenotypicFeature,D007674,Association,p38,GeneOrGeneProduct,81649,train
27248656,nephropathy,DiseaseOrPhenotypicFeature,D007674,Association,NF-kappaB,GeneOrGeneProduct,81736,train
27248656,salt,ChemicalEntity,D012492,Association,hypertensive,DiseaseOrPhenotypicFeature,D006973,train
27248656,salt,ChemicalEntity,D012492,Positive_Correlation,renal dysfunction,DiseaseOrPhenotypicFeature,D051437,train
27248656,salt,ChemicalEntity,D012492,Positive_Correlation,proteinuria,DiseaseOrPhenotypicFeature,D011507,train
27248656,salt,ChemicalEntity,D012492,Association,Bcl-2,GeneOrGeneProduct,24224,train
27248656,salt,ChemicalEntity,D012492,Positive_Correlation,p38,GeneOrGeneProduct,81649,train
27248656,salt,ChemicalEntity,D012492,Positive_Correlation,NF-kappaB,GeneOrGeneProduct,81736,train
27248656,salt,ChemicalEntity,D012492,Positive_Correlation,nephropathy,DiseaseOrPhenotypicFeature,D007674,train
27248656,Hsp90beta,GeneOrGeneProduct,301252,Association,Raptor,GeneOrGeneProduct,287871,train
27248656,Hsp90beta,GeneOrGeneProduct,301252,Association,IKKalpha/beta,GeneOrGeneProduct,84351,train
27248656,Hsp90beta,GeneOrGeneProduct,301252,Association,IKKalpha/beta,GeneOrGeneProduct,309361,train
27248656,Hsp90beta,GeneOrGeneProduct,301252,Association,AMPKalpha,GeneOrGeneProduct,65248,train
27248656,Hsp90beta,GeneOrGeneProduct,301252,Association,TAK1,GeneOrGeneProduct,313121,train
27248656,Hsp90beta,GeneOrGeneProduct,301252,Association,mTOR,GeneOrGeneProduct,56718,train
27248656,Hsp90beta,GeneOrGeneProduct,301252,Association,proteinuria,DiseaseOrPhenotypicFeature,D011507,train
27248656,Hsp90beta,GeneOrGeneProduct,301252,Negative_Correlation,Bcl-2,GeneOrGeneProduct,24224,train
27248656,Hsp90beta,GeneOrGeneProduct,301252,Positive_Correlation,p38,GeneOrGeneProduct,81649,train
27248656,Hsp90beta,GeneOrGeneProduct,301252,Positive_Correlation,NF-kappaB,GeneOrGeneProduct,81736,train
27248656,Hsp90beta,GeneOrGeneProduct,301252,Association,HIF-1alpha,GeneOrGeneProduct,29560,train
27248656,Hsp90beta,GeneOrGeneProduct,301252,Association,nephropathy,DiseaseOrPhenotypicFeature,D007674,train
27248656,Hsp90beta,GeneOrGeneProduct,301252,Positive_Correlation,salt,ChemicalEntity,D012492,train
28660748,renin,GeneOrGeneProduct,19701,Association,tumor,DiseaseOrPhenotypicFeature,D009369,train
28660748,renin,GeneOrGeneProduct,19701,Association,metastases,DiseaseOrPhenotypicFeature,D009362,train
28660748,renin,GeneOrGeneProduct,19701,Association,angiotensin,GeneOrGeneProduct,11606,train
28660748,collagen,GeneOrGeneProduct,12842,Association,Angiotensin II subtype 1a receptor,GeneOrGeneProduct,11607,train
28660748,liver metastasis,DiseaseOrPhenotypicFeature,D008113,Association,collagen,GeneOrGeneProduct,12842,train
28660748,clodronate,ChemicalEntity,D004002,Negative_Correlation,liver metastasis,DiseaseOrPhenotypicFeature,D008113,train
28660748,angiotensin,GeneOrGeneProduct,11606,Association,tumor,DiseaseOrPhenotypicFeature,D009369,train
28660748,angiotensin,GeneOrGeneProduct,11606,Association,metastases,DiseaseOrPhenotypicFeature,D009362,train
28660748,angiotensin,GeneOrGeneProduct,11606,Positive_Correlation,transforming growth factor- b1,GeneOrGeneProduct,21803,train
28660748,F4/80,GeneOrGeneProduct,13733,Positive_Correlation,Angiotensin II subtype 1a receptor,GeneOrGeneProduct,11607,train
28660748,transforming growth factor- b1,GeneOrGeneProduct,21803,Association,liver metastasis,DiseaseOrPhenotypicFeature,D008113,train
28660748,transforming growth factor- b1,GeneOrGeneProduct,21803,Positive_Correlation,Angiotensin II subtype 1a receptor,GeneOrGeneProduct,11607,train
28660748,Angiotensin II subtype 1a receptor,GeneOrGeneProduct,11607,Association,liver metastasis,DiseaseOrPhenotypicFeature,D008113,train
28660748,CD31,GeneOrGeneProduct,18613,Positive_Correlation,Angiotensin II subtype 1a receptor,GeneOrGeneProduct,11607,train
15983230,rs5393,SequenceVariant,rs5393,Association,impaired glucose tolerance,DiseaseOrPhenotypicFeature,D018149,train
15983230,rs5393,SequenceVariant,rs5393,Association,obese,DiseaseOrPhenotypicFeature,D009765,train
15983230,rs5393,SequenceVariant,rs5393,Association,Diabetes,DiseaseOrPhenotypicFeature,D003920,train
15983230,rs5393,SequenceVariant,rs5393,Positive_Correlation,type 2 diabetes,DiseaseOrPhenotypicFeature,D003924,train
15983230,SLC2A2,GeneOrGeneProduct,6514,Association,impaired glucose tolerance,DiseaseOrPhenotypicFeature,D018149,train
15983230,SLC2A2,GeneOrGeneProduct,6514,Association,obese,DiseaseOrPhenotypicFeature,D009765,train
15983230,SLC2A2,GeneOrGeneProduct,6514,Association,Diabetes,DiseaseOrPhenotypicFeature,D003920,train
15983230,SLC2A2,GeneOrGeneProduct,6514,Association,type 2 diabetes,DiseaseOrPhenotypicFeature,D003924,train
15983230,insulin,GeneOrGeneProduct,3630,Association,SLC2A2,GeneOrGeneProduct,6514,train
15983230,insulin,GeneOrGeneProduct,3630,Association,GLP1R,GeneOrGeneProduct,2740,train
15983230,insulin,GeneOrGeneProduct,3630,Association,GIP,GeneOrGeneProduct,2695,train
15983230,insulin,GeneOrGeneProduct,3630,Association,HNF4A,GeneOrGeneProduct,3172,train
15983230,insulin,GeneOrGeneProduct,3630,Association,TCF1,GeneOrGeneProduct,6927,train
15983230,insulin,GeneOrGeneProduct,3630,Association,GCK,GeneOrGeneProduct,2645,train
16412238,C-peptide,ChemicalEntity,D002096,Association,Y355X,SequenceVariant,p|SUB|Y|355|X,train
16412238,familial partial lipodystrophy type 3,DiseaseOrPhenotypicFeature,D052496,Positive_Correlation,Y355X,SequenceVariant,p|SUB|Y|355|X,train
16412238,Peroxisomal proliferator activated receptor-gamma,GeneOrGeneProduct,5468,Negative_Correlation,familial partial lipodystrophy type 3,DiseaseOrPhenotypicFeature,D052496,train
16412238,Peroxisomal proliferator activated receptor-gamma,GeneOrGeneProduct,5468,Association,pancreatitis,DiseaseOrPhenotypicFeature,D010195,train
16412238,Peroxisomal proliferator activated receptor-gamma,GeneOrGeneProduct,5468,Association,hypertriglyceridemia,DiseaseOrPhenotypicFeature,D015228,train
16412238,Peroxisomal proliferator activated receptor-gamma,GeneOrGeneProduct,5468,Association,diabetes,DiseaseOrPhenotypicFeature,D003920,train
16412238,insulin resistance,DiseaseOrPhenotypicFeature,D007333,Association,Peroxisomal proliferator activated receptor-gamma,GeneOrGeneProduct,5468,train
16412238,insulin resistance,DiseaseOrPhenotypicFeature,D007333,Association,Y355X,SequenceVariant,p|SUB|Y|355|X,train
16412238,Y355X,SequenceVariant,p|SUB|Y|355|X,Association,high-density lipoprotein cholesterol,ChemicalEntity,D008076,train
16412238,Y355X,SequenceVariant,p|SUB|Y|355|X,Association,pancreatitis,DiseaseOrPhenotypicFeature,D010195,train
16412238,Y355X,SequenceVariant,p|SUB|Y|355|X,Association,hypertriglyceridemia,DiseaseOrPhenotypicFeature,D015228,train
16412238,Y355X,SequenceVariant,p|SUB|Y|355|X,Association,diabetes,DiseaseOrPhenotypicFeature,D003920,train
16412238,Y355X,SequenceVariant,p|SUB|Y|355|X,Association,triglycerides,ChemicalEntity,D014280,train
18270997,Val158Met,SequenceVariant,rs4680,Association,opiate addiction,DiseaseOrPhenotypicFeature,D009293,train
18270997,Catechol-O-methyltransferase,GeneOrGeneProduct,1312,Negative_Correlation,dopamine,ChemicalEntity,D004298,train
18270997,Catechol-O-methyltransferase,GeneOrGeneProduct,1312,Negative_Correlation,catechol neurotransmitters,ChemicalEntity,D002395,train
18270997,Catechol-O-methyltransferase,GeneOrGeneProduct,1312,Association,opiate addiction,DiseaseOrPhenotypicFeature,D009293,train
18487244,POLG1,GeneOrGeneProduct,5428,Association,hepatoencephalopathy,DiseaseOrPhenotypicFeature,C563797,train
18487244,Alpers syndrome,DiseaseOrPhenotypicFeature,D002549,Association,POLG1,GeneOrGeneProduct,5428,train
19037252,diffuse mesangial sclerosis,DiseaseOrPhenotypicFeature,C537346,Association,phospholipase C epsilon 1,GeneOrGeneProduct,51196,train
19037252,diffuse mesangial sclerosis,DiseaseOrPhenotypicFeature,C537346,Association,four-basepair deletion,SequenceVariant,c|DEL||4,train
19707748,cytochrome P450 (CYP) 1A2,GeneOrGeneProduct,1544,Association,levofloxacin,ChemicalEntity,D064704,train
19707748,Seizures,DiseaseOrPhenotypicFeature,D012640,Positive_Correlation,levofloxacin,ChemicalEntity,D064704,train
20129423,carbamazepine,ChemicalEntity,D002220,Positive_Correlation,hypersensitivity,DiseaseOrPhenotypicFeature,D006967,train
20129423,carbamazepine,ChemicalEntity,D002220,Positive_Correlation,myocarditis,DiseaseOrPhenotypicFeature,D009205,train
21325775,G to C at codon 158,SequenceVariant,c|SUB|G|CODON158|C,Association,lipoprotein glomerulopathy,DiseaseOrPhenotypicFeature,C567089,train
21325775,lipoprotein glomerulopathy,DiseaseOrPhenotypicFeature,C567089,Association,Arg158 Pro,SequenceVariant,p|SUB|R|158|P,train
21325775,lipoprotein glomerulopathy,DiseaseOrPhenotypicFeature,C567089,Positive_Correlation,apolipoprotein E,GeneOrGeneProduct,348,train
21325775,dyslipidemic,DiseaseOrPhenotypicFeature,D050171,Association,Arg158 Pro,SequenceVariant,p|SUB|R|158|P,train
21325775,apolipoprotein E,GeneOrGeneProduct,348,Association,dyslipidemic,DiseaseOrPhenotypicFeature,D050171,train
21699520,Gorlin syndrome,DiseaseOrPhenotypicFeature,D001478,Association,p.E947stop,SequenceVariant,p|SUB|E|947|X,train
21699520,Gorlin syndrome,DiseaseOrPhenotypicFeature,D001478,Association,g.2839T>G,SequenceVariant,g|SUB|T|2839|G,train
21699520,Gorlin syndrome,DiseaseOrPhenotypicFeature,D001478,Association,PTCH1,GeneOrGeneProduct,5727,train
21699520,basal cell carcinomas,DiseaseOrPhenotypicFeature,D002280,Association,p.R962T,SequenceVariant,p|SUB|R|962|T,train
21699520,basal cell carcinomas,DiseaseOrPhenotypicFeature,D002280,Association,g.2885G>C,SequenceVariant,g|SUB|G|2885|C,train
21699520,basal cell carcinomas,DiseaseOrPhenotypicFeature,D002280,Association,PTCH1,GeneOrGeneProduct,5727,train
21699520,cancer,DiseaseOrPhenotypicFeature,D009369,Association,IVS9 + 217T,SequenceVariant,c|Allele|T|IVS9+217,train
21699520,cancer,DiseaseOrPhenotypicFeature,D009369,Association,p.E947stop,SequenceVariant,p|SUB|E|947|X,train
21699520,cancer,DiseaseOrPhenotypicFeature,D009369,Association,g.2839T>G,SequenceVariant,g|SUB|T|2839|G,train
21699520,cancer,DiseaseOrPhenotypicFeature,D009369,Negative_Correlation,PTCH1,GeneOrGeneProduct,5727,train
22104738,methylmalonic acid,ChemicalEntity,D008764,Association,malonic aciduria,DiseaseOrPhenotypicFeature,C535702,train
22104738,malonic acid,ChemicalEntity,C030290,Association,malonic aciduria,DiseaseOrPhenotypicFeature,C535702,train
22104738,malonic aciduria,DiseaseOrPhenotypicFeature,C535702,Association,MLYCD,GeneOrGeneProduct,23417,train
22104738,malonic aciduria,DiseaseOrPhenotypicFeature,C535702,Association,c.920T>G,SequenceVariant,c|SUB|T|920|G,train
22104738,malonic aciduria,DiseaseOrPhenotypicFeature,C535702,Association,p.Leu307Arg,SequenceVariant,p|SUB|L|307|R,train
25218136,PRAS40,GeneOrGeneProduct,292887,Bind,raptor,GeneOrGeneProduct,287871,train
25218136,raptor,GeneOrGeneProduct,287871,Bind,RagA-D,GeneOrGeneProduct,298514,train
25218136,leucine,ChemicalEntity,D007930,Association,Ragulator complex,GeneOrGeneProduct,308869,train
25218136,leucine,ChemicalEntity,D007930,Association,Ragulator complex,GeneOrGeneProduct,295234,train
25218136,leucine,ChemicalEntity,D007930,Positive_Correlation,RagA-D,GeneOrGeneProduct,298514,train
25218136,leucine,ChemicalEntity,D007930,Negative_Correlation,PRAS40,GeneOrGeneProduct,292887,train
25218136,leucine,ChemicalEntity,D007930,Association,raptor,GeneOrGeneProduct,287871,train
25218136,leucine,ChemicalEntity,D007930,Association,Sepsis,DiseaseOrPhenotypicFeature,D018805,train
25218136,leucine,ChemicalEntity,D007930,Positive_Correlation,mTOR,GeneOrGeneProduct,56718,train
25218136,Sepsis,DiseaseOrPhenotypicFeature,D018805,Association,amino acid transporters,GeneOrGeneProduct,29642,train
25218136,Sepsis,DiseaseOrPhenotypicFeature,D018805,Association,amino acid transporters,GeneOrGeneProduct,84551,train
25218136,Sepsis,DiseaseOrPhenotypicFeature,D018805,Association,amino acid transporters,GeneOrGeneProduct,25648,train
25218136,Sepsis,DiseaseOrPhenotypicFeature,D018805,Negative_Correlation,mTOR,GeneOrGeneProduct,56718,train
25218136,mTOR,GeneOrGeneProduct,56718,Association,Ragulator complex,GeneOrGeneProduct,308869,train
25218136,mTOR,GeneOrGeneProduct,56718,Association,Ragulator complex,GeneOrGeneProduct,295234,train
25218136,mTOR,GeneOrGeneProduct,56718,Bind,raptor,GeneOrGeneProduct,287871,train
25218136,mTOR,GeneOrGeneProduct,56718,Association,S6K1,GeneOrGeneProduct,83840,train
25218136,mTOR,GeneOrGeneProduct,56718,Association,4E-BP1,GeneOrGeneProduct,116636,train
28151486,doxycycline,ChemicalEntity,D004318,Association,SCID,DiseaseOrPhenotypicFeature,D016511,train
28151486,doxycycline,ChemicalEntity,D004318,Negative_Correlation,breast cancer,DiseaseOrPhenotypicFeature,D001943,train
28151486,doxycycline,ChemicalEntity,D004318,Positive_Correlation,Star-PAP,GeneOrGeneProduct,64852,train
28151486,BIK,GeneOrGeneProduct,638,Association,breast cancer,DiseaseOrPhenotypicFeature,D001943,train
28151486,BIK,GeneOrGeneProduct,638,Association,Star-PAP,GeneOrGeneProduct,64852,train
28151486,Star-PAP,GeneOrGeneProduct,64852,Association,SCID,DiseaseOrPhenotypicFeature,D016511,train
28151486,Star-PAP,GeneOrGeneProduct,64852,Association,breast cancer,DiseaseOrPhenotypicFeature,D001943,train
28151486,Star-PAP,GeneOrGeneProduct,64852,Negative_Correlation,tumor,DiseaseOrPhenotypicFeature,D009369,train
15200408,neonatal death,DiseaseOrPhenotypicFeature,D066087,Association,uroplakin (UP) III,GeneOrGeneProduct,22270,train
15200408,Pro154Ala,SequenceVariant,p|SUB|P|154|A,Association,vesicoureteral reflux,DiseaseOrPhenotypicFeature,C564042,train
15200408,C to G,SequenceVariant,c|SUB|C||G,Association,vesicoureteral reflux,DiseaseOrPhenotypicFeature,C564042,train
15200408,uroplakin,GeneOrGeneProduct,7380,Association,vesicoureteral reflux,DiseaseOrPhenotypicFeature,C564042,train
15200408,C to T,SequenceVariant,rs373513519,Association,vesicoureteral reflux,DiseaseOrPhenotypicFeature,C564042,train
15200408,uroplakin,GeneOrGeneProduct,11045,Association,vesicoureteral reflux,DiseaseOrPhenotypicFeature,C564042,train
15200408,uroplakin (UP) III,GeneOrGeneProduct,22270,Association,hydronephrosis,DiseaseOrPhenotypicFeature,D006869,train
15200408,uroplakin (UP) III,GeneOrGeneProduct,22270,Association,vesicoureteral reflux,DiseaseOrPhenotypicFeature,C564042,train
16309808,dopamine D2 receptor antagonists,ChemicalEntity,D065127,Positive_Correlation,restless legs syndrome,DiseaseOrPhenotypicFeature,D012148,train
16309808,noradrenergic and specific serotonergic antidepressant,ChemicalEntity,D000928,Association,restless legs syndrome,DiseaseOrPhenotypicFeature,D012148,train
16309808,restless legs syndrome,DiseaseOrPhenotypicFeature,D012148,Negative_Correlation,levodopa,ChemicalEntity,D007980,train
16309808,restless legs syndrome,DiseaseOrPhenotypicFeature,D012148,Positive_Correlation,domperidone,ChemicalEntity,D004294,train
16309808,mirtazapine,ChemicalEntity,D000078785,Positive_Correlation,restless legs syndrome,DiseaseOrPhenotypicFeature,D012148,train
16309808,domperidone,ChemicalEntity,D004294,Drug_Interaction,mirtazapine,ChemicalEntity,D000078785,train
16309808,domperidone,ChemicalEntity,D004294,Negative_Correlation,dopamine D2 receptor,GeneOrGeneProduct,1813,train
18397285,ADAMTS13,GeneOrGeneProduct,11093,Association,VWF,GeneOrGeneProduct,7450,train
18397285,type 2A von Willebrand disease,DiseaseOrPhenotypicFeature,D056728,Association,VWF,GeneOrGeneProduct,7450,train
18397285,L1503R,SequenceVariant,rs61750097,Association,type 2A von Willebrand disease,DiseaseOrPhenotypicFeature,D056728,train
18790087,Delta32,SequenceVariant,c|DEL||32,Association,AIDS,DiseaseOrPhenotypicFeature,D000163,train
18790087,Delta32,SequenceVariant,c|DEL||32,Association,HIV-1 infection,DiseaseOrPhenotypicFeature,D015658,train
18790087,CCR5,GeneOrGeneProduct,1234,Association,AIDS,DiseaseOrPhenotypicFeature,D000163,train
18790087,CCR5,GeneOrGeneProduct,1234,Association,HIV-1 infection,DiseaseOrPhenotypicFeature,D015658,train
20401977,dioxin,ChemicalEntity,D004147,Association,AHR,GeneOrGeneProduct,196,train
20401977,"2,3,7,8-tetrachlorodibenzo-p-dioxin",ChemicalEntity,D000072317,Association,AHR,GeneOrGeneProduct,196,train
20401977,"2,3,7,8-tetrachlorodibenzo-p-dioxin",ChemicalEntity,D000072317,Association,dioxin,ChemicalEntity,D004147,train
20588063,puromycin aminonucleoside,ChemicalEntity,D011692,Positive_Correlation,nephrosis,DiseaseOrPhenotypicFeature,D009401,train
20588063,nephrosis,DiseaseOrPhenotypicFeature,D009401,Association,dendrin,GeneOrGeneProduct,25113,train
20588063,nephrosis,DiseaseOrPhenotypicFeature,D009401,Association,plekhh2,GeneOrGeneProduct,313866,train
20588063,nephrin,GeneOrGeneProduct,64563,Association,nephrosis,DiseaseOrPhenotypicFeature,D009401,train
20588063,proteinuria,DiseaseOrPhenotypicFeature,D011507,Association,dendrin,GeneOrGeneProduct,25113,train
20588063,proteinuria,DiseaseOrPhenotypicFeature,D011507,Association,plekhh2,GeneOrGeneProduct,313866,train
20588063,proteinuria,DiseaseOrPhenotypicFeature,D011507,Association,nephrin,GeneOrGeneProduct,64563,train
20854438,mal de Meleda,DiseaseOrPhenotypicFeature,D007645,Positive_Correlation,G to A substitution in nucleotide 256,SequenceVariant,rs28937888,train
20854438,mal de Meleda,DiseaseOrPhenotypicFeature,D007645,Association,SLURP1,GeneOrGeneProduct,57152,train
20854438,viral infection,DiseaseOrPhenotypicFeature,D014777,Association,G to A substitution in nucleotide 256,SequenceVariant,rs28937888,train
20854438,melanoma,DiseaseOrPhenotypicFeature,D008545,Positive_Correlation,G to A substitution in nucleotide 256,SequenceVariant,rs28937888,train
20854438,SLURP1,GeneOrGeneProduct,57152,Association,viral infection,DiseaseOrPhenotypicFeature,D014777,train
20854438,SLURP1,GeneOrGeneProduct,57152,Association,melanoma,DiseaseOrPhenotypicFeature,D008545,train
20854438,SLURP1,GeneOrGeneProduct,57152,Positive_Correlation,nicotinic acetylcholine receptor,GeneOrGeneProduct,1137,train
21771880,IRS2,GeneOrGeneProduct,8660,Association,diabetes,DiseaseOrPhenotypicFeature,D003920,train
21771880,IRS2,GeneOrGeneProduct,8660,Association,obesity,DiseaseOrPhenotypicFeature,D009765,train
21771880,SNP 10510452_139,SequenceVariant,10510452_139,Association,obesity,DiseaseOrPhenotypicFeature,D009765,train
24100257,coronary artery vasospasm,DiseaseOrPhenotypicFeature,D003329,Positive_Correlation,Zolmitriptan,ChemicalEntity,C089750,train
24100257,Zolmitriptan,ChemicalEntity,C089750,Negative_Correlation,migraines,DiseaseOrPhenotypicFeature,D008881,train
24100257,Takotsubo syndrome,DiseaseOrPhenotypicFeature,D054549,Positive_Correlation,Zolmitriptan,ChemicalEntity,C089750,train
25263533,T-cell receptor,GeneOrGeneProduct,6955,Association,IL-2 receptor,GeneOrGeneProduct,3560,train
25263533,T-cell receptor,GeneOrGeneProduct,6955,Negative_Correlation,Bcl6,GeneOrGeneProduct,604,train
25263533,T-cell receptor,GeneOrGeneProduct,6955,Association,CD25,GeneOrGeneProduct,3559,train
25263533,Bcl6,GeneOrGeneProduct,604,Negative_Correlation,MHC class II,GeneOrGeneProduct,3108,train
25263533,Bcl6,GeneOrGeneProduct,604,Negative_Correlation,IgA,GeneOrGeneProduct,3493,train
25263533,Bcl6,GeneOrGeneProduct,604,Negative_Correlation,IgG,GeneOrGeneProduct,3500,train
25263533,Bcl6,GeneOrGeneProduct,604,Negative_Correlation,CD45RO,GeneOrGeneProduct,5788,train
25263533,Bcl6,GeneOrGeneProduct,604,Negative_Correlation,activation-induced cytidine deaminase,GeneOrGeneProduct,57379,train
25263533,CD25,GeneOrGeneProduct,3559,Positive_Correlation,MHC class II,GeneOrGeneProduct,3108,train
25263533,CD25,GeneOrGeneProduct,3559,Positive_Correlation,IgA,GeneOrGeneProduct,3493,train
25263533,CD25,GeneOrGeneProduct,3559,Positive_Correlation,IgG,GeneOrGeneProduct,3500,train
25263533,CD25,GeneOrGeneProduct,3559,Positive_Correlation,CD45RO,GeneOrGeneProduct,5788,train
25263533,CD25,GeneOrGeneProduct,3559,Positive_Correlation,activation-induced cytidine deaminase,GeneOrGeneProduct,57379,train
25263533,CD25,GeneOrGeneProduct,3559,Positive_Correlation,Bcl2,GeneOrGeneProduct,596,train
25263533,CD25,GeneOrGeneProduct,3559,Positive_Correlation,OX40,GeneOrGeneProduct,7293,train
25263533,CD25,GeneOrGeneProduct,3559,Positive_Correlation,ICOS,GeneOrGeneProduct,29851,train
25263533,CD25,GeneOrGeneProduct,3559,Positive_Correlation,IL-10,GeneOrGeneProduct,3586,train
25263533,CD25,GeneOrGeneProduct,3559,Positive_Correlation,IL-17,GeneOrGeneProduct,3605,train
25263533,CD25,GeneOrGeneProduct,3559,Positive_Correlation,IL-21,GeneOrGeneProduct,59067,train
25263533,CD25,GeneOrGeneProduct,3559,Positive_Correlation,cMaf,GeneOrGeneProduct,4094,train
25263533,IL-2,GeneOrGeneProduct,3558,Bind,IL-2 receptor,GeneOrGeneProduct,3560,train
25263533,IL-2,GeneOrGeneProduct,3558,Association,T-cell receptor,GeneOrGeneProduct,6955,train
25263533,IL-2,GeneOrGeneProduct,3558,Association,Bcl6,GeneOrGeneProduct,604,train
25263533,IL-2,GeneOrGeneProduct,3558,Association,IL-10,GeneOrGeneProduct,3586,train
25263533,IL-2,GeneOrGeneProduct,3558,Association,IL-17,GeneOrGeneProduct,3605,train
25263533,IL-2,GeneOrGeneProduct,3558,Association,IL-21,GeneOrGeneProduct,59067,train
25263533,IL-2,GeneOrGeneProduct,3558,Association,cMaf,GeneOrGeneProduct,4094,train
25263533,IL-2,GeneOrGeneProduct,3558,Bind,CD25,GeneOrGeneProduct,3559,train
27779699,RUNX2,GeneOrGeneProduct,860,Association,giant cell tumor,DiseaseOrPhenotypicFeature,D005870,train
27779699,OPG,GeneOrGeneProduct,4982,Association,giant cell tumor,DiseaseOrPhenotypicFeature,D005870,train
27779699,OCN,GeneOrGeneProduct,632,Association,giant cell tumor,DiseaseOrPhenotypicFeature,D005870,train
27779699,RANKL,GeneOrGeneProduct,8600,Association,giant cell tumor,DiseaseOrPhenotypicFeature,D005870,train
27779699,filamin B,GeneOrGeneProduct,2317,Association,tumor,DiseaseOrPhenotypicFeature,D009369,train
27779699,filamin B,GeneOrGeneProduct,2317,Positive_Correlation,RUNX2,GeneOrGeneProduct,860,train
27779699,filamin B,GeneOrGeneProduct,2317,Positive_Correlation,OPG,GeneOrGeneProduct,4982,train
27779699,filamin B,GeneOrGeneProduct,2317,Positive_Correlation,OCN,GeneOrGeneProduct,632,train
27779699,filamin B,GeneOrGeneProduct,2317,Positive_Correlation,RANKL,GeneOrGeneProduct,8600,train
27779699,filamin B,GeneOrGeneProduct,2317,Association,giant cell tumor,DiseaseOrPhenotypicFeature,D005870,train
28075473,interleukin (IL)-17,GeneOrGeneProduct,3605,Association,tumor,DiseaseOrPhenotypicFeature,D009369,train
28075473,lipopolysaccharides,ChemicalEntity,D008070,Negative_Correlation,mammary tumors,DiseaseOrPhenotypicFeature,D001943,train
28075473,lipopolysaccharides,ChemicalEntity,D008070,Association,Toll-like receptor 4,GeneOrGeneProduct,21898,train
28075473,lipopolysaccharides,ChemicalEntity,D008070,Positive_Correlation,interferon-g,GeneOrGeneProduct,15978,train
28075473,lipopolysaccharides,ChemicalEntity,D008070,Negative_Correlation,interleukin-17,GeneOrGeneProduct,16171,train
28075473,lipopolysaccharides,ChemicalEntity,D008070,Negative_Correlation,tumor,DiseaseOrPhenotypicFeature,D009369,train
28075473,Toll-like receptor 4,GeneOrGeneProduct,21898,Association,interferon-g,GeneOrGeneProduct,15978,train
28075473,Toll-like receptor 4,GeneOrGeneProduct,21898,Association,interleukin-23,GeneOrGeneProduct,83430,train
28075473,Toll-like receptor 4,GeneOrGeneProduct,21898,Association,interleukin-17,GeneOrGeneProduct,16171,train
28075473,Toll-like receptor 4,GeneOrGeneProduct,21898,Association,tumor,DiseaseOrPhenotypicFeature,D009369,train
28075473,tumor,DiseaseOrPhenotypicFeature,D009369,Association,interferon-g,GeneOrGeneProduct,15978,train
28075473,tumor,DiseaseOrPhenotypicFeature,D009369,Association,interleukin-23,GeneOrGeneProduct,83430,train
28075473,tumor,DiseaseOrPhenotypicFeature,D009369,Association,interleukin-17,GeneOrGeneProduct,16171,train
28260056,3-methyladenine,ChemicalEntity,C025946,Association,reactive oxygen species,ChemicalEntity,D017382,train
28260056,3-methyladenine,ChemicalEntity,C025946,Association,hypoxia,DiseaseOrPhenotypicFeature,D000860,train
28260056,reactive oxygen species,ChemicalEntity,D017382,Association,mTOR,GeneOrGeneProduct,56717,train
28260056,reactive oxygen species,ChemicalEntity,D017382,Association,Akt,GeneOrGeneProduct,11651,train
28260056,reactive oxygen species,ChemicalEntity,D017382,Association,PI3K,GeneOrGeneProduct,18706,train
28260056,reactive oxygen species,ChemicalEntity,D017382,Positive_Correlation,hypoxia,DiseaseOrPhenotypicFeature,D000860,train
28260056,PI3K,GeneOrGeneProduct,18706,Negative_Correlation,LY294002,ChemicalEntity,C085911,train
28260056,hypoxia,DiseaseOrPhenotypicFeature,D000860,Association,Insulin-like growth factor-1,GeneOrGeneProduct,16000,train
28260056,hypoxia,DiseaseOrPhenotypicFeature,D000860,Association,mTOR,GeneOrGeneProduct,56717,train
28260056,hypoxia,DiseaseOrPhenotypicFeature,D000860,Association,Akt,GeneOrGeneProduct,11651,train
28260056,hypoxia,DiseaseOrPhenotypicFeature,D000860,Association,PI3K,GeneOrGeneProduct,18706,train
28260056,Insulin-like growth factor 1 receptor,GeneOrGeneProduct,16001,Association,reactive oxygen species,ChemicalEntity,D017382,train
28260056,Insulin-like growth factor 1 receptor,GeneOrGeneProduct,16001,Association,mTOR,GeneOrGeneProduct,56717,train
28260056,Insulin-like growth factor 1 receptor,GeneOrGeneProduct,16001,Association,Akt,GeneOrGeneProduct,11651,train
28260056,Insulin-like growth factor 1 receptor,GeneOrGeneProduct,16001,Association,PI3K,GeneOrGeneProduct,18706,train
28260056,Insulin-like growth factor 1 receptor,GeneOrGeneProduct,16001,Association,hypoxia,DiseaseOrPhenotypicFeature,D000860,train
15075188,alpha(1)-subunit of the Na-K-ATPase,GeneOrGeneProduct,24211,Association,sodium,ChemicalEntity,D012964,train
15075188,thiazide-sensitive Na(+)-Cl(-) cotransporter,GeneOrGeneProduct,54300,Association,sodium,ChemicalEntity,D012964,train
15075188,Na(+)-K(+)-2Cl(-) cotransporter,GeneOrGeneProduct,25065,Association,sodium,ChemicalEntity,D012964,train
15075188,Na(+)/H(+) exchanger type 3,GeneOrGeneProduct,24784,Association,sodium,ChemicalEntity,D012964,train
15075188,ENaC subunits,GeneOrGeneProduct,24768,Association,nephrotic syndrome,DiseaseOrPhenotypicFeature,D009404,train
15075188,ENaC subunits,GeneOrGeneProduct,24767,Association,nephrotic syndrome,DiseaseOrPhenotypicFeature,D009404,train
15075188,ENaC subunits,GeneOrGeneProduct,25122,Association,nephrotic syndrome,DiseaseOrPhenotypicFeature,D009404,train
15075188,sodium,ChemicalEntity,D012964,Association,nephrotic syndrome,DiseaseOrPhenotypicFeature,D009404,train
15075188,puromycin aminonucleoside,ChemicalEntity,D011692,Negative_Correlation,thiazide-sensitive Na(+)-Cl(-) cotransporter,GeneOrGeneProduct,54300,train
15075188,puromycin aminonucleoside,ChemicalEntity,D011692,Negative_Correlation,Na(+)-K(+)-2Cl(-) cotransporter,GeneOrGeneProduct,25065,train
15075188,puromycin aminonucleoside,ChemicalEntity,D011692,Negative_Correlation,Na(+)/H(+) exchanger type 3,GeneOrGeneProduct,24784,train
15075188,puromycin aminonucleoside,ChemicalEntity,D011692,Positive_Correlation,ENaC subunits,GeneOrGeneProduct,24768,train
15075188,puromycin aminonucleoside,ChemicalEntity,D011692,Positive_Correlation,ENaC subunits,GeneOrGeneProduct,24767,train
15075188,puromycin aminonucleoside,ChemicalEntity,D011692,Positive_Correlation,ENaC subunits,GeneOrGeneProduct,25122,train
15075188,puromycin aminonucleoside,ChemicalEntity,D011692,Negative_Correlation,ascites,DiseaseOrPhenotypicFeature,D001201,train
15075188,puromycin aminonucleoside,ChemicalEntity,D011692,Association,sodium,ChemicalEntity,D012964,train
15075188,puromycin aminonucleoside,ChemicalEntity,D011692,Positive_Correlation,hypoalbuminemia,DiseaseOrPhenotypicFeature,D034141,train
15075188,puromycin aminonucleoside,ChemicalEntity,D011692,Positive_Correlation,proteinuria,DiseaseOrPhenotypicFeature,D011507,train
15075188,puromycin aminonucleoside,ChemicalEntity,D011692,Positive_Correlation,nephrotic syndrome,DiseaseOrPhenotypicFeature,D009404,train
15145918,clonidine,ChemicalEntity,D003000,Positive_Correlation,alpha2-adrenergic and I1-imidazoline receptor,GeneOrGeneProduct,64652,train
15145918,clonidine,ChemicalEntity,D003000,Positive_Correlation,hypotension,DiseaseOrPhenotypicFeature,D007022,train
15145918,clonidine,ChemicalEntity,D003000,Positive_Correlation,alpha2-adrenergic and I1-imidazoline receptor,GeneOrGeneProduct,25083,train
15145918,estrogen,ChemicalEntity,D004967,Negative_Correlation,clonidine,ChemicalEntity,D003000,train
15145918,estrogen,ChemicalEntity,D004967,Association,alpha2-adrenergic and I1-imidazoline receptor,GeneOrGeneProduct,64652,train
15145918,estrogen,ChemicalEntity,D004967,Negative_Correlation,hypotension,DiseaseOrPhenotypicFeature,D007022,train
15145918,estrogen,ChemicalEntity,D004967,Negative_Correlation,alpha2-adrenergic and I1-imidazoline receptor,GeneOrGeneProduct,25083,train
15145918,rilmenidine,ChemicalEntity,C032302,Positive_Correlation,alpha2-adrenergic and I1-imidazoline receptor,GeneOrGeneProduct,64652,train
15145918,rilmenidine,ChemicalEntity,C032302,Positive_Correlation,hypotension,DiseaseOrPhenotypicFeature,D007022,train
15145918,rilmenidine,ChemicalEntity,C032302,Positive_Correlation,alpha2-adrenergic and I1-imidazoline receptor,GeneOrGeneProduct,25083,train
15145918,alpha-methyldopa,ChemicalEntity,D008750,Association,estrogen,ChemicalEntity,D004967,train
15145918,alpha-methyldopa,ChemicalEntity,D008750,Positive_Correlation,alpha2-adrenergic and I1-imidazoline receptor,GeneOrGeneProduct,64652,train
15145918,alpha-methyldopa,ChemicalEntity,D008750,Positive_Correlation,hypotension,DiseaseOrPhenotypicFeature,D007022,train
15145918,alpha-methyldopa,ChemicalEntity,D008750,Positive_Correlation,alpha2-adrenergic and I1-imidazoline receptor,GeneOrGeneProduct,25083,train
15145918,alpha2-adrenergic and I1-imidazoline receptor,GeneOrGeneProduct,64652,Association,hypotension,DiseaseOrPhenotypicFeature,D007022,train
15145918,alpha2-adrenergic and I1-imidazoline receptor,GeneOrGeneProduct,25083,Association,hypotension,DiseaseOrPhenotypicFeature,D007022,train
15278670,sevoflurane,ChemicalEntity,C009250,Positive_Correlation,depression,DiseaseOrPhenotypicFeature,D003866,train
15278670,sevoflurane,ChemicalEntity,C009250,Negative_Correlation,convulsions,DiseaseOrPhenotypicFeature,D012640,train
15278670,sevoflurane,ChemicalEntity,C009250,Negative_Correlation,lidocaine,ChemicalEntity,D008012,train
15278670,calcium,ChemicalEntity,D002118,Association,potassium,ChemicalEntity,D011188,train
15278670,Apamin,ChemicalEntity,D001030,Association,potassium,ChemicalEntity,D011188,train
15278670,Apamin,ChemicalEntity,D001030,Association,calcium,ChemicalEntity,D002118,train
15278670,Apamin,ChemicalEntity,D001030,Negative_Correlation,convulsions,DiseaseOrPhenotypicFeature,D012640,train
15278670,lidocaine,ChemicalEntity,D008012,Positive_Correlation,convulsions,DiseaseOrPhenotypicFeature,D012640,train
15614572,5-Hydroxytryptamine,ChemicalEntity,D012701,Positive_Correlation,5-HT 2A/2C receptor,GeneOrGeneProduct,25187,train
15614572,catalepsy,DiseaseOrPhenotypicFeature,D002375,Positive_Correlation,haloperidol,ChemicalEntity,D006220,train
15614572,catalepsy,DiseaseOrPhenotypicFeature,D002375,Positive_Correlation,apomorphine,ChemicalEntity,D001058,train
15614572,apomorphine,ChemicalEntity,D001058,Positive_Correlation,oral stereotypies,DiseaseOrPhenotypicFeature,D009062,train
15614572,dexamphetamine,ChemicalEntity,D003913,Positive_Correlation,oral stereotypies,DiseaseOrPhenotypicFeature,D009062,train
15614572,trazodone,ChemicalEntity,D014196,Negative_Correlation,D2 DA receptors,GeneOrGeneProduct,24318,train
15614572,trazodone,ChemicalEntity,D014196,Negative_Correlation,fluoxetine,ChemicalEntity,D005473,train
15614572,trazodone,ChemicalEntity,D014196,Negative_Correlation,ergometrine,ChemicalEntity,D004874,train
15614572,trazodone,ChemicalEntity,D014196,Negative_Correlation,haloperidol,ChemicalEntity,D006220,train
15614572,trazodone,ChemicalEntity,D014196,Negative_Correlation,catalepsy,DiseaseOrPhenotypicFeature,D002375,train
15614572,trazodone,ChemicalEntity,D014196,Negative_Correlation,oral stereotypies,DiseaseOrPhenotypicFeature,D009062,train
15614572,trazodone,ChemicalEntity,D014196,Negative_Correlation,apomorphine,ChemicalEntity,D001058,train
15614572,trazodone,ChemicalEntity,D014196,Negative_Correlation,dexamphetamine,ChemicalEntity,D003913,train
15614572,trazodone,ChemicalEntity,D014196,Negative_Correlation,5-HT 2A/2C receptor,GeneOrGeneProduct,29595,train
15614572,trazodone,ChemicalEntity,D014196,Negative_Correlation,5-HT 2A/2C receptor,GeneOrGeneProduct,25187,train
15630069,schizoaffective disorder,DiseaseOrPhenotypicFeature,D011618,Negative_Correlation,risperidone,ChemicalEntity,D018967,train
15630069,schizoaffective disorder,DiseaseOrPhenotypicFeature,D011618,Negative_Correlation,olanzapine,ChemicalEntity,C076029,train
15630069,schizoaffective disorder,DiseaseOrPhenotypicFeature,D011618,Negative_Correlation,clozapine,ChemicalEntity,D003024,train
15630069,risperidone,ChemicalEntity,D018967,Association,Glucose,ChemicalEntity,D005947,train
15630069,olanzapine,ChemicalEntity,C076029,Positive_Correlation,insulin resistance,DiseaseOrPhenotypicFeature,D007333,train
15630069,olanzapine,ChemicalEntity,C076029,Comparison,risperidone,ChemicalEntity,D018967,train
15630069,olanzapine,ChemicalEntity,C076029,Association,Glucose,ChemicalEntity,D005947,train
15630069,clozapine,ChemicalEntity,D003024,Positive_Correlation,insulin resistance,DiseaseOrPhenotypicFeature,D007333,train
15630069,clozapine,ChemicalEntity,D003024,Comparison,risperidone,ChemicalEntity,D018967,train
15630069,clozapine,ChemicalEntity,D003024,Comparison,olanzapine,ChemicalEntity,C076029,train
15630069,clozapine,ChemicalEntity,D003024,Association,Glucose,ChemicalEntity,D005947,train
15630069,schizophrenia,DiseaseOrPhenotypicFeature,D012559,Negative_Correlation,risperidone,ChemicalEntity,D018967,train
15630069,schizophrenia,DiseaseOrPhenotypicFeature,D012559,Negative_Correlation,olanzapine,ChemicalEntity,C076029,train
15630069,schizophrenia,DiseaseOrPhenotypicFeature,D012559,Negative_Correlation,clozapine,ChemicalEntity,D003024,train
15630069,schizophrenia,DiseaseOrPhenotypicFeature,D012559,Negative_Correlation,antipsychotic agents,ChemicalEntity,D014150,train
15630069,antipsychotic agents,ChemicalEntity,D014150,Positive_Correlation,diabetes mellitus,DiseaseOrPhenotypicFeature,D003920,train
15630069,Glucose,ChemicalEntity,D005947,Association,antipsychotic agents,ChemicalEntity,D014150,train
15858223,alpha-glutathione S-transferase,GeneOrGeneProduct,24421,Positive_Correlation,inflammation of the liver capsule,DiseaseOrPhenotypicFeature,D006505,train
15858223,alpha-glutathione S-transferase,GeneOrGeneProduct,24421,Positive_Correlation,steatosis,DiseaseOrPhenotypicFeature,D005234,train
15858223,alpha-glutathione S-transferase,GeneOrGeneProduct,24421,Positive_Correlation,necrosis,DiseaseOrPhenotypicFeature,D009336,train
15858223,15-F(2t)-isoprostane,ChemicalEntity,C075750,Positive_Correlation,Valproic acid,ChemicalEntity,D014635,train
15858223,liver toxicity,DiseaseOrPhenotypicFeature,D056486,Positive_Correlation,alpha-glutathione S-transferase,GeneOrGeneProduct,24421,train
15858223,Valproic acid,ChemicalEntity,D014635,Positive_Correlation,steatosis,DiseaseOrPhenotypicFeature,D005234,train
15858223,Valproic acid,ChemicalEntity,D014635,Positive_Correlation,necrosis,DiseaseOrPhenotypicFeature,D009336,train
15858223,Valproic acid,ChemicalEntity,D014635,Positive_Correlation,alpha-glutathione S-transferase,GeneOrGeneProduct,24421,train
15858223,Valproic acid,ChemicalEntity,D014635,Association,liver toxicity,DiseaseOrPhenotypicFeature,D056486,train
15859361,nimesulide,ChemicalEntity,C012655,Positive_Correlation,skin reactions,DiseaseOrPhenotypicFeature,D003875,train
15859361,nimesulide,ChemicalEntity,C012655,Positive_Correlation,hypersensitivity,DiseaseOrPhenotypicFeature,D004342,train
15859361,hypersensitivity,DiseaseOrPhenotypicFeature,D004342,Positive_Correlation,non-steroidal anti-inflammatory drugs,ChemicalEntity,D000894,train
15859361,acetaminophen,ChemicalEntity,D000082,Positive_Correlation,skin reactions,DiseaseOrPhenotypicFeature,D003875,train
15859361,acetaminophen,ChemicalEntity,D000082,Positive_Correlation,hypersensitivity,DiseaseOrPhenotypicFeature,D004342,train
15859361,celecoxib,ChemicalEntity,C105934,Positive_Correlation,angioedema,DiseaseOrPhenotypicFeature,D000799,train
15859361,celecoxib,ChemicalEntity,C105934,Comparison,nimesulide,ChemicalEntity,C012655,train
15859361,celecoxib,ChemicalEntity,C105934,Comparison,acetaminophen,ChemicalEntity,D000082,train
15859361,celecoxib,ChemicalEntity,C105934,Positive_Correlation,COX-2,GeneOrGeneProduct,4513,train
15897593,weight loss,DiseaseOrPhenotypicFeature,D015431,Positive_Correlation,daunorubicin,ChemicalEntity,D003630,train
15897593,weight loss,DiseaseOrPhenotypicFeature,D015431,Positive_Correlation,etoposide,ChemicalEntity,D005047,train
15897593,epipodophyllotoxin,ChemicalEntity,D011034,Positive_Correlation,cardiac toxicity,DiseaseOrPhenotypicFeature,D066126,train
15897593,epipodophyllotoxin,ChemicalEntity,D011034,Positive_Correlation,myelosuppression,DiseaseOrPhenotypicFeature,D001855,train
15897593,anthracyclines,ChemicalEntity,D018943,Positive_Correlation,cardiac toxicity,DiseaseOrPhenotypicFeature,D066126,train
15897593,anthracyclines,ChemicalEntity,D018943,Positive_Correlation,myelosuppression,DiseaseOrPhenotypicFeature,D001855,train
15897593,doxorubicin,ChemicalEntity,D004317,Positive_Correlation,cytotoxicity,DiseaseOrPhenotypicFeature,D064420,train
15897593,doxorubicin,ChemicalEntity,D004317,Positive_Correlation,weight loss,DiseaseOrPhenotypicFeature,D015431,train
15897593,doxorubicin,ChemicalEntity,D004317,Positive_Correlation,cardiac toxicity,DiseaseOrPhenotypicFeature,D066126,train
15897593,doxorubicin,ChemicalEntity,D004317,Positive_Correlation,myelosuppression,DiseaseOrPhenotypicFeature,D001855,train
15897593,daunorubicin,ChemicalEntity,D003630,Positive_Correlation,cardiac toxicity,DiseaseOrPhenotypicFeature,D066126,train
15897593,daunorubicin,ChemicalEntity,D003630,Comparison,doxorubicin,ChemicalEntity,D004317,train
15897593,etoposide,ChemicalEntity,D005047,Positive_Correlation,cardiac toxicity,DiseaseOrPhenotypicFeature,D066126,train
15897593,etoposide,ChemicalEntity,D005047,Comparison,doxorubicin,ChemicalEntity,D004317,train
15897593,myelosuppression,DiseaseOrPhenotypicFeature,D001855,Positive_Correlation,daunorubicin,ChemicalEntity,D003630,train
15897593,myelosuppression,DiseaseOrPhenotypicFeature,D001855,Positive_Correlation,etoposide,ChemicalEntity,D005047,train
15897593,Dexrazoxane,ChemicalEntity,D064730,Negative_Correlation,weight loss,DiseaseOrPhenotypicFeature,D015431,train
15897593,Dexrazoxane,ChemicalEntity,D064730,Negative_Correlation,hematologic toxicity,DiseaseOrPhenotypicFeature,D006402,train
15897593,Dexrazoxane,ChemicalEntity,D064730,Negative_Correlation,cardiac toxicity,DiseaseOrPhenotypicFeature,D066126,train
15897593,Dexrazoxane,ChemicalEntity,D064730,Negative_Correlation,anthracyclines,ChemicalEntity,D018943,train
15897593,Dexrazoxane,ChemicalEntity,D064730,Negative_Correlation,daunorubicin,ChemicalEntity,D003630,train
15897593,Dexrazoxane,ChemicalEntity,D064730,Negative_Correlation,etoposide,ChemicalEntity,D005047,train
15897593,Dexrazoxane,ChemicalEntity,D064730,Negative_Correlation,myelosuppression,DiseaseOrPhenotypicFeature,D001855,train
15957009,metrifonate,ChemicalEntity,D014236,Association,tryptophan,ChemicalEntity,D014364,train
15957009,metrifonate,ChemicalEntity,D014236,Negative_Correlation,scopolamine,ChemicalEntity,D012601,train
15957009,metrifonate,ChemicalEntity,D014236,Negative_Correlation,memory deficiency,DiseaseOrPhenotypicFeature,D008569,train
15957009,acetylcholinesterase,GeneOrGeneProduct,83817,Negative_Correlation,metrifonate,ChemicalEntity,D014236,train
15957009,5-HT6 receptor,GeneOrGeneProduct,64354,Association,acetylcholine,ChemicalEntity,D000109,train
15957009,5-HT6 receptor,GeneOrGeneProduct,64354,Negative_Correlation,Ro4368554,ChemicalEntity,C507242,train
15957009,memory deficiency,DiseaseOrPhenotypicFeature,D008569,Association,5-HT(6) receptor antagonists,ChemicalEntity,D012702,train
15957009,memory deficiency,DiseaseOrPhenotypicFeature,D008569,Negative_Correlation,tryptophan,ChemicalEntity,D014364,train
15957009,memory deficiency,DiseaseOrPhenotypicFeature,D008569,Positive_Correlation,scopolamine,ChemicalEntity,D012601,train
15957009,Ro4368554,ChemicalEntity,C507242,Association,tryptophan,ChemicalEntity,D014364,train
15957009,Ro4368554,ChemicalEntity,C507242,Negative_Correlation,scopolamine,ChemicalEntity,D012601,train
15957009,Ro4368554,ChemicalEntity,C507242,Negative_Correlation,memory deficiency,DiseaseOrPhenotypicFeature,D008569,train
16364460,ritanserin,ChemicalEntity,D016713,Negative_Correlation,5-HT2,GeneOrGeneProduct,29595,train
16364460,ritanserin,ChemicalEntity,D016713,Negative_Correlation,amnesia,DiseaseOrPhenotypicFeature,D000647,train
16364460,ritanserin,ChemicalEntity,D016713,Negative_Correlation,scopolamine,ChemicalEntity,D012601,train
16364460,scopolamine,ChemicalEntity,D012601,Negative_Correlation,muscarinic cholinergic,GeneOrGeneProduct,25229,train
16364460,scopolamine,ChemicalEntity,D012601,Positive_Correlation,amnesia,DiseaseOrPhenotypicFeature,D000647,train
16574713,serotonin transporter,GeneOrGeneProduct,6532,Association,ecstasy,ChemicalEntity,D018817,train
16574713,ecstasy,ChemicalEntity,D018817,Positive_Correlation,memory impairment,DiseaseOrPhenotypicFeature,D008569,train
16574713,ecstasy,ChemicalEntity,D018817,Positive_Correlation,neurotoxic lesions,DiseaseOrPhenotypicFeature,D020258,train
16574713,ecstasy,ChemicalEntity,D018817,Positive_Correlation,serotonin,ChemicalEntity,D012701,train
16574713,serotonin,ChemicalEntity,D012701,Association,serotonin transporter,GeneOrGeneProduct,6532,train
16574713,serotonin,ChemicalEntity,D012701,Positive_Correlation,neurotoxic lesions,DiseaseOrPhenotypicFeature,D020258,train
16584858,dimethyl sulphoxide,ChemicalEntity,D004121,Association,cerruloplasmin,GeneOrGeneProduct,1356,train
16584858,dimethyl sulphoxide,ChemicalEntity,D004121,Association,glutathione reductase,GeneOrGeneProduct,116686,train
16584858,dimethyl sulphoxide,ChemicalEntity,D004121,Association,superoxide dismutase,GeneOrGeneProduct,24786,train
16584858,dimethyl sulphoxide,ChemicalEntity,D004121,Association,glutathione transferase,GeneOrGeneProduct,24421,train
16584858,dimethyl sulphoxide,ChemicalEntity,D004121,Association,glutathione peroxidase,GeneOrGeneProduct,24404,train
16584858,dimethyl sulphoxide,ChemicalEntity,D004121,Association,glutathione,ChemicalEntity,D005978,train
16584858,dimethyl sulphoxide,ChemicalEntity,D004121,Association,Vitamin E,ChemicalEntity,D014810,train
16584858,dimethyl sulphoxide,ChemicalEntity,D004121,Association,Vitamin C,ChemicalEntity,D001205,train
16584858,dimethyl sulphoxide,ChemicalEntity,D004121,Association,catalase,GeneOrGeneProduct,24248,train
16584858,mangiferin,ChemicalEntity,C013592,Negative_Correlation,cardiac damage,DiseaseOrPhenotypicFeature,D006331,train
16584858,mangiferin,ChemicalEntity,C013592,Association,cerruloplasmin,GeneOrGeneProduct,1356,train
16584858,mangiferin,ChemicalEntity,C013592,Association,glutathione reductase,GeneOrGeneProduct,116686,train
16584858,mangiferin,ChemicalEntity,C013592,Association,superoxide dismutase,GeneOrGeneProduct,24786,train
16584858,mangiferin,ChemicalEntity,C013592,Association,glutathione transferase,GeneOrGeneProduct,24421,train
16584858,mangiferin,ChemicalEntity,C013592,Association,glutathione peroxidase,GeneOrGeneProduct,24404,train
16584858,mangiferin,ChemicalEntity,C013592,Association,glutathione,ChemicalEntity,D005978,train
16584858,mangiferin,ChemicalEntity,C013592,Association,Vitamin E,ChemicalEntity,D014810,train
16584858,mangiferin,ChemicalEntity,C013592,Association,Vitamin C,ChemicalEntity,D001205,train
16584858,mangiferin,ChemicalEntity,C013592,Association,catalase,GeneOrGeneProduct,24248,train
16584858,mangiferin,ChemicalEntity,C013592,Association,ischemic myocardium,DiseaseOrPhenotypicFeature,D017202,train
16584858,mangiferin,ChemicalEntity,C013592,Negative_Correlation,myocardial infarction,DiseaseOrPhenotypicFeature,D009203,train
16584858,mangiferin,ChemicalEntity,C013592,Negative_Correlation,isoproterenol,ChemicalEntity,D007545,train
16584858,myocardial damage,DiseaseOrPhenotypicFeature,D009202,Association,creatine phosphokinase isoenzymes,GeneOrGeneProduct,24264,train
16584858,myocardial damage,DiseaseOrPhenotypicFeature,D009202,Association,lactate dehydrogenase,GeneOrGeneProduct,24533,train
16584858,myocardial damage,DiseaseOrPhenotypicFeature,D009202,Association,iron,ChemicalEntity,D007501,train
16584858,myocardial damage,DiseaseOrPhenotypicFeature,D009202,Association,uric acid,ChemicalEntity,D014527,train
16584858,myocardial infarction,DiseaseOrPhenotypicFeature,D009203,Association,cerruloplasmin,GeneOrGeneProduct,1356,train
16584858,myocardial infarction,DiseaseOrPhenotypicFeature,D009203,Association,glutathione reductase,GeneOrGeneProduct,116686,train
16584858,myocardial infarction,DiseaseOrPhenotypicFeature,D009203,Association,superoxide dismutase,GeneOrGeneProduct,24786,train
16584858,myocardial infarction,DiseaseOrPhenotypicFeature,D009203,Association,glutathione transferase,GeneOrGeneProduct,24421,train
16584858,myocardial infarction,DiseaseOrPhenotypicFeature,D009203,Association,glutathione peroxidase,GeneOrGeneProduct,24404,train
16584858,myocardial infarction,DiseaseOrPhenotypicFeature,D009203,Association,glutathione,ChemicalEntity,D005978,train
16584858,myocardial infarction,DiseaseOrPhenotypicFeature,D009203,Association,Vitamin E,ChemicalEntity,D014810,train
16584858,myocardial infarction,DiseaseOrPhenotypicFeature,D009203,Association,Vitamin C,ChemicalEntity,D001205,train
16584858,myocardial infarction,DiseaseOrPhenotypicFeature,D009203,Association,catalase,GeneOrGeneProduct,24248,train
16584858,isoproterenol,ChemicalEntity,D007545,Positive_Correlation,creatine phosphokinase isoenzymes,GeneOrGeneProduct,24264,train
16584858,isoproterenol,ChemicalEntity,D007545,Positive_Correlation,lactate dehydrogenase,GeneOrGeneProduct,24533,train
16584858,isoproterenol,ChemicalEntity,D007545,Association,iron,ChemicalEntity,D007501,train
16584858,isoproterenol,ChemicalEntity,D007545,Positive_Correlation,uric acid,ChemicalEntity,D014527,train
16584858,isoproterenol,ChemicalEntity,D007545,Positive_Correlation,myocardial damage,DiseaseOrPhenotypicFeature,D009202,train
16584858,isoproterenol,ChemicalEntity,D007545,Positive_Correlation,myocardial infarction,DiseaseOrPhenotypicFeature,D009203,train
16586083,prostanoid,ChemicalEntity,D011453,Association,cyclooxygenase inhibitors,ChemicalEntity,D016861,train
16586083,C-reactive protein,GeneOrGeneProduct,1401,Association,cardiovascular adverse events,DiseaseOrPhenotypicFeature,D002318,train
16586083,N-terminal pro brain natriuretic peptide,ChemicalEntity,C109794,Association,cardiovascular adverse events,DiseaseOrPhenotypicFeature,D002318,train
16586083,cyclooxygenase inhibitors,ChemicalEntity,D016861,Positive_Correlation,heart failure,DiseaseOrPhenotypicFeature,D006333,train
16586083,cyclooxygenase inhibitors,ChemicalEntity,D016861,Positive_Correlation,hypertension,DiseaseOrPhenotypicFeature,D006973,train
16586083,cyclooxygenase inhibitors,ChemicalEntity,D016861,Positive_Correlation,stroke,DiseaseOrPhenotypicFeature,D020521,train
16586083,cyclooxygenase inhibitors,ChemicalEntity,D016861,Positive_Correlation,myocardial infarction,DiseaseOrPhenotypicFeature,D009203,train
16634859,alcohol,ChemicalEntity,D000431,Positive_Correlation,growth impairment,DiseaseOrPhenotypicFeature,D006130,train
16725121,Na(+),ChemicalEntity,D012964,Negative_Correlation,anesthetics,ChemicalEntity,D000777,train
16725121,Na(+),ChemicalEntity,D012964,Association,desipramine,ChemicalEntity,D003891,train
16725121,Na(+),ChemicalEntity,D012964,Association,norepinephrine transporter,GeneOrGeneProduct,20538,train
16725121,lidocaine,ChemicalEntity,D008012,Positive_Correlation,[(3)H]norepinephrine,ChemicalEntity,D009638,train
16725121,lidocaine,ChemicalEntity,D008012,Positive_Correlation,convulsions,DiseaseOrPhenotypicFeature,D012640,train
16725121,cocaine,ChemicalEntity,D003042,Positive_Correlation,[(3)H]norepinephrine,ChemicalEntity,D009638,train
16725121,cocaine,ChemicalEntity,D003042,Positive_Correlation,convulsions,DiseaseOrPhenotypicFeature,D012640,train
16725121,cocaine,ChemicalEntity,D003042,Positive_Correlation,norepinephrine transporter,GeneOrGeneProduct,20538,train
16725121,tricaine,ChemicalEntity,C003636,Positive_Correlation,[(3)H]norepinephrine,ChemicalEntity,D009638,train
16725121,bupivacaine,ChemicalEntity,D002045,Positive_Correlation,[(3)H]norepinephrine,ChemicalEntity,D009638,train
16725121,anesthetics,ChemicalEntity,D000777,Positive_Correlation,convulsions,DiseaseOrPhenotypicFeature,D012640,train
16725121,anesthetics,ChemicalEntity,D000777,Association,desipramine,ChemicalEntity,D003891,train
16725121,anesthetics,ChemicalEntity,D000777,Association,norepinephrine transporter,GeneOrGeneProduct,20538,train
16725121,desipramine,ChemicalEntity,D003891,Positive_Correlation,lidocaine,ChemicalEntity,D008012,train
16725121,desipramine,ChemicalEntity,D003891,Negative_Correlation,cocaine,ChemicalEntity,D003042,train
16725121,desipramine,ChemicalEntity,D003891,Negative_Correlation,[(3)H]norepinephrine,ChemicalEntity,D009638,train
16725121,desipramine,ChemicalEntity,D003891,Positive_Correlation,convulsions,DiseaseOrPhenotypicFeature,D012640,train
16725121,norepinephrine transporter,GeneOrGeneProduct,20538,Association,convulsions,DiseaseOrPhenotypicFeature,D012640,train
16725121,norepinephrine transporter,GeneOrGeneProduct,20538,Negative_Correlation,desipramine,ChemicalEntity,D003891,train
16755009,cholinesterase,GeneOrGeneProduct,12038,Negative_Correlation,extract of Daucus carota seeds,ChemicalEntity,D010936,train
16755009,extract of Daucus carota seeds,ChemicalEntity,D010936,Negative_Correlation,cognitive dysfunctions,DiseaseOrPhenotypicFeature,D003072,train
16755009,extract of Daucus carota seeds,ChemicalEntity,D010936,Negative_Correlation,acetylcholinesterase,GeneOrGeneProduct,11423,train
16755009,extract of Daucus carota seeds,ChemicalEntity,D010936,Negative_Correlation,cholesterol,ChemicalEntity,D002784,train
16755009,extract of Daucus carota seeds,ChemicalEntity,D010936,Negative_Correlation,Diazepam,ChemicalEntity,D003975,train
16755009,extract of Daucus carota seeds,ChemicalEntity,D010936,Negative_Correlation,amnesia,DiseaseOrPhenotypicFeature,D000647,train
16755009,extract of Daucus carota seeds,ChemicalEntity,D010936,Negative_Correlation,scopolamine,ChemicalEntity,D012601,train
16755009,Diazepam,ChemicalEntity,D003975,Positive_Correlation,amnesia,DiseaseOrPhenotypicFeature,D000647,train
16755009,scopolamine,ChemicalEntity,D012601,Positive_Correlation,amnesia,DiseaseOrPhenotypicFeature,D000647,train
16810074,hexamethonium,ChemicalEntity,D018738,Association,Nomega-nitro-L-arginine,ChemicalEntity,D019335,train
16810074,hexamethonium,ChemicalEntity,D018738,Association,hypertension,DiseaseOrPhenotypicFeature,D006973,train
16810074,tempol,ChemicalEntity,C001803,Negative_Correlation,Nomega-nitro-L-arginine,ChemicalEntity,D019335,train
16810074,superoxide,ChemicalEntity,D013481,Negative_Correlation,tempol,ChemicalEntity,C001803,train
16810074,norepinephrine,ChemicalEntity,D009638,Negative_Correlation,Nomega-nitro-L-arginine,ChemicalEntity,D019335,train
16810074,NO synthase,GeneOrGeneProduct,24598,Negative_Correlation,Nomega-nitro-L-arginine,ChemicalEntity,D019335,train
16810074,Nomega-nitro-L-arginine,ChemicalEntity,D019335,Positive_Correlation,superoxide,ChemicalEntity,D013481,train
16810074,Nomega-nitro-L-arginine,ChemicalEntity,D019335,Negative_Correlation,endothelin-1,GeneOrGeneProduct,24323,train
16810074,Nomega-nitro-L-arginine,ChemicalEntity,D019335,Positive_Correlation,hypertension,DiseaseOrPhenotypicFeature,D006973,train
16810074,nitric oxide,ChemicalEntity,D009569,Negative_Correlation,arterial dysfunction,DiseaseOrPhenotypicFeature,D018754,train
16810074,hypertension,DiseaseOrPhenotypicFeature,D006973,Association,endothelin-1,GeneOrGeneProduct,24323,train
16810074,hypertension,DiseaseOrPhenotypicFeature,D006973,Negative_Correlation,nitric oxide,ChemicalEntity,D009569,train
16920333,carbamazepine,ChemicalEntity,D002220,Comparison,oxcarbazepine,ChemicalEntity,C036006,train
16920333,seizures,DiseaseOrPhenotypicFeature,D012640,Positive_Correlation,picrotoxin,ChemicalEntity,D010852,train
16920333,eslicarbazepine acetate,ChemicalEntity,C416835,Comparison,carbamazepine,ChemicalEntity,D002220,train
16920333,eslicarbazepine acetate,ChemicalEntity,C416835,Comparison,oxcarbazepine,ChemicalEntity,C036006,train
16920333,eslicarbazepine acetate,ChemicalEntity,C416835,Negative_Correlation,picrotoxin,ChemicalEntity,D010852,train
16920333,eslicarbazepine acetate,ChemicalEntity,C416835,Negative_Correlation,seizures,DiseaseOrPhenotypicFeature,D012640,train
17042910,endothelial NO synthase,GeneOrGeneProduct,24598,Association,dexamethasone,ChemicalEntity,D003907,train
17042910,atorvastatin,ChemicalEntity,C065179,Positive_Correlation,endothelial NO synthase,GeneOrGeneProduct,24598,train
17042910,atorvastatin,ChemicalEntity,C065179,Positive_Correlation,nitric oxide,ChemicalEntity,D009569,train
17042910,atorvastatin,ChemicalEntity,C065179,Negative_Correlation,superoxide,ChemicalEntity,D013481,train
17042910,atorvastatin,ChemicalEntity,C065179,Negative_Correlation,hypertension,DiseaseOrPhenotypicFeature,D006973,train
17042910,atorvastatin,ChemicalEntity,C065179,Negative_Correlation,dexamethasone,ChemicalEntity,D003907,train
17042910,hypertension,DiseaseOrPhenotypicFeature,D006973,Negative_Correlation,nitric oxide,ChemicalEntity,D009569,train
17042910,hypertension,DiseaseOrPhenotypicFeature,D006973,Positive_Correlation,superoxide,ChemicalEntity,D013481,train
17042910,dexamethasone,ChemicalEntity,D003907,Negative_Correlation,nitric oxide,ChemicalEntity,D009569,train
17042910,dexamethasone,ChemicalEntity,D003907,Association,superoxide,ChemicalEntity,D013481,train
17042910,dexamethasone,ChemicalEntity,D003907,Positive_Correlation,hypertension,DiseaseOrPhenotypicFeature,D006973,train
17194457,anabolic androgenic steroid,ChemicalEntity,D045165,Positive_Correlation,irritability,DiseaseOrPhenotypicFeature,D001523,train
17194457,anabolic androgenic steroid,ChemicalEntity,D045165,Association,serotonin,ChemicalEntity,D012701,train
17194457,testosterone,ChemicalEntity,D013739,Positive_Correlation,irritability,DiseaseOrPhenotypicFeature,D001523,train
17194457,testosterone,ChemicalEntity,D013739,Negative_Correlation,5-hydroxyindoleacetic acid,ChemicalEntity,D006897,train
17194457,testosterone,ChemicalEntity,D013739,Negative_Correlation,serotonin,ChemicalEntity,D012701,train
17194457,testosterone,ChemicalEntity,D013739,Association,parachlorophenylalanine,ChemicalEntity,D010134,train
17194457,serotonin,ChemicalEntity,D012701,Association,irritability,DiseaseOrPhenotypicFeature,D001523,train
17194457,parachlorophenylalanine,ChemicalEntity,D010134,Positive_Correlation,irritability,DiseaseOrPhenotypicFeature,D001523,train
17194457,parachlorophenylalanine,ChemicalEntity,D010134,Negative_Correlation,5-hydroxyindoleacetic acid,ChemicalEntity,D006897,train
17194457,parachlorophenylalanine,ChemicalEntity,D010134,Negative_Correlation,serotonin,ChemicalEntity,D012701,train
17244258,pirenzepine,ChemicalEntity,D010890,Negative_Correlation,muscarinic receptors,GeneOrGeneProduct,25229,train
17244258,methoctramine,ChemicalEntity,C054938,Negative_Correlation,muscarinic receptors,GeneOrGeneProduct,25229,train
17244258,4-diphenylacetoxy-N-methylpiperidine,ChemicalEntity,C042375,Comparison,pirenzepine,ChemicalEntity,D010890,train
17244258,4-diphenylacetoxy-N-methylpiperidine,ChemicalEntity,C042375,Comparison,methoctramine,ChemicalEntity,C054938,train
17244258,muscarinic receptors,GeneOrGeneProduct,25229,Negative_Correlation,4-diphenylacetoxy-N-methylpiperidine,ChemicalEntity,C042375,train
17244258,muscarinic receptors,GeneOrGeneProduct,25229,Negative_Correlation,atropine,ChemicalEntity,D001285,train
17244258,muscarinic receptors,GeneOrGeneProduct,25229,Association,cystitis,DiseaseOrPhenotypicFeature,D003556,train
17244258,muscarinic receptors,GeneOrGeneProduct,25229,Association,cyclophosphamide,ChemicalEntity,D003520,train
17244258,cystitis,DiseaseOrPhenotypicFeature,D003556,Association,beta-adrenoceptor,GeneOrGeneProduct,24925,train
17244258,cyclophosphamide,ChemicalEntity,D003520,Positive_Correlation,cystitis,DiseaseOrPhenotypicFeature,D003556,train
17379047,hypokalemia,DiseaseOrPhenotypicFeature,D007008,Positive_Correlation,hydrochlorothiazide,ChemicalEntity,D006852,train
17379047,hypokalemia,DiseaseOrPhenotypicFeature,D007008,Negative_Correlation,valsartan,ChemicalEntity,C081489,train
17379047,hydrochlorothiazide,ChemicalEntity,D006852,Negative_Correlation,essential hypertension,DiseaseOrPhenotypicFeature,D000075222,train
17379047,hydrochlorothiazide,ChemicalEntity,D006852,Negative_Correlation,hypertensive,DiseaseOrPhenotypicFeature,D006973,train
17379047,valsartan,ChemicalEntity,C081489,Negative_Correlation,essential hypertension,DiseaseOrPhenotypicFeature,D000075222,train
17379047,valsartan,ChemicalEntity,C081489,Negative_Correlation,hypertensive,DiseaseOrPhenotypicFeature,D006973,train
17379047,valsartan,ChemicalEntity,C081489,Comparison,hydrochlorothiazide,ChemicalEntity,D006852,train
17439425,Glucocorticoid,ChemicalEntity,D005938,Association,nitric oxide,ChemicalEntity,D009569,train
17439425,Glucocorticoid,ChemicalEntity,D005938,Positive_Correlation,hypertension,DiseaseOrPhenotypicFeature,D006973,train
17439425,adrenocorticotrophic hormone,GeneOrGeneProduct,5443,Positive_Correlation,hypertension,DiseaseOrPhenotypicFeature,D006973,train
17439425,allopurinol,ChemicalEntity,D000493,Negative_Correlation,urate,ChemicalEntity,D014527,train
17439425,xanthine oxidase,ChemicalEntity,D014969,Association,reactive oxygen species,ChemicalEntity,D017382,train
17439425,urate,ChemicalEntity,D014527,Association,xanthine oxidase,ChemicalEntity,D014969,train
17439425,hypertension,DiseaseOrPhenotypicFeature,D006973,Association,nitric oxide,ChemicalEntity,D009569,train
17439425,dexamethasone,ChemicalEntity,D003907,Positive_Correlation,hypertension,DiseaseOrPhenotypicFeature,D006973,train
17572393,malondialdehyde,ChemicalEntity,D008315,Positive_Correlation,BCNU,ChemicalEntity,D002330,train
17572393,melatonin,ChemicalEntity,D008550,Negative_Correlation,malondialdehyde,ChemicalEntity,D008315,train
17572393,melatonin,ChemicalEntity,D008550,Positive_Correlation,glial fibrillary acidic protein,GeneOrGeneProduct,24387,train
17572393,melatonin,ChemicalEntity,D008550,Positive_Correlation,transforming growth factor beta1,GeneOrGeneProduct,59086,train
17572393,melatonin,ChemicalEntity,D008550,Positive_Correlation,synaptophysin,GeneOrGeneProduct,24804,train
17572393,melatonin,ChemicalEntity,D008550,Negative_Correlation,BCNU,ChemicalEntity,D002330,train
17572393,BCNU,ChemicalEntity,D002330,Association,glial fibrillary acidic protein,GeneOrGeneProduct,24387,train
17572393,BCNU,ChemicalEntity,D002330,Association,transforming growth factor beta1,GeneOrGeneProduct,59086,train
17572393,BCNU,ChemicalEntity,D002330,Association,synaptophysin,GeneOrGeneProduct,24804,train
17572393,BCNU,ChemicalEntity,D002330,Positive_Correlation,cortical dysplasia,DiseaseOrPhenotypicFeature,D054220,train
17615423,atazanavir,ChemicalEntity,C413408,Positive_Correlation,acute renal failure,DiseaseOrPhenotypicFeature,D058186,train
17615423,atazanavir,ChemicalEntity,C413408,Negative_Correlation,CYP3A4,GeneOrGeneProduct,1576,train
17615423,atazanavir,ChemicalEntity,C413408,Positive_Correlation,rhabdomyolysis,DiseaseOrPhenotypicFeature,D012206,train
17615423,amiodarone,ChemicalEntity,D000638,Positive_Correlation,acute renal failure,DiseaseOrPhenotypicFeature,D058186,train
17615423,amiodarone,ChemicalEntity,D000638,Drug_Interaction,atazanavir,ChemicalEntity,C413408,train
17615423,amiodarone,ChemicalEntity,D000638,Negative_Correlation,CYP3A4,GeneOrGeneProduct,1576,train
17615423,amiodarone,ChemicalEntity,D000638,Positive_Correlation,rhabdomyolysis,DiseaseOrPhenotypicFeature,D012206,train
17615423,CYP3A4,GeneOrGeneProduct,1576,Negative_Correlation,rosuvastatin,ChemicalEntity,C422923,train
17615423,CYP3A4,GeneOrGeneProduct,1576,Negative_Correlation,fluvastatin,ChemicalEntity,C065180,train
17615423,CYP3A4,GeneOrGeneProduct,1576,Negative_Correlation,pravastatin,ChemicalEntity,D017035,train
17615423,simvastatin,ChemicalEntity,D019821,Positive_Correlation,acute renal failure,DiseaseOrPhenotypicFeature,D058186,train
17615423,simvastatin,ChemicalEntity,D019821,Drug_Interaction,atazanavir,ChemicalEntity,C413408,train
17615423,simvastatin,ChemicalEntity,D019821,Drug_Interaction,amiodarone,ChemicalEntity,D000638,train
17615423,simvastatin,ChemicalEntity,D019821,Association,CYP3A4,GeneOrGeneProduct,1576,train
17615423,rhabdomyolysis,DiseaseOrPhenotypicFeature,D012206,Positive_Correlation,simvastatin,ChemicalEntity,D019821,train
17854040,lamivudine,ChemicalEntity,D019259,Association,HIV co-infection,DiseaseOrPhenotypicFeature,D015658,train
17854040,lamivudine,ChemicalEntity,D019259,Negative_Correlation,hepatitis B virus (HBV) infected,DiseaseOrPhenotypicFeature,D006509,train
17975693,norfloxacin,ChemicalEntity,D009643,Positive_Correlation,Anxiogenic,DiseaseOrPhenotypicFeature,D001008,train
17975693,Anxiogenic,DiseaseOrPhenotypicFeature,D001008,Positive_Correlation,fluoroquinolones,ChemicalEntity,D024841,train
17975693,ciprofloxacin,ChemicalEntity,D002939,Positive_Correlation,Anxiogenic,DiseaseOrPhenotypicFeature,D001008,train
18083142,alpha(2),GeneOrGeneProduct,11551,Negative_Correlation,yohimbine,ChemicalEntity,D015016,train
18083142,alpha(1),GeneOrGeneProduct,11549,Negative_Correlation,prazosin,ChemicalEntity,D011224,train
18083142,propranolol,ChemicalEntity,D011433,Negative_Correlation,anxiety,DiseaseOrPhenotypicFeature,D001008,train
18083142,propranolol,ChemicalEntity,D011433,Negative_Correlation,cocaine,ChemicalEntity,D003042,train
18083142,disulfiram,ChemicalEntity,D004221,Negative_Correlation,anxiety,DiseaseOrPhenotypicFeature,D001008,train
18083142,dopamine beta-hydroxylase,GeneOrGeneProduct,13166,Negative_Correlation,disulfiram,ChemicalEntity,D004221,train
18083142,beta-adrenergic receptors,GeneOrGeneProduct,11554,Negative_Correlation,propranolol,ChemicalEntity,D011433,train
18083142,beta-adrenergic receptors,GeneOrGeneProduct,11554,Association,anxiety,DiseaseOrPhenotypicFeature,D001008,train
18083142,anxiety,DiseaseOrPhenotypicFeature,D001008,Association,dopamine beta-hydroxylase,GeneOrGeneProduct,13166,train
18083142,cocaine,ChemicalEntity,D003042,Negative_Correlation,disulfiram,ChemicalEntity,D004221,train
18083142,cocaine,ChemicalEntity,D003042,Association,dopamine beta-hydroxylase,GeneOrGeneProduct,13166,train
18083142,cocaine,ChemicalEntity,D003042,Association,beta-adrenergic receptors,GeneOrGeneProduct,11554,train
18083142,cocaine,ChemicalEntity,D003042,Positive_Correlation,anxiety,DiseaseOrPhenotypicFeature,D001008,train
18083142,Norepinephrine,ChemicalEntity,D009638,Association,beta-adrenergic receptors,GeneOrGeneProduct,11554,train
18083142,Norepinephrine,ChemicalEntity,D009638,Association,anxiety,DiseaseOrPhenotypicFeature,D001008,train
18083142,Norepinephrine,ChemicalEntity,D009638,Association,cocaine,ChemicalEntity,D003042,train
18165598,cyclooxygenase,GeneOrGeneProduct,4512,Association,postoperative pain,DiseaseOrPhenotypicFeature,D010149,train
18165598,Thromboxane,ChemicalEntity,D013931,Negative_Correlation,cyclooxygenase,GeneOrGeneProduct,4513,train
18165598,cyclooxygenase,GeneOrGeneProduct,4513,Association,postoperative pain,DiseaseOrPhenotypicFeature,D010149,train
18165598,cyclooxygenase,GeneOrGeneProduct,4513,Positive_Correlation,prostaglandin E2,GeneOrGeneProduct,5732,train
18165598,cyclooxygenase,GeneOrGeneProduct,4513,Association,pain,DiseaseOrPhenotypicFeature,D010146,train
18165598,prostaglandin E2,GeneOrGeneProduct,5732,Positive_Correlation,postoperative pain,DiseaseOrPhenotypicFeature,D010149,train
18165598,rofecoxib,ChemicalEntity,C116926,Negative_Correlation,pain,DiseaseOrPhenotypicFeature,D010146,train
18165598,bupivacaine,ChemicalEntity,D002045,Positive_Correlation,postoperative pain,DiseaseOrPhenotypicFeature,D010149,train
18165598,bupivacaine,ChemicalEntity,D002045,Association,cyclooxygenase,GeneOrGeneProduct,4512,train
18165598,bupivacaine,ChemicalEntity,D002045,Association,tissue injury,DiseaseOrPhenotypicFeature,D017695,train
18165598,bupivacaine,ChemicalEntity,D002045,Positive_Correlation,cyclooxygenase,GeneOrGeneProduct,4513,train
18165598,bupivacaine,ChemicalEntity,D002045,Positive_Correlation,prostaglandin E2,GeneOrGeneProduct,5732,train
18165598,bupivacaine,ChemicalEntity,D002045,Positive_Correlation,pain,DiseaseOrPhenotypicFeature,D010146,train
18165598,bupivacaine,ChemicalEntity,D002045,Cotreatment,rofecoxib,ChemicalEntity,C116926,train
18165598,bupivacaine,ChemicalEntity,D002045,Comparison,lidocaine,ChemicalEntity,D008012,train
18182964,methylphenidate,ChemicalEntity,D008774,Negative_Correlation,attention-deficit/hyperactivity disorder,DiseaseOrPhenotypicFeature,D001289,train
18182964,Drowsiness,DiseaseOrPhenotypicFeature,D006970,Positive_Correlation,Clonidine,ChemicalEntity,D003000,train
18182964,Clonidine,ChemicalEntity,D003000,Negative_Correlation,attention-deficit/hyperactivity disorder,DiseaseOrPhenotypicFeature,D001289,train
18182964,Clonidine,ChemicalEntity,D003000,Cotreatment,methylphenidate,ChemicalEntity,D008774,train
18182964,Clonidine,ChemicalEntity,D003000,Positive_Correlation,bradycardia,DiseaseOrPhenotypicFeature,D001919,train
18340638,anemia,DiseaseOrPhenotypicFeature,D000740,Positive_Correlation,phosphatidylserine,ChemicalEntity,D010718,train
18340638,phosphatidylserine,ChemicalEntity,D010718,Association,annexin V,GeneOrGeneProduct,308,train
18340638,Azathioprine,ChemicalEntity,D001379,Positive_Correlation,bone marrow suppression,DiseaseOrPhenotypicFeature,D001855,train
18340638,Azathioprine,ChemicalEntity,D001379,Positive_Correlation,anemia,DiseaseOrPhenotypicFeature,D000740,train
18340638,Azathioprine,ChemicalEntity,D001379,Positive_Correlation,Ca2+,ChemicalEntity,D002118,train
18340638,Azathioprine,ChemicalEntity,D001379,Association,annexin V,GeneOrGeneProduct,308,train
18340638,Azathioprine,ChemicalEntity,D001379,Positive_Correlation,phosphatidylserine,ChemicalEntity,D010718,train
18410508,enhanced green fluorescent protein,ChemicalEntity,C485184,Association,Methamphetamine,ChemicalEntity,D008694,train
18410508,MPTP,ChemicalEntity,D015632,Association,dopamine,ChemicalEntity,D004298,train
18410508,MPTP,ChemicalEntity,D015632,Positive_Correlation,neurodegeneration,DiseaseOrPhenotypicFeature,D009422,train
18410508,MPTP,ChemicalEntity,D015632,Association,neurotoxicity,DiseaseOrPhenotypicFeature,D020258,train
18410508,fractalkine receptor,GeneOrGeneProduct,13051,Association,enhanced green fluorescent protein,ChemicalEntity,C485184,train
18410508,fractalkine receptor,GeneOrGeneProduct,13051,Association,MPTP,ChemicalEntity,D015632,train
18410508,fractalkine receptor,GeneOrGeneProduct,13051,Association,dopamine,ChemicalEntity,D004298,train
18410508,fractalkine receptor,GeneOrGeneProduct,13051,Association,neurodegeneration,DiseaseOrPhenotypicFeature,D009422,train
18410508,neurodegeneration,DiseaseOrPhenotypicFeature,D009422,Association,dopamine,ChemicalEntity,D004298,train
18410508,neurodegeneration,DiseaseOrPhenotypicFeature,D009422,Positive_Correlation,Methamphetamine,ChemicalEntity,D008694,train
18410508,Methamphetamine,ChemicalEntity,D008694,Negative_Correlation,dopamine,ChemicalEntity,D004298,train
18410508,Methamphetamine,ChemicalEntity,D008694,Positive_Correlation,neurotoxicity,DiseaseOrPhenotypicFeature,D020258,train
18422462,jaundice,DiseaseOrPhenotypicFeature,D007565,Positive_Correlation,alanine aminotransferase,ChemicalEntity,D000410,train
18422462,HIV-infected,DiseaseOrPhenotypicFeature,D015658,Negative_Correlation,efavirenz,ChemicalEntity,C098320,train
18422462,HIV-infected,DiseaseOrPhenotypicFeature,D015658,Negative_Correlation,d4T,ChemicalEntity,D018119,train
18422462,HIV-infected,DiseaseOrPhenotypicFeature,D015658,Negative_Correlation,3TC,ChemicalEntity,D019259,train
18422462,HIV-infected,DiseaseOrPhenotypicFeature,D015658,Negative_Correlation,nevirapine,ChemicalEntity,D019829,train
18422462,HIV-infected,DiseaseOrPhenotypicFeature,D015658,Negative_Correlation,zidovudine,ChemicalEntity,D015215,train
18422462,d4T,ChemicalEntity,D018119,Positive_Correlation,peripheral neuropathy,DiseaseOrPhenotypicFeature,D010523,train
18422462,d4T,ChemicalEntity,D018119,Cotreatment,efavirenz,ChemicalEntity,C098320,train
18422462,d4T,ChemicalEntity,D018119,Cotreatment,nevirapine,ChemicalEntity,D019829,train
18422462,3TC,ChemicalEntity,D019259,Cotreatment,efavirenz,ChemicalEntity,C098320,train
18422462,3TC,ChemicalEntity,D019259,Cotreatment,d4T,ChemicalEntity,D018119,train
18422462,3TC,ChemicalEntity,D019259,Cotreatment,nevirapine,ChemicalEntity,D019829,train
18422462,nevirapine,ChemicalEntity,D019829,Positive_Correlation,rash,DiseaseOrPhenotypicFeature,D005076,train
18422462,zidovudine,ChemicalEntity,D015215,Cotreatment,efavirenz,ChemicalEntity,C098320,train
18422462,zidovudine,ChemicalEntity,D015215,Cotreatment,3TC,ChemicalEntity,D019259,train
18422462,zidovudine,ChemicalEntity,D015215,Cotreatment,nevirapine,ChemicalEntity,D019829,train
18442015,luminal,ChemicalEntity,D010634,Positive_Correlation,gastric hemorrhagic ulcers,DiseaseOrPhenotypicFeature,D013276,train
18442015,histamine,ChemicalEntity,D006632,Positive_Correlation,gastric hemorrhagic ulcers,DiseaseOrPhenotypicFeature,D006471,train
18442015,corn oil,ChemicalEntity,D003314,Positive_Correlation,atherosclerotic,DiseaseOrPhenotypicFeature,D050197,train
18442015,vitamin D2,ChemicalEntity,D004872,Drug_Interaction,cholesterol,ChemicalEntity,D002784,train
18442015,atherosclerotic,DiseaseOrPhenotypicFeature,D050197,Positive_Correlation,low-density lipoprotein,ChemicalEntity,D008077,train
18442015,atherosclerotic,DiseaseOrPhenotypicFeature,D050197,Positive_Correlation,lipid peroxide,ChemicalEntity,D008054,train
18442015,atherosclerotic,DiseaseOrPhenotypicFeature,D050197,Positive_Correlation,calcium,ChemicalEntity,D002118,train
18442015,atherosclerotic,DiseaseOrPhenotypicFeature,D050197,Positive_Correlation,cholesterol,ChemicalEntity,D002784,train
18442015,atherosclerotic,DiseaseOrPhenotypicFeature,D050197,Positive_Correlation,vitamin D2,ChemicalEntity,D004872,train
18442015,gastric hemorrhagic ulcers,DiseaseOrPhenotypicFeature,D013276,Association,hemoglobin,GeneOrGeneProduct,25632,train
18442015,gastric hemorrhagic ulcers,DiseaseOrPhenotypicFeature,D013276,Positive_Correlation,histamine,ChemicalEntity,D006632,train
18442015,gastric hemorrhagic ulcers,DiseaseOrPhenotypicFeature,D013276,Positive_Correlation,lipid peroxide,ChemicalEntity,D008054,train
18442015,gastric hemorrhagic ulcers,DiseaseOrPhenotypicFeature,D006471,Positive_Correlation,lipid peroxide,ChemicalEntity,D008054,train
18442015,verapamil,ChemicalEntity,D014700,Negative_Correlation,gastric hemorrhagic ulcers,DiseaseOrPhenotypicFeature,D013276,train
18442015,verapamil,ChemicalEntity,D014700,Negative_Correlation,gastric hemorrhagic ulcers,DiseaseOrPhenotypicFeature,D006471,train
18544179,postoperative nausea and vomiting,DiseaseOrPhenotypicFeature,D020250,Positive_Correlation,sevoflurane,ChemicalEntity,C009250,train
18544179,postoperative nausea and vomiting and pain,DiseaseOrPhenotypicFeature,D010149,Positive_Correlation,sevoflurane,ChemicalEntity,C009250,train
18544179,fentanyl,ChemicalEntity,D005283,Positive_Correlation,bradycardia,DiseaseOrPhenotypicFeature,D001919,train
18544179,fentanyl,ChemicalEntity,D005283,Positive_Correlation,hypotension,DiseaseOrPhenotypicFeature,D007022,train
18544179,fentanyl,ChemicalEntity,D005283,Positive_Correlation,respiratory depression,DiseaseOrPhenotypicFeature,D012131,train
18544179,fentanyl,ChemicalEntity,D005283,Cotreatment,dexamethasone,ChemicalEntity,D003907,train
18544179,fentanyl,ChemicalEntity,D005283,Positive_Correlation,nausea,DiseaseOrPhenotypicFeature,D009325,train
18544179,fentanyl,ChemicalEntity,D005283,Positive_Correlation,vomiting,DiseaseOrPhenotypicFeature,D014839,train
18544179,fentanyl,ChemicalEntity,D005283,Positive_Correlation,postoperative nausea and vomiting,DiseaseOrPhenotypicFeature,D020250,train
18544179,fentanyl,ChemicalEntity,D005283,Cotreatment,sevoflurane,ChemicalEntity,C009250,train
18674790,erythropoietin,GeneOrGeneProduct,24335,Positive_Correlation,JAK,GeneOrGeneProduct,84598,train
18674790,erythropoietin,GeneOrGeneProduct,24335,Positive_Correlation,STAT3,GeneOrGeneProduct,25125,train
18674790,JAK,GeneOrGeneProduct,84598,Association,STAT3,GeneOrGeneProduct,25125,train
18674790,SOCS3,GeneOrGeneProduct,89829,Negative_Correlation,JAK,GeneOrGeneProduct,84598,train
18674790,SOCS3,GeneOrGeneProduct,89829,Negative_Correlation,STAT3,GeneOrGeneProduct,25125,train
18674790,fatty-acid,ChemicalEntity,D005227,Association,obese,DiseaseOrPhenotypicFeature,D009765,train
18674790,fat,ChemicalEntity,D004041,Positive_Correlation,obese,DiseaseOrPhenotypicFeature,D009765,train
18674790,doxorubicin,ChemicalEntity,D004317,Association,ADP,ChemicalEntity,D000244,train
18674790,doxorubicin,ChemicalEntity,D004317,Negative_Correlation,ATP,ChemicalEntity,D000255,train
18674790,doxorubicin,ChemicalEntity,D004317,Association,lipid,ChemicalEntity,D008055,train
18674790,doxorubicin,ChemicalEntity,D004317,Positive_Correlation,cardiac dysfunction,DiseaseOrPhenotypicFeature,D006331,train
18674790,doxorubicin,ChemicalEntity,D004317,Positive_Correlation,cardiotoxicity,DiseaseOrPhenotypicFeature,D066126,train
18674790,obese,DiseaseOrPhenotypicFeature,D009765,Negative_Correlation,ATP,ChemicalEntity,D000255,train
18674790,obese,DiseaseOrPhenotypicFeature,D009765,Association,AMP-alpha2 protein kinase,GeneOrGeneProduct,65248,train
18674790,obese,DiseaseOrPhenotypicFeature,D009765,Association,peroxisome proliferators activated receptor-alpha,GeneOrGeneProduct,25747,train
18674790,obese,DiseaseOrPhenotypicFeature,D009765,Association,uncoupling proteins 2 and 3,GeneOrGeneProduct,54315,train
18674790,obese,DiseaseOrPhenotypicFeature,D009765,Association,uncoupling proteins 2 and 3,GeneOrGeneProduct,25708,train
18674790,obese,DiseaseOrPhenotypicFeature,D009765,Association,adiponectin,GeneOrGeneProduct,246253,train
18674790,obese,DiseaseOrPhenotypicFeature,D009765,Positive_Correlation,doxorubicin,ChemicalEntity,D004317,train
18752389,fulminant hepatic failure,DiseaseOrPhenotypicFeature,D017114,Positive_Correlation,ezetimibe,ChemicalEntity,D000069438,train
18752389,Serum aminotransferase,ChemicalEntity,D001219,Association,hepatotoxic,DiseaseOrPhenotypicFeature,D056486,train
18752389,Serum aminotransferase,ChemicalEntity,D001219,Association,Simvastatin-ezetimibe,ChemicalEntity,D000069499,train
18752389,statin,ChemicalEntity,D019821,Positive_Correlation,Serum aminotransferase,ChemicalEntity,D001219,train
18752389,statin,ChemicalEntity,D019821,Negative_Correlation,3-hydroxy-3-methylglutaryl coenzyme A reductase,GeneOrGeneProduct,3156,train
18752389,statin,ChemicalEntity,D019821,Association,uridine diphosphate glucoronosyltransferases,GeneOrGeneProduct,7361,train
18752389,statin,ChemicalEntity,D019821,Drug_Interaction,ezetimibe,ChemicalEntity,D000069438,train
18752389,hepatotoxic,DiseaseOrPhenotypicFeature,D056486,Positive_Correlation,statin,ChemicalEntity,D019821,train
18752389,hepatotoxic,DiseaseOrPhenotypicFeature,D056486,Association,uridine diphosphate glucoronosyltransferases,GeneOrGeneProduct,7361,train
18752389,hepatotoxic,DiseaseOrPhenotypicFeature,D056486,Positive_Correlation,Simvastatin-ezetimibe,ChemicalEntity,D000069499,train
18752389,simvastatin hydroxy acid,ChemicalEntity,C532833,Association,statin,ChemicalEntity,D019821,train
18752389,ezetimibe,ChemicalEntity,D000069438,Positive_Correlation,hepatotoxic,DiseaseOrPhenotypicFeature,D056486,train
18752389,ezetimibe,ChemicalEntity,D000069438,Association,simvastatin hydroxy acid,ChemicalEntity,C532833,train
18752389,ezetimibe,ChemicalEntity,D000069438,Negative_Correlation,uridine diphosphate glucoronosyltransferases,GeneOrGeneProduct,7361,train
18752389,escitalopram,ChemicalEntity,D015283,Negative_Correlation,depression,DiseaseOrPhenotypicFeature,D003866,train
18752389,Simvastatin-ezetimibe,ChemicalEntity,D000069499,Positive_Correlation,fulminant hepatic failure,DiseaseOrPhenotypicFeature,D017114,train
18752389,Simvastatin-ezetimibe,ChemicalEntity,D000069499,Positive_Correlation,hepatic failure,DiseaseOrPhenotypicFeature,D017093,train
18754075,steroid,ChemicalEntity,D013256,Negative_Correlation,nephrotic syndrome,DiseaseOrPhenotypicFeature,D009404,train
18754075,steroid,ChemicalEntity,D013256,Negative_Correlation,focal segmental glomerulosclerosis,DiseaseOrPhenotypicFeature,D005923,train
18754075,acute renal failure,DiseaseOrPhenotypicFeature,D058186,Positive_Correlation,alendronate,ChemicalEntity,D019386,train
18754075,acute renal failure,DiseaseOrPhenotypicFeature,D058186,Positive_Correlation,bisphosphonate,ChemicalEntity,D004164,train
18754075,alendronate,ChemicalEntity,D019386,Negative_Correlation,creatinine,ChemicalEntity,D003404,train
18754075,alendronate,ChemicalEntity,D019386,Negative_Correlation,focal segmental glomerulosclerosis,DiseaseOrPhenotypicFeature,D005923,train
18754075,bisphosphonate,ChemicalEntity,D004164,Negative_Correlation,focal segmental glomerulosclerosis,DiseaseOrPhenotypicFeature,D005923,train
18754075,proteinuria,DiseaseOrPhenotypicFeature,D011507,Positive_Correlation,alendronate,ChemicalEntity,D019386,train
18754075,proteinuria,DiseaseOrPhenotypicFeature,D011507,Positive_Correlation,bisphosphonate,ChemicalEntity,D004164,train
18945509,type 2 diabetes,DiseaseOrPhenotypicFeature,D003924,Negative_Correlation,glimepiride,ChemicalEntity,C057619,train
18945509,type 2 diabetes,DiseaseOrPhenotypicFeature,D003924,Negative_Correlation,gliclazide,ChemicalEntity,D005907,train
18945509,glipizide,ChemicalEntity,D005913,Comparison,glimepiride,ChemicalEntity,C057619,train
18945509,glipizide,ChemicalEntity,D005913,Comparison,gliclazide,ChemicalEntity,D005907,train
18945509,glipizide,ChemicalEntity,D005913,Negative_Correlation,type 2 diabetes,DiseaseOrPhenotypicFeature,D003924,train
18945509,glipizide,ChemicalEntity,D005913,Positive_Correlation,coronary artery disease,DiseaseOrPhenotypicFeature,D003324,train
18945509,glibenclamide,ChemicalEntity,D005905,Comparison,glimepiride,ChemicalEntity,C057619,train
18945509,glibenclamide,ChemicalEntity,D005905,Comparison,gliclazide,ChemicalEntity,D005907,train
18945509,glibenclamide,ChemicalEntity,D005905,Negative_Correlation,type 2 diabetes,DiseaseOrPhenotypicFeature,D003924,train
18945509,glibenclamide,ChemicalEntity,D005905,Positive_Correlation,coronary artery disease,DiseaseOrPhenotypicFeature,D003324,train
18945509,sulphonylurea,ChemicalEntity,D013453,Negative_Correlation,type 2 diabetes,DiseaseOrPhenotypicFeature,D003924,train
18945509,coronary artery disease,DiseaseOrPhenotypicFeature,D003324,Positive_Correlation,sulphonylurea,ChemicalEntity,D013453,train
18987260,urea,ChemicalEntity,D014508,Association,nephropathy,DiseaseOrPhenotypicFeature,D007674,train
18987260,losartan,ChemicalEntity,D019808,Negative_Correlation,hypertensive,DiseaseOrPhenotypicFeature,D006973,train
18987260,losartan,ChemicalEntity,D019808,Negative_Correlation,angiotensin II type-1 receptor,GeneOrGeneProduct,24180,train
18987260,losartan,ChemicalEntity,D019808,Negative_Correlation,focal segmental glomerulosclerosis,DiseaseOrPhenotypicFeature,D005923,train
18987260,losartan,ChemicalEntity,D019808,Negative_Correlation,uraemia,DiseaseOrPhenotypicFeature,D014511,train
18987260,losartan,ChemicalEntity,D019808,Negative_Correlation,chronic renal failure,DiseaseOrPhenotypicFeature,D007676,train
18987260,losartan,ChemicalEntity,D019808,Negative_Correlation,interstitial fibrosis,DiseaseOrPhenotypicFeature,D005355,train
18987260,losartan,ChemicalEntity,D019808,Negative_Correlation,atrophy,DiseaseOrPhenotypicFeature,D001284,train
18987260,losartan,ChemicalEntity,D019808,Negative_Correlation,proteinuria,DiseaseOrPhenotypicFeature,D011507,train
18987260,losartan,ChemicalEntity,D019808,Negative_Correlation,glomerulosclerosis,DiseaseOrPhenotypicFeature,D005921,train
18987260,losartan,ChemicalEntity,D019808,Negative_Correlation,nephropathy,DiseaseOrPhenotypicFeature,D007674,train
18987260,losartan,ChemicalEntity,D019808,Negative_Correlation,adriamycin,ChemicalEntity,D004317,train
18987260,adriamycin,ChemicalEntity,D004317,Positive_Correlation,focal segmental glomerulosclerosis,DiseaseOrPhenotypicFeature,D005923,train
18987260,adriamycin,ChemicalEntity,D004317,Positive_Correlation,nephropathy,DiseaseOrPhenotypicFeature,D007674,train
19058010,vitamin E,ChemicalEntity,D014810,Positive_Correlation,antioxidants,ChemicalEntity,D000975,train
19058010,vitamin E,ChemicalEntity,D014810,Negative_Correlation,Ca+2 ATPase,ChemicalEntity,D000252,train
19058010,vitamin E,ChemicalEntity,D014810,Positive_Correlation,Na+/ K+ ATPase,ChemicalEntity,D000254,train
19058010,vitamin E,ChemicalEntity,D014810,Positive_Correlation,Mg+2 ATPase,ChemicalEntity,D017301,train
19058010,vitamin E,ChemicalEntity,D014810,Negative_Correlation,lipid,ChemicalEntity,D008055,train
19058010,vitamin E,ChemicalEntity,D014810,Negative_Correlation,myocardial infarction,DiseaseOrPhenotypicFeature,D009203,train
19058010,vitamin E,ChemicalEntity,D014810,Negative_Correlation,isoproterenol,ChemicalEntity,D007545,train
19058010,green tea,ChemicalEntity,D010936,Cotreatment,vitamin E,ChemicalEntity,D014810,train
19058010,green tea,ChemicalEntity,D010936,Positive_Correlation,antioxidants,ChemicalEntity,D000975,train
19058010,green tea,ChemicalEntity,D010936,Negative_Correlation,Ca+2 ATPase,ChemicalEntity,D000252,train
19058010,green tea,ChemicalEntity,D010936,Positive_Correlation,Na+/ K+ ATPase,ChemicalEntity,D000254,train
19058010,green tea,ChemicalEntity,D010936,Positive_Correlation,Mg+2 ATPase,ChemicalEntity,D017301,train
19058010,green tea,ChemicalEntity,D010936,Negative_Correlation,lipid,ChemicalEntity,D008055,train
19058010,green tea,ChemicalEntity,D010936,Negative_Correlation,myocardial infarction,DiseaseOrPhenotypicFeature,D009203,train
19058010,green tea,ChemicalEntity,D010936,Negative_Correlation,isoproterenol,ChemicalEntity,D007545,train
19058010,isoproterenol,ChemicalEntity,D007545,Negative_Correlation,antioxidants,ChemicalEntity,D000975,train
19058010,isoproterenol,ChemicalEntity,D007545,Positive_Correlation,Ca+2 ATPase,ChemicalEntity,D000252,train
19058010,isoproterenol,ChemicalEntity,D007545,Negative_Correlation,Na+/ K+ ATPase,ChemicalEntity,D000254,train
19058010,isoproterenol,ChemicalEntity,D007545,Negative_Correlation,Mg+2 ATPase,ChemicalEntity,D017301,train
19058010,isoproterenol,ChemicalEntity,D007545,Association,lipid,ChemicalEntity,D008055,train
19058010,isoproterenol,ChemicalEntity,D007545,Positive_Correlation,myocardial infarction,DiseaseOrPhenotypicFeature,D009203,train
19108278,ventricular tachycardia,DiseaseOrPhenotypicFeature,D017180,Positive_Correlation,ouabain,ChemicalEntity,D010042,train
19108278,adrenaline,ChemicalEntity,D004837,Positive_Correlation,cardiac arrhythmias,DiseaseOrPhenotypicFeature,D001145,train
19108278,propranolol,ChemicalEntity,D011433,Negative_Correlation,ouabain,ChemicalEntity,D010042,train
19108278,propranolol,ChemicalEntity,D011433,Negative_Correlation,ventricular tachycardia,DiseaseOrPhenotypicFeature,D017180,train
19108278,propranolol,ChemicalEntity,D011433,Negative_Correlation,cardiac arrhythmias,DiseaseOrPhenotypicFeature,D001145,train
19108278,propranolol,ChemicalEntity,D011433,Negative_Correlation,adrenaline,ChemicalEntity,D004837,train
19108278,propranolol,ChemicalEntity,D011433,Negative_Correlation,lactate,ChemicalEntity,D019344,train
19108278,propranolol,ChemicalEntity,D011433,Negative_Correlation,glucose,ChemicalEntity,D005947,train
19108278,isoprenaline,ChemicalEntity,D007545,Negative_Correlation,propranolol,ChemicalEntity,D011433,train
19108278,isoprenaline,ChemicalEntity,D007545,Positive_Correlation,fatty acids,ChemicalEntity,D005227,train
19108278,isoprenaline,ChemicalEntity,D007545,Positive_Correlation,lactate,ChemicalEntity,D019344,train
19108278,isoprenaline,ChemicalEntity,D007545,Positive_Correlation,glucose,ChemicalEntity,D005947,train
19445921,salvianolic acid A,ChemicalEntity,C066201,Negative_Correlation,myocardial injury,DiseaseOrPhenotypicFeature,D009202,train
19445921,salvianolic acid A,ChemicalEntity,C066201,Negative_Correlation,cardiac dysfunction,DiseaseOrPhenotypicFeature,D006331,train
19445921,salvianolic acid A,ChemicalEntity,C066201,Negative_Correlation,myocardial infarction,DiseaseOrPhenotypicFeature,D009203,train
19445921,salvianolic acid A,ChemicalEntity,C066201,Negative_Correlation,isoproterenol,ChemicalEntity,D007545,train
19445921,mitochondrial respiratory dysfunction,DiseaseOrPhenotypicFeature,D028361,Association,ADP,ChemicalEntity,D000244,train
19445921,mitochondrial respiratory dysfunction,DiseaseOrPhenotypicFeature,D028361,Positive_Correlation,isoproterenol,ChemicalEntity,D007545,train
19445921,isoproterenol,ChemicalEntity,D007545,Negative_Correlation,glutathione peroxidase,GeneOrGeneProduct,24404,train
19445921,isoproterenol,ChemicalEntity,D007545,Negative_Correlation,superoxide dismutase,GeneOrGeneProduct,24786,train
19445921,isoproterenol,ChemicalEntity,D007545,Positive_Correlation,creatine kinase,GeneOrGeneProduct,24264,train
19445921,isoproterenol,ChemicalEntity,D007545,Positive_Correlation,aspartate transaminase,GeneOrGeneProduct,25721,train
19445921,isoproterenol,ChemicalEntity,D007545,Positive_Correlation,lactate dehydrogenase,GeneOrGeneProduct,24533,train
19445921,isoproterenol,ChemicalEntity,D007545,Positive_Correlation,myocardial injury,DiseaseOrPhenotypicFeature,D009202,train
19445921,isoproterenol,ChemicalEntity,D007545,Positive_Correlation,cardiac dysfunction,DiseaseOrPhenotypicFeature,D006331,train
19445921,isoproterenol,ChemicalEntity,D007545,Negative_Correlation,catalase,GeneOrGeneProduct,24248,train
19445921,isoproterenol,ChemicalEntity,D007545,Positive_Correlation,malondialdehyde,ChemicalEntity,D008315,train
19445921,isoproterenol,ChemicalEntity,D007545,Positive_Correlation,myocardial infarction,DiseaseOrPhenotypicFeature,D009203,train
19631624,neurotoxic,DiseaseOrPhenotypicFeature,D020258,Positive_Correlation,ecstasy,ChemicalEntity,D018817,train
19631624,ecstasy,ChemicalEntity,D018817,Positive_Correlation,hyperactivity,DiseaseOrPhenotypicFeature,D006948,train
19631624,ecstasy,ChemicalEntity,D018817,Positive_Correlation,Learning and memory deficits,DiseaseOrPhenotypicFeature,D008569,train
19631624,ecstasy,ChemicalEntity,D018817,Association,cannabis,ChemicalEntity,D002188,train
19631624,ecstasy,ChemicalEntity,D018817,Positive_Correlation,Learning and memory deficits,DiseaseOrPhenotypicFeature,D007859,train
19631624,hyperactivity,DiseaseOrPhenotypicFeature,D006948,Positive_Correlation,cannabis,ChemicalEntity,D002188,train
19631624,Learning and memory deficits,DiseaseOrPhenotypicFeature,D008569,Positive_Correlation,cannabis,ChemicalEntity,D002188,train
19631624,Learning and memory deficits,DiseaseOrPhenotypicFeature,D007859,Positive_Correlation,cannabis,ChemicalEntity,D002188,train
19692487,Cyclooxygenase-2,GeneOrGeneProduct,19225,Association,polyuria,DiseaseOrPhenotypicFeature,D011141,train
19692487,aquaporin-2,GeneOrGeneProduct,11827,Negative_Correlation,lithium,ChemicalEntity,D008094,train
19692487,PGE(2),ChemicalEntity,D015232,Negative_Correlation,Na-K-2Cl cotransporter,GeneOrGeneProduct,20495,train
19692487,PGE(2),ChemicalEntity,D015232,Negative_Correlation,aquaporin-2,GeneOrGeneProduct,11827,train
19692487,PGE(2),ChemicalEntity,D015232,Association,polyuria,DiseaseOrPhenotypicFeature,D011141,train
19692487,PGE(2),ChemicalEntity,D015232,Association,lithium,ChemicalEntity,D008094,train
19692487,LiCl,ChemicalEntity,D018021,Positive_Correlation,PGE(2),ChemicalEntity,D015232,train
19692487,LiCl,ChemicalEntity,D018021,Positive_Correlation,polyuria,DiseaseOrPhenotypicFeature,D011141,train
19692487,LiCl,ChemicalEntity,D018021,Positive_Correlation,mPGES-1,GeneOrGeneProduct,64292,train
19692487,lithium,ChemicalEntity,D008094,Negative_Correlation,Na-K-2Cl cotransporter,GeneOrGeneProduct,20495,train
19692487,lithium,ChemicalEntity,D008094,Positive_Correlation,polyuria,DiseaseOrPhenotypicFeature,D011141,train
19692487,mPGES-1,GeneOrGeneProduct,64292,Association,PGE(2),ChemicalEntity,D015232,train
19692487,mPGES-1,GeneOrGeneProduct,64292,Positive_Correlation,polyuria,DiseaseOrPhenotypicFeature,D011141,train
19692487,mPGES-1,GeneOrGeneProduct,64292,Positive_Correlation,lithium,ChemicalEntity,D008094,train
19719056,carrageenan,ChemicalEntity,D002351,Positive_Correlation,edema,DiseaseOrPhenotypicFeature,D004487,train
19719056,Dextran,ChemicalEntity,D003911,Association,etodolac,ChemicalEntity,D017308,train
19721134,M(3)-muscarinic acetylcholine receptor,GeneOrGeneProduct,24260,Negative_Correlation,4-DAMP,ChemicalEntity,C042375,train
19721134,M(3)-muscarinic acetylcholine receptor,GeneOrGeneProduct,24260,Association,ouabain,ChemicalEntity,D010042,train
19721134,M(3)-muscarinic acetylcholine receptor,GeneOrGeneProduct,24260,Association,aconitine,ChemicalEntity,D000157,train
19721134,M(3)-muscarinic acetylcholine receptor,GeneOrGeneProduct,24260,Association,arrhythmia,DiseaseOrPhenotypicFeature,D001145,train
19721134,M(3)-muscarinic acetylcholine receptor,GeneOrGeneProduct,100379235,Negative_Correlation,4-DAMP,ChemicalEntity,C042375,train
19721134,M(3)-muscarinic acetylcholine receptor,GeneOrGeneProduct,100379235,Association,ouabain,ChemicalEntity,D010042,train
19721134,M(3)-muscarinic acetylcholine receptor,GeneOrGeneProduct,100379235,Association,aconitine,ChemicalEntity,D000157,train
19721134,M(3)-muscarinic acetylcholine receptor,GeneOrGeneProduct,100379235,Association,arrhythmia,DiseaseOrPhenotypicFeature,D001145,train
19721134,4-DAMP,ChemicalEntity,C042375,Negative_Correlation,pilocarpine,ChemicalEntity,D010862,train
19721134,calcium,ChemicalEntity,D002118,Positive_Correlation,ouabain,ChemicalEntity,D010042,train
19721134,calcium,ChemicalEntity,D002118,Positive_Correlation,aconitine,ChemicalEntity,D000157,train
19721134,calcium,ChemicalEntity,D002118,Negative_Correlation,pilocarpine,ChemicalEntity,D010862,train
19721134,arrhythmia,DiseaseOrPhenotypicFeature,D001145,Positive_Correlation,ouabain,ChemicalEntity,D010042,train
19721134,arrhythmia,DiseaseOrPhenotypicFeature,D001145,Positive_Correlation,aconitine,ChemicalEntity,D000157,train
19721134,pilocarpine,ChemicalEntity,D010862,Association,M(3)-muscarinic acetylcholine receptor,GeneOrGeneProduct,24260,train
19721134,pilocarpine,ChemicalEntity,D010862,Association,M(3)-muscarinic acetylcholine receptor,GeneOrGeneProduct,100379235,train
19721134,pilocarpine,ChemicalEntity,D010862,Negative_Correlation,ouabain,ChemicalEntity,D010042,train
19721134,pilocarpine,ChemicalEntity,D010862,Negative_Correlation,aconitine,ChemicalEntity,D000157,train
19721134,pilocarpine,ChemicalEntity,D010862,Negative_Correlation,arrhythmia,DiseaseOrPhenotypicFeature,D001145,train
19721134,pilocarpine,ChemicalEntity,D010862,Negative_Correlation,ventricular tachycardia and fibrillation,DiseaseOrPhenotypicFeature,D017180|D014693,train
19923525,nitroglycerin,ChemicalEntity,D005996,Positive_Correlation,hypotension,DiseaseOrPhenotypicFeature,D007022,train
19923525,nitroglycerin,ChemicalEntity,D005996,Positive_Correlation,memory impairment,DiseaseOrPhenotypicFeature,D008569,train
19923525,Nimodipine,ChemicalEntity,D009553,Association,calcium,ChemicalEntity,D002118,train
19923525,Nimodipine,ChemicalEntity,D009553,Association,hypotension,DiseaseOrPhenotypicFeature,D007022,train
19923525,Nimodipine,ChemicalEntity,D009553,Negative_Correlation,nitroglycerin,ChemicalEntity,D005996,train
19923525,Nimodipine,ChemicalEntity,D009553,Negative_Correlation,memory impairment,DiseaseOrPhenotypicFeature,D008569,train
20080983,daytime sleepiness,DiseaseOrPhenotypicFeature,D012893,Positive_Correlation,cocaine,ChemicalEntity,D003042,train
20080983,modafinil,ChemicalEntity,C048833,Association,cocaine,ChemicalEntity,D003042,train
20080983,modafinil,ChemicalEntity,C048833,Negative_Correlation,daytime sleepiness,DiseaseOrPhenotypicFeature,D012893,train
20447294,CNSB002,ChemicalEntity,C401121,Negative_Correlation,neuropathic pain,DiseaseOrPhenotypicFeature,D009437,train
20447294,CNSB002,ChemicalEntity,C401121,Negative_Correlation,hyperalgesia,DiseaseOrPhenotypicFeature,D006930,train
20447294,CNSB002,ChemicalEntity,C401121,Negative_Correlation,inflammatory,DiseaseOrPhenotypicFeature,D007249,train
20447294,morphine,ChemicalEntity,D009020,Negative_Correlation,neuropathic pain,DiseaseOrPhenotypicFeature,D009437,train
20447294,morphine,ChemicalEntity,D009020,Cotreatment,CNSB002,ChemicalEntity,C401121,train
20447294,morphine,ChemicalEntity,D009020,Negative_Correlation,hyperalgesia,DiseaseOrPhenotypicFeature,D006930,train
20447294,morphine,ChemicalEntity,D009020,Negative_Correlation,inflammatory,DiseaseOrPhenotypicFeature,D007249,train
20447294,streptozotocin,ChemicalEntity,D013311,Positive_Correlation,diabetic neuropathy,DiseaseOrPhenotypicFeature,D003929,train
20447294,carrageenan,ChemicalEntity,D002351,Positive_Correlation,inflammatory,DiseaseOrPhenotypicFeature,D007249,train
20510337,zinc,ChemicalEntity,D015032,Negative_Correlation,cisplatin,ChemicalEntity,D002945,train
20510337,selenium,ChemicalEntity,D012643,Negative_Correlation,cisplatin,ChemicalEntity,D002945,train
20510337,cisplatin,ChemicalEntity,D002945,Positive_Correlation,acute renal injury,DiseaseOrPhenotypicFeature,D058186,train
20510337,cisplatin,ChemicalEntity,D002945,Positive_Correlation,nitric oxide synthase,GeneOrGeneProduct,18125,train
20510337,cisplatin,ChemicalEntity,D002945,Positive_Correlation,nuclear factor-kappaB,GeneOrGeneProduct,18033,train
20510337,cisplatin,ChemicalEntity,D002945,Positive_Correlation,p53,GeneOrGeneProduct,22060,train
20510337,cisplatin,ChemicalEntity,D002945,Positive_Correlation,caspase-3,GeneOrGeneProduct,12367,train
20510337,cisplatin,ChemicalEntity,D002945,Positive_Correlation,creatinine,ChemicalEntity,D003404,train
20510337,cisplatin,ChemicalEntity,D002945,Positive_Correlation,blood urea nitrogen,ChemicalEntity,D001806,train
20510337,cisplatin,ChemicalEntity,D002945,Positive_Correlation,nephrotoxicity,DiseaseOrPhenotypicFeature,D007674,train
20510337,Coenzyme Q10,ChemicalEntity,C024989,Negative_Correlation,nitric oxide synthase,GeneOrGeneProduct,18125,train
20510337,Coenzyme Q10,ChemicalEntity,C024989,Negative_Correlation,nuclear factor-kappaB,GeneOrGeneProduct,18033,train
20510337,Coenzyme Q10,ChemicalEntity,C024989,Negative_Correlation,p53,GeneOrGeneProduct,22060,train
20510337,Coenzyme Q10,ChemicalEntity,C024989,Negative_Correlation,caspase-3,GeneOrGeneProduct,12367,train
20510337,Coenzyme Q10,ChemicalEntity,C024989,Negative_Correlation,glutathione,ChemicalEntity,D005978,train
20510337,Coenzyme Q10,ChemicalEntity,C024989,Negative_Correlation,superoxide dismutase,GeneOrGeneProduct,20655,train
20510337,Coenzyme Q10,ChemicalEntity,C024989,Negative_Correlation,tumor necrosis factor-alpha,GeneOrGeneProduct,21926,train
20510337,Coenzyme Q10,ChemicalEntity,C024989,Positive_Correlation,zinc,ChemicalEntity,D015032,train
20510337,Coenzyme Q10,ChemicalEntity,C024989,Positive_Correlation,selenium,ChemicalEntity,D012643,train
20510337,Coenzyme Q10,ChemicalEntity,C024989,Negative_Correlation,platinum,ChemicalEntity,D010984,train
20510337,Coenzyme Q10,ChemicalEntity,C024989,Negative_Correlation,nitric oxide,ChemicalEntity,D009569,train
20510337,Coenzyme Q10,ChemicalEntity,C024989,Negative_Correlation,lipid,ChemicalEntity,D008055,train
20510337,Coenzyme Q10,ChemicalEntity,C024989,Negative_Correlation,creatinine,ChemicalEntity,D003404,train
20510337,Coenzyme Q10,ChemicalEntity,C024989,Negative_Correlation,blood urea nitrogen,ChemicalEntity,D001806,train
20510337,Coenzyme Q10,ChemicalEntity,C024989,Negative_Correlation,nephrotoxicity,DiseaseOrPhenotypicFeature,D007674,train
20510337,Coenzyme Q10,ChemicalEntity,C024989,Negative_Correlation,cisplatin,ChemicalEntity,D002945,train
20520283,Extrapyramidal symptoms,DiseaseOrPhenotypicFeature,D001480,Positive_Correlation,haloperidol,ChemicalEntity,D006220,train
20520283,Extrapyramidal symptoms,DiseaseOrPhenotypicFeature,D001480,Positive_Correlation,asenapine,ChemicalEntity,C522667,train
20520283,schizophrenia,DiseaseOrPhenotypicFeature,D012559,Negative_Correlation,haloperidol,ChemicalEntity,D006220,train
20520283,asenapine,ChemicalEntity,C522667,Negative_Correlation,psychotic,DiseaseOrPhenotypicFeature,D011618,train
20520283,asenapine,ChemicalEntity,C522667,Negative_Correlation,manic,DiseaseOrPhenotypicFeature,D001714,train
20520283,asenapine,ChemicalEntity,C522667,Negative_Correlation,schizophrenia,DiseaseOrPhenotypicFeature,D012559,train
20520283,asenapine,ChemicalEntity,C522667,Comparison,haloperidol,ChemicalEntity,D006220,train
20528871,cyclophosphamide,ChemicalEntity,D003520,Cotreatment,etoposide,ChemicalEntity,D005047,train
20528871,cyclophosphamide,ChemicalEntity,D003520,Negative_Correlation,T-cell lymphoblastic leukaemia and lymphoma,DiseaseOrPhenotypicFeature,D015458|D016399,train
20528871,etoposide,ChemicalEntity,D005047,Negative_Correlation,T-cell lymphoblastic leukaemia and lymphoma,DiseaseOrPhenotypicFeature,D015458|D016399,train
20528871,nelarabine,ChemicalEntity,C104457,Positive_Correlation,Haematological toxicity,DiseaseOrPhenotypicFeature,D006402,train
20528871,nelarabine,ChemicalEntity,C104457,Positive_Correlation,musculoskeletal pain,DiseaseOrPhenotypicFeature,D059352,train
20528871,nelarabine,ChemicalEntity,C104457,Positive_Correlation,neuropathy,DiseaseOrPhenotypicFeature,D009422,train
20528871,nelarabine,ChemicalEntity,C104457,Cotreatment,cyclophosphamide,ChemicalEntity,D003520,train
20528871,nelarabine,ChemicalEntity,C104457,Cotreatment,etoposide,ChemicalEntity,D005047,train
20528871,nelarabine,ChemicalEntity,C104457,Negative_Correlation,T-cell lymphoblastic leukaemia and lymphoma,DiseaseOrPhenotypicFeature,D015458|D016399,train
20533999,Dopamine,ChemicalEntity,D004298,Positive_Correlation,dopaminergic deficits,DiseaseOrPhenotypicFeature,D009461,train
20533999,Dopamine,ChemicalEntity,D004298,Positive_Correlation,neurotoxicity,DiseaseOrPhenotypicFeature,D020258,train
20533999,alpha-methyl-para-tyrosine,ChemicalEntity,D019805,Negative_Correlation,neurotoxicity,DiseaseOrPhenotypicFeature,D020258,train
20533999,alpha-methyl-para-tyrosine,ChemicalEntity,D019805,Negative_Correlation,methamphetamine,ChemicalEntity,D008694,train
20533999,L-dihydroxyphenylalanine,ChemicalEntity,D007980,Association,Dopamine,ChemicalEntity,D004298,train
20533999,L-dihydroxyphenylalanine,ChemicalEntity,D007980,Association,alpha-methyl-para-tyrosine,ChemicalEntity,D019805,train
20533999,L-dihydroxyphenylalanine,ChemicalEntity,D007980,Association,neurotoxicity,DiseaseOrPhenotypicFeature,D020258,train
20533999,methamphetamine,ChemicalEntity,D008694,Positive_Correlation,dopaminergic deficits,DiseaseOrPhenotypicFeature,D009461,train
20533999,methamphetamine,ChemicalEntity,D008694,Drug_Interaction,Dopamine,ChemicalEntity,D004298,train
20533999,methamphetamine,ChemicalEntity,D008694,Positive_Correlation,neurotoxicity,DiseaseOrPhenotypicFeature,D020258,train
20558148,dopamine receptor,GeneOrGeneProduct,24316,Negative_Correlation,haloperidol,ChemicalEntity,D006220,train
20558148,glutamate,ChemicalEntity,D018698,Association,catalepsy,DiseaseOrPhenotypicFeature,D002375,train
20558148,glutamate,ChemicalEntity,D018698,Association,haloperidol,ChemicalEntity,D006220,train
20558148,AP7,ChemicalEntity,C031231,Negative_Correlation,catalepsy,DiseaseOrPhenotypicFeature,D002375,train
20558148,AP7,ChemicalEntity,C031231,Negative_Correlation,haloperidol,ChemicalEntity,D006220,train
20558148,MK-801,ChemicalEntity,D016291,Negative_Correlation,catalepsy,DiseaseOrPhenotypicFeature,D002375,train
20558148,MK-801,ChemicalEntity,D016291,Negative_Correlation,haloperidol,ChemicalEntity,D006220,train
20558148,NMDA receptors,GeneOrGeneProduct,24408,Positive_Correlation,N-methyl-d-aspartate,ChemicalEntity,D016202,train
20558148,NMDA receptors,GeneOrGeneProduct,24408,Negative_Correlation,AP7,ChemicalEntity,C031231,train
20558148,NMDA receptors,GeneOrGeneProduct,24408,Negative_Correlation,MK-801,ChemicalEntity,D016291,train
20558148,NMDA receptors,GeneOrGeneProduct,24408,Association,catalepsy,DiseaseOrPhenotypicFeature,D002375,train
20558148,haloperidol,ChemicalEntity,D006220,Positive_Correlation,catalepsy,DiseaseOrPhenotypicFeature,D002375,train
20667451,cognitive dysfunction,DiseaseOrPhenotypicFeature,D003072,Positive_Correlation,antiepileptic drugs,ChemicalEntity,D000927,train
20667451,cognitive dysfunction,DiseaseOrPhenotypicFeature,D003072,Positive_Correlation,carbamazepine,ChemicalEntity,D002220,train
20667451,cognitive dysfunction,DiseaseOrPhenotypicFeature,D003072,Positive_Correlation,phenobarbitone,ChemicalEntity,D010634,train
20667451,Curcumin,ChemicalEntity,D003474,Negative_Correlation,inflammatory,DiseaseOrPhenotypicFeature,D007249,train
20667451,Curcumin,ChemicalEntity,D003474,Negative_Correlation,carbamazepine,ChemicalEntity,D002220,train
20667451,Curcumin,ChemicalEntity,D003474,Negative_Correlation,phenobarbitone,ChemicalEntity,D010634,train
20667451,Curcumin,ChemicalEntity,D003474,Negative_Correlation,cognitive dysfunction,DiseaseOrPhenotypicFeature,D003072,train
20683499,crocin,ChemicalEntity,C029036,Negative_Correlation,neurodegenerative diseases,DiseaseOrPhenotypicFeature,D019636,train
20683499,crocin,ChemicalEntity,C029036,Negative_Correlation,cognitive deficits,DiseaseOrPhenotypicFeature,D003072,train
20683499,crocin,ChemicalEntity,C029036,Negative_Correlation,learning and memory impairment,DiseaseOrPhenotypicFeature,D008569,train
20683499,crocin,ChemicalEntity,C029036,Negative_Correlation,learning and memory impairment,DiseaseOrPhenotypicFeature,D007859,train
20683499,crocin,ChemicalEntity,C029036,Negative_Correlation,Alzheimer's disease,DiseaseOrPhenotypicFeature,D000544,train
20683499,crocin,ChemicalEntity,C029036,Negative_Correlation,streptozocin,ChemicalEntity,D013311,train
20683499,streptozocin,ChemicalEntity,D013311,Positive_Correlation,cognitive deficits,DiseaseOrPhenotypicFeature,D003072,train
20683499,streptozocin,ChemicalEntity,D013311,Positive_Correlation,Alzheimer's disease,DiseaseOrPhenotypicFeature,D000544,train
21195121,convulsions,DiseaseOrPhenotypicFeature,D012640,Association,GABA(A) receptors,GeneOrGeneProduct,29705,train
21195121,lindane,ChemicalEntity,D001556,Negative_Correlation,GABA(A) receptors,GeneOrGeneProduct,29705,train
21195121,lindane,ChemicalEntity,D001556,Positive_Correlation,convulsions,DiseaseOrPhenotypicFeature,D012640,train
21195121,lindane,ChemicalEntity,D001556,Positive_Correlation,epilepsy,DiseaseOrPhenotypicFeature,D004827,train
21195121,L-NAME,ChemicalEntity,D019331,Negative_Correlation,convulsions,DiseaseOrPhenotypicFeature,D012640,train
21195121,NO syntheses,GeneOrGeneProduct,24598,Negative_Correlation,L-NAME,ChemicalEntity,D019331,train
21195121,L-arginine,ChemicalEntity,D001120,Positive_Correlation,convulsions,DiseaseOrPhenotypicFeature,D012640,train
21195121,nitric oxide,ChemicalEntity,D009569,Positive_Correlation,convulsions,DiseaseOrPhenotypicFeature,D012640,train
21195121,nitric oxide,ChemicalEntity,D009569,Association,lindane,ChemicalEntity,D001556,train
21195121,nitric oxide,ChemicalEntity,D009569,Association,L-NAME,ChemicalEntity,D019331,train
21195121,nitric oxide,ChemicalEntity,D009569,Association,NO syntheses,GeneOrGeneProduct,24598,train
21195121,nitric oxide,ChemicalEntity,D009569,Association,L-arginine,ChemicalEntity,D001120,train
23949582,ifosfamide,ChemicalEntity,D007069,Positive_Correlation,cystitis,DiseaseOrPhenotypicFeature,D003556,train
23949582,ifosfamide,ChemicalEntity,D007069,Positive_Correlation,hemorrhagic,DiseaseOrPhenotypicFeature,D006470,train
23949582,ifosfamide,ChemicalEntity,D007069,Positive_Correlation,genotoxicity,DiseaseOrPhenotypicFeature,D030342,train
23949582,mesna,ChemicalEntity,D015080,Negative_Correlation,genotoxicity,DiseaseOrPhenotypicFeature,D030342,train
23949582,mesna,ChemicalEntity,D015080,Negative_Correlation,ifosfamide,ChemicalEntity,D007069,train
24132704,diazinon,ChemicalEntity,D003976,Association,ERK1/2,GeneOrGeneProduct,50689,train
24132704,diazinon,ChemicalEntity,D003976,Association,ERK1/2,GeneOrGeneProduct,116590,train
24132704,diazinon,ChemicalEntity,D003976,Positive_Correlation,LDL,ChemicalEntity,D008077,train
24132704,diazinon,ChemicalEntity,D003976,Positive_Correlation,triglyceride,ChemicalEntity,D014280,train
24132704,diazinon,ChemicalEntity,D003976,Positive_Correlation,cholesterol,ChemicalEntity,D002784,train
24132704,diazinon,ChemicalEntity,D003976,Positive_Correlation,hyperlipemia,DiseaseOrPhenotypicFeature,D006949,train
24132704,diazinon,ChemicalEntity,D003976,Negative_Correlation,low-density lipoprotein receptor,GeneOrGeneProduct,300438,train
24132704,diazinon,ChemicalEntity,D003976,Association,lipid,ChemicalEntity,D008055,train
24132704,low-density lipoprotein receptor,GeneOrGeneProduct,300438,Association,hyperlipemia,DiseaseOrPhenotypicFeature,D006949,train
24132704,Crocin,ChemicalEntity,C029036,Positive_Correlation,ERK1/2,GeneOrGeneProduct,50689,train
24132704,Crocin,ChemicalEntity,C029036,Positive_Correlation,ERK1/2,GeneOrGeneProduct,116590,train
24132704,Crocin,ChemicalEntity,C029036,Association,cholesterol,ChemicalEntity,D002784,train
24132704,Crocin,ChemicalEntity,C029036,Negative_Correlation,diazinon,ChemicalEntity,D003976,train
24132704,Crocin,ChemicalEntity,C029036,Negative_Correlation,hyperlipemia,DiseaseOrPhenotypicFeature,D006949,train
24132704,Crocin,ChemicalEntity,C029036,Positive_Correlation,low-density lipoprotein receptor,GeneOrGeneProduct,300438,train
24132704,Crocin,ChemicalEntity,C029036,Association,lipid,ChemicalEntity,D008055,train
24309294,CCK1 receptor,GeneOrGeneProduct,24889,Negative_Correlation,"L-364,718",ChemicalEntity,D020109,train
24309294,morphine,ChemicalEntity,D009020,Positive_Correlation,amnesia,DiseaseOrPhenotypicFeature,D000647,train
24309294,morphine,ChemicalEntity,D009020,Positive_Correlation,memory impairment,DiseaseOrPhenotypicFeature,D008569,train
24309294,morphine,ChemicalEntity,D009020,Association,CCK2 receptor,GeneOrGeneProduct,25706,train
24309294,Cholecystokinin-octapeptide,ChemicalEntity,D012844,Negative_Correlation,amnesia,DiseaseOrPhenotypicFeature,D000647,train
24309294,Cholecystokinin-octapeptide,ChemicalEntity,D012844,Negative_Correlation,memory impairment,DiseaseOrPhenotypicFeature,D008569,train
24309294,Cholecystokinin-octapeptide,ChemicalEntity,D012844,Negative_Correlation,morphine,ChemicalEntity,D009020,train
24309294,Cholecystokinin-octapeptide,ChemicalEntity,D012844,Association,CCK2 receptor,GeneOrGeneProduct,25706,train
24309294,"L-365,260",ChemicalEntity,C058121,Negative_Correlation,Cholecystokinin-octapeptide,ChemicalEntity,D012844,train
24309294,CCK2 receptor,GeneOrGeneProduct,25706,Negative_Correlation,"L-365,260",ChemicalEntity,C058121,train
24341598,acute renal failure,DiseaseOrPhenotypicFeature,D058186,Positive_Correlation,contrast,ChemicalEntity,D003287,train
24341598,sodium bicarbonate,ChemicalEntity,D017693,Negative_Correlation,nephropathy,DiseaseOrPhenotypicFeature,D007674,train
24341598,sodium bicarbonate,ChemicalEntity,D017693,Comparison,diltiazem,ChemicalEntity,D004110,train
24341598,contrast,ChemicalEntity,D003287,Positive_Correlation,nephropathy,DiseaseOrPhenotypicFeature,D007674,train
24341598,diltiazem,ChemicalEntity,D004110,Negative_Correlation,calcium,ChemicalEntity,D002118,train
24341598,diltiazem,ChemicalEntity,D004110,Negative_Correlation,nephropathy,DiseaseOrPhenotypicFeature,D007674,train
24341598,diltiazem,ChemicalEntity,D004110,Negative_Correlation,contrast,ChemicalEntity,D003287,train
24535067,midazolam,ChemicalEntity,D008874,Negative_Correlation,myoclonus,DiseaseOrPhenotypicFeature,D009207,train
24535067,midazolam,ChemicalEntity,D008874,Negative_Correlation,etomidate,ChemicalEntity,D005045,train
24535067,Fentanyl,ChemicalEntity,D005283,Comparison,midazolam,ChemicalEntity,D008874,train
24535067,Fentanyl,ChemicalEntity,D005283,Negative_Correlation,myoclonus,DiseaseOrPhenotypicFeature,D009207,train
24535067,Fentanyl,ChemicalEntity,D005283,Negative_Correlation,etomidate,ChemicalEntity,D005045,train
24535067,pain,DiseaseOrPhenotypicFeature,D010146,Positive_Correlation,etomidate,ChemicalEntity,D005045,train
24535067,Myoclonic movements,DiseaseOrPhenotypicFeature,D009069,Positive_Correlation,etomidate,ChemicalEntity,D005045,train
24535067,etomidate,ChemicalEntity,D005045,Positive_Correlation,myoclonus,DiseaseOrPhenotypicFeature,D009207,train
24902786,letrozole,ChemicalEntity,C067431,Positive_Correlation,memory impairment,DiseaseOrPhenotypicFeature,D008569,train
24902786,aromatase,GeneOrGeneProduct,25147,Negative_Correlation,letrozole,ChemicalEntity,C067431,train
24902786,tamoxifen,ChemicalEntity,D013629,Positive_Correlation,memory impairment,DiseaseOrPhenotypicFeature,D008569,train
24902786,estrogen receptor,GeneOrGeneProduct,2099,Negative_Correlation,tamoxifen,ChemicalEntity,D013629,train
24902786,flutamide,ChemicalEntity,D005485,Positive_Correlation,memory impairment,DiseaseOrPhenotypicFeature,D008569,train
24902786,androgen receptor,GeneOrGeneProduct,367,Negative_Correlation,flutamide,ChemicalEntity,D005485,train
24902786,streptozotocin,ChemicalEntity,D013311,Negative_Correlation,STL2,GeneOrGeneProduct,369140,train
24902786,streptozotocin,ChemicalEntity,D013311,Negative_Correlation,STL1,GeneOrGeneProduct,369068,train
24902786,streptozotocin,ChemicalEntity,D013311,Positive_Correlation,memory impairment,DiseaseOrPhenotypicFeature,D008569,train
24902786,Testosterone,ChemicalEntity,D013739,Association,STL2,GeneOrGeneProduct,369140,train
24902786,Testosterone,ChemicalEntity,D013739,Association,STL1,GeneOrGeneProduct,369068,train
24902786,Testosterone,ChemicalEntity,D013739,Negative_Correlation,memory impairment,DiseaseOrPhenotypicFeature,D008569,train
24902786,Testosterone,ChemicalEntity,D013739,Negative_Correlation,streptozotocin,ChemicalEntity,D013311,train
24927617,pegylated interferon,ChemicalEntity,C417083,Negative_Correlation,hepatitis C virus infected,DiseaseOrPhenotypicFeature,D006526,train
24927617,pegylated interferon,ChemicalEntity,C417083,Cotreatment,telaprevir,ChemicalEntity,C486464,train
24927617,ribavirin,ChemicalEntity,D012254,Cotreatment,pegylated interferon,ChemicalEntity,C417083,train
24927617,ribavirin,ChemicalEntity,D012254,Negative_Correlation,hepatitis C virus infected,DiseaseOrPhenotypicFeature,D006526,train
24927617,ribavirin,ChemicalEntity,D012254,Cotreatment,telaprevir,ChemicalEntity,C486464,train
24927617,CYP3A4,GeneOrGeneProduct,1576,Association,simvastatin,ChemicalEntity,D019821,train
24927617,simvastatin,ChemicalEntity,D019821,Positive_Correlation,muscle toxicity,DiseaseOrPhenotypicFeature,D009135,train
24927617,simvastatin,ChemicalEntity,D019821,Drug_Interaction,antiviral drugs,ChemicalEntity,D000998,train
24927617,simvastatin,ChemicalEntity,D019821,Negative_Correlation,hepatitis C virus infected,DiseaseOrPhenotypicFeature,D006526,train
24927617,simvastatin,ChemicalEntity,D019821,Positive_Correlation,Rhabdomyolysis,DiseaseOrPhenotypicFeature,D012206,train
24927617,telaprevir,ChemicalEntity,C486464,Negative_Correlation,hepatitis C virus infected,DiseaseOrPhenotypicFeature,D006526,train
24927617,telaprevir,ChemicalEntity,C486464,Drug_Interaction,simvastatin,ChemicalEntity,D019821,train
24927617,telaprevir,ChemicalEntity,C486464,Positive_Correlation,Rhabdomyolysis,DiseaseOrPhenotypicFeature,D012206,train
