pmid,relation_id,entity1_identifier,entity2_identifier,relation_type,split
10491763,R0,3175,D003924,Association,train
10491763,R1,D005947,3630,Positive_Correlation,train
10491763,R2,D005947,D003924,Association,train
10661407,R0,50489,D008358,Bind,train
10788334,R0,D001943,c|INS|5382|C,Positive_Correlation,train
10788334,R1,D001943,c|DEL|4153|A,Positive_Correlation,train
10788334,R2,D001943,rs28897672,Positive_Correlation,train
10788334,R3,D010051,c|INS|5382|C,Positive_Correlation,train
10788334,R4,D010051,c|DEL|4153|A,Positive_Correlation,train
10788334,R5,D010051,rs28897672,Positive_Correlation,train
10788334,R6,c|INS|5382|C,D061325,Positive_Correlation,train
10788334,R7,c|DEL|4153|A,D061325,Positive_Correlation,train
10788334,R8,rs28897672,D061325,Positive_Correlation,train
10788334,R9,OMIM:604370,c|INS|5382|C,Positive_Correlation,train
10788334,R10,OMIM:604370,c|DEL|4153|A,Positive_Correlation,train
10788334,R11,OMIM:604370,rs28897672,Positive_Correlation,train
10788334,R12,672,D001943,Association,train
10788334,R13,672,D010051,Association,train
10788334,R14,672,OMIM:604370,Association,train
10788334,R15,672,D061325,Association,train
11009181,R0,D007980,D004409,Positive_Correlation,train
11009181,R1,D001058,D007980,Negative_Correlation,train
11009181,R2,D001058,D004409,Negative_Correlation,train
11009181,R3,D001058,D010300,Negative_Correlation,train
11054569,R0,D014594,84084,Association,train
11054569,R1,84084,D014750,Positive_Correlation,train
11054569,R2,84084,D014747,Positive_Correlation,train
11054569,R3,84084,D017239,Positive_Correlation,train
11054569,R4,84084,D004317,Positive_Correlation,train
11773892,R0,5530,D016559,Negative_Correlation,train
11773892,R1,5530,D016572,Negative_Correlation,train
11773892,R2,D006530,D003404,Positive_Correlation,train
11773892,R3,D016559,D007674,Positive_Correlation,train
11773892,R4,D007676,D003404,Positive_Correlation,train
11773892,R5,D016572,D007674,Positive_Correlation,train
12442272,R0,6647,D000690,Association,train
12442272,R1,rs80265967,D000690,Negative_Correlation,train
1353340,R0,410,D007966,Association,train
1353340,R1,rs74315458,D007966,Positive_Correlation,train
14722929,R0,2706,C567134,Association,train
15099351,R0,rs143117125,D006938,Positive_Correlation,train
15099351,R1,D006938,255738,Association,train
15099351,R2,255738,D002784,Association,train
15099351,R3,255738,D006937,Association,train
15099351,R4,rs137852912,D006938,Positive_Correlation,train
15099351,R5,D006937,rs137852912,Association,train
15122708,R0,1410,C563319,Association,train
15122708,R1,1674,C563319,Association,train
15122708,R2,57190,C564969,Association,train
15122708,R3,57190,C535683,Association,train
15122708,R4,57190,D009135,Association,train
15122708,R5,C563319,c|DEL|-19_+73|92,Positive_Correlation,train
15122708,R6,C563319,57190,Association,train
15177686,R0,7290,D004062,Association,train
15188772,R0,D002395,D009202,Positive_Correlation,train
15188772,R1,D009202,D004837,Positive_Correlation,train
15188772,R2,D004837,D017682,Positive_Correlation,train
15188772,R3,D018487,D004837,Positive_Correlation,train
15266215,R0,D013927,D001241,Positive_Correlation,train
15266215,R1,C406224,D001172,Negative_Correlation,train
15266215,R2,C406224,D010003,Negative_Correlation,train
15266215,R3,C406224,D000894,Comparison,train
15266215,R4,C406224,D001168,Negative_Correlation,train
15266215,R5,5743,C406224,Negative_Correlation,train
16005363,R0,c|INS||9,D014929,Positive_Correlation,train
16005363,R1,7466,D014929,Association,train
16005363,R2,p|INS|344_345|AFF,D014929,Positive_Correlation,train
16200390,R0,D012701,D008881,Positive_Correlation,train
16369751,R0,C079198,D005472,Comparison,train
16369751,R1,D006331,C079198,Negative_Correlation,train
16369751,R2,D066126,C079198,Negative_Correlation,train
16369751,R3,D066126,C032348,Positive_Correlation,train
16369751,R4,D002637,C032348,Positive_Correlation,train
16369751,R5,D002637,D005472,Positive_Correlation,train
16369751,R6,C032348,C079198,Negative_Correlation,train
16369751,R7,D002037,C032348,Positive_Correlation,train
16369751,R8,D005472,D009369,Negative_Correlation,train
16369751,R9,D005472,D066126,Positive_Correlation,train
16369751,R10,D005472,C032348,Positive_Correlation,train
16369751,R11,D005472,D002037,Positive_Correlation,train
16596970,R0,D010862,D013226,Positive_Correlation,train
16596970,R1,D010862,D001308,Positive_Correlation,train
16596970,R2,D010862,D012640,Positive_Correlation,train
17000021,R0,26191,D001327,Association,train
17000021,R1,26191,D003922,Association,train
17000021,R2,26191,D001171,Association,train
17000021,R3,rs2476601,D001327,Positive_Correlation,train
17000021,R4,rs2476601,D003922,Positive_Correlation,train
17000021,R5,rs2476601,D001171,Positive_Correlation,train
17000021,R6,rs2488457,rs1217412,Association,train
17006606,R0,rs1143634,rs1143627,Association,train
17006606,R1,4790,D009369,Association,train
17006606,R2,3553,D009369,Association,train
17006606,R3,3553,4790,Association,train
17006606,R4,3553,D013274,Association,train
17006606,R5,D013274,rs1143634,Positive_Correlation,train
17006606,R6,rs1143627,D013274,Positive_Correlation,train
17035713,R0,D002945,C004656,Negative_Correlation,train
17035713,R1,841,D002945,Positive_Correlation,train
17035713,R2,836,D002945,Positive_Correlation,train
17035713,R3,C004656,1508,Negative_Correlation,train
17035713,R4,C004656,841,Negative_Correlation,train
17035713,R5,C004656,836,Negative_Correlation,train
17035713,R6,C004656,D009336,Positive_Correlation,train
17035713,R7,C004656,D013438,Negative_Correlation,train
17035713,R8,C004656,D007674,Positive_Correlation,train
17035713,R9,D007674,D007069,Positive_Correlation,train
17035713,R10,D009369,D007069,Negative_Correlation,train
1711760,R0,D010656,D006973,Positive_Correlation,train
17391797,R0,10400,D065626,Association,train
17391797,R1,D010714,D010713,Conversion,train
17391797,R2,rs7946,D010713,Association,train
17391797,R3,rs7946,D010714,Association,train
17391797,R4,rs7946,D065626,Positive_Correlation,train
17495183,R0,rs1155974,D009765,Association,train
17495183,R1,rs2073162,D003924,Positive_Correlation,train
17495183,R2,rs2073162,D009765,Association,train
17495183,R3,rs1155794,D003924,Positive_Correlation,train
17495183,R4,D003924,rs1155974,Positive_Correlation,train
17495183,R5,D003924,D005947,Positive_Correlation,train
17495183,R6,rs2073163,D003924,Positive_Correlation,train
17495183,R7,rs2073163,D009765,Association,train
17495183,R8,D005947,rs1155794,Association,train
17495183,R9,D005947,rs2073163,Association,train
17495183,R10,D009765,rs11798018,Association,train
17495183,R11,D009765,rs4828037,Association,train
17495183,R12,D009765,rs5966709,Association,train
17495183,R13,64102,D003924,Association,train
17495183,R14,64102,D005947,Association,train
17495183,R15,64102,D003920,Association,train
17495183,R16,64102,D009765,Association,train
17595233,R0,7097,D015212,Association,train
17595233,R1,7099,D015212,Association,train
17595233,R2,p|SUB|P|631|H,D015212,Negative_Correlation,train
17595233,R3,rs4986790,D015212,Negative_Correlation,train
17595233,R4,64127,D015212,Association,train
17595233,R5,D003424,64127,Association,train
17595233,R6,D003424,10392,Association,train
17683901,R0,2261,D000130,Association,train
17683901,R1,rs28931614,D000130,Positive_Correlation,train
18166824,R0,11144,D007247,Association,train
18166824,R1,11144,D016649,Association,train
18166824,R2,4439,D016649,Association,train
18166824,R3,D007247,4439,Association,train
18166824,R4,D007247,rs2227914,Association,train
18166824,R5,D007247,rs2075789,Association,train
18166824,R6,rs2227914,D016649,Association,train
18166824,R7,D016649,rs2075789,Association,train
18408250,R0,3663,D008180,Association,train
18408250,R1,3663,D001172,Association,train
18408250,R2,rs729302,D001172,Positive_Correlation,train
18439317,R0,c|DEL|-1607|G,C535531,Positive_Correlation,train
18439317,R1,D055959,c|DEL|-1607|G,Association,train
18439317,R2,c|Allele|D|-1607,D055959,Positive_Correlation,train
18439317,R3,4312,D055959,Association,train
18439317,R4,C535531,4312,Association,train
18657397,R0,D004827,D010400,Positive_Correlation,train
18657397,R1,D010406,D004827,Positive_Correlation,train
18681856,R0,D006849,rs121908864,Positive_Correlation,train
18681856,R1,D006980,rs121908864,Positive_Correlation,train
18681856,R2,7253,D006849,Association,train
18681856,R3,7253,D006980,Association,train
18681856,R4,C563786,7253,Association,train
18681856,R5,C563786,rs121908864,Positive_Correlation,train
19067809,R0,185,D019462,Association,train
19067809,R1,185,D007022,Association,train
19067809,R2,D013575,185,Association,train
19067809,R3,D013575,rs5186,Association,train
19067809,R4,rs5186,D019462,Positive_Correlation,train
19067809,R5,rs5186,D007022,Association,train
19508969,R0,C537689,rs267607116,Positive_Correlation,train
19508969,R1,C537689,rs201893408,Positive_Correlation,train
19508969,R2,C537689,rs267607117,Positive_Correlation,train
19508969,R3,C536132,rs267607116,Positive_Correlation,train
19508969,R4,C536132,rs201893408,Positive_Correlation,train
19508969,R5,C536132,rs267607117,Positive_Correlation,train
19508969,R6,rs267607116,C537699,Positive_Correlation,train
19508969,R7,rs267607116,C536133,Positive_Correlation,train
19508969,R8,rs267607116,C536293,Positive_Correlation,train
19508969,R9,rs267607116,D008103,Positive_Correlation,train
19508969,R10,rs201893408,C537699,Positive_Correlation,train
19508969,R11,rs201893408,C536133,Positive_Correlation,train
19508969,R12,rs201893408,C536293,Positive_Correlation,train
19508969,R13,rs201893408,D008103,Positive_Correlation,train
19508969,R14,rs267607117,C537699,Positive_Correlation,train
19508969,R15,rs267607117,C536133,Positive_Correlation,train
19508969,R16,rs267607117,C536293,Positive_Correlation,train
19508969,R17,rs267607117,D008103,Positive_Correlation,train
19508969,R18,OMIM:613550,rs267607116,Positive_Correlation,train
19508969,R19,OMIM:613550,rs201893408,Positive_Correlation,train
19508969,R20,OMIM:613550,rs267607117,Positive_Correlation,train
19508969,R21,91147,C537689,Association,train
19508969,R22,91147,C536132,Association,train
19508969,R23,91147,C537699,Association,train
19508969,R24,91147,C536133,Association,train
19508969,R25,91147,C536293,Association,train
19508969,R26,91147,D008103,Association,train
19508969,R27,91147,OMIM:613550,Association,train
19521089,R0,D010300,c|INDEL||43,Positive_Correlation,train
19521089,R1,6532,D010300,Association,train
19728177,R0,D000082,D003866,Positive_Correlation,train
19728177,R1,D000082,D017114,Positive_Correlation,train
19728177,R2,D000082,D001929,Positive_Correlation,train
19881468,R0,D055752,rs1052133,Association,train
19881468,R1,D002289,rs1052133,Association,train
19881468,R2,D000230,rs1052133,Positive_Correlation,train
19881468,R3,D018288,rs1052133,Positive_Correlation,train
19881468,R4,C024829,4968,Association,train
19881468,R5,D000077192,rs1052133,Positive_Correlation,train
19881468,R6,4968,D055752,Positive_Correlation,train
19881468,R7,4968,D002289,Positive_Correlation,train
19881468,R8,4968,D000230,Positive_Correlation,train
19881468,R9,4968,D018288,Positive_Correlation,train
19881468,R10,4968,D000077192,Association,train
19881468,R11,4968,D008175,Association,train
19881468,R12,D008175,rs1052133,Positive_Correlation,train
20005218,R0,9365,D000075222,Association,train
20005218,R1,16591,D001161,Association,train
20005218,R2,16591,D000075222,Association,train
20005218,R3,rs1207568,D000075222,Positive_Correlation,train
20034406,R0,D012640,60463,Association,train
20034406,R1,D013226,60463,Positive_Correlation,train
20034406,R2,D013226,24770,Positive_Correlation,train
20034406,R3,D010862,D013226,Positive_Correlation,train
20034406,R4,D010862,60463,Positive_Correlation,train
20034406,R5,D010862,24770,Positive_Correlation,train
20034406,R6,60463,D007249,Association,train
20034406,R7,24770,60463,Bind,train
20105310,R0,D007249,4313,Association,train
20105310,R1,D007249,9516,Association,train
20105310,R2,D007249,7079,Association,train
20105310,R3,D007249,7078,Association,train
20105310,R4,D007249,7076,Association,train
20105310,R5,D007249,7040,Association,train
20105310,R6,1675,718,Positive_Correlation,train
20105310,R7,629,1675,Positive_Correlation,train
20105310,R8,629,718,Positive_Correlation,train
20105310,R9,718,D014280,Positive_Correlation,train
20105310,R10,D009765,718,Association,train
20105310,R11,D009765,9370,Association,train
20105310,R12,D009765,D014280,Positive_Correlation,train
20105310,R13,D008055,5468,Association,train
20105310,R14,D008055,1051,Association,train
20105310,R15,D008055,1050,Association,train
20105310,R16,D008055,2170,Association,train
20105310,R17,D008055,2168,Association,train
20105310,R18,D008055,5346,Association,train
20105310,R19,D008055,1066,Association,train
20105310,R20,D008055,3991,Association,train
20105310,R21,D008055,4023,Association,train
20105310,R22,D008055,2194,Association,train
20105310,R23,D008055,6319,Association,train
20105310,R24,D008055,84649,Association,train
20105310,R25,D008055,8694,Association,train
20105310,R26,D008055,948,Association,train
20105310,R27,27202,718,Bind,train
20105310,R28,27202,D014280,Positive_Correlation,train
20105310,R29,3630,3667,Association,train
20105310,R30,3630,3643,Association,train
20606392,R0,D046150,c|DUP|899|C|,Positive_Correlation,train
20606392,R1,D046150,p|SUB|R|211|H,Positive_Correlation,train
20606392,R2,D046150,2690,Association,train
20606392,R3,C563867,c|DUP|899|C|,Positive_Correlation,train
20606392,R4,C563867,p|SUB|R|211|H,Positive_Correlation,train
20606392,R5,C563867,2690,Association,train
20708777,R0,1584,D006973,Association,train
20708777,R1,D006973,1585,Association,train
20708777,R2,D006973,rs6387,Positive_Correlation,train
20708777,R3,D006973,rs6410,Positive_Correlation,train
20708777,R4,D006973,rs4539,Positive_Correlation,train
20708777,R5,D006973,rs1799998,Positive_Correlation,train
20708777,R6,D000236,1584,Association,train
20708777,R7,D000236,1585,Association,train
20708777,R8,D000236,rs6387,Association,train
20708777,R9,D000236,rs6410,Association,train
20708777,R10,D000236,rs4539,Association,train
20708777,R11,D000236,rs1799998,Association,train
20806042,R0,c|SUB|C|592|T,D005124,Positive_Correlation,train
20806042,R1,c|SUB|C|592|T,C538287,Positive_Correlation,train
20806042,R2,D002386,c|SUB|C|592|T,Positive_Correlation,train
20806042,R3,p|SUB|R|198|W,D005124,Positive_Correlation,train
20806042,R4,p|SUB|R|198|W,D002386,Positive_Correlation,train
20806042,R5,p|SUB|R|198|W,C538287,Positive_Correlation,train
20806042,R6,2703,D005124,Association,train
20806042,R7,2703,D002386,Association,train
20806042,R8,C538287,2703,Association,train
21163864,R0,183,D002312,Association,train
21163864,R1,D002312,rs699,Positive_Correlation,train
21615796,R0,112744,D011696,Association,train
21615796,R1,112744,D016553,Association,train
21615796,R2,D001327,112744,Association,train
21615796,R3,rs763780,D011696,Association,train
21615796,R4,D016553,rs763780,Association,train
21682595,R0,7515,D008180,Association,train
21682595,R1,7515,D005076,Association,train
21682595,R2,rs25487,D008180,Positive_Correlation,train
21682595,R3,D005076,rs25487,Positive_Correlation,train
22808010,R0,20850,D000740,Association,train
22808010,R1,16452,D000740,Association,train
22808010,R2,74427,13856,Positive_Correlation,train
22808010,R3,114715,13856,Positive_Correlation,train
22808010,R4,114716,13856,Positive_Correlation,train
22808010,R5,216233,D000740,Association,train
22808010,R6,216233,13856,Positive_Correlation,train
22808010,R7,12702,13856,Positive_Correlation,train
22808010,R8,13856,17095,Association,train
22808010,R9,13856,239083,Association,train
22808010,R10,13856,12452,Association,train
22808010,R11,13856,12576,Association,train
22808010,R12,13856,12444,Association,train
22808010,R13,13856,12228,Association,train
22808010,R14,13856,12530,Association,train
22808010,R15,13856,20715,Association,train
22808010,R16,13856,228775,Association,train
22808010,R17,13856,12125,Association,train
22808010,R18,13856,18712,Association,train
22808010,R19,13856,223775,Association,train
22808010,R20,13856,14455,Association,train
22808010,R21,13856,13857,Bind,train
22808010,R22,72049,13856,Positive_Correlation,train
22808010,R23,13857,18708,Association,train
22808010,R24,13857,D011086,Association,train
22808010,R25,13857,D000740,Association,train
22808010,R26,13857,239083,Association,train
22808010,R27,13857,12452,Association,train
22808010,R28,13857,12576,Association,train
22808010,R29,13857,12444,Association,train
22808010,R30,13857,12228,Association,train
22808010,R31,13857,12530,Association,train
22808010,R32,13857,72049,Association,train
24126708,R0,9456,D018698,Association,train
24126708,R1,9456,D007980,Association,train
24126708,R2,9456,D006212,Association,train
24126708,R3,9456,D004409,Association,train
24126708,R4,D007980,D010300,Negative_Correlation,train
24126708,R5,D007980,D006212,Positive_Correlation,train
24126708,R6,D007980,D004409,Positive_Correlation,train
24126708,R7,rs4704559,D007980,Negative_Correlation,train
24126708,R8,rs4704559,D006212,Negative_Correlation,train
24126708,R9,rs4704559,D004409,Negative_Correlation,train
2422478,R0,D008750,D007022,Positive_Correlation,train
2422478,R1,D012701,D015116,Association,train
2422478,R2,D012701,D008750,Positive_Correlation,train
2422478,R3,D012701,D007022,Positive_Correlation,train
24623966,R0,6774,7422,Association,train
24623966,R1,7422,3791,Positive_Correlation,train
24623966,R2,7422,D017382,Positive_Correlation,train
24623966,R3,66021,D017382,Positive_Correlation,train
24623966,R4,50507,6774,Positive_Correlation,train
24623966,R5,50507,3791,Positive_Correlation,train
24623966,R6,50507,7422,Association,train
24623966,R7,50507,D017382,Positive_Correlation,train
24623966,R8,114243,D017382,Positive_Correlation,train
24623966,R9,D010100,D012164,Positive_Correlation,train
24623966,R10,85431,D017382,Positive_Correlation,train
24623966,R11,85431,25589,Association,train
24632946,R0,D013629,20423,Association,train
24632946,R1,D013629,12387,Association,train
24632946,R2,12162,12387,Association,train
24632946,R3,12159,12387,Association,train
24632946,R4,D000071056,12162,Association,train
24632946,R5,D000071056,12159,Association,train
24632946,R6,12387,55994,Association,train
24632946,R7,12387,17129,Association,train
24632946,R8,12387,17125,Association,train
24632946,R9,12387,17702,Association,train
24632946,R10,12387,D029502,Association,train
24632946,R11,12387,20423,Association,train
24632946,R12,12387,D000071056,Association,train
24911645,R0,D001224,D010862,Negative_Correlation,train
24911645,R1,D001224,C573355,Negative_Correlation,train
24911645,R2,D010862,D013226,Positive_Correlation,train
24911645,R3,D010862,11423,Positive_Correlation,train
24911645,R4,D010862,D012640,Positive_Correlation,train
24911645,R5,D018698,D010862,Negative_Correlation,train
24911645,R6,D018698,C573355,Negative_Correlation,train
24911645,R7,D005680,D010862,Positive_Correlation,train
24911645,R8,D005680,C573355,Positive_Correlation,train
24911645,R9,C573355,D003967,Negative_Correlation,train
24911645,R10,C573355,D012871,Negative_Correlation,train
24911645,R11,C573355,D013226,Negative_Correlation,train
24911645,R12,C573355,D010862,Cotreatment,train
24911645,R13,C573355,11423,Positive_Correlation,train
24911645,R14,C573355,D007249,Negative_Correlation,train
24911645,R15,C573355,D012640,Negative_Correlation,train
24971338,R0,170496,D007674,Association,train
24971338,R1,170496,D020123,Association,train
24971338,R2,D016572,D017392,Association,train
24971338,R3,D016572,25647,Association,train
24971338,R4,D016572,81736,Association,train
24971338,R5,D016572,59086,Association,train
24971338,R6,D016572,64032,Association,train
24971338,R7,D016572,286934,Association,train
24971338,R8,D016572,24842,Association,train
24971338,R9,D016572,25737,Association,train
24971338,R10,D016572,56718,Association,train
24971338,R11,D016572,D007674,Positive_Correlation,train
24971338,R12,D007674,D017392,Association,train
24971338,R13,D007674,25647,Association,train
24971338,R14,D007674,81736,Association,train
24971338,R15,D007674,59086,Association,train
24971338,R16,D007674,64032,Association,train
24971338,R17,D007674,286934,Association,train
24971338,R18,D007674,24842,Association,train
24971338,R19,D007674,25737,Association,train
24971338,R20,D007674,56718,Association,train
24971338,R21,D020123,D011507,Association,train
24971338,R22,D020123,D016572,Comparison,train
24971338,R23,D020123,D007674,Negative_Correlation,train
25054547,R0,C537417,D000077590,Positive_Correlation,train
25054547,R1,C537417,D013390,Positive_Correlation,train
25054547,R2,C537417,p|SUB|V|204|D,Positive_Correlation,train
25054547,R3,rs1803274,D002092,Association,train
25054547,R4,rs1799807,rs1803274,Association,train
25054547,R5,rs1799807,D002092,Association,train
25054547,R6,D055191,c|SUB|T|695|A,Positive_Correlation,train
25054547,R7,D055191,D013390,Positive_Correlation,train
25054547,R8,D055191,p|SUB|V|204|D,Positive_Correlation,train
25054547,R9,590,C537417,Negative_Correlation,train
25054547,R10,590,D002092,Association,train
25054547,R11,590,D055191,Association,train
25054547,R12,590,D013390,Association,train
25054547,R13,590,D001049,Association,train
25054547,R14,D013390,c|SUB|T|695|A,Association,train
25054547,R15,D013390,D001049,Positive_Correlation,train
25054547,R16,D001049,D000077590,Positive_Correlation,train
25054547,R17,p|SUB|V|204|D,rs1803274,Association,train
25054547,R18,p|SUB|V|204|D,rs1799807,Association,train
25054547,R19,p|SUB|V|204|D,D002092,Association,train
25054547,R20,p|SUB|V|204|D,D013390,Association,train
25054547,R21,p|SUB|V|204|D,D001049,Positive_Correlation,train
25983002,R0,C547455,1508,Negative_Correlation,train
25983002,R1,C547455,5328,Negative_Correlation,train
25983002,R2,C547455,4318,Negative_Correlation,train
25983002,R3,3939,D011471,Association,train
25983002,R4,3939,1508,Positive_Correlation,train
25983002,R5,3939,5328,Positive_Correlation,train
25983002,R6,3939,4318,Positive_Correlation,train
25983002,R7,3939,C547455,Negative_Correlation,train
25983002,R8,3939,D009369,Association,train
27640183,R0,2056,D008055,Association,train
27640183,R1,2057,1432,Association,train
27640183,R2,2057,4067,Association,train
27640183,R3,2057,6198,Association,train
27640183,R4,2057,6776,Association,train
27640183,R5,2057,207,Association,train
27999109,R0,D007410,288264,Association,train
27999109,R1,D003920,25712,Association,train
27999109,R2,D003920,D011070,Positive_Correlation,train
27999109,R3,D003920,686326,Association,train
27999109,R4,D003920,288264,Association,train
27999109,R5,3454,D003922,Association,train
27999109,R6,3456,D003922,Association,train
27999109,R7,686326,D003922,Association,train
27999109,R8,D003922,3630,Association,train
27999109,R9,288264,D003922,Association,train
28411266,R0,6833,D003324,Association,train
28411266,R1,6833,D003924,Association,train
28411266,R2,6833,D013453,Association,train
28411266,R3,D003924,D013453,Negative_Correlation,train
28411266,R4,rs757110,D003324,Negative_Correlation,train
28411266,R5,rs757110,D003924,Negative_Correlation,train
28411266,R6,rs757110,D013453,Association,train
28411266,R7,D013453,D003324,Negative_Correlation,train
28411266,R8,3630,6833,Positive_Correlation,train
28411266,R9,3630,D013453,Positive_Correlation,train
28428256,R0,D008070,D007249,Positive_Correlation,train
28428256,R1,D055371,14062,Association,train
28428256,R2,D007249,7412,Association,train
28428256,R3,D007249,3383,Association,train
28428256,R4,C100008,14061,Association,train
28428256,R5,C100008,D008070,Negative_Correlation,train
28428256,R6,C100008,D055371,Association,train
28428256,R7,C100008,D007249,Negative_Correlation,train
28428256,R8,C100008,7412,Negative_Correlation,train
28428256,R9,C100008,3383,Negative_Correlation,train
28428256,R10,C100008,5566,Association,train
28428256,R11,C100008,5906,Association,train
28428256,R12,C100008,5879,Association,train
28428256,R13,C100008,5734,Bind,train
28428256,R14,5734,D007249,Association,train
28428256,R15,5734,5566,Positive_Correlation,train
28428256,R16,5734,5906,Positive_Correlation,train
28428256,R17,5734,5879,Positive_Correlation,train
28487437,R0,14526,D007003,Association,train
28487437,R1,14526,58991,Negative_Correlation,train
28487437,R2,3630,D003922,Negative_Correlation,train
28487437,R3,58991,D007003,Negative_Correlation,train
28487437,R4,D013311,58991,Positive_Correlation,train
28487437,R5,D013311,D006943,Positive_Correlation,train
28487437,R6,2642,D006943,Association,train
28487437,R7,2642,D003922,Association,train
28487437,R8,D001786,14527,Negative_Correlation,train
28487437,R9,D001786,208188,Association,train
28487437,R10,D001786,D013311,Negative_Correlation,train
28487437,R11,51738,D001786,Association,train
28487437,R12,51738,D005947,Association,train
28777492,R0,D007249,5716,Positive_Correlation,train
28777492,R1,5716,22339,Positive_Correlation,train
28777492,R2,D000077157,D006528,Negative_Correlation,train
28777492,R3,53380,D006528,Association,train
28777492,R4,53380,D007249,Association,train
28777492,R5,53380,D009369,Association,train
28777492,R6,53380,17075,Positive_Correlation,train
28777492,R7,53380,12151,Positive_Correlation,train
28777492,R8,53380,16193,Positive_Correlation,train
28777492,R9,53380,15170,Bind,train
28777492,R10,53380,D000077157,Negative_Correlation,train
28777492,R11,53380,20848,Positive_Correlation,train
7018927,R0,1081,2796,Association,train
7018927,R1,2796,D006220,Association,train
7018927,R2,D006966,2796,Association,train
7018927,R3,D006220,D006966,Positive_Correlation,train
7468724,R0,D007752,D000305,Negative_Correlation,train
7468724,R1,D013726,D000305,Association,train
7468724,R2,D013726,D007752,Negative_Correlation,train
7468724,R3,D002318,D000305,Positive_Correlation,train
7468724,R4,D002318,D013726,Association,train
7668252,R0,C536353,D005227,Negative_Correlation,train
7668252,R1,C536353,c|DEL|1078-1182|,Positive_Correlation,train
7668252,R2,C536353,37,Negative_Correlation,train
7668252,R3,D019308,C536353,Association,train
7668252,R4,37,D019308,Positive_Correlation,train
7905839,R0,D001523,4988,Association,train
7905839,R1,D000242,25601,Association,train
7905839,R2,D006160,25601,Association,train
7905839,R3,25601,D018847,Association,train
7905839,R4,25601,D053610,Association,train
7905839,R5,D012964,25601,Association,train
8002973,R0,D000326,215,Association,train
8755918,R0,472,D002524,Association,train
8755918,R1,D001260,472,Association,train
8755918,R2,c|INS||137,D002524,Association,train
8755918,R3,c|INS||137,D001260,Positive_Correlation,train
9294109,R0,D009223,13400,Association,train
9294109,R1,D002118,13400,Negative_Correlation,train
9647766,R0,1457,C537475,Association,train
9647766,R1,4722,4726,Bind,train
9647766,R2,4722,1457,Association,train
9647766,R3,4722,C537475,Association,train
9647766,R4,5578,C537475,Association,train
9647766,R5,4720,4726,Bind,train
9647766,R6,4720,4722,Bind,train
9647766,R7,4720,C537475,Association,train
9647766,R8,4720,5578,Association,train
9746003,R0,D000077213,D005013,Cotreatment,train
9746003,R1,D014635,D005013,Cotreatment,train
9746003,R2,D014635,D000077213,Cotreatment,train
9746003,R3,D004832,D005013,Negative_Correlation,train
9746003,R4,D004832,D000077213,Negative_Correlation,train
9746003,R5,D004832,D014635,Negative_Correlation,train
9746003,R6,D004832,D020888,Positive_Correlation,train
9746003,R7,D004832,D002220,Positive_Correlation,train
9746003,R8,D002220,D020888,Comparison,train
9746003,R9,D009207,D002220,Positive_Correlation,train
15459183,R0,rs1050501,D008180,Positive_Correlation,train
15459183,R1,D009393,971,Association,train
15459183,R2,2213,D008180,Association,train
15459183,R3,971,2213,Association,train
15459183,R4,D008180,971,Association,train
15459183,R5,12517,D008180,Association,train
15599941,R0,c|SUB|G||A,D011471,Positive_Correlation,train
15599941,R1,c|DUP||G|,D009369,Positive_Correlation,train
15599941,R2,D009369,367,Association,train
15599941,R3,354,367,Association,train
15599941,R4,c|DUP||CAG_GGC|,D011471,Positive_Correlation,train
15599941,R5,D011471,354,Association,train
15599941,R6,367,D011471,Association,train
15609295,R0,2814,7450,Bind,train
15609295,R1,2814,D001606,Association,train
15609295,R2,2811,7450,Bind,train
15609295,R3,2811,D001606,Association,train
15609295,R4,7450,D001606,Association,train
15609295,R5,2815,7450,Bind,train
15609295,R6,2815,D001606,Association,train
15609295,R7,rs5030764,D001606,Positive_Correlation,train
15609295,R8,p|SUB|NRTP|86_89|A,D001606,Positive_Correlation,train
15609295,R9,c|DEL|1952|9,D001606,Positive_Correlation,train
16288197,R0,1638,D010859,Association,train
16288197,R1,rs74315339,D005901,Positive_Correlation,train
16288197,R2,1545,D005901,Association,train
16288197,R3,10133,D005901,Association,train
16288197,R4,C537550,8104,Association,train
16288197,R5,C537550,rs74315339,Association,train
16288197,R6,C537550,1545,Association,train
16288197,R7,C537550,10133,Association,train
16288197,R8,C537550,4653,Association,train
16288197,R9,4653,D005901,Association,train
17177139,R0,c|SUB|A|1284|C,D018382,Positive_Correlation,train
17177139,R1,1081,6955,Positive_Correlation,train
17177139,R2,D013974,6955,Association,train
17177139,R3,D013974,p|SUB|E|333|D,Positive_Correlation,train
17177139,R4,D014284,6955,Association,train
17177139,R5,D014284,p|SUB|E|333|D,Positive_Correlation,train
17177139,R6,6955,D018382,Association,train
17177139,R7,D018382,D013963,Positive_Correlation,train
17177139,R8,D018382,1081,Association,train
17177139,R9,D018382,D013974,Positive_Correlation,train
17177139,R10,D018382,D014284,Positive_Correlation,train
17177139,R11,p|SUB|E|333|D,D018382,Positive_Correlation,train
17634480,R0,D017382,D009369,Positive_Correlation,train
17634480,R1,2879,D003643,Association,train
17634480,R2,2879,D001943,Association,train
17634480,R3,rs713041,D003643,Positive_Correlation,train
17634480,R4,D001943,rs757229,Positive_Correlation,train
17634480,R5,D001943,rs713041,Positive_Correlation,train
18699851,R0,D020522,2073,Association,train
18699851,R1,D020522,472,Association,train
18699851,R2,D020522,5567,Association,train
18699851,R3,D020522,9411,Association,train
18699851,R4,D020522,26271,Association,train
20086182,R0,D009369,rs1045485,Association,train
20086182,R1,D009369,c|INDEL|-652|6,Association,train
20086182,R2,D002166,7157,Association,train
20086182,R3,c|DEL|-652|6,D002166,Positive_Correlation,train
20086182,R4,c|DEL|-652|6,D000077195,Positive_Correlation,train
20086182,R5,841,D009369,Association,train
20086182,R6,841,7157,Association,train
20086182,R7,841,D002166,Association,train
20086182,R8,841,D000077195,Association,train
24914936,R0,D002658,D013974,Negative_Correlation,train
24914936,R1,D007037,D013974,Negative_Correlation,train
24914936,R2,7067,D003248,Association,train
24914936,R3,7067,D008607,Association,train
24914936,R4,7067,D001848,Association,train
24914936,R5,D013974,22094,Negative_Correlation,train
24914936,R6,D013974,12640,Negative_Correlation,train
24914936,R7,D013974,D001848,Association,train
24914936,R8,21833,D006130,Association,train
24914936,R9,21833,D001848,Association,train
27014915,R0,8737,836,Positive_Correlation,train
27014915,R1,C582180,D009369,Negative_Correlation,train
27014915,R2,330,C582180,Negative_Correlation,train
27014915,R3,330,D009369,Association,train
27014915,R4,329,C582180,Negative_Correlation,train
27014915,R5,329,D009369,Association,train
27014915,R6,56616,330,Negative_Correlation,train
27014915,R7,56616,329,Negative_Correlation,train
27014915,R8,56616,D009369,Association,train
27014915,R9,D009369,14103,Association,train
27014915,R10,D009369,18646,Association,train
27014915,R11,7124,11035,Positive_Correlation,train
27014915,R12,7124,8737,Positive_Correlation,train
27014915,R13,7124,836,Positive_Correlation,train
27014915,R14,7124,D009369,Association,train
27014915,R15,7124,D012509,Association,train
27014915,R16,4790,D009369,Association,train
27014915,R17,4790,7124,Positive_Correlation,train
27014915,R18,4790,D012509,Association,train
27014915,R19,4790,4790,Bind,train
27014915,R20,5970,7124,Positive_Correlation,train
27014915,R21,5970,D012509,Association,train
27014915,R22,5970,4790,Bind,train
27959382,R0,D005355,12013,Association,train
27959382,R1,D001761,D011658,Positive_Correlation,train
27959382,R2,12013,16193,Positive_Correlation,train
27959382,R3,12013,21803,Positive_Correlation,train
27959382,R4,12013,14775,Negative_Correlation,train
27959382,R5,12013,15368,Negative_Correlation,train
27959382,R6,12013,D011658,Positive_Correlation,train
27959382,R7,12013,D001761,Positive_Correlation,train
28368537,R0,16880,17701,Positive_Correlation,train
28368537,R1,16878,17701,Association,train
28368537,R2,16878,16880,Bind,train
28368537,R3,20848,16880,Association,train
28368537,R4,20848,16878,Association,train
28368537,R5,16452,16880,Association,train
28368537,R6,16452,16878,Association,train
28368537,R7,16452,20848,Association,train
28650467,R0,D001216,D000641,Association,train
28650467,R1,D001216,D001224,Association,train
28650467,R2,D008691,D007938,Association,train
28650467,R3,D008691,4988,Positive_Correlation,train
28650467,R4,11065,D054198,Association,train
28650467,R5,759,D054198,Association,train
28650467,R6,D001215,OMIM:615574,Positive_Correlation,train
28650467,R7,D001215,D001216,Association,train
28650467,R8,D001215,D008691,Cotreatment,train
28650467,R9,D001215,D007938,Negative_Correlation,train
28650467,R10,D001215,D054198,Negative_Correlation,train
28650467,R11,4988,D007938,Association,train
28650467,R12,4988,D054198,Negative_Correlation,train
28650467,R13,4988,D001215,Positive_Correlation,train
15748645,R0,D012878,D000975,Negative_Correlation,train
15748645,R1,D012878,4953,Positive_Correlation,train
15748645,R2,D012878,D011453,Positive_Correlation,train
16543197,R0,23418,D057130,Association,train
16543197,R1,23418,D012174,Association,train
16543197,R2,D006956,23418,Association,train
16543197,R3,rs62636275,D057130,Association,train
16543197,R4,rs62636275,D006956,Association,train
16543197,R5,rs62636275,D012174,Association,train
16574712,R0,D008569,D018817,Positive_Correlation,train
16574712,R1,D003072,D018817,Positive_Correlation,train
16575011,R0,c|DEL|1494|6,D009369,Association,train
16575011,R1,c|DEL|1494|6,D015179,Association,train
16575011,R2,7298,D009362,Association,train
16575011,R3,7298,D009369,Association,train
16575011,R4,7298,D015179,Association,train
16575011,R5,D005472,D002955,Cotreatment,train
16575011,R6,D005472,D007978,Cotreatment,train
16575011,R7,D015179,D005472,Negative_Correlation,train
16575011,R8,D015179,D002955,Negative_Correlation,train
16575011,R9,D015179,D007978,Negative_Correlation,train
17074608,R0,D020158,D005998,Positive_Correlation,train
17074608,R1,D014635,D001927,Positive_Correlation,train
17074608,R2,D014635,D002819,Positive_Correlation,train
18310445,R0,443502,443538,Negative_Correlation,train
18310445,R1,443502,443387,Negative_Correlation,train
18310445,R2,26416,652,Negative_Correlation,train
18310445,R3,17129,12159,Association,train
18310445,R4,17129,652,Association,train
18310445,R5,17125,12159,Association,train
18310445,R6,17125,652,Association,train
18310445,R7,14715,16866,Positive_Correlation,train
18310445,R8,16866,14714,Positive_Correlation,train
18310445,R9,16323,17127,Association,train
18310445,R10,16323,17126,Association,train
18310445,R11,16323,443538,Positive_Correlation,train
18310445,R12,16323,443387,Positive_Correlation,train
18310445,R13,16323,14308,Positive_Correlation,train
18310445,R14,16323,12640,Association,train
18310445,R15,16323,14714,Association,train
18310445,R16,14714,26416,Positive_Correlation,train
18310445,R17,14714,12912,Association,train
18310445,R18,14714,26417,Association,train
18310445,R19,14714,26413,Association,train
18310445,R20,14714,443538,Positive_Correlation,train
18310445,R21,14714,443387,Positive_Correlation,train
18310445,R22,14714,14308,Positive_Correlation,train
18310445,R23,14714,12640,Association,train
18310445,R24,83729,14308,Association,train
18310445,R25,83729,12640,Association,train
18310445,R26,3624,14308,Association,train
18310445,R27,3624,12640,Association,train
18310445,R28,652,14715,Negative_Correlation,train
18310445,R29,652,16866,Negative_Correlation,train
18310445,R30,652,16323,Positive_Correlation,train
18310445,R31,652,14308,Association,train
18310445,R32,652,12640,Association,train
18310445,R33,652,14714,Positive_Correlation,train
18310445,R34,652,83729,Association,train
18310445,R35,652,3624,Association,train
19082493,R0,c|INDEL||6,D005472,Positive_Correlation,train
19082493,R1,c|INDEL||6,D015179,Association,train
19082493,R2,D012004,c|INDEL||6,Association,train
19082493,R3,D012004,7298,Association,train
19082493,R4,7298,D005472,Positive_Correlation,train
19082493,R5,7298,D015179,Association,train
19082493,R6,D009369,c|INDEL||6,Association,train
19082493,R7,D009369,7298,Association,train
19082493,R8,c|DEL|194|6,D015179,Association,train
19082493,R9,D015179,c|DUP||28,Association,train
19082493,R10,D015179,D005472,Negative_Correlation,train
19082493,R11,D015179,c|SUB|G||C,Association,train
19218574,R0,D013739,rs3730089,Association,train
19218574,R1,D013739,D011085,Association,train
19218574,R2,D019326,D011085,Association,train
19218574,R3,rs3730089,D019326,Positive_Correlation,train
19218574,R4,rs3730089,D011085,Association,train
19218574,R5,5295,D013739,Association,train
19218574,R6,5295,D019326,Association,train
19218574,R7,5295,D011085,Association,train
19218574,R8,5295,D005947,Association,train
19218574,R9,5295,3630,Association,train
19218574,R10,3630,D005947,Association,train
19996135,R0,D014148,D012640,Positive_Correlation,train
20477932,R0,D005978,81736,Association,train
20477932,R1,24598,D005978,Association,train
20477932,R2,24598,2876,Association,train
20477932,R3,24598,D003042,Positive_Correlation,train
20477932,R4,81736,24598,Negative_Correlation,train
20477932,R5,81736,2876,Association,train
20477932,R6,81736,D003042,Negative_Correlation,train
20477932,R7,D000077236,D019970,Negative_Correlation,train
20477932,R8,D000077236,D008569,Negative_Correlation,train
20477932,R9,D000077236,D007859,Negative_Correlation,train
20477932,R10,D003042,2876,Association,train
20477932,R11,D003042,D000077236,Negative_Correlation,train
20477932,R12,D003042,D008569,Positive_Correlation,train
20477932,R13,D003042,D007859,Positive_Correlation,train
24587916,R0,D003907,D006861,Positive_Correlation,train
24587916,R1,D003907,D006973,Positive_Correlation,train
24587916,R2,301034,D017382,Negative_Correlation,train
24587916,R3,301034,D015431,Negative_Correlation,train
24587916,R4,301034,D006861,Negative_Correlation,train
24587916,R5,301034,D006973,Negative_Correlation,train
24587916,R6,301034,D003907,Negative_Correlation,train
24587916,R7,D007501,301034,Association,train
24743235,R0,12978,14281,Positive_Correlation,train
24743235,R1,12977,14281,Positive_Correlation,train
24743235,R2,12977,12978,Bind,train
24743235,R3,12977,16153,Positive_Correlation,train
24743235,R4,12977,16411,Positive_Correlation,train
24743235,R5,12977,16187,Association,train
24743235,R6,16153,D008070,Association,train
24743235,R7,16187,16153,Positive_Correlation,train
24743235,R8,16187,16411,Positive_Correlation,train
28348168,R0,14183,D009369,Association,train
28348168,R1,14183,20674,Association,train
28348168,R2,D019636,14183,Association,train
28398555,R0,774,D002118,Positive_Correlation,train
28398555,R1,D011189,774,Association,train
28398555,R2,D002118,D011189,Association,train
28398555,R3,D002118,D004421,Association,train
28398555,R4,D004421,rs550921485,Positive_Correlation,train
28398555,R5,D004421,rs775863165,Positive_Correlation,train
28398555,R6,3208,774,Association,train
28398555,R7,3208,D011189,Association,train
28398555,R8,3208,D002118,Positive_Correlation,train
28398555,R9,3208,783,Bind,train
28398555,R10,3208,D004421,Association,train
30442153,R0,14580,D000544,Association,train
30442153,R1,109305,16534,Association,train
30442153,R2,D009422,D000069285,Association,train
30442153,R3,D009422,5663,Association,train
30442153,R4,D009422,351,Association,train
30442153,R5,D009422,11820,Association,train
30442153,R6,D009422,16534,Association,train
30442153,R7,D000069285,351,Association,train
30442153,R8,D000069285,D008569,Association,train
30442153,R9,5663,D008569,Association,train
30442153,R10,351,D008569,Association,train
30442153,R11,11820,D008569,Association,train
30442153,R12,D005911,14580,Association,train
30442153,R13,56717,D005911,Association,train
30442153,R14,2475,D005911,Association,train
30442153,R15,207,D005911,Association,train
30442153,R16,11651,D005911,Association,train
30442153,R17,3783,D000544,Association,train
30442153,R18,3783,D009422,Association,train
30442153,R19,3783,D008569,Association,train
30442153,R20,3783,D005911,Association,train
30442153,R21,16534,D000544,Association,train
30442153,R22,16534,14580,Negative_Correlation,train
30442153,R23,16534,13198,Negative_Correlation,train
30442153,R24,16534,14828,Negative_Correlation,train
30442153,R25,16534,D000069285,Association,train
30442153,R26,16534,D008569,Association,train
30442153,R27,16534,D005911,Association,train
30442153,R28,16534,56717,Negative_Correlation,train
30442153,R29,16534,11651,Negative_Correlation,train
30442153,R30,D002118,109305,Association,train
30442153,R31,D002118,D005911,Association,train
30442153,R32,D002118,56717,Association,train
30442153,R33,D002118,2475,Association,train
30442153,R34,D002118,207,Association,train
30442153,R35,D002118,11651,Association,train
30442153,R36,D002118,3783,Association,train
30442153,R37,D002118,16534,Association,train
15461822,R0,c|DEL|4995|30,D003715,Association,train
15461822,R1,c|DEL||30,D003715,Association,train
15461822,R2,c|DEL||30,D014766,Association,train
16418600,R0,C563856,c|INS|457_458|G,Positive_Correlation,train
16418600,R1,C563856,7259,Association,train
16720068,R0,D011595,D000525,Negative_Correlation,train
16720068,R1,D011595,D017374,Negative_Correlation,train
16720068,R2,D001068,D000525,Negative_Correlation,train
16720068,R3,D001068,D017374,Negative_Correlation,train
16720068,R4,D007319,D000525,Negative_Correlation,train
16720068,R5,D007319,D017374,Negative_Correlation,train
16720068,R6,D003866,D000525,Negative_Correlation,train
16720068,R7,D003866,D017374,Negative_Correlation,train
16720068,R8,D003402,D003975,Negative_Correlation,train
16720068,R9,D003402,D001971,Negative_Correlation,train
16720068,R10,D003975,D001480,Negative_Correlation,train
16720068,R11,D001971,D001480,Negative_Correlation,train
16720068,R12,D001480,D000410,Positive_Correlation,train
16720068,R13,D001480,D001219,Positive_Correlation,train
16720068,R14,D001480,D003402,Positive_Correlation,train
16720068,R15,D001480,D000525,Positive_Correlation,train
16720068,R16,D001480,D017374,Positive_Correlation,train
16720068,R17,D005334,D000410,Positive_Correlation,train
16720068,R18,D005334,D001219,Positive_Correlation,train
16720068,R19,D005334,D003402,Positive_Correlation,train
16720068,R20,D005334,D003975,Negative_Correlation,train
16720068,R21,D005334,D001971,Negative_Correlation,train
16720068,R22,D014202,D003975,Negative_Correlation,train
16720068,R23,D014202,D001971,Negative_Correlation,train
16720068,R24,D009127,D003975,Negative_Correlation,train
16720068,R25,D009127,D001971,Negative_Correlation,train
16720068,R26,D011596,D003975,Negative_Correlation,train
16720068,R27,D011596,D001971,Negative_Correlation,train
16720068,R28,D000525,D005334,Positive_Correlation,train
16720068,R29,D000525,D014202,Positive_Correlation,train
16720068,R30,D000525,D009127,Positive_Correlation,train
16720068,R31,D000525,D011596,Positive_Correlation,train
16720068,R32,D000525,D009459,Positive_Correlation,train
16720068,R33,D017374,D005334,Positive_Correlation,train
16720068,R34,D017374,D014202,Positive_Correlation,train
16720068,R35,D017374,D009127,Positive_Correlation,train
16720068,R36,D017374,D011596,Positive_Correlation,train
16720068,R37,D017374,D000525,Drug_Interaction,train
16720068,R38,D017374,D009459,Positive_Correlation,train
16904497,R0,D017116,D013256,Negative_Correlation,train
16904497,R1,D010146,D013256,Negative_Correlation,train
16904497,R2,D011843,D013256,Negative_Correlation,train
16904497,R3,D009422,D013256,Positive_Correlation,train
16904497,R4,C030262,D020335,Positive_Correlation,train
16904497,R5,C030262,D006987,Positive_Correlation,train
16904497,R6,D002045,D020335,Positive_Correlation,train
16904497,R7,D002045,D006987,Positive_Correlation,train
16904497,R8,D011128,D014221,Positive_Correlation,train
16904497,R9,D011128,D002045,Positive_Correlation,train
16904497,R10,D013256,D011128,Positive_Correlation,train
17083016,R0,6441,D000073893,Bind,train
17083016,R1,6441,D007249,Association,train
17083016,R2,653509,D000073893,Bind,train
17083016,R3,653509,D007249,Association,train
17083016,R4,c|Allele|K|223,D003643,Association,train
17083016,R5,D002241,729238,Association,train
17083016,R6,c|SUB|Q|223|K,D003643,Positive_Correlation,train
17083016,R7,c|SUB|Q|223|K,D002241,Association,train
17083016,R8,c|SUB|Q|223|K,D008589,Positive_Correlation,train
17083016,R9,729238,D000073893,Bind,train
17083016,R10,729238,D007249,Association,train
17083016,R11,729238,D003643,Association,train
17083016,R12,729238,D008589,Association,train
17910065,R0,4487,C538049,Association,train
17910065,R1,rs121917720,C538049,Positive_Correlation,train
17910065,R2,5083,C538049,Association,train
18366737,R0,2271,D014233,Association,train
18366737,R1,2271,C538191,Association,train
18366737,R2,2271,D009369,Association,train
18366737,R3,2271,C535516,Association,train
18366737,R4,2271,D001927,Association,train
18827003,R0,c|SUB|G|1201|C,D005938,Positive_Correlation,train
18827003,R1,D006973,2908,Association,train
18827003,R2,D009765,2908,Association,train
18827003,R3,D005938,D006854,Association,train
18827003,R4,D005938,D003907,Association,train
18827003,R5,D005938,2908,Bind,train
18827003,R6,D005938,D004342,Positive_Correlation,train
18827003,R7,p|SUB|D|401|H,D008659,Positive_Correlation,train
18827003,R8,p|SUB|D|401|H,D006973,Positive_Correlation,train
18827003,R9,p|SUB|D|401|H,D009765,Positive_Correlation,train
18827003,R10,p|SUB|D|401|H,D003907,Association,train
18827003,R11,p|SUB|D|401|H,D005938,Positive_Correlation,train
18827003,R12,2908,D008659,Association,train
18827003,R13,2908,23426,Association,train
18827003,R14,2908,D003907,Association,train
18827003,R15,D004342,c|SUB|G|1201|C,Association,train
18827003,R16,D004342,p|SUB|D|401|H,Association,train
18827003,R17,D004342,2908,Association,train
20105280,R0,268482,3265,Negative_Correlation,train
20105280,R1,24064,26417,Negative_Correlation,train
20105280,R2,24064,26413,Negative_Correlation,train
20105280,R3,24064,109880,Negative_Correlation,train
20105280,R4,24064,3265,Negative_Correlation,train
20105280,R5,24063,26417,Negative_Correlation,train
20105280,R6,24063,26413,Negative_Correlation,train
20105280,R7,24063,109880,Negative_Correlation,train
20105280,R8,24063,3265,Negative_Correlation,train
20105280,R9,12577,3265,Positive_Correlation,train
20105280,R10,12575,12577,Negative_Correlation,train
20105280,R11,12575,12576,Negative_Correlation,train
20105280,R12,12576,3265,Positive_Correlation,train
20105280,R13,3265,19130,Positive_Correlation,train
20105280,R14,3265,D009369,Association,train
20105280,R15,3265,12444,Positive_Correlation,train
20105280,R16,3265,12443,Positive_Correlation,train
20846357,R0,rs28931594,C536168,Positive_Correlation,train
20846357,R1,p|SUB|A|88|V,C536168,Positive_Correlation,train
20846357,R2,c|SUB|C|263|T,C536168,Positive_Correlation,train
20846357,R3,2706,C536168,Association,train
20846357,R4,D017488,D017255,Negative_Correlation,train
20846357,R5,D010212,D017255,Negative_Correlation,train
20846357,R6,D000052,D017255,Negative_Correlation,train
20846357,R7,C536168,D017255,Negative_Correlation,train
25622904,R0,rs121913529,D009369,Association,train
25622904,R1,16477,50754,Association,train
25622904,R2,16477,12578,Association,train
25622904,R3,D009369,50754,Association,train
25622904,R4,12576,D009369,Negative_Correlation,train
25622904,R5,12576,16653,Association,train
25622904,R6,12575,D009369,Negative_Correlation,train
25622904,R7,12575,16653,Association,train
25622904,R8,97998,D009369,Negative_Correlation,train
25622904,R9,97998,16653,Association,train
25622904,R10,18033,D009369,Negative_Correlation,train
25622904,R11,18033,16653,Association,train
25622904,R12,16653,D009369,Association,train
25622904,R13,16653,D008175,Association,train
25622904,R14,19823,18015,Association,train
25622904,R15,19823,58801,Association,train
25622904,R16,19823,26413,Positive_Correlation,train
25622904,R17,19823,16477,Negative_Correlation,train
25622904,R18,19823,12578,Negative_Correlation,train
25622904,R19,19823,D009369,Association,train
25622904,R20,19823,D008175,Association,train
25622904,R21,19823,12576,Association,train
25622904,R22,19823,12575,Association,train
25622904,R23,19823,97998,Association,train
25622904,R24,19823,18033,Association,train
25622904,R25,19823,16653,Positive_Correlation,train
26115410,R0,D001152,D009369,Positive_Correlation,train
28098423,R0,D006331,24185,Association,train
28098423,R1,D004317,D066126,Positive_Correlation,train
28098423,R2,D004317,D009369,Negative_Correlation,train
28098423,R3,D004317,24185,Association,train
28098423,R4,D004317,D006331,Positive_Correlation,train
28098423,R5,24225,64639,Association,train
28098423,R6,24225,56718,Association,train
28098423,R7,24225,25054,Bind,train
28098423,R8,24225,24185,Positive_Correlation,train
28098423,R9,24225,D006331,Negative_Correlation,train
28098423,R10,24225,D004317,Negative_Correlation,train
15042318,R0,D001281,D004317,Positive_Correlation,train
15042318,R1,D009136,D004317,Positive_Correlation,train
15042318,R2,C535648,D004317,Negative_Correlation,train
15042318,R3,D004317,D066126,Positive_Correlation,train
15042318,R4,D004317,D001145,Positive_Correlation,train
15184369,R0,D016257,D002118,Positive_Correlation,train
15184369,R1,p|DEL|695-725|,D002118,Association,train
15184369,R2,D004533,D002118,Association,train
15184369,R3,D004533,55503,Association,train
15184369,R4,55503,D002118,Negative_Correlation,train
15807692,R0,c|DEL|3472|C,D016108,Positive_Correlation,train
15807692,R1,c|DEL||C,D016108,Positive_Correlation,train
15807692,R2,1294,D016108,Association,train
15807692,R3,D016108,c|SUB|G||A,Positive_Correlation,train
15807692,R4,D016108,c|SUB|G|IVS51+1|A,Positive_Correlation,train
16157158,R0,rs6318,D016574,Association,train
16157158,R1,3358,D016574,Association,train
17192049,R0,rs1048943,D011471,Negative_Correlation,train
17192049,R1,D011471,g|SUB|T|3801|C,Association,train
17192049,R2,D011471,1543,Association,train
18356633,R0,D009369,D000617,Negative_Correlation,train
18356633,R1,D009369,D000583,Negative_Correlation,train
18356633,R2,D006402,D000617,Negative_Correlation,train
18356633,R3,D006402,D000583,Negative_Correlation,train
18356633,R4,D007674,D003404,Positive_Correlation,train
18356633,R5,D000583,D007239,Negative_Correlation,train
18356633,R6,D000583,D009503,Negative_Correlation,train
18356633,R7,D000583,D007674,Positive_Correlation,train
19696792,R0,rs2622604,D001855,Positive_Correlation,train
19696792,R1,rs2622604,D000077146,Positive_Correlation,train
19696792,R2,D001855,9429,Association,train
19696792,R3,D000077146,D003967,Positive_Correlation,train
19696792,R4,D000077146,D015179,Negative_Correlation,train
19696792,R5,D000077146,D008175,Negative_Correlation,train
19696792,R6,D000077146,D001855,Positive_Correlation,train
19696792,R7,D000077146,9429,Association,train
20226780,R0,30161,30204,Negative_Correlation,train
20226780,R1,30161,359834,Association,train
20226780,R2,563085,30204,Negative_Correlation,train
20226780,R3,563085,25884,Association,train
20226780,R4,563085,91851,Association,train
20226780,R5,563085,69121,Association,train
20579626,R0,1278,D050723,Association,train
20579626,R1,1278,D010024,Association,train
20579626,R2,rs137853893,D010013,Association,train
20579626,R3,D010013,1278,Association,train
20579626,R4,D010013,121340,Association,train
22051099,R0,3579,D055113,Association,train
22051099,R1,3576,D007249,Association,train
22051099,R2,3576,D055113,Association,train
22051099,R3,3577,D007249,Association,train
22051099,R4,3577,3576,Bind,train
22051099,R5,3577,D008175,Association,train
22051099,R6,rs2234671,D008175,Negative_Correlation,train
22303482,R0,rs11079788,D003876,Negative_Correlation,train
22303482,R1,rs12141189,D010457,Association,train
22303482,R2,rs12141189,D008050,Association,train
22303482,R3,3458,D008050,Association,train
22303482,R4,1437,D010457,Association,train
22303482,R5,1437,D008050,Association,train
22303482,R6,rs2738751,D010457,Association,train
22303482,R7,rs2738751,D008050,Association,train
22303482,R8,rs17250932,D008050,Association,train
22303482,R9,7124,D008050,Association,train
22303482,R10,3596,D010457,Association,train
22303482,R11,3596,D008050,Association,train
22303482,R12,3567,D010457,Association,train
22303482,R13,3567,D008050,Association,train
22303482,R14,3142,3569,Association,train
22303482,R15,3142,113791973,Association,train
22303482,R16,3142,3458,Association,train
22303482,R17,3142,1437,Association,train
22303482,R18,3142,D010457,Association,train
22303482,R19,3142,D008050,Association,train
22303482,R20,3142,7124,Association,train
22303482,R21,3142,3596,Association,train
22303482,R22,3142,3567,Association,train
22303482,R23,3142,D001249,Association,train
22303482,R24,30009,D003876,Association,train
22303482,R25,30009,D008050,Association,train
22303482,R26,30009,7124,Association,train
22303482,R27,30009,3596,Association,train
22303482,R28,30009,3567,Association,train
22303482,R29,30009,D001249,Association,train
23791840,R0,D005315,20655,Association,train
23791840,R1,12330,D016640,Positive_Correlation,train
23791840,R2,D003920,20655,Association,train
23791840,R3,22433,D016640,Association,train
23791840,R4,78943,D016640,Association,train
23791840,R5,13666,D016640,Association,train
23791840,R6,229317,D016640,Association,train
23791840,R7,D016640,13198,Positive_Correlation,train
23791840,R8,20655,12330,Association,train
23791840,R9,20655,22433,Association,train
23791840,R10,20655,78943,Association,train
23791840,R11,20655,13666,Association,train
23791840,R12,20655,229317,Association,train
23791840,R13,20655,13198,Association,train
23791840,R14,20655,D016640,Association,train
26027517,R0,21926,84050,Positive_Correlation,train
26027517,R1,D011832,295589,Association,train
26027517,R2,D011832,498609,Association,train
26027517,R3,D011832,84050,Association,train
26027517,R4,p|SUB|C|311|A,p|SUB|L|351|A,Association,train
26027517,R5,p|SUB|C|311|A,p|SUB|C|314|A,Association,train
26027517,R6,p|SUB|C|314|A,p|SUB|L|351|A,Association,train
26027517,R7,11651,53978,Association,train
26027517,R8,18708,11651,Association,train
26027517,R9,18708,53978,Association,train
26027517,R10,26417,53978,Association,train
26027517,R11,26413,53978,Association,train
26027517,R12,65086,15270,Association,train
26027517,R13,14745,15270,Association,train
26027517,R14,500987,53978,Association,train
26027517,R15,685055,C512273,Negative_Correlation,train
26027517,R16,300711,81736,Association,train
26027517,R17,300711,C512273,Negative_Correlation,train
26027517,R18,53978,21926,Positive_Correlation,train
26027517,R19,53978,16590,Association,train
26027517,R20,53978,110454,Association,train
26027517,R21,53978,83557,Association,train
26027517,R22,53978,15270,Association,train
26027517,R23,53978,65086,Association,train
26027517,R24,53978,14745,Association,train
26027517,R25,53978,295589,Association,train
26027517,R26,498609,500987,Association,train
26027517,R27,498609,81736,Association,train
26027517,R28,498609,C512273,Negative_Correlation,train
26027517,R29,498609,300711,Positive_Correlation,train
26027517,R30,498609,295589,Association,train
26027517,R31,84050,295589,Association,train
26027517,R32,84050,53978,Association,train
26027517,R33,84050,498609,Association,train
28101574,R0,4130,D006528,Association,train
28101574,R1,207,D006528,Association,train
28101574,R2,4751,D009362,Association,train
28101574,R3,4751,D009369,Association,train
28101574,R4,4751,4130,Positive_Correlation,train
28101574,R5,4751,207,Positive_Correlation,train
28101574,R6,4751,D006528,Association,train
15033202,R0,D049932,4683,Association,train
15033202,R1,D049932,c|DEL||5,Positive_Correlation,train
15198485,R0,rs5370,D050177,Association,train
15198485,R1,rs5370,D009765,Association,train
15198485,R2,1906,D050177,Association,train
15198485,R3,1906,D009765,Association,train
16120104,R0,c|Allele|G|111,C565789,Positive_Correlation,train
16120104,R1,8864,C565789,Association,train
17003357,R0,rs2476601,D003922,Positive_Correlation,train
17003357,R1,D003922,26191,Association,train
17003357,R2,D003922,rs56048322,Positive_Correlation,train
17628794,R0,p|SUB|V|16|A,D052878,Positive_Correlation,train
17628794,R1,D052878,6648,Association,train
17628794,R2,6648,D002137,Association,train
19160446,R0,5027,D003866,Association,train
19160446,R1,5027,D001714,Association,train
19549709,R0,2475,D002289,Association,train
19549709,R1,D000068338,2475,Negative_Correlation,train
19549709,R2,D000068338,D002289,Negative_Correlation,train
19549709,R3,1956,D002289,Association,train
19549709,R4,D010984,D002289,Negative_Correlation,train
19891556,R0,D000077144,1557,Association,train
19891556,R1,D000077144,D003324,Negative_Correlation,train
20367983,R0,D009369,4221,Negative_Correlation,train
20367983,R1,c|INS||C,D018761,Positive_Correlation,train
20367983,R2,c|INS||C,D010911,Positive_Correlation,train
20367983,R3,c|INS||C,D006965,Positive_Correlation,train
20367983,R4,4221,D018761,Association,train
20367983,R5,4221,D010911,Association,train
20367983,R6,4221,D006965,Association,train
20367983,R7,c|INS|1546_1547|C,D018761,Positive_Correlation,train
20367983,R8,c|INS|1546_1547|C,D010911,Positive_Correlation,train
20367983,R9,c|INS|1546_1547|C,D006965,Positive_Correlation,train
20367983,R10,c|INS|1546_1547|C,c|SUB|C|IVS3+18|T,Association,train
22180037,R0,rs1695,D011470,Association,train
22180037,R1,rs1695,D011471,Positive_Correlation,train
22180037,R2,2950,D011470,Association,train
22180037,R3,2950,D011471,Association,train
24742750,R0,D015283,D016171,Positive_Correlation,train
24742750,R1,D016593,D016171,Positive_Correlation,train
26270232,R0,D009369,2147,Association,train
26270232,R1,D009369,174,Association,train
26270232,R2,7066,D008103,Association,train
26270232,R3,D006528,7066,Positive_Correlation,train
26270232,R4,D006528,3576,Positive_Correlation,train
26270232,R5,D006528,6374,Positive_Correlation,train
26270232,R6,D006528,6352,Positive_Correlation,train
26270232,R7,D006528,6351,Positive_Correlation,train
26270232,R8,D006528,6348,Positive_Correlation,train
26270232,R9,D006528,6347,Positive_Correlation,train
26270232,R10,3576,D008103,Association,train
26270232,R11,6374,D008103,Association,train
26270232,R12,6352,D008103,Association,train
26270232,R13,6351,D008103,Association,train
26270232,R14,6348,D008103,Association,train
26270232,R15,6347,D008103,Association,train
26270232,R16,D019798,D007249,Association,train
26270232,R17,D007249,3576,Association,train
26270232,R18,D007249,6374,Association,train
26270232,R19,D007249,6352,Association,train
26270232,R20,D007249,6351,Association,train
26270232,R21,D007249,6348,Association,train
26270232,R22,D007249,6347,Association,train
26270232,R23,D007249,3569,Association,train
26270232,R24,1401,D007249,Association,train
28883039,R0,76895,D009134,Association,train
28883039,R1,76895,1639,Association,train
28883039,R2,76895,1778,Association,train
28883039,R3,76895,23299,Association,train
28883039,R4,5870,76895,Positive_Correlation,train
28883039,R5,5870,1639,Positive_Correlation,train
28883039,R6,5870,1778,Positive_Correlation,train
28883039,R7,1639,D009134,Association,train
28883039,R8,1778,D009134,Association,train
28883039,R9,1778,1639,Bind,train
28883039,R10,23299,D009134,Association,train
28883039,R11,23299,1639,Bind,train
28883039,R12,23299,1778,Bind,train
29045486,R0,D000438,D028361,Positive_Correlation,train
29045486,R1,D000438,D064420,Positive_Correlation,train
29045486,R2,D000438,D007249,Positive_Correlation,train
29045486,R3,D013831,15251,Negative_Correlation,train
29045486,R4,D013831,D013832,Association,train
29045486,R5,56878,D013832,Association,train
29045486,R6,D007249,58801,Association,train
29045486,R7,D007249,12177,Association,train
29045486,R8,D007249,12176,Association,train
29045486,R9,D007249,20296,Association,train
29045486,R10,D007511,15251,Association,train
29045486,R11,D000860,15251,Association,train
29045486,R12,15251,56878,Negative_Correlation,train
29045486,R13,15251,D007249,Association,train
29045486,R14,15251,58801,Association,train
29045486,R15,15251,12177,Association,train
29045486,R16,15251,12176,Association,train
29045486,R17,15251,20296,Association,train
29045486,R18,D013832,D000438,Positive_Correlation,train
29045486,R19,D013832,11747,Association,train
29045486,R20,D013832,58801,Association,train
29045486,R21,D013832,12177,Association,train
29045486,R22,D013832,12176,Association,train
29045486,R23,D013832,20296,Association,train
29045486,R24,D013832,15251,Positive_Correlation,train
15602202,R0,D000900,D007674,Positive_Correlation,train
15602202,R1,D000900,D009395,Positive_Correlation,train
15602202,R2,D000305,D009395,Negative_Correlation,train
15602202,R3,D009395,D017963,Positive_Correlation,train
16160878,R0,24111,D001919,Positive_Correlation,train
16160878,R1,24111,D006973,Positive_Correlation,train
16160878,R2,24111,12640,Positive_Correlation,train
16160878,R3,24111,19109,Positive_Correlation,train
16160878,R4,24111,D001523,Association,train
16160878,R5,24111,D003866,Positive_Correlation,train
16160878,R6,24111,D001008,Positive_Correlation,train
16288199,R0,D009569,D009422,Association,train
16288199,R1,c|DUP||CCTTT|14,D005902,Association,train
16288199,R2,D005902,c|DUP||CCTTT|13,Association,train
16288199,R3,D005902,c|DUP||CCTTT|10,Association,train
16288199,R4,4843,D001766,Association,train
16288199,R5,4843,D005901,Association,train
16288199,R6,4843,D005902,Association,train
16391785,R0,C012589,D008175,Negative_Correlation,train
16391785,R1,C012589,81704,Positive_Correlation,train
16391785,R2,D000077209,D008175,Negative_Correlation,train
16391785,R3,D000077209,81704,Positive_Correlation,train
16391785,R4,81704,D009369,Association,train
16391785,R5,81704,D001943,Negative_Correlation,train
16391785,R6,81704,D008175,Negative_Correlation,train
17250663,R0,rs121908072,D034381,Positive_Correlation,train
17250663,R1,117531,D034381,Association,train
17318851,R0,D019465,2260,Association,train
17318851,R1,D019465,3664,Association,train
17318851,R2,rs7802,C562509,Positive_Correlation,train
17318851,R3,rs7802,C536528,Positive_Correlation,train
17318851,R4,rs7802,C566121,Association,train
17318851,R5,rs7802,D000848,Association,train
17318851,R6,rs2235371,C562509,Positive_Correlation,train
17318851,R7,rs2235371,C536528,Positive_Correlation,train
17318851,R8,rs2235371,C566121,Association,train
17318851,R9,rs2235371,D000848,Association,train
17318851,R10,rs17015215,C562509,Positive_Correlation,train
17318851,R11,rs17015215,C536528,Positive_Correlation,train
17318851,R12,rs17015215,C566121,Association,train
17318851,R13,rs17015215,D000848,Association,train
17318851,R14,rs861019,C562509,Positive_Correlation,train
17318851,R15,rs861019,C536528,Positive_Correlation,train
17318851,R16,rs861019,C566121,Association,train
17318851,R17,rs861019,D000848,Association,train
17318851,R18,2260,D000848,Association,train
17318851,R19,3664,7039,Association,train
17318851,R20,3664,4487,Association,train
17318851,R21,3664,C562509,Association,train
17318851,R22,3664,C536528,Association,train
17318851,R23,3664,C566121,Association,train
17318851,R24,3664,D000848,Association,train
17951029,R0,p|SUB|E||X,D005489,Positive_Correlation,train
17951029,R1,c|SUB|G|898|T,D005489,Positive_Correlation,train
17951029,R2,D005489,64840,Association,train
17951029,R3,p|SUB|E|300|X,D005489,Positive_Correlation,train
19110214,R0,rs545688154,D002118,Association,train
19110214,R1,D010009,1464,Association,train
19110214,R2,D010009,3371,Association,train
19110214,R3,D010009,rs545688154,Positive_Correlation,train
19110214,R4,176,3371,Association,train
19110214,R5,176,D010009,Association,train
19592582,R0,57817,C562385,Association,train
19592582,R1,C562385,p|SUB|A|118|D,Positive_Correlation,train
19592582,R2,C562385,c|SUB|C|468|T,Positive_Correlation,train
19592582,R3,C562385,c|SUB|C|467|A,Positive_Correlation,train
19592582,R4,C562385,c|INS|2172_2173|CCCC,Positive_Correlation,train
19592582,R5,C562385,c|INS||CCCC,Positive_Correlation,train
19592582,R6,C562385,p|FS|P|686||,Positive_Correlation,train
19592582,R7,D007501,D018798,Association,train
19592582,R8,164656,57817,Negative_Correlation,train
19592582,R9,164656,C562385,Association,train
19592582,R10,164656,D018798,Association,train
19841052,R0,D006679,D016578,Positive_Correlation,train
19841052,R1,D016578,D015658,Positive_Correlation,train
21666969,R0,3569,D015431,Association,train
21666969,R1,3952,D015431,Association,train
21666969,R2,56729,D015431,Association,train
21666969,R3,1268,D009765,Association,train
21666969,R4,1268,D015431,Association,train
21666969,R5,rs1049353,D015431,Association,train
21810259,R0,3620,D015658,Association,train
21810259,R1,3620,D000275,Association,train
21810259,R2,D014364,15930,Association,train
21810259,R3,D014364,D000275,Association,train
21810259,R4,15978,26416,Association,train
21810259,R5,15930,15978,Association,train
21810259,R6,15930,26416,Association,train
21810259,R7,15930,D000275,Association,train
21810259,R8,15930,155871,Positive_Correlation,train
21810259,R9,C090942,15567,Negative_Correlation,train
21810259,R10,C090942,18126,Negative_Correlation,train
21810259,R11,C090942,16193,Negative_Correlation,train
21810259,R12,C090942,21926,Negative_Correlation,train
21810259,R13,C090942,15930,Negative_Correlation,train
21810259,R14,C090942,155871,Negative_Correlation,train
21810259,R15,26416,D015658,Association,train
21810259,R16,26416,C090942,Negative_Correlation,train
21810259,R17,26416,D000275,Association,train
21810259,R18,155871,15978,Association,train
21810259,R19,155871,15567,Positive_Correlation,train
21810259,R20,155871,18126,Positive_Correlation,train
21810259,R21,155871,16193,Positive_Correlation,train
21810259,R22,155871,21926,Positive_Correlation,train
21810259,R23,155871,26416,Association,train
21810259,R24,155871,D000275,Positive_Correlation,train
25979836,R0,311450,D018377,Positive_Correlation,train
25979836,R1,311450,D005768,Positive_Correlation,train
25979836,R2,296078,D018377,Positive_Correlation,train
25979836,R3,296078,D005768,Positive_Correlation,train
25979836,R4,29433,D018377,Positive_Correlation,train
25979836,R5,29433,D005768,Positive_Correlation,train
25979836,R6,29431,D018377,Positive_Correlation,train
25979836,R7,29431,D005768,Positive_Correlation,train
25979836,R8,292756,D018377,Positive_Correlation,train
25979836,R9,292756,D005768,Positive_Correlation,train
25979836,R10,24203,25298,Positive_Correlation,train
25979836,R11,C541795,24203,Negative_Correlation,train
25979836,R12,C541795,50689,Negative_Correlation,train
25979836,R13,C541795,116590,Negative_Correlation,train
25979836,R14,C541795,64465,Association,train
25979836,R15,C541795,363875,Association,train
25979836,R16,C541795,D001839,Association,train
25979836,R17,C541795,25298,Negative_Correlation,train
25979836,R18,C541795,29432,Negative_Correlation,train
25979836,R19,298947,C085911,Negative_Correlation,train
25979836,R20,298947,D000077191,Negative_Correlation,train
25979836,R21,24889,25298,Association,train
25979836,R22,D001839,24203,Positive_Correlation,train
25979836,R23,25298,83805,Association,train
25979836,R24,25298,50689,Positive_Correlation,train
25979836,R25,25298,116590,Positive_Correlation,train
25979836,R26,25298,64465,Association,train
25979836,R27,25298,363875,Association,train
25979836,R28,25298,24681,Association,train
25979836,R29,25298,24655,Association,train
25979836,R30,D018377,83805,Association,train
25979836,R31,D018377,64465,Association,train
25979836,R32,D018377,363875,Association,train
25979836,R33,D018377,24681,Association,train
25979836,R34,D018377,29432,Positive_Correlation,train
25979836,R35,29432,D010195,Association,train
25979836,R36,29432,D010182,Association,train
25979836,R37,29432,83805,Association,train
25979836,R38,29432,64465,Bind,train
25979836,R39,29432,363875,Bind,train
25979836,R40,29432,24889,Association,train
25979836,R41,29432,25266,Positive_Correlation,train
25979836,R42,29432,25313,Positive_Correlation,train
25979836,R43,29432,D001839,Positive_Correlation,train
25979836,R44,29432,D013755,Positive_Correlation,train
25979836,R45,29432,24681,Positive_Correlation,train
25979836,R46,29432,D002217,Positive_Correlation,train
25979836,R47,29432,25298,Positive_Correlation,train
25979836,R48,29432,24655,Positive_Correlation,train
25979836,R49,29432,54250,Positive_Correlation,train
25979836,R50,D005768,83805,Association,train
25979836,R51,D005768,64465,Association,train
25979836,R52,D005768,363875,Association,train
25979836,R53,D005768,24681,Association,train
25979836,R54,D005768,29432,Positive_Correlation,train
27930654,R0,11020,D020788,Association,train
27930654,R1,9364,11020,Association,train
27930654,R2,9364,D020788,Association,train
27930654,R3,D006160,260219,Association,train
27930654,R4,D006160,189429,Bind,train
27930654,R5,D006153,189429,Bind,train
27930654,R6,D020788,260219,Association,train
27930654,R7,189429,D000071700,Association,train
27930654,R8,189429,260219,Association,train
28604678,R0,51652,29082,Association,train
28604678,R1,51652,9525,Association,train
28604678,R2,51652,27183,Association,train
28604678,R3,51652,128866,Association,train
28604678,R4,27243,29082,Association,train
28604678,R5,27243,9525,Association,train
28604678,R6,27243,27183,Association,train
28604678,R7,27243,128866,Association,train
28604678,R8,128866,9525,Association,train
28604678,R9,128866,27183,Association,train
16167916,R0,D054556,5327,Positive_Correlation,train
16167916,R1,D054556,D020849,Positive_Correlation,train
16167916,R2,D010024,D020849,Negative_Correlation,train
16167916,R3,D020849,5327,Positive_Correlation,train
16167916,R4,D020849,1361,Negative_Correlation,train
16167916,R5,D020849,D001851,Negative_Correlation,train
16167916,R6,5054,D020849,Association,train
16781314,R0,D030342,5317,Association,train
16781314,R1,5317,D012873,Association,train
16781314,R2,c|DEL888|C,D012873,Association,train
16781314,R3,C536183,5317,Association,train
16781314,R4,C536183,c|DEL888|C,Positive_Correlation,train
16843501,R0,4968,D013274,Association,train
16843501,R1,g|SUB|G|135|C,D013274,Association,train
16843501,R2,g|SUB|G||C,D013274,Association,train
16843501,R3,D013274,5888,Association,train
17221831,R0,4860,D000544,Association,train
17221831,R1,D019636,4860,Association,train
17221831,R2,D019636,rs1049564,Association,train
17221831,R3,D003072,4860,Association,train
17221831,R4,rs1049564,D003072,Positive_Correlation,train
17221831,R5,rs1049564,D000544,Association,train
17286451,R0,5925,D012175,Association,train
17286451,R1,5925,D009369,Association,train
17327131,R0,1572,D009369,Association,train
19234905,R0,D007980,D004409,Positive_Correlation,train
19365571,R0,D003317,c|SUB|T|1072|C,Association,train
19365571,R1,D003317,c|SUB|C|892|T,Association,train
19365571,R2,D003317,4166,Association,train
19365571,R3,D003317,p|SUB|Y|358|H,Association,train
19365571,R4,D003317,p|SUB|Q|298|X,Association,train
19365571,R5,D007632,c|SUB|T|1072|C,Association,train
19365571,R6,D007632,c|SUB|C|892|T,Association,train
19365571,R7,D007632,4166,Association,train
19365571,R8,D007632,p|SUB|Y|358|H,Association,train
19365571,R9,D007632,D003317,Association,train
19365571,R10,D007632,p|SUB|Q|298|X,Association,train
19642243,R0,D014640,D051437,Positive_Correlation,train
19642243,R1,D010019,D014640,Negative_Correlation,train
19642243,R2,D000068698,D005198,Positive_Correlation,train
19642243,R3,D000068698,D051437,Positive_Correlation,train
19642243,R4,D000068698,D014640,Drug_Interaction,train
19642243,R5,D000068698,D058186,Positive_Correlation,train
19672862,R0,D009369,5594,Association,train
19672862,R1,D009369,207,Association,train
19672862,R2,D009369,983,Association,train
19672862,R3,D009369,1027,Association,train
19672862,R4,D009369,1026,Association,train
19672862,R5,D016889,5578,Association,train
19672862,R6,1950,5594,Positive_Correlation,train
19672862,R7,207,2932,Association,train
19672862,R8,983,1027,Negative_Correlation,train
19672862,R9,983,1026,Negative_Correlation,train
19672862,R10,1027,5594,Association,train
19672862,R11,1027,207,Association,train
19672862,R12,1026,5594,Association,train
19672862,R13,1026,207,Association,train
19672862,R14,5578,D009369,Association,train
19672862,R15,5578,1950,Association,train
19672862,R16,5578,5594,Positive_Correlation,train
19672862,R17,5578,2932,Association,train
19672862,R18,5578,207,Association,train
19672862,R19,5578,983,Association,train
19672862,R20,5578,1027,Negative_Correlation,train
19672862,R21,5578,1026,Negative_Correlation,train
20046642,R0,D019287,25402,Negative_Correlation,train
20046642,R1,D019287,D008315,Negative_Correlation,train
20046642,R2,D019287,24835,Negative_Correlation,train
20046642,R3,D019287,D005978,Positive_Correlation,train
20046642,R4,D019287,116686,Positive_Correlation,train
20046642,R5,D019287,D002330,Cotreatment,train
20046642,R6,25402,D008668,Negative_Correlation,train
20046642,R7,D008668,D019287,Positive_Correlation,train
20046642,R8,D008668,D008315,Negative_Correlation,train
20046642,R9,D008668,24835,Negative_Correlation,train
20046642,R10,D008668,D005978,Positive_Correlation,train
20046642,R11,D008668,116686,Positive_Correlation,train
20046642,R12,D003072,D008668,Negative_Correlation,train
20046642,R13,D002330,25402,Positive_Correlation,train
20046642,R14,D002330,D008315,Positive_Correlation,train
20046642,R15,D002330,24835,Positive_Correlation,train
20046642,R16,D002330,D005978,Negative_Correlation,train
20046642,R17,D002330,116686,Negative_Correlation,train
20046642,R18,D002330,D008569,Positive_Correlation,train
20046642,R19,D002330,D007859,Positive_Correlation,train
20046642,R20,D002330,D008668,Positive_Correlation,train
20046642,R21,D002330,D003072,Positive_Correlation,train
20534142,R0,D044882,D011384,Association,train
20534142,R1,D005947,5122,Association,train
20534142,R2,D005947,D011384,Association,train
20534142,R3,rs6232,D005947,Association,train
20534142,R4,rs6232,D009765,Association,train
20534142,R5,rs6232,3630,Association,train
20534142,R6,5122,D044882,Association,train
20534142,R7,5122,D011384,Association,train
20534142,R8,rs6235,D009765,Association,train
20534142,R9,D011384,D009765,Association,train
20534142,R10,D009765,5122,Association,train
20534142,R11,3630,5122,Association,train
20534142,R12,3630,D011384,Association,train
20534142,R13,3630,D009765,Association,train
28260110,R0,D005227,D015179,Association,train
28260110,R1,D010168,2194,Association,train
28260110,R2,D010168,D004642,Association,train
28260110,R3,D002569,2194,Negative_Correlation,train
28260110,R4,D002569,D015179,Negative_Correlation,train
28260110,R5,2194,D005227,Association,train
28260110,R6,2194,5595,Association,train
28260110,R7,2194,5594,Association,train
28260110,R8,2194,207,Association,train
28260110,R9,2194,5291,Association,train
28260110,R10,2194,D009249,Association,train
28260110,R11,2194,D015179,Association,train
28260110,R12,2194,D004642,Negative_Correlation,train
28260110,R13,D004642,5595,Association,train
28260110,R14,D004642,5594,Association,train
28260110,R15,D004642,207,Association,train
28260110,R16,D004642,5291,Association,train
28260110,R17,D004642,D002569,Cotreatment,train
28260110,R18,D004642,D005230,Negative_Correlation,train
28260110,R19,D004642,D015179,Negative_Correlation,train
28260110,R20,D004642,D009369,Negative_Correlation,train
28747658,R0,p|SUB|S|75|X,D009369,Association,train
28747658,R1,p|SUB|R|76|G,D009369,Association,train
28747658,R2,D009369,5494,Association,train
28747658,R3,D009369,5058,Association,train
28747658,R4,D009369,2932,Association,train
28747658,R5,D009369,11200,Association,train
28747658,R6,D009369,1111,Association,train
28747658,R7,D009369,1024,Association,train
28747658,R8,D009369,1017,Association,train
28747658,R9,D009369,983,Association,train
28747658,R10,D009369,4869,Association,train
28747658,R11,155348,D008223,Association,train
28747658,R12,155348,5494,Association,train
28747658,R13,155348,5058,Association,train
28747658,R14,155348,2932,Association,train
28747658,R15,155348,11200,Association,train
28747658,R16,155348,1111,Association,train
28747658,R17,155348,1024,Association,train
28747658,R18,155348,1017,Association,train
28747658,R19,155348,983,Association,train
28747658,R20,155348,D009369,Association,train
28747658,R21,155348,5599,Association,train
28747658,R22,155348,5076,Association,train
28747658,R23,155348,6714,Association,train
28747658,R24,155348,7534,Association,train
28747658,R25,155348,4869,Association,train
28747658,R26,155348,1676,Association,train
28747658,R27,155348,840,Association,train
28747658,R28,155348,842,Association,train
16410744,R0,p|SUB|Q||Q,D005909,Association,train
16410744,R1,p|SUB|Q|787|Q,D005909,Association,train
16410744,R2,7157,1029,Positive_Correlation,train
16410744,R3,7157,D005909,Association,train
16410744,R4,1956,1029,Negative_Correlation,train
16410744,R5,D005909,1029,Association,train
16410744,R6,D005909,1956,Association,train
17065198,R0,7157,D012878,Association,train
17065198,R1,7157,D055623,Association,train
17065198,R2,7157,D016572,Association,train
17065198,R3,c|SUB|C||T,D012878,Positive_Correlation,train
17065198,R4,c|SUB|C||T,D016572,Association,train
17344330,R0,D016171,D008691,Positive_Correlation,train
17344330,R1,D002047,D006556,Negative_Correlation,train
17344330,R2,D002047,D008691,Comparison,train
17344330,R3,D008691,D000701,Association,train
17344330,R4,D008691,D006556,Negative_Correlation,train
17344330,R5,D008691,D008133,Positive_Correlation,train
17344330,R6,D008691,D013575,Positive_Correlation,train
18945288,R0,3081,D006713,Association,train
18945288,R1,3081,D000474,Association,train
18945288,R2,p|FS|R|58||,D000474,Association,train
18945288,R3,c|DEL|342|A,D000474,Association,train
19306381,R0,5747,2065,Association,train
19306381,R1,5747,13867,Association,train
19306381,R2,2066,5747,Association,train
19306381,R3,2066,3688,Association,train
19306381,R4,2066,D018319,Association,train
19306381,R5,13869,5747,Association,train
19306381,R6,13869,3688,Association,train
19306381,R7,13869,D018319,Association,train
19306381,R8,2065,3688,Association,train
19306381,R9,2065,D018319,Association,train
19306381,R10,13867,3688,Association,train
19306381,R11,13867,D018319,Association,train
19306381,R12,16777,3688,Bind,train
19306381,R13,3084,207,Positive_Correlation,train
19306381,R14,3084,11651,Positive_Correlation,train
19306381,R15,3084,5595,Positive_Correlation,train
19306381,R16,3084,5594,Positive_Correlation,train
19306381,R17,3084,26417,Positive_Correlation,train
19306381,R18,3084,26413,Positive_Correlation,train
19306381,R19,3084,9475,Association,train
19306381,R20,3084,6093,Association,train
19306381,R21,3084,19878,Association,train
19306381,R22,3084,19877,Association,train
19306381,R23,3084,6714,Positive_Correlation,train
19306381,R24,3084,20779,Positive_Correlation,train
19306381,R25,3084,5290,Association,train
19306381,R26,3084,30955,Association,train
19306381,R27,3084,5599,Positive_Correlation,train
19306381,R28,3084,26419,Positive_Correlation,train
19306381,R29,3084,5605,Association,train
19306381,R30,3084,5604,Association,train
19306381,R31,3084,26396,Association,train
19306381,R32,3084,26395,Association,train
19306381,R33,3084,2066,Bind,train
19306381,R34,3084,13869,Bind,train
19306381,R35,3084,2065,Bind,train
19306381,R36,3084,13867,Bind,train
19306381,R37,3084,16777,Association,train
19306381,R38,D018319,4763,Association,train
19306381,R39,D018319,5747,Association,train
19306381,R40,D018319,3688,Association,train
19306381,R41,D018319,16777,Association,train
19306381,R42,D018319,3084,Association,train
22048266,R0,rs2073416,D004314,Association,train
22048266,R1,rs2073601,D004314,Association,train
22048266,R2,rs461155,D004314,Association,train
22048266,R3,2114,D004314,Association,train
22048266,R4,6493,D004314,Association,train
24853300,R0,793,D000544,Negative_Correlation,train
24853300,R1,D028361,12307,Association,train
24853300,R2,12307,12912,Association,train
24853300,R3,12307,D002118,Bind,train
24853300,R4,12307,19164,Association,train
24853300,R5,12307,20977,Association,train
24853300,R6,12307,13385,Association,train
24853300,R7,12307,14811,Association,train
24853300,R8,12307,14810,Association,train
24853300,R9,12307,26417,Association,train
24853300,R10,12307,26413,Association,train
24853300,R11,12307,D009410,Negative_Correlation,train
24853300,R12,12307,D000544,Negative_Correlation,train
26102294,R0,7157,1026,Positive_Correlation,train
26102294,R1,7157,5460,Positive_Correlation,train
26102294,R2,D018236,7157,Association,train
26102294,R3,D018236,1026,Association,train
26102294,R4,D018236,5460,Association,train
26102294,R5,1029,D005047,Association,train
26102294,R6,D005047,7157,Association,train
26102294,R7,D005047,D018236,Negative_Correlation,train
26102294,R8,D005047,5562,Positive_Correlation,train
26102294,R9,D005047,1026,Positive_Correlation,train
26102294,R10,D005047,5460,Positive_Correlation,train
26102294,R11,1026,5562,Association,train
26102294,R12,5460,5562,Positive_Correlation,train
26102294,R13,5460,1026,Positive_Correlation,train
26411452,R0,7113,2078,Association,train
26411452,R1,rs11891426,D011471,Association,train
26411452,R2,D000728,rs11891426,Association,train
26411452,R3,367,D011471,Association,train
26411452,R4,367,D000728,Association,train
26411452,R5,79083,D011471,Association,train
26411452,R6,79083,D000728,Association,train
26411452,R7,79083,367,Bind,train
27941998,R0,81647,C563319,Association,train
27941998,R1,1386,C563319,Association,train
27941998,R2,581,C563319,Association,train
27941998,R3,24887,C563319,Association,train
27941998,R4,64362,D009135,Association,train
27941998,R5,64362,C563319,Association,train
27941998,R6,1674,D009135,Association,train
27941998,R7,1674,C563319,Association,train
27941998,R8,83529,C563319,Association,train
27941998,R9,83529,64362,Association,train
27941998,R10,83529,1674,Association,train
27941998,R11,83529,D028361,Association,train
27941998,R12,7416,C563319,Association,train
27941998,R13,7416,64362,Association,train
27941998,R14,7416,1674,Association,train
27941998,R15,7416,D028361,Association,train
30836660,R0,D007249,7124,Association,train
30836660,R1,D007249,21926,Association,train
30836660,R2,D007249,3569,Association,train
30836660,R3,D007249,16193,Association,train
30836660,R4,D007249,3553,Association,train
30836660,R5,D007249,16176,Association,train
30836660,R6,D005492,D007674,Positive_Correlation,train
30836660,R7,D007674,5594,Association,train
30836660,R8,D007674,26413,Association,train
30836660,R9,D007674,4790,Association,train
30836660,R10,D007674,18033,Association,train
30836660,R11,D007674,4792,Association,train
30836660,R12,D007674,18035,Association,train
30836660,R13,D007674,7099,Association,train
30836660,R14,D007674,21898,Association,train
30836660,R15,C009172,5594,Negative_Correlation,train
30836660,R16,C009172,26413,Negative_Correlation,train
30836660,R17,C009172,4790,Negative_Correlation,train
30836660,R18,C009172,18033,Negative_Correlation,train
30836660,R19,C009172,4792,Negative_Correlation,train
30836660,R20,C009172,18035,Negative_Correlation,train
30836660,R21,C009172,7099,Negative_Correlation,train
30836660,R22,C009172,21898,Negative_Correlation,train
30836660,R23,C009172,D007249,Negative_Correlation,train
30836660,R24,C009172,7124,Negative_Correlation,train
30836660,R25,C009172,21926,Negative_Correlation,train
30836660,R26,C009172,3569,Negative_Correlation,train
30836660,R27,C009172,16193,Negative_Correlation,train
30836660,R28,C009172,3553,Negative_Correlation,train
30836660,R29,C009172,16176,Negative_Correlation,train
30836660,R30,C009172,D014527,Negative_Correlation,train
30836660,R31,C009172,D003404,Negative_Correlation,train
30836660,R32,C009172,999,Positive_Correlation,train
30836660,R33,C009172,12550,Positive_Correlation,train
30836660,R34,C009172,6591,Negative_Correlation,train
30836660,R35,C009172,20583,Negative_Correlation,train
30836660,R36,C009172,6615,Negative_Correlation,train
30836660,R37,C009172,20613,Negative_Correlation,train
30836660,R38,C009172,7040,Negative_Correlation,train
30836660,R39,C009172,21803,Negative_Correlation,train
30836660,R40,C009172,7431,Negative_Correlation,train
30836660,R41,C009172,22352,Negative_Correlation,train
30836660,R42,C009172,59,Negative_Correlation,train
30836660,R43,C009172,11475,Negative_Correlation,train
30836660,R44,C009172,12843,Negative_Correlation,train
30836660,R45,C009172,12842,Negative_Correlation,train
30836660,R46,C009172,1278,Negative_Correlation,train
30836660,R47,C009172,1277,Negative_Correlation,train
30836660,R48,C009172,12825,Negative_Correlation,train
30836660,R49,C009172,1281,Negative_Correlation,train
30836660,R50,C009172,D007674,Negative_Correlation,train
15749661,R0,D010859,7036,Association,train
15749661,R1,D003920,7036,Association,train
15749661,R2,D005947,D003920,Association,train
15749661,R3,D008103,D007501,Association,train
15749661,R4,D008103,7036,Association,train
15749661,R5,rs34242818,D006432,Association,train
15749661,R6,rs80338887,D019190,Association,train
15749661,R7,rs80338887,D010859,Association,train
15749661,R8,rs80338887,D003920,Association,train
15749661,R9,rs80338887,D008103,Association,train
15749661,R10,rs80338887,D006432,Association,train
15749661,R11,rs80338886,D006432,Association,train
15749661,R12,7036,D019190,Association,train
15749661,R13,D006432,7036,Association,train
15749661,R14,D006432,p|DEL|594_597|AVAQ,Association,train
15893386,R0,D013390,D014313,Positive_Correlation,train
17877751,R0,rs121908073,D003638,Positive_Correlation,train
17877751,R1,C563417,rs121908073,Positive_Correlation,train
17877751,R2,C563417,117531,Association,train
17877751,R3,D003638,117531,Association,train
17877751,R4,C564609,117531,Association,train
18410548,R0,D010911,9049,Association,train
18410548,R1,9049,D049912,Association,train
18410548,R2,rs267606574,D049912,Association,train
18593936,R0,D009369,D003474,Negative_Correlation,train
18593936,R1,20688,D009369,Association,train
18593936,R2,20687,D009369,Association,train
18593936,R3,20683,D009369,Association,train
18593936,R4,D001749,20688,Association,train
18593936,R5,D001749,20687,Association,train
18593936,R6,D001749,20683,Association,train
18593936,R7,D001749,332,Association,train
18593936,R8,D001749,2321,Association,train
18593936,R9,D001749,7422,Association,train
18593936,R10,4790,595,Association,train
18593936,R11,4790,596,Association,train
18593936,R12,4790,332,Association,train
18593936,R13,5698,6671,Association,train
18593936,R14,5698,6670,Association,train
18593936,R15,5698,6667,Association,train
18593936,R16,2321,6671,Association,train
18593936,R17,2321,6670,Association,train
18593936,R18,2321,6667,Association,train
18593936,R19,7422,6671,Association,train
18593936,R20,7422,6670,Association,train
18593936,R21,7422,6667,Association,train
18593936,R22,6671,D001749,Association,train
18593936,R23,6671,595,Association,train
18593936,R24,6671,596,Association,train
18593936,R25,6671,4790,Association,train
18593936,R26,6671,332,Association,train
18593936,R27,6670,D001749,Association,train
18593936,R28,6670,595,Association,train
18593936,R29,6670,596,Association,train
18593936,R30,6670,4790,Association,train
18593936,R31,6670,332,Association,train
18593936,R32,6667,D001749,Association,train
18593936,R33,6667,595,Association,train
18593936,R34,6667,596,Association,train
18593936,R35,6667,4790,Association,train
18593936,R36,6667,332,Association,train
18593936,R37,D003474,20688,Negative_Correlation,train
18593936,R38,D003474,20687,Negative_Correlation,train
18593936,R39,D003474,20683,Negative_Correlation,train
18593936,R40,D003474,D001749,Negative_Correlation,train
18593936,R41,D003474,595,Negative_Correlation,train
18593936,R42,D003474,596,Negative_Correlation,train
18593936,R43,D003474,4790,Association,train
18593936,R44,D003474,5698,Association,train
18593936,R45,D003474,332,Negative_Correlation,train
18593936,R46,D003474,2321,Negative_Correlation,train
18593936,R47,D003474,7422,Negative_Correlation,train
18593936,R48,D003474,6671,Negative_Correlation,train
18593936,R49,D003474,6670,Negative_Correlation,train
18593936,R50,D003474,6667,Negative_Correlation,train
19825989,R0,D002118,D018281,Association,train
19825989,R1,D015544,D018281,Association,train
19825989,R2,59340,D018281,Association,train
19825989,R3,3274,D018281,Association,train
19825989,R4,3269,D018281,Association,train
19825989,R5,D006632,59340,Bind,train
19825989,R6,D006632,3274,Bind,train
19825989,R7,D006632,3269,Bind,train
19825989,R8,D006632,11255,Bind,train
19825989,R9,C069357,7424,Negative_Correlation,train
19825989,R10,C069357,7422,Negative_Correlation,train
19825989,R11,C069357,D015544,Positive_Correlation,train
19825989,R12,C069357,D009369,Negative_Correlation,train
19825989,R13,C069357,5595,Negative_Correlation,train
19825989,R14,C069357,5594,Negative_Correlation,train
19825989,R15,C069357,D018281,Negative_Correlation,train
19825989,R16,5595,D018281,Association,train
19825989,R17,5594,D018281,Association,train
19825989,R18,5578,59340,Association,train
19825989,R19,5578,3274,Association,train
19825989,R20,5578,3269,Association,train
19825989,R21,5578,C069357,Positive_Correlation,train
19825989,R22,5578,5595,Association,train
19825989,R23,5578,5594,Association,train
19825989,R24,5578,D018281,Negative_Correlation,train
19825989,R25,11255,D018281,Association,train
19825989,R26,11255,5578,Positive_Correlation,train
20080916,R0,rs2004640,rs10954213,Association,train
20080916,R1,D008180,3663,Association,train
20080916,R2,D008180,rs10954213,Association,train
21496008,R0,c|SUB|G|1074|T,D008607,Positive_Correlation,train
21496008,R1,c|DUP||33|,D008607,Positive_Correlation,train
21496008,R2,c|DUP||27|,D008607,Positive_Correlation,train
21496008,R3,170302,C019529,Association,train
21496008,R4,170302,D008607,Association,train
21496008,R5,c|DUP||24|,D008607,Positive_Correlation,train
21496008,R6,c|DUP|429_452||,D008607,Positive_Correlation,train
21496008,R7,c|INS|304|GCG(7),D008607,Positive_Correlation,train
24768818,R0,C545373,D008175,Negative_Correlation,train
24768818,R1,C545373,25,Bind,train
24768818,R2,C545373,D009369,Negative_Correlation,train
24768818,R3,D000068877,D008175,Negative_Correlation,train
24768818,R4,D000068877,25,Bind,train
24768818,R5,D000068877,D009369,Negative_Correlation,train
24768818,R6,4921,1277,Positive_Correlation,train
24768818,R7,4921,D008175,Association,train
24768818,R8,4921,C545373,Negative_Correlation,train
24768818,R9,4921,D000068877,Negative_Correlation,train
24768818,R10,4921,D009369,Association,train
24768818,R11,4921,D050197,Association,train
24768818,R12,4921,D005355,Association,train
24768818,R13,780,1277,Positive_Correlation,train
24768818,R14,780,D008175,Association,train
24768818,R15,780,C553185,Association,train
24768818,R16,780,C545373,Negative_Correlation,train
24768818,R17,780,D000068877,Negative_Correlation,train
24768818,R18,780,D009369,Association,train
24768818,R19,780,D050197,Association,train
24768818,R20,780,D005355,Association,train
25986755,R0,D005355,D003404,Positive_Correlation,train
25986755,R1,D005921,D003404,Positive_Correlation,train
25986755,R2,24182,D005921,Association,train
25986755,R3,24182,24716,Association,train
25986755,R4,24182,25453,Association,train
25986755,R5,24182,D002110,Negative_Correlation,train
25986755,R6,24180,D002110,Association,train
25986755,R7,D002110,170672,Negative_Correlation,train
25986755,R8,D002110,64563,Negative_Correlation,train
25986755,R9,D002110,D005355,Positive_Correlation,train
25986755,R10,D002110,D003404,Positive_Correlation,train
25986755,R11,D002110,D005921,Positive_Correlation,train
25986755,R12,D002110,D005317,Positive_Correlation,train
25986755,R13,D002110,24716,Association,train
25986755,R14,D002110,D007674,Positive_Correlation,train
25986755,R15,D002110,25453,Association,train
28368423,R0,D016393,16019,Association,train
28368423,R1,11651,C551803,Negative_Correlation,train
28368423,R2,11651,17869,Positive_Correlation,train
28368423,R3,18708,11651,Association,train
28368423,R4,18708,C551803,Negative_Correlation,train
28368423,R5,18708,17869,Positive_Correlation,train
28368423,R6,C551803,695,Negative_Correlation,train
28368423,R7,C551803,17869,Association,train
28368423,R8,16019,C551803,Association,train
28368423,R9,16019,D011230,Association,train
28368423,R10,17869,D016393,Association,train
28368423,R11,17869,26417,Positive_Correlation,train
28368423,R12,17869,26413,Positive_Correlation,train
28368423,R13,17869,234779,Positive_Correlation,train
28368423,R14,17869,12518,Positive_Correlation,train
28368423,R15,17869,12229,Positive_Correlation,train
28368423,R16,17869,D011230,Association,train
28368423,R17,17869,16019,Positive_Correlation,train
28416580,R0,D017364,D002543,Positive_Correlation,train
28416580,R1,D002543,199,Association,train
28416580,R2,706,D002543,Association,train
28416580,R3,706,199,Positive_Correlation,train
28416580,R4,12257,D002493,Association,train
28416580,R5,12257,D002543,Association,train
28416580,R6,12257,D007249,Association,train
28416580,R7,12257,D001927,Association,train
28416580,R8,12257,C002125,Association,train
28416580,R9,C002125,12978,Association,train
28416580,R10,C002125,21926,Positive_Correlation,train
28416580,R11,C002125,16193,Positive_Correlation,train
28416580,R12,C002125,D001929,Negative_Correlation,train
28416580,R13,C002125,D002543,Negative_Correlation,train
28416580,R14,C002125,D007249,Negative_Correlation,train
28416580,R15,C002125,D001927,Negative_Correlation,train
28687665,R0,7846,D054220,Association,train
28687665,R1,22142,D054220,Association,train
28687665,R2,53857,D054220,Association,train
29222418,R0,15978,21406,Association,train
29222418,R1,21638,15978,Association,train
29222418,R2,21638,21406,Association,train
29222418,R3,19885,15903,Negative_Correlation,train
29222418,R4,20668,15903,Negative_Correlation,train
29222418,R5,20677,15903,Negative_Correlation,train
29222418,R6,21406,19885,Positive_Correlation,train
29222418,R7,21406,20668,Positive_Correlation,train
29222418,R8,21406,15903,Negative_Correlation,train
29222418,R9,21406,20677,Positive_Correlation,train
29222418,R10,21406,16171,Association,train
15649253,R0,D016543,p|SUB|L|50|R,Association,train
15649253,R1,D016543,11102,Association,train
15649253,R2,D008223,11102,Association,train
15649253,R3,11102,D063646,Association,train
15649253,R4,11102,D009369,Negative_Correlation,train
16321363,R0,rs768372697,C535741,Positive_Correlation,train
16321363,R1,c|DEL|p31.2_p32.3|,D018981,Positive_Correlation,train
16321363,R2,c|DEL|p31.2_p32.3|,C535741,Positive_Correlation,train
16321363,R3,c|DEL||10-12MB,D018981,Positive_Correlation,train
16321363,R4,c|DEL||10-12MB,C535741,Positive_Correlation,train
16321363,R5,29929,D018981,Association,train
16321363,R6,29929,C535741,Association,train
16506214,R0,c|SUB|C|+8365|T,D011471,Negative_Correlation,train
16506214,R1,c|SUB|T|+3100|G,c|SUB|C|+8365|T,Association,train
16506214,R2,c|SUB|T|+3100|G,D011471,Negative_Correlation,train
16506214,R3,D011453,D010146,Association,train
16506214,R4,D011453,D007249,Association,train
16506214,R5,D016718,D011453,Conversion,train
16506214,R6,4513,D010146,Association,train
16506214,R7,4513,D007249,Association,train
16506214,R8,4513,D011453,Positive_Correlation,train
16506214,R9,4513,D016718,Association,train
16506214,R10,4513,D011471,Positive_Correlation,train
16506214,R11,4513,D009369,Association,train
16801510,R0,D065692,D008133,Association,train
16801510,R1,1576,D065692,Negative_Correlation,train
16801510,R2,D011188,D008133,Association,train
16801510,R3,D008691,D016171,Association,train
16801510,R4,D008691,D008133,Positive_Correlation,train
18809400,R0,D002945,D020258,Positive_Correlation,train
18809400,R1,D002945,D028361,Positive_Correlation,train
18809400,R2,D017239,D020258,Positive_Correlation,train
18809400,R3,D017239,D028361,Positive_Correlation,train
18809400,R4,D010523,D002945,Positive_Correlation,train
18809400,R5,D010523,D017239,Positive_Correlation,train
18809400,R6,D008063,2395,Positive_Correlation,train
18809400,R7,D008063,D020833,Negative_Correlation,train
18809400,R8,D008063,D010523,Negative_Correlation,train
18809400,R9,D008063,D009422,Association,train
18809400,R10,D008063,D020258,Negative_Correlation,train
18809400,R11,D008063,D028361,Negative_Correlation,train
23864035,R0,D003907,D010523,Positive_Correlation,train
23864035,R1,D003907,D009101,Negative_Correlation,train
23864035,R2,D000069286,D010523,Positive_Correlation,train
23864035,R3,D000069286,D003907,Cotreatment,train
23864035,R4,D000069286,D009101,Negative_Correlation,train
24842192,R0,65248,D007249,Negative_Correlation,train
24842192,R1,65248,D009203,Negative_Correlation,train
24842192,R2,D007545,24835,Positive_Correlation,train
24842192,R3,D007545,24498,Positive_Correlation,train
24842192,R4,D007545,301059,Positive_Correlation,train
24842192,R5,D007545,D009203,Positive_Correlation,train
24842192,R6,D007545,29260,Positive_Correlation,train
24842192,R7,29260,D007249,Association,train
24842192,R8,29260,D006331,Association,train
24842192,R9,29260,D009203,Association,train
24842192,R10,D008687,D007249,Negative_Correlation,train
24842192,R11,D008687,D006331,Negative_Correlation,train
24842192,R12,D008687,65248,Positive_Correlation,train
24842192,R13,D008687,24835,Negative_Correlation,train
24842192,R14,D008687,24498,Negative_Correlation,train
24842192,R15,D008687,301059,Negative_Correlation,train
24842192,R16,D008687,D009203,Negative_Correlation,train
24842192,R17,D008687,D007545,Negative_Correlation,train
24842192,R18,D008687,D018487,Negative_Correlation,train
24842192,R19,D008687,29260,Negative_Correlation,train
27825100,R0,4617,D003928,Negative_Correlation,train
27825100,R1,4617,D005947,Negative_Correlation,train
27825100,R2,4208,D003928,Negative_Correlation,train
27825100,R3,4208,D005947,Negative_Correlation,train
27825100,R4,6794,D005947,Association,train
27825100,R5,5562,D005947,Association,train
27825100,R6,10891,D003928,Negative_Correlation,train
27825100,R7,10891,D005947,Association,train
27825100,R8,D005947,D003928,Association,train
27825100,R9,D005947,D000140,Positive_Correlation,train
27860244,R0,C000599896,207,Association,train
27860244,R1,C000599896,5970,Association,train
27860244,R2,C000599896,4792,Association,train
27860244,R3,C000599896,3551,Association,train
27860244,R4,C000599896,3576,Negative_Correlation,train
27860244,R5,C000599896,3569,Negative_Correlation,train
27860244,R6,C000599896,10419,Negative_Correlation,train
27860244,R7,C000599896,D001172,Association,train
27860244,R8,10419,D013585,Association,train
27860244,R9,10419,D007249,Association,train
27860244,R10,10419,207,Association,train
27860244,R11,10419,5970,Association,train
27860244,R12,10419,3576,Positive_Correlation,train
27860244,R13,10419,3569,Positive_Correlation,train
27860244,R14,10419,7124,Positive_Correlation,train
27860244,R15,10419,3553,Positive_Correlation,train
27860244,R16,D001172,207,Association,train
27860244,R17,D001172,5970,Association,train
27860244,R18,D001172,10419,Association,train
28148288,R0,1950,8038,Association,train
28148288,R1,C080985,1956,Association,train
28148288,R2,C080985,8038,Negative_Correlation,train
28148288,R3,9076,D001943,Association,train
28148288,R4,8038,2099,Association,train
28148288,R5,8038,1956,Positive_Correlation,train
28148288,R6,8038,D009369,Positive_Correlation,train
28148288,R7,8038,D001943,Association,train
28148288,R8,8038,9076,Association,train
15064320,R0,D013739,D006063,Association,train
15064320,R1,c|DEL|CODON219|T,D058490,Association,train
15064320,R2,rs9332964,D058490,Association,train
15064320,R3,6716,D058490,Association,train
15623763,R0,rs121909208,C537304,Association,train
15623763,R1,rs121909208,D003317,Positive_Correlation,train
15623763,R2,C537304,rs199852470,Association,train
15623763,R3,C537304,7045,Association,train
15623763,R4,C535476,rs121909211,Association,train
15623763,R5,C535476,7045,Association,train
15623763,R6,D003317,rs199852470,Association,train
15623763,R7,D003317,rs121909211,Association,train
15623763,R8,C537881,p|SUB|H|626|R,Association,train
15623763,R9,C537881,rs121909210,Positive_Correlation,train
15623763,R10,C537881,p|DEL|624_625|VV,Association,train
15623763,R11,C537881,p|SUB|V|539|D,Association,train
15623763,R12,C537881,p|SUB|G|594|V,Association,train
15623763,R13,7045,D003317,Association,train
15623763,R14,7045,C537881,Association,train
17033686,R0,rs606231195,D038901,Association,train
17033686,R1,rs606231195,C537761,Association,train
17033686,R2,54880,C537464,Association,train
17033686,R3,D008850,rs606231195,Association,train
17033686,R4,10084,D038901,Association,train
17033686,R5,10084,C537761,Association,train
17033686,R6,10084,D008607,Association,train
17033686,R7,10084,D008831,Association,train
17033686,R8,10084,D008850,Association,train
17639754,R0,D064704,D014859,Positive_Correlation,train
17639754,R1,D006470,D064704,Positive_Correlation,train
17639754,R2,D006470,D014859,Positive_Correlation,train
19319147,R0,D014859,D002543,Association,train
19319147,R1,C025667,D014859,Negative_Correlation,train
19319147,R2,C025667,D002543,Negative_Correlation,train
19319147,R3,D006470,C025667,Negative_Correlation,train
19319147,R4,D017364,D006470,Positive_Correlation,train
19918264,R0,rs351855,D011471,Association,train
19918264,R1,2264,D011471,Association,train
20335448,R0,c|Allele|R|714,D007008,Association,train
20335448,R1,c|Allele|R|714,D007003,Association,train
20335448,R2,c|Allele|R|714,D006973,Association,train
20335448,R3,c|Allele|R|714,C564221,Positive_Correlation,train
20335448,R4,C567552,c|Allele|R|714,Association,train
20335448,R5,C567552,D003907,Negative_Correlation,train
20335448,R6,C567552,2908,Association,train
20335448,R7,D003907,D007008,Negative_Correlation,train
20335448,R8,D003907,D007003,Negative_Correlation,train
20335448,R9,D003907,D012640,Negative_Correlation,train
20335448,R10,D006973,D003907,Negative_Correlation,train
20335448,R11,C564221,D005938,Negative_Correlation,train
20335448,R12,C564221,c|SUB|R|714|Q,Positive_Correlation,train
20335448,R13,C564221,c|SUB|G|2141|A,Positive_Correlation,train
20335448,R14,2908,D007008,Association,train
20335448,R15,2908,D007003,Association,train
20335448,R16,2908,D012640,Association,train
20335448,R17,2908,D006973,Association,train
20335448,R18,2908,C564221,Association,train
21695597,R0,720,D008180,Association,train
21695597,R1,3123,D008180,Association,train
21695597,R2,rs2844580,D008180,Positive_Correlation,train
21695597,R3,rs2071349,D008180,Positive_Correlation,train
21695597,R4,rs204890,D008180,Positive_Correlation,train
21695597,R5,D008180,rs9271366,Positive_Correlation,train
21911891,R0,D014280,D009765,Positive_Correlation,train
21911891,R1,5054,D009765,Association,train
28468941,R0,94,4093,Association,train
28468941,R1,94,4090,Association,train
28468941,R2,94,4086,Association,train
28468941,R3,90,4093,Association,train
28468941,R4,90,4090,Association,train
28468941,R5,90,4086,Association,train
28468941,R6,658,4093,Association,train
28468941,R7,658,4090,Association,train
28468941,R8,658,4086,Association,train
28468941,R9,657,4093,Association,train
28468941,R10,657,4090,Association,train
28468941,R11,657,4086,Association,train
28468941,R12,rs587777017,D000081029,Association,train
28468941,R13,D006976,rs587777017,Association,train
28468941,R14,D006976,4093,Association,train
28468941,R15,D006976,4090,Association,train
28468941,R16,D006976,4086,Association,train
28468941,R17,D006976,857,Association,train
28468941,R18,4093,D000081029,Association,train
28468941,R19,4090,D000081029,Association,train
28468941,R20,4086,D000081029,Association,train
28468941,R21,857,D000081029,Association,train
28468941,R22,857,4093,Association,train
28468941,R23,857,4090,Association,train
28468941,R24,857,4086,Association,train
15191352,R0,D008607,p|SUB|I|280|S,Positive_Correlation,train
15191352,R1,D014786,p|SUB|I|280|S,Positive_Correlation,train
15191352,R2,D006311,p|SUB|I|280|S,Positive_Correlation,train
15191352,R3,D013610,p|SUB|I|280|S,Positive_Correlation,train
15191352,R4,D006948,p|SUB|I|280|S,Positive_Correlation,train
15191352,R5,g|SUB|T|1123|G,D008607,Positive_Correlation,train
15191352,R6,g|SUB|T|1123|G,D014786,Positive_Correlation,train
15191352,R7,g|SUB|T|1123|G,D006311,Positive_Correlation,train
15191352,R8,g|SUB|T|1123|G,D013610,Positive_Correlation,train
15191352,R9,g|SUB|T|1123|G,D006948,Positive_Correlation,train
15191352,R10,7068,D008607,Association,train
15191352,R11,7068,D014786,Association,train
15191352,R12,7068,D006311,Association,train
15191352,R13,7068,D013610,Association,train
15191352,R14,7068,D006948,Association,train
15191352,R15,D018382,g|SUB|T|1123|G,Positive_Correlation,train
15191352,R16,D018382,p|SUB|I|280|S,Positive_Correlation,train
15191352,R17,D018382,7068,Association,train
15814629,R0,1636,D012685,Association,train
15814629,R1,1636,D013274,Association,train
15814629,R2,1636,D009369,Association,train
15814629,R3,D009362,1636,Association,train
16541406,R0,4436,D003123,Association,train
16541406,R1,4292,D003123,Association,train
17185386,R0,D012559,54820,Association,train
17185386,R1,27185,54820,Association,train
17185386,R2,27185,D012559,Association,train
18779591,R0,D001943,5618,Association,train
18779591,R1,D018226,rs72478580,Positive_Correlation,train
18779591,R2,D018226,5618,Association,train
18779591,R3,5618,6776,Association,train
18779591,R4,5618,D001941,Association,train
18779591,R5,5617,D001943,Association,train
18779591,R6,5617,D018226,Association,train
18779591,R7,5617,5618,Bind,train
18779591,R8,5617,D001941,Association,train
19346865,R0,D008795,D007239,Negative_Correlation,train
19346865,R1,D008795,D001927,Positive_Correlation,train
19889778,R0,944568,D006514,Association,train
19889778,R1,944568,D019259,Association,train
19889778,R2,944568,D006513,Association,train
19889778,R3,c|SUB|P|120|T,D006514,Association,train
19889778,R4,c|SUB|P|120|T,D006513,Association,train
19889778,R5,D019259,c|SUB|P|120|T,Association,train
19889778,R6,D019259,D006513,Association,train
19889778,R7,p|SUB|G|145|R,D006514,Negative_Correlation,train
19889778,R8,p|SUB|G|145|R,D019259,Association,train
19889778,R9,D006513,p|SUB|G|145|R,Association,train
20583543,R0,D007021,c|DEL||8,Association,train
20583543,R1,C536649,rs121434250,Association,train
20583543,R2,C536649,6716,Association,train
20583543,R3,6716,D007021,Association,train
20583543,R4,D058490,g|DEL|80_87|TCGCGAAG,Association,train
20583543,R5,D058490,p|FS|A|27||132,Association,train
20583543,R6,D058490,rs9332967,Association,train
20583543,R7,D058490,6716,Association,train
20583543,R8,D058490,c|DEL||8,Association,train
20722491,R0,D005472,D013274,Negative_Correlation,train
20722491,R1,D005472,D010190,Negative_Correlation,train
20722491,R2,D005472,D002292,Negative_Correlation,train
20722491,R3,D005472,D015179,Negative_Correlation,train
20722491,R4,D005472,D006258,Negative_Correlation,train
20722491,R5,D005472,D001943,Negative_Correlation,train
20722491,R6,D005472,D009369,Negative_Correlation,train
20722491,R7,D000069287,D008107,Association,train
20722491,R8,D000069287,D007674,Association,train
20722491,R9,D000069287,D060831,Positive_Correlation,train
20722491,R10,D000069287,D013280,Positive_Correlation,train
20722491,R11,D000069287,D014839,Positive_Correlation,train
20722491,R12,D000069287,D009325,Positive_Correlation,train
20722491,R13,D000069287,D003967,Positive_Correlation,train
20722491,R14,D000069287,D013274,Negative_Correlation,train
20722491,R15,D000069287,D010190,Negative_Correlation,train
20722491,R16,D000069287,D002292,Negative_Correlation,train
20722491,R17,D000069287,D015179,Negative_Correlation,train
20722491,R18,D000069287,D006258,Negative_Correlation,train
20722491,R19,D000069287,D001943,Negative_Correlation,train
20828385,R0,D009336,C401859,Negative_Correlation,train
20828385,R1,C401859,2475,Negative_Correlation,train
20828385,R2,C401859,7422,Negative_Correlation,train
20828385,R3,C401859,D009369,Negative_Correlation,train
20828385,R4,D020522,C401859,Negative_Correlation,train
24477591,R0,1666,D017382,Association,train
24477591,R1,D017382,D050197,Association,train
24477591,R2,D017382,D003324,Association,train
24477591,R3,D050177,1535,Association,train
24477591,R4,D009765,1535,Association,train
24477591,R5,rs9932581,D050177,Positive_Correlation,train
24477591,R6,rs9932581,D009765,Positive_Correlation,train
24477591,R7,rs9932581,D003324,Positive_Correlation,train
24477591,R8,1535,1666,Association,train
24477591,R9,1535,D003324,Association,train
28279980,R0,D012964,D005947,Association,train
28279980,R1,D005947,D010695,Negative_Correlation,train
28279980,R2,56485,D003571,Negative_Correlation,train
28279980,R3,56017,D003571,Negative_Correlation,train
28279980,R4,353169,D003571,Negative_Correlation,train
28279980,R5,227659,D005947,Positive_Correlation,train
28279980,R6,227659,D003571,Negative_Correlation,train
28279980,R7,20528,3630,Association,train
28279980,R8,20528,D005947,Association,train
28279980,R9,20528,D003571,Negative_Correlation,train
28279980,R10,20527,D005947,Positive_Correlation,train
28279980,R11,20527,D003571,Negative_Correlation,train
28279980,R12,20526,D003571,Negative_Correlation,train
28279980,R13,20525,D005947,Positive_Correlation,train
28279980,R14,20525,D003571,Negative_Correlation,train
28279980,R15,170441,D005947,Positive_Correlation,train
28279980,R16,170441,D003571,Negative_Correlation,train
28472177,R0,D005910,1499,Association,train
28472177,R1,D005910,7474,Association,train
28472177,R2,5155,7345,Association,train
28472177,R3,7124,7345,Association,train
28472177,R4,3553,7345,Association,train
28472177,R5,2247,7345,Association,train
28472177,R6,D009369,238,Association,train
28472177,R7,D009369,793,Association,train
28472177,R8,D009369,361,Association,train
28472177,R9,D009369,360,Association,train
28472177,R10,D009369,24,Association,train
28472177,R11,D009369,100423062,Association,train
28472177,R12,D009369,23493,Association,train
28472177,R13,D009369,9518,Association,train
28472177,R14,D009369,23291,Association,train
28472177,R15,D009369,23194,Association,train
28472177,R16,D009369,3976,Association,train
28472177,R17,D009369,10631,Association,train
28472177,R18,D009369,59,Association,train
28472177,R19,7345,D005910,Association,train
28472177,R20,7345,1499,Association,train
28472177,R21,7345,D009369,Association,train
28472177,R22,7345,238,Association,train
28472177,R23,7345,793,Association,train
28472177,R24,7345,361,Association,train
28472177,R25,7345,360,Association,train
28472177,R26,7345,24,Association,train
28472177,R27,7345,100423062,Association,train
28472177,R28,7345,23493,Association,train
28472177,R29,7345,9518,Association,train
28472177,R30,7345,23291,Association,train
28472177,R31,7345,23194,Association,train
28472177,R32,7345,3976,Association,train
28472177,R33,7345,10631,Association,train
28472177,R34,7345,59,Association,train
28472177,R35,7474,7345,Positive_Correlation,train
28584052,R0,c|SUB|T463-6|G,D038901,Association,train
28584052,R1,3054,D038901,Association,train
28584052,R2,rs1114167891,D038901,Association,train
28584052,R3,8473,D019636,Association,train
28584052,R4,8473,D003147,Association,train
28584052,R5,8473,D038901,Association,train
15523499,R0,D008659,p|SUB|R|64|W,Association,train
15523499,R1,D008659,p|SUB|Q|27|E,Association,train
15523499,R2,D008659,p|SUB|R|16|G,Association,train
15523499,R3,D008659,p|SUB|G|49|S,Association,train
15523499,R4,D008659,p|SUB|R|389|G,Association,train
15523499,R5,D008659,155,Association,train
15523499,R6,D008659,154,Association,train
15523499,R7,D008659,153,Association,train
15523499,R8,D002318,p|SUB|R|64|W,Association,train
15523499,R9,D002318,p|SUB|Q|27|E,Association,train
15523499,R10,D002318,p|SUB|R|16|G,Association,train
15523499,R11,D002318,p|SUB|G|49|S,Association,train
15523499,R12,D002318,p|SUB|R|389|G,Association,train
15523499,R13,D002318,155,Association,train
15523499,R14,D002318,154,Association,train
15523499,R15,D002318,153,Association,train
15523499,R16,155,D009638,Positive_Correlation,train
15523499,R17,155,D004837,Positive_Correlation,train
15523499,R18,154,D009638,Positive_Correlation,train
15523499,R19,154,D004837,Positive_Correlation,train
15523499,R20,153,D009638,Positive_Correlation,train
15523499,R21,153,D004837,Positive_Correlation,train
15770495,R0,6716,C535830,Association,train
15770495,R1,C535830,rs121434247,Association,train
15770495,R2,C535830,rs523349,Association,train
15770495,R3,C535830,p|SUB|R|266|W,Association,train
15770495,R4,C535830,rs767564684,Association,train
15770495,R5,C535830,p|SUB|G|158|R,Association,train
15770495,R6,C535830,c|DEL|418|T,Association,train
15770495,R7,C535830,c|SUB|G|IVS3+1|A,Association,train
15770495,R8,C535830,rs368386747,Association,train
15770495,R9,C535830,rs9282858,Association,train
15770495,R10,C535830,c|INS|217_218|C,Association,train
15770495,R11,C535830,rs121434250,Association,train
15770495,R12,C535830,c|DEL|642|T,Association,train
15770495,R13,C535830,rs121434244,Association,train
15970799,R0,D019821,rs72559747,Association,train
15970799,R1,D019821,10599,Association,train
15970799,R2,C086276,rs72559747,Association,train
15970799,R3,C086276,10599,Association,train
15970799,R4,D000069059,rs72559747,Association,train
15970799,R5,D000069059,10599,Association,train
15970799,R6,D014316,C017296,Association,train
15970799,R7,D014316,C025483,Association,train
15970799,R8,D017035,rs72559747,Association,train
15970799,R9,D017035,D009135,Positive_Correlation,train
15970799,R10,D017035,10599,Association,train
15970799,R11,rs72559747,D009135,Association,train
15970799,R12,10599,D009135,Association,train
16737910,R0,D009369,2120,Association,train
16737910,R1,2720,2120,Association,train
16822828,R0,1586,C538237,Association,train
16822828,R1,p|DEL|487_489|DSF,C538237,Positive_Correlation,train
16822828,R2,c|SUB|TAC|CODON329|AA,C538237,Positive_Correlation,train
16822828,R3,c|DEL||TTAAATGG,C538237,Positive_Correlation,train
16822828,R4,p|FS|Y|329||,C538237,Positive_Correlation,train
16822828,R5,p|FS|V|311||,C538237,Positive_Correlation,train
17351238,R0,D002637,D010100,Negative_Correlation,train
17351238,R1,D002637,D005996,Negative_Correlation,train
17351238,R2,D007022,D001285,Negative_Correlation,train
17351238,R3,D007022,D005996,Positive_Correlation,train
18189233,R0,rs143544690,D011471,Association,train
18189233,R1,D011471,rs627928,Association,train
18189233,R2,D011471,rs486907,Association,train
18189233,R3,6041,6059,Negative_Correlation,train
18189233,R4,6041,D011471,Association,train
18483878,R0,D003520,16176,Positive_Correlation,train
18483878,R1,D003520,14825,Positive_Correlation,train
18483878,R2,D003520,D007249,Association,train
18483878,R3,D003520,D003556,Positive_Correlation,train
18483878,R4,22353,D007249,Negative_Correlation,train
18483878,R5,22353,D003556,Negative_Correlation,train
18483878,R6,22353,D003520,Association,train
18631865,R0,D020123,D051436,Negative_Correlation,train
18631865,R1,D065095,D051436,Association,train
18631865,R2,D065095,D020123,Comparison,train
18631865,R3,D065095,D011507,Association,train
18631865,R4,2475,D011507,Association,train
18631865,R5,D005921,2475,Association,train
18631865,R6,D011507,D020123,Positive_Correlation,train
18791947,R0,D001606,2811,Negative_Correlation,train
18791947,R1,D001606,c|DEL||TGAG,Positive_Correlation,train
19370764,R0,p|FS|G|204|V|28,D009081,Positive_Correlation,train
19370764,R1,p|DEL|204_247|,D009081,Positive_Correlation,train
19370764,R2,D009081,p|FS|G|204|V|17,Positive_Correlation,train
19370764,R3,D009081,g|DEL||33,Positive_Correlation,train
19370764,R4,D009081,c|DEL|609+28_610-16|,Positive_Correlation,train
19370764,R5,D009081,rs193302859,Positive_Correlation,train
19370764,R6,D009081,rs193302856,Positive_Correlation,train
19370764,R7,D009081,rs193302855,Positive_Correlation,train
19370764,R8,D009081,rs137852884,Positive_Correlation,train
19370764,R9,D009081,rs193302860,Positive_Correlation,train
19370764,R10,D009081,84572,Negative_Correlation,train
19370764,R11,84572,C565367,Association,train
20331935,R0,D018967,D006966,Positive_Correlation,train
20331935,R1,D050723,D017367,Positive_Correlation,train
20331935,R2,D050723,D018967,Positive_Correlation,train
21059483,R0,2592,D005693,Association,train
21059483,R1,D005693,D007785,Association,train
21059483,R2,D005693,c|DEL||5.5K,Positive_Correlation,train
24055495,R0,24954,D005947,Negative_Correlation,train
24055495,R1,D003704,24954,Association,train
24055495,R2,D000544,24954,Association,train
24055495,R3,D000544,D005947,Negative_Correlation,train
24055495,R4,D013311,D000544,Positive_Correlation,train
24055495,R5,D013311,D003072,Positive_Correlation,train
24055495,R6,D013311,D005690,Negative_Correlation,train
24055495,R7,D005947,D003704,Association,train
24055495,R8,25139,D005947,Association,train
24055495,R9,D005690,D018149,Association,train
24055495,R10,D005690,D000544,Association,train
24055495,R11,D005690,D008569,Positive_Correlation,train
24055495,R12,D005690,25551,Association,train
24055495,R13,D005690,D003072,Negative_Correlation,train
27084744,R0,8842,6663,Positive_Correlation,train
27084744,R1,8842,4851,Association,train
27084744,R2,C419410,8842,Association,train
27084744,R3,C419410,6502,Negative_Correlation,train
27084744,R4,C419410,1027,Positive_Correlation,train
27084744,R5,C419410,D003528,Negative_Correlation,train
27084744,R6,55851,8842,Association,train
27084744,R7,55851,C419410,Negative_Correlation,train
27084744,R8,55851,6502,Positive_Correlation,train
27084744,R9,55851,1027,Negative_Correlation,train
27084744,R10,55851,D003528,Association,train
27084744,R11,55851,4851,Positive_Correlation,train
27084744,R12,6502,1027,Association,train
27084744,R13,6502,D003528,Association,train
27084744,R14,2173,D003528,Association,train
27084744,R15,6663,2173,Positive_Correlation,train
27084744,R16,6663,D009369,Association,train
27084744,R17,6663,D003528,Association,train
27084744,R18,D009369,6093,Association,train
27084744,R19,D009369,8842,Association,train
27084744,R20,D003528,6093,Association,train
27084744,R21,D003528,8842,Association,train
27084744,R22,D003528,1027,Association,train
27084744,R23,D003528,7026,Association,train
27084744,R24,D003528,7025,Association,train
27084744,R25,D003528,182,Association,train
27084744,R26,4851,C419410,Negative_Correlation,train
27084744,R27,4851,2173,Positive_Correlation,train
27084744,R28,4851,D009369,Association,train
27084744,R29,4851,D003528,Association,train
18235024,R0,C563678,169522,Association,train
18235024,R1,C563678,5149,Association,train
19779499,R0,D018908,D011188,Association,train
19779499,R1,D020514,779,Association,train
19779499,R2,779,D003643,Association,train
19779499,R3,rs267606698,D020514,Positive_Correlation,train
19779499,R4,D003643,rs267606698,Positive_Correlation,train
19811499,R0,207,650,Association,train
19811499,R1,207,4790,Association,train
19811499,R2,207,D011471,Association,train
19811499,R3,1277,D011471,Positive_Correlation,train
19811499,R4,632,D011471,Positive_Correlation,train
19811499,R5,6696,D011471,Positive_Correlation,train
19811499,R6,650,4790,Association,train
19811499,R7,650,7124,Association,train
19811499,R8,650,D011471,Association,train
19811499,R9,12156,17127,Association,train
19811499,R10,12156,D011471,Association,train
19811499,R11,4790,5970,Positive_Correlation,train
19811499,R12,4790,7124,Positive_Correlation,train
19811499,R13,4790,D011471,Association,train
19811499,R14,18033,D011471,Association,train
19811499,R15,7124,21943,Negative_Correlation,train
19811499,R16,7124,17127,Positive_Correlation,train
19811499,R17,7124,12156,Positive_Correlation,train
19811499,R18,7124,D011471,Association,train
19811499,R19,21926,D011471,Association,train
20801104,R0,rs1800955,D006556,Positive_Correlation,train
20801104,R1,p|SUB|L|-1240|S,D012563,Positive_Correlation,train
20801104,R2,c|DUP|-120||,D012559,Positive_Correlation,train
20801104,R3,1815,D006556,Association,train
20801104,R4,1815,D012563,Association,train
20801104,R5,1815,D012559,Association,train
21080147,R0,1950,C562831,Association,train
21080147,R1,D002118,1950,Bind,train
21080147,R2,D004314,78987,Association,train
21080147,R3,rs755981922,D004314,Association,train
21080147,R4,rs755981922,D006331,Positive_Correlation,train
21080147,R5,rs755981922,C562831,Association,train
21080147,R6,p|SUB|A|286|P,D006331,Positive_Correlation,train
21080147,R7,p|SUB|A|286|P,C562831,Association,train
21080147,R8,c|SUB|C|857|G,D006331,Positive_Correlation,train
21080147,R9,c|SUB|C|857|G,C562831,Association,train
21080147,R10,78987,1950,Association,train
21080147,R11,78987,D002118,Association,train
21080147,R12,78987,D006331,Association,train
21080147,R13,78987,C562831,Association,train
21135151,R0,c|DEL||32,D015658,Association,train
21135151,R1,1234,D015658,Association,train
22836123,R0,D000305,D007674,Positive_Correlation,train
22836123,R1,D057049,D016572,Positive_Correlation,train
22836123,R2,D016572,D012595,Negative_Correlation,train
22836123,R3,D016559,D012595,Negative_Correlation,train
22836123,R4,D007674,D011239,Positive_Correlation,train
22836123,R5,D007674,D016559,Positive_Correlation,train
25946186,R0,596,D008175,Association,train
25946186,R1,581,D008175,Association,train
25946186,R2,842,D008175,Association,train
25946186,R3,836,D008175,Association,train
25946186,R4,79626,1432,Association,train
25946186,R5,79626,207,Association,train
25946186,R6,79626,596,Negative_Correlation,train
25946186,R7,79626,581,Positive_Correlation,train
25946186,R8,79626,842,Positive_Correlation,train
25946186,R9,79626,836,Positive_Correlation,train
25946186,R10,79626,D009369,Association,train
25946186,R11,79626,D008175,Negative_Correlation,train
25946186,R12,79626,D055752,Negative_Correlation,train
27134166,R0,D005973,D019344,Positive_Correlation,train
27134166,R1,D019344,56717,Positive_Correlation,train
27134166,R2,56717,20526,Negative_Correlation,train
27134166,R3,56717,D005973,Positive_Correlation,train
27134166,R4,80879,15251,Association,train
27134166,R5,20525,15251,Association,train
27134166,R6,D009369,D005947,Association,train
27134166,R7,D009369,D005973,Association,train
27134166,R8,D009369,D019344,Association,train
27134166,R9,D009369,56717,Positive_Correlation,train
27134166,R10,D009369,72508,Association,train
27134166,R11,D009369,20501,Association,train
27134166,R12,D009369,7422,Association,train
27134166,R13,D009369,22339,Association,train
27184800,R0,4495,D009369,Association,train
27184800,R1,4495,D000077157,Positive_Correlation,train
27184800,R2,4495,D006528,Association,train
27184800,R3,D000077157,D009369,Negative_Correlation,train
27184800,R4,D006528,D000077157,Negative_Correlation,train
27974047,R0,673,D046152,Association,train
27974047,R1,3845,D046152,Association,train
27974047,R2,4916,4914,Association,train
27974047,R3,2120,4914,Association,train
27974047,R4,2120,4916,Association,train
27974047,R5,D009369,4914,Association,train
27974047,R6,D009369,4916,Association,train
27974047,R7,D009369,2120,Association,train
27974047,R8,D009369,6867,Association,train
27974047,R9,D009369,84376,Association,train
27974047,R10,D009369,2260,Association,train
27974047,R11,2260,6867,Association,train
27974047,R12,2260,84376,Association,train
27974047,R13,D046152,4916,Association,train
27974047,R14,D046152,2120,Association,train
27974047,R15,D046152,6867,Association,train
27974047,R16,D046152,7764,Association,train
27974047,R17,D046152,5071,Association,train
27974047,R18,D046152,51684,Association,train
27974047,R19,D046152,4058,Association,train
27974047,R20,D046152,2260,Association,train
27974047,R21,D046152,545,Association,train
27974047,R22,D046152,57492,Association,train
27974047,R23,4763,D046152,Association,train
28204828,R0,1791,C027078,Association,train
28204828,R1,11651,D017202,Association,train
28204828,R2,19211,D017202,Association,train
28204828,R3,19211,11651,Association,train
28204828,R4,D009203,11651,Association,train
28204828,R5,D009203,19211,Association,train
28204828,R6,21847,D010190,Association,train
28204828,R7,21847,D007938,Association,train
28204828,R8,21847,D010024,Association,train
28204828,R9,21847,D017202,Association,train
28204828,R10,21847,22339,Association,train
28204828,R11,21847,12028,Association,train
28204828,R12,21847,12043,Association,train
28204828,R13,21847,11651,Association,train
28204828,R14,21847,19211,Association,train
28204828,R15,21847,D009203,Association,train
16001362,R0,60,25894,Association,train
16001362,R1,9138,D013132,Association,train
16001362,R2,OMIM:604121,25894,Association,train
16001362,R3,OMIM:604121,c|SUB|C||T,Association,train
16001362,R4,OMIM:604121,9138,Association,train
16158428,R0,4983,D038901,Association,train
16158428,R1,4983,C562568,Association,train
16158428,R2,D008607,4983,Association,train
16786513,R0,D030342,D006003,Association,train
16786513,R1,rs116987552,D006012,Association,train
16786513,R2,D006012,D006003,Association,train
16786513,R3,D006012,p|DEL|657_726|,Association,train
16786513,R4,D006012,c|SUB|A|1627|T,Association,train
16786513,R5,D006012,c|SUB|G|1475|A,Association,train
16786513,R6,D006012,c|SUB|A|2444|C,Association,train
16786513,R7,D006012,c|SUB|G|2477|C,Association,train
16786513,R8,D006012,c|SUB|G|2380+1|A,Association,train
16786513,R9,D006012,c|SUB|G|1239+1|A,Association,train
16786513,R10,D006012,c|SUB|G|1093-1|T,Association,train
16786513,R11,D006012,c|SUB|G|1092+1|A,Association,train
16786513,R12,D006012,c|SUB|C|855+1|C,Association,train
16786513,R13,D006012,c|SUB|C|1151|A,Association,train
16786513,R14,D006012,c|SUB|C|1094|T,Association,train
16786513,R15,D006012,c|SUB|C|689|G,Association,train
16786513,R16,D006012,p|FS|G|705|R|16,Association,train
16786513,R17,D006012,c|DEL|2113_2114|GG,Association,train
16786513,R18,D006012,c|DEL|1970_2177|,Association,train
16786513,R19,D006012,p|FS|N|102|D|4,Association,train
16786513,R20,D006012,c|DEL|304|A,Association,train
16786513,R21,D006012,p|DEL|239|V,Association,train
16786513,R22,D006012,c|DEL|715_717|GTC,Association,train
16786513,R23,D006012,p|SUB|K|543|X,Association,train
16786513,R24,D006012,p|SUB|W|492|X,Association,train
16786513,R25,D006012,p|SUB|W|826|S,Association,train
16786513,R26,D006012,p|SUB|D|815|A,Association,train
16786513,R27,D006012,rs759977194,Association,train
16786513,R28,D006012,rs750700202,Association,train
16786513,R29,D006012,p|SUB|A|384|D,Association,train
16786513,R30,D006012,p|SUB|A|365|E,Association,train
16786513,R31,D006012,p|SUB|P|230|R,Association,train
16786513,R32,D006012,rs760654579,Association,train
16786513,R33,5837,D006012,Association,train
17965424,R0,D004487,D004008,Positive_Correlation,train
17965424,R1,D004487,D000077613,Positive_Correlation,train
17965424,R2,D006973,D004008,Positive_Correlation,train
17965424,R3,D006973,D000077613,Positive_Correlation,train
17965424,R4,D005767,D004008,Positive_Correlation,train
17965424,R5,D005767,D000077613,Positive_Correlation,train
17965424,R6,D001241,D001172,Negative_Correlation,train
17965424,R7,D004008,D001172,Negative_Correlation,train
17965424,R8,D000077613,D004008,Comparison,train
17965424,R9,D000077613,D001172,Negative_Correlation,train
18672102,R0,c|INS|1146+25|A,D006345,Association,train
18672102,R1,2626,D004694,Association,train
18672102,R2,2626,D013771,Association,train
18672102,R3,2626,D006345,Association,train
18672102,R4,2626,D006331,Association,train
18672102,R5,rs146017816,D004694,Association,train
18672102,R6,rs146017816,D013771,Association,train
18672102,R7,rs146017816,D006345,Association,train
18672102,R8,p|SUB|S|429|T,D004694,Association,train
18672102,R9,p|SUB|S|429|T,D013771,Association,train
18672102,R10,p|SUB|S|429|T,D006345,Association,train
18672102,R11,rs115099192,D004694,Association,train
18672102,R12,rs115099192,D013771,Association,train
18672102,R13,rs115099192,D006345,Association,train
18672102,R14,rs368489876,D004694,Association,train
18672102,R15,rs368489876,D013771,Association,train
18672102,R16,rs368489876,D006345,Association,train
18672102,R17,rs387906769,D004694,Association,train
18672102,R18,rs387906769,D013771,Association,train
18672102,R19,rs387906769,D006345,Association,train
18672102,R20,rs199922907,D004694,Association,train
18672102,R21,rs199922907,D013771,Association,train
18672102,R22,rs199922907,D006345,Association,train
18672102,R23,|INS|125_126|AA,D004694,Association,train
18672102,R24,|INS|125_126|AA,D013771,Association,train
18672102,R25,|INS|125_126|AA,D006345,Association,train
18672102,R26,|INS|118_119|A,D004694,Association,train
18672102,R27,|INS|118_119|A,D013771,Association,train
18672102,R28,|INS|118_119|A,D006345,Association,train
18672102,R29,|DEL|46|S,D004694,Association,train
18672102,R30,|DEL|46|S,D013771,Association,train
18672102,R31,|DEL|46|S,D006345,Association,train
18672102,R32,D006331,rs146017816,Association,train
18672102,R33,D006331,p|SUB|S|429|T,Association,train
18672102,R34,D006331,rs115099192,Association,train
18672102,R35,D006331,rs368489876,Association,train
18672102,R36,D006331,rs387906769,Association,train
18672102,R37,D006331,rs199922907,Association,train
18672102,R38,D006331,|INS|125_126|AA,Association,train
18672102,R39,D006331,|INS|118_119|A,Association,train
18672102,R40,D006331,|DEL|46|S,Association,train
18768591,R0,D014508,D014511,Association,train
18768591,R1,D014508,20393,Association,train
18768591,R2,D015430,20393,Association,train
18768591,R3,D012964,D015430,Association,train
18768591,R4,D012964,D007674,Association,train
18768591,R5,D012964,D016055,Association,train
18768591,R6,D012964,20393,Negative_Correlation,train
18768591,R7,D000450,D007674,Association,train
18768591,R8,D000450,20393,Positive_Correlation,train
18768591,R9,D000450,D009404,Positive_Correlation,train
18768591,R10,D007674,D012492,Positive_Correlation,train
18768591,R11,D007674,D008901,Positive_Correlation,train
18768591,R12,20393,D007674,Association,train
18768591,R13,20393,D016055,Association,train
18768591,R14,20393,D005355,Association,train
18768591,R15,20393,D009404,Association,train
18768591,R16,20393,D004317,Association,train
18768591,R17,D004317,D007674,Positive_Correlation,train
18768591,R18,D004317,D034141,Positive_Correlation,train
18768591,R19,D004317,D006949,Positive_Correlation,train
18768591,R20,D004317,D001201,Positive_Correlation,train
18768591,R21,D004317,D011507,Positive_Correlation,train
18768591,R22,D004317,D016055,Positive_Correlation,train
18768591,R23,D004317,D009404,Positive_Correlation,train
20431083,R0,D005343,D002543,Association,train
20431083,R1,D002543,D014859,Association,train
21070631,R0,D004298,D009638,Conversion,train
21070631,R1,D009638,D007249,Negative_Correlation,train
21070631,R2,3569,D000544,Association,train
21070631,R3,3552,D000544,Association,train
21070631,R4,D007249,3569,Association,train
21070631,R5,D007249,3552,Association,train
21070631,R6,rs1611115,D007249,Association,train
21070631,R7,rs1611115,D000544,Positive_Correlation,train
21070631,R8,D000544,D009638,Association,train
21070631,R9,1621,D004298,Association,train
21070631,R10,1621,D009638,Association,train
21070631,R11,1621,3569,Association,train
21070631,R12,1621,3552,Association,train
21070631,R13,1621,D007249,Association,train
21070631,R14,1621,D000544,Association,train
22859398,R0,rs1800896,D011471,Negative_Correlation,train
22859398,R1,rs1800872,D011471,Positive_Correlation,train
22859398,R2,3553,D011471,Association,train
22859398,R3,2950,D011471,Association,train
22859398,R4,1401,D011471,Association,train
22859398,R5,3586,D011471,Association,train
22859398,R6,4843,D011471,Association,train
27292643,R0,13866,D009369,Association,train
27292643,R1,16653,D009369,Association,train
27292643,R2,56150,16653,Association,train
27292643,R3,56150,D009369,Association,train
27292643,R4,56150,D001943,Association,train
27292643,R5,D043171,56150,Positive_Correlation,train
28512644,R0,c|Aelle|C|262,D004886,Association,train
28512644,R1,c|Aelle|T|2734,D004886,Association,train
28512644,R2,c|Aelle|G|7958,D004886,Association,train
28512644,R3,6347,847,Association,train
28512644,R4,3082,6648,Association,train
28512644,R5,6352,6648,Association,train
28512644,R6,3576,6648,Association,train
28512644,R7,3574,6648,Association,train
28512644,R8,7422,D004886,Association,train
28512644,R9,1440,D004886,Association,train
28512644,R10,3605,6648,Association,train
28512644,R11,3605,D004886,Association,train
28512644,R12,3600,D004886,Association,train
28512644,R13,3596,D004886,Association,train
28512644,R14,3586,D004886,Association,train
28512644,R15,3578,D004886,Association,train
28512644,R16,3569,D004886,Association,train
28512644,R17,c|SYB|T2734|C,D004886,Association,train
28512644,R18,6351,D004886,Association,train
28512644,R19,5155,847,Association,train
28512644,R20,5155,D004886,Association,train
28512644,R21,8743,D004886,Association,train
28512644,R22,4283,D004886,Association,train
28512644,R23,3559,D004886,Association,train
28512644,R24,6356,D004886,Association,train
28512644,R25,3553,6648,Association,train
28512644,R26,3553,D004886,Association,train
28512644,R27,rs4998557,D004886,Association,train
28512644,R28,847,D004886,Association,train
28512644,R29,6648,D004886,Association,train
28512644,R30,6647,D004886,Association,train
28851297,R0,3040,4602,Association,train
28851297,R1,3040,53335,Association,train
28851297,R2,3040,D017086,Association,train
28851297,R3,3048,4602,Association,train
28851297,R4,3048,53335,Association,train
28851297,R5,3048,3040,Association,train
28851297,R6,3048,3043,Association,train
28851297,R7,3048,3048,Association,train
28851297,R8,3048,D017086,Association,train
28851297,R9,3047,3040,Association,train
28851297,R10,3047,3043,Association,train
28851297,R11,3047,3048,Association,train
28851297,R12,3047,17089,Association,train
28851297,R13,3047,55646,Association,train
28851297,R14,3047,D017086,Association,train
28851297,R15,rs368698783,D017086,Association,train
15122711,R0,D008107,5428,Association,train
15122711,R1,D019636,5428,Association,train
15122711,R2,D012640,5428,Association,train
15122711,R3,rs113994095,D028361,Association,train
15122711,R4,rs113994095,D002549,Association,train
15122711,R5,rs121918047,D028361,Association,train
15122711,R6,D002549,rs121918047,Association,train
15122711,R7,5428,D028361,Association,train
15122711,R8,5428,D002549,Association,train
15817013,R0,D020521,D014859,Negative_Correlation,train
15817013,R1,D014859,D006470,Positive_Correlation,train
15817013,R2,D001281,D014859,Negative_Correlation,train
17304550,R0,D002658,255928,Association,train
17304550,R1,D001927,255928,Association,train
17304550,R2,D012640,255928,Association,train
17304550,R3,D058627,255928,Association,train
17304550,R4,255928,D002118,Association,train
17304550,R5,255928,D009421,Association,train
18808529,R0,D010100,D007022,Association,train
18808529,R1,D010100,D009202,Association,train
18808529,R2,24907,D007511,Association,train
18808529,R3,24907,309368,Positive_Correlation,train
18808529,R4,24907,24511,Positive_Correlation,train
18808529,R5,24907,114489,Positive_Correlation,train
18808529,R6,24907,305941,Positive_Correlation,train
18808529,R7,24907,11820,Association,train
18808529,R8,24907,D009202,Association,train
18808529,R9,D007545,D007511,Positive_Correlation,train
18808529,R10,D007545,D009202,Positive_Correlation,train
18808529,R11,D007545,24907,Negative_Correlation,train
20415560,R0,D003920,3240,Association,train
20415560,R1,3240,D002318,Association,train
20415560,R2,D014810,D020521,Negative_Correlation,train
20415560,R3,D014810,D009203,Negative_Correlation,train
20415560,R4,D014810,D003920,Negative_Correlation,train
20415560,R5,D014810,3240,Association,train
20415560,R6,D014810,D002318,Negative_Correlation,train
20523265,R0,3075,D008268,Association,train
20523265,R1,rs1329428,D008268,Positive_Correlation,train
20523265,R2,rs1061170,D008268,Positive_Correlation,train
20523265,R3,rs800292,D008268,Positive_Correlation,train
20523265,R4,rs3753394,D008268,Positive_Correlation,train
20523265,R5,717,D008268,Association,train
20523265,R6,D008268,718,Association,train
20523265,R7,629,D008268,Association,train
20949073,R0,D003550,1080,Association,train
20949073,R1,D003550,rs397508387,Association,train
20973483,R0,D006220,D002375,Positive_Correlation,train
20973483,R1,D058915,D010300,Association,train
20973483,R2,D010300,D006220,Association,train
20973483,R3,D010300,D015632,Association,train
20973483,R4,D010300,D016627,Association,train
20973483,R5,D010300,D012110,Association,train
20973483,R6,D012110,D004409,Positive_Correlation,train
21533187,R0,c|DEL||15K,C562938,Association,train
21533187,R1,2132,D005097,Association,train
21533187,R2,2131,D005097,Association,train
21533187,R3,5781,C562938,Association,train
23952588,R0,D007980,D010300,Negative_Correlation,train
23952588,R1,D007980,D004409,Positive_Correlation,train
25305591,R0,20371,22355,Positive_Correlation,train
25305591,R1,16184,22355,Positive_Correlation,train
25305591,R2,12504,22355,Positive_Correlation,train
25305591,R3,4340,D004681,Positive_Correlation,train
25305591,R4,4340,22355,Positive_Correlation,train
25305591,R5,11516,D007249,Negative_Correlation,train
25305591,R6,11516,D004681,Association,train
25305591,R7,22353,D007249,Negative_Correlation,train
25305591,R8,D004681,20371,Negative_Correlation,train
25305591,R9,D004681,16184,Negative_Correlation,train
25305591,R10,D004681,12504,Negative_Correlation,train
25305591,R11,D004681,21803,Negative_Correlation,train
25305591,R12,D004681,16189,Negative_Correlation,train
25305591,R13,D004681,16153,Negative_Correlation,train
25305591,R14,D004681,21926,Positive_Correlation,train
25305591,R15,D004681,16193,Positive_Correlation,train
25305591,R16,D004681,16171,Positive_Correlation,train
25305591,R17,D004681,15978,Positive_Correlation,train
25305591,R18,D004681,22353,Association,train
25305591,R19,22355,21803,Positive_Correlation,train
25305591,R20,22355,16189,Positive_Correlation,train
25305591,R21,22355,16153,Positive_Correlation,train
25305591,R22,22355,21926,Negative_Correlation,train
25305591,R23,22355,16193,Negative_Correlation,train
25305591,R24,22355,16171,Negative_Correlation,train
25305591,R25,22355,15978,Negative_Correlation,train
25305591,R26,22355,D004681,Association,train
27643404,R0,rs10973794,D011471,Positive_Correlation,train
27643404,R1,219,D011471,Association,train
27643404,R2,rs8041922,D011471,Positive_Correlation,train
27643404,R3,rs12910509,D011471,Positive_Correlation,train
27643404,R4,rs1441817,D011471,Positive_Correlation,train
27643404,R5,8854,D011471,Association,train
27643404,R6,D000438,D011471,Association,train
27643404,R7,D000438,8854,Association,train
27643404,R8,D000438,125,Association,train
15686794,R0,D017116,D000638,Positive_Correlation,train
15686794,R1,D000889,D001281,Negative_Correlation,train
15686794,R2,D000638,D001281,Negative_Correlation,train
15755837,R0,C010920,7298,Positive_Correlation,train
15755837,R1,D005492,D047928,Negative_Correlation,train
15755837,R2,c|DEL||19,D047928,Positive_Correlation,train
15755837,R3,1719,C010920,Association,train
15755837,R4,1719,D005492,Association,train
15755837,R5,1719,D047928,Association,train
15851735,R0,rs386833565,D020158,Positive_Correlation,train
15851735,R1,D020158,2731,Association,train
18262054,R0,c|SUB|TG|735_736|AT,D003110,Association,train
18262054,R1,c|SUB|TG|735_736|AT,C537702,Positive_Correlation,train
18262054,R2,p|SUB|G|246|X,D003110,Association,train
18262054,R3,p|SUB|G|246|X,C537702,Positive_Correlation,train
18262054,R4,p|SUB|Y|245|X,p|SUB|G|246|X,Association,train
18262054,R5,p|SUB|Y|245|X,D003110,Association,train
18262054,R6,p|SUB|Y|245|X,C537702,Positive_Correlation,train
18262054,R7,657,D003110,Association,train
18262054,R8,657,C537702,Association,train
18470323,R0,7045,C537881,Association,train
18470323,R1,rs121909210,C537881,Association,train
18772193,R0,D010300,6622,Association,train
18772193,R1,855836,D017382,Negative_Correlation,train
18772193,R2,855836,6622,Negative_Correlation,train
18772193,R3,853374,D017382,Negative_Correlation,train
18772193,R4,853374,6622,Negative_Correlation,train
18772193,R5,853372,D017382,Negative_Correlation,train
18772193,R6,853372,6622,Negative_Correlation,train
18772193,R7,855723,D017382,Negative_Correlation,train
18772193,R8,855723,6622,Negative_Correlation,train
18772193,R9,853589,D017382,Negative_Correlation,train
18772193,R10,853589,6622,Negative_Correlation,train
18772193,R11,6622,D019636,Association,train
18772193,R12,6622,D017382,Positive_Correlation,train
18772193,R13,6622,D006861,Association,train
19101703,R0,8106,D039141,Association,train
19101703,R1,C019529,8106,Association,train
19101703,R2,D039141,C019529,Association,train
19101703,R3,D039141,c|INS|(GCG)4GCA,Positive_Correlation,train
19101703,R4,D039141,c|SUB|(GCG)6(GCA)3GCG||(GCG)6(GCA)(GCG)4(GCA)3GCG,Positive_Correlation,train
19536134,R0,12166,26413,Association,train
19536134,R1,12166,26419,Association,train
19536134,R2,12166,26416,Association,train
19536134,R3,12166,55994,Association,train
19536134,R4,12166,17129,Association,train
19536134,R5,12166,17125,Association,train
19536134,R6,12166,12159,Bind,train
19536134,R7,12166,26409,Association,train
19536134,R8,12824,D000070604,Association,train
19536134,R9,12824,D004204,Association,train
19536134,R10,12824,D007592,Association,train
19536134,R11,12824,D010009,Association,train
19536134,R12,12159,26413,Association,train
19536134,R13,12159,26419,Association,train
19536134,R14,12159,26416,Association,train
19536134,R15,12159,55994,Association,train
19536134,R16,12159,17129,Association,train
19536134,R17,12159,17125,Association,train
19536134,R18,26409,26413,Association,train
19536134,R19,26409,26419,Association,train
19536134,R20,26409,26416,Association,train
19536134,R21,26409,55994,Association,train
19536134,R22,26409,17129,Association,train
19536134,R23,26409,17125,Association,train
19536134,R24,26409,12824,Association,train
19536134,R25,26409,D000070604,Association,train
19536134,R26,26409,D004204,Association,train
19536134,R27,26409,D007592,Association,train
19536134,R28,26409,D010009,Association,train
19536134,R29,26409,12159,Positive_Correlation,train
20428796,R0,7043,7048,Bind,train
20428796,R1,7043,7046,Bind,train
20428796,R2,7042,7048,Bind,train
20428796,R3,7042,7046,Bind,train
20428796,R4,7042,D007627,Positive_Correlation,train
20428796,R5,7040,7048,Bind,train
20428796,R6,7040,7046,Bind,train
20428796,R7,7040,D007627,Association,train
20428796,R8,7048,D007627,Negative_Correlation,train
20428796,R9,7046,D007627,Association,train
20428796,R10,D007627,7043,Negative_Correlation,train
20428796,R11,4052,7042,Positive_Correlation,train
20428796,R12,4052,7046,Bind,train
20428796,R13,4052,D007627,Positive_Correlation,train
20428796,R14,4052,D009841,Association,train
20428796,R15,4052,4052,Positive_Correlation,train
21238926,R0,41094,31310,Negative_Correlation,train
21238926,R1,41094,33529,Negative_Correlation,train
21238926,R2,35197,33432,Association,train
21238926,R3,35197,31310,Negative_Correlation,train
21238926,R4,35197,33529,Negative_Correlation,train
21238926,R5,35197,42297,Association,train
21238926,R6,35197,41094,Association,train
21904390,R0,c|SUB|T|643|C,C537884,Positive_Correlation,train
21904390,R1,c|SUB|T|643|C,C537775,Positive_Correlation,train
21904390,R2,p|SUB|S|216|P,C537884,Positive_Correlation,train
21904390,R3,p|SUB|S|216|P,C537775,Positive_Correlation,train
21904390,R4,c|SUB|C|357-3|G,D015783,Positive_Correlation,train
21904390,R5,p|FS|S|119||,D015783,Positive_Correlation,train
21904390,R6,5080,C537884,Association,train
21904390,R7,5080,C537775,Association,train
21904390,R8,D015783,5080,Association,train
24709919,R0,C049864,D000701,Negative_Correlation,train
24709919,R1,C049864,D006930,Negative_Correlation,train
24709919,R2,C035054,D006930,Positive_Correlation,train
24709919,R3,D000701,D006930,Positive_Correlation,train
24709919,R4,D036145,D000701,Association,train
24709919,R5,D036145,D006930,Association,train
27630165,R0,15978,D008288,Association,train
27630165,R1,15978,100043314,Association,train
27630165,R2,15978,16768,Association,train
27630165,R3,15978,18566,Association,train
27630165,R4,16153,D008288,Association,train
27630165,R5,16153,100043314,Association,train
27630165,R6,16153,16768,Association,train
27630165,R7,16153,18566,Association,train
27630165,R8,12504,D008288,Association,train
27630165,R9,12504,100043314,Association,train
27630165,R10,12504,16768,Association,train
27630165,R11,12504,18566,Association,train
27630165,R12,12504,15978,Association,train
27630165,R13,12504,16153,Association,train
28260077,R0,3315,596,Association,train
28260077,R1,3315,836,Association,train
28260077,R2,3315,581,Association,train
28260077,R3,D007479,596,Association,train
28260077,R4,D007479,836,Association,train
28260077,R5,D007479,581,Association,train
28260077,R6,D007479,24887,Positive_Correlation,train
28260077,R7,D007479,25402,Positive_Correlation,train
28260077,R8,D007479,3315,Association,train
28260077,R9,D007479,D007674,Positive_Correlation,train
28260077,R10,D000069059,24471,Positive_Correlation,train
28260077,R11,D000069059,24887,Negative_Correlation,train
28260077,R12,D000069059,24224,Positive_Correlation,train
28260077,R13,D000069059,25402,Negative_Correlation,train
28260077,R14,D000069059,D007479,Negative_Correlation,train
28260077,R15,D000069059,D007674,Negative_Correlation,train
28346429,R0,16542,20869,Association,train
28346429,R1,22339,20683,Association,train
28346429,R2,22339,D009369,Association,train
28346429,R3,D009369,20683,Association,train
28346429,R4,20869,D010580,Association,train
28346429,R5,20869,20683,Bind,train
28346429,R6,20869,22339,Negative_Correlation,train
28346429,R7,20869,D009369,Negative_Correlation,train
15241482,R0,c|SUB|C|-107|T,D003327,Association,train
15241482,R1,5444,D003327,Association,train
15241482,R2,p|Allele|R|192,D003327,Association,train
15241482,R3,D017202,5444,Association,train
15241482,R4,D017202,p|SUB|Q|192|R,Association,train
15241482,R5,p|SUB|Q|192|R,D003327,Association,train
15241482,R6,p|SUB|M|55|L,D003327,Association,train
17273972,R0,rs74315522,D004062,Association,train
17273972,R1,6899,D004062,Negative_Correlation,train
17959715,R0,rs1800734,D009369,Positive_Correlation,train
17959715,R1,rs1800734,D006689,Association,train
17959715,R2,rs1800734,D001943,Association,train
17959715,R3,rs1800734,D015470,Association,train
17959715,R4,4292,D009369,Association,train
17959715,R5,4292,D006689,Association,train
17959715,R6,4292,D001943,Association,train
17959715,R7,4292,D015470,Association,train
18050247,R0,D008180,rs3917815,Positive_Correlation,train
18050247,R1,D008180,3663,Association,train
18050247,R2,D008180,355,Association,train
18050247,R3,D008180,3654,Association,train
18050247,R4,D008180,rs10127175,Positive_Correlation,train
18050247,R5,D008180,6403,Association,train
18541230,R0,29251,D009404,Association,train
18541230,R1,29251,D011692,Association,train
18541230,R2,D011692,D009404,Positive_Correlation,train
18541230,R3,D011692,D006949,Positive_Correlation,train
18541230,R4,D011692,D007674,Positive_Correlation,train
18541230,R5,D011692,D006402,Positive_Correlation,train
18541230,R6,D011692,D009401,Positive_Correlation,train
18541230,R7,D000991,D009404,Negative_Correlation,train
18541230,R8,D000991,D006949,Negative_Correlation,train
18541230,R9,D000991,D007674,Negative_Correlation,train
18541230,R10,D000991,D006402,Negative_Correlation,train
18541230,R11,D000991,D009401,Negative_Correlation,train
18541230,R12,D000991,D011692,Negative_Correlation,train
19048115,R0,5594,D009369,Association,train
19048115,R1,D006160,3845,Bind,train
19048115,R2,D010051,4763,Association,train
19048115,R3,675,D010051,Association,train
19048115,R4,672,D010051,Association,train
19048115,R5,D009369,3845,Association,train
19048115,R6,D009369,675,Association,train
19048115,R7,D009369,672,Association,train
19048115,R8,D009369,4763,Association,train
19048115,R9,7157,D010051,Association,train
19048115,R10,7157,D009369,Association,train
19048115,R11,4763,7157,Association,train
19463742,R0,D005947,16333,Positive_Correlation,train
19463742,R1,C079282,24185,Association,train
19463742,R2,C079282,24505,Association,train
19463742,R3,3667,4160,Association,train
19463742,R4,5443,C079282,Positive_Correlation,train
19463742,R5,5443,24185,Association,train
19463742,R6,5443,C027756,Positive_Correlation,train
19463742,R7,5443,24505,Association,train
19463742,R8,5443,4160,Bind,train
19463742,R9,5443,5599,Negative_Correlation,train
19463742,R10,C027756,D005947,Positive_Correlation,train
19463742,R11,C027756,207,Association,train
19463742,R12,C027756,3667,Association,train
19463742,R13,C027756,3630,Association,train
19463742,R14,C027756,16333,Association,train
19463742,R15,C027756,4160,Association,train
19463742,R16,C027756,5599,Negative_Correlation,train
19463742,R17,3630,207,Association,train
19463742,R18,3630,5599,Association,train
19463742,R19,3630,26419,Association,train
19463742,R20,3630,116554,Association,train
19463742,R21,24505,24185,Association,train
19463742,R22,24505,5599,Association,train
19463742,R23,24505,26419,Association,train
19463742,R24,24505,116554,Association,train
19463742,R25,16333,5599,Association,train
19463742,R26,16333,26419,Association,train
19463742,R27,16333,116554,Association,train
19463742,R28,4160,3630,Positive_Correlation,train
19463742,R29,4160,24505,Positive_Correlation,train
19463742,R30,4160,16333,Positive_Correlation,train
19463742,R31,4160,5599,Negative_Correlation,train
19463742,R32,4160,26419,Negative_Correlation,train
19463742,R33,4160,116554,Negative_Correlation,train
19463742,R34,25635,3630,Positive_Correlation,train
19463742,R35,25635,24505,Positive_Correlation,train
19463742,R36,25635,16333,Positive_Correlation,train
19463742,R37,25635,5599,Negative_Correlation,train
19463742,R38,25635,26419,Negative_Correlation,train
19463742,R39,25635,116554,Negative_Correlation,train
19463742,R40,17202,3630,Positive_Correlation,train
19463742,R41,17202,24505,Positive_Correlation,train
19463742,R42,17202,16333,Positive_Correlation,train
19463742,R43,17202,5599,Negative_Correlation,train
19463742,R44,17202,26419,Negative_Correlation,train
19463742,R45,17202,116554,Negative_Correlation,train
24588023,R0,D014148,D012640,Association,train
26516699,R0,406884,3845,Association,train
26516699,R1,387187,D010190,Association,train
26516699,R2,D010190,723956,Association,train
26516699,R3,D010190,387156,Association,train
26516699,R4,D010190,723878,Association,train
26516699,R5,D010190,p|SUB|G|12|D,Association,train
26516699,R6,D010190,406884,Association,train
26516699,R7,D010190,723814,Association,train
26516699,R8,D010190,100422821,Association,train
26516699,R9,D010190,723932,Association,train
26516699,R10,D010190,387245,Association,train
26516699,R11,D010190,387190,Association,train
26516699,R12,D010190,387168,Association,train
26516699,R13,D010190,387219,Association,train
26516699,R14,D010190,723874,Association,train
26516699,R15,D010190,387159,Association,train
26516699,R16,D010190,723946,Association,train
26516699,R17,D010190,723892,Association,train
26516699,R18,D010190,239528,Association,train
26516699,R19,D010190,94223,Association,train
26516699,R20,D010190,21357,Association,train
26516699,R21,D010190,18211,Association,train
26516699,R22,D010190,72322,Association,train
26516699,R23,D010190,192119,Association,train
26516699,R24,D010190,387140,Association,train
26516699,R25,D010190,723895,Association,train
26516699,R26,D010190,387201,Association,train
26516699,R27,D010190,751550,Association,train
26516699,R28,D010190,387213,Association,train
26516699,R29,D010190,387212,Association,train
26516699,R30,D010190,387166,Association,train
26516699,R31,D010190,3845,Association,train
26516699,R32,3845,723956,Association,train
26516699,R33,3845,387156,Association,train
26516699,R34,3845,723878,Association,train
26516699,R35,3845,723814,Association,train
26516699,R36,3845,100422821,Association,train
26516699,R37,3845,723932,Association,train
26516699,R38,3845,387245,Association,train
26516699,R39,3845,387190,Association,train
26516699,R40,3845,387168,Association,train
26516699,R41,3845,387219,Association,train
26516699,R42,3845,723874,Association,train
26516699,R43,3845,387159,Association,train
26516699,R44,3845,723946,Association,train
26516699,R45,3845,723892,Association,train
26516699,R46,3845,239528,Association,train
26516699,R47,3845,94223,Association,train
26516699,R48,3845,21357,Association,train
26516699,R49,3845,18211,Association,train
26516699,R50,3845,72322,Association,train
26516699,R51,3845,192119,Association,train
26516699,R52,3845,387140,Association,train
26516699,R53,3845,387187,Association,train
26516699,R54,3845,723895,Association,train
26516699,R55,3845,387201,Association,train
26516699,R56,3845,751550,Association,train
26516699,R57,3845,387213,Association,train
26516699,R58,3845,387212,Association,train
26516699,R59,3845,387166,Association,train
26731607,R0,13197,26416,Association,train
27172902,R0,16153,D009369,Association,train
27172902,R1,16153,D007249,Association,train
27172902,R2,16153,18033,Positive_Correlation,train
27172902,R3,16153,26416,Positive_Correlation,train
27172902,R4,13982,18033,Positive_Correlation,train
27172902,R5,13982,26416,Positive_Correlation,train
27172902,R6,13982,16153,Positive_Correlation,train
27172902,R7,D002945,D009369,Negative_Correlation,train
27172902,R8,D002945,D007249,Positive_Correlation,train
27172902,R9,D002945,D008070,Cotreatment,train
27172902,R10,D002945,18033,Positive_Correlation,train
27172902,R11,D002945,26416,Positive_Correlation,train
27172902,R12,D002945,16153,Positive_Correlation,train
27172902,R13,D002945,14972,Negative_Correlation,train
27172902,R14,D002945,14961,Negative_Correlation,train
27172902,R15,D002945,12524,Negative_Correlation,train
27172902,R16,D002945,12519,Negative_Correlation,train
27172902,R17,D002945,13982,Positive_Correlation,train
27248656,R0,D011507,56718,Association,train
27248656,R1,D011507,81649,Association,train
27248656,R2,D011507,81736,Association,train
27248656,R3,C448659,56718,Association,train
27248656,R4,C448659,D011507,Negative_Correlation,train
27248656,R5,C448659,81649,Association,train
27248656,R6,C448659,81736,Association,train
27248656,R7,C448659,D007674,Negative_Correlation,train
27248656,R8,C448659,D012492,Association,train
27248656,R9,24770,D012492,Positive_Correlation,train
27248656,R10,24498,D012492,Positive_Correlation,train
27248656,R11,24835,D012492,Positive_Correlation,train
27248656,R12,29560,D012492,Positive_Correlation,train
27248656,R13,59086,D012492,Positive_Correlation,train
27248656,R14,D007674,56718,Association,train
27248656,R15,D007674,81649,Association,train
27248656,R16,D007674,81736,Association,train
27248656,R17,D012492,D006973,Association,train
27248656,R18,D012492,D051437,Positive_Correlation,train
27248656,R19,D012492,D011507,Positive_Correlation,train
27248656,R20,D012492,24224,Association,train
27248656,R21,D012492,81649,Positive_Correlation,train
27248656,R22,D012492,81736,Positive_Correlation,train
27248656,R23,D012492,D007674,Positive_Correlation,train
27248656,R24,301252,287871,Association,train
27248656,R25,301252,84351,Association,train
27248656,R26,301252,309361,Association,train
27248656,R27,301252,65248,Association,train
27248656,R28,301252,313121,Association,train
27248656,R29,301252,56718,Association,train
27248656,R30,301252,D011507,Association,train
27248656,R31,301252,24224,Negative_Correlation,train
27248656,R32,301252,81649,Positive_Correlation,train
27248656,R33,301252,81736,Positive_Correlation,train
27248656,R34,301252,29560,Association,train
27248656,R35,301252,D007674,Association,train
27248656,R36,301252,D012492,Positive_Correlation,train
28660748,R0,19701,D009369,Association,train
28660748,R1,19701,D009362,Association,train
28660748,R2,19701,11606,Association,train
28660748,R3,12842,11607,Association,train
28660748,R4,D008113,12842,Association,train
28660748,R5,D004002,D008113,Negative_Correlation,train
28660748,R6,11606,D009369,Association,train
28660748,R7,11606,D009362,Association,train
28660748,R8,11606,21803,Positive_Correlation,train
28660748,R9,13733,11607,Positive_Correlation,train
28660748,R10,21803,D008113,Association,train
28660748,R11,21803,11607,Positive_Correlation,train
28660748,R12,11607,D008113,Association,train
28660748,R13,18613,11607,Positive_Correlation,train
15983230,R0,rs5393,D018149,Association,train
15983230,R1,rs5393,D009765,Association,train
15983230,R2,rs5393,D003920,Association,train
15983230,R3,rs5393,D003924,Positive_Correlation,train
15983230,R4,6514,D018149,Association,train
15983230,R5,6514,D009765,Association,train
15983230,R6,6514,D003920,Association,train
15983230,R7,6514,D003924,Association,train
15983230,R8,3630,6514,Association,train
15983230,R9,3630,2740,Association,train
15983230,R10,3630,2695,Association,train
15983230,R11,3630,3172,Association,train
15983230,R12,3630,6927,Association,train
15983230,R13,3630,2645,Association,train
16412238,R0,D002096,p|SUB|Y|355|X,Association,train
16412238,R1,D052496,p|SUB|Y|355|X,Positive_Correlation,train
16412238,R2,5468,D052496,Negative_Correlation,train
16412238,R3,5468,D010195,Association,train
16412238,R4,5468,D015228,Association,train
16412238,R5,5468,D003920,Association,train
16412238,R6,D007333,5468,Association,train
16412238,R7,D007333,p|SUB|Y|355|X,Association,train
16412238,R8,p|SUB|Y|355|X,D008076,Association,train
16412238,R9,p|SUB|Y|355|X,D010195,Association,train
16412238,R10,p|SUB|Y|355|X,D015228,Association,train
16412238,R11,p|SUB|Y|355|X,D003920,Association,train
16412238,R12,p|SUB|Y|355|X,D014280,Association,train
18270997,R0,rs4680,D009293,Association,train
18270997,R1,1312,D004298,Negative_Correlation,train
18270997,R2,1312,D002395,Negative_Correlation,train
18270997,R3,1312,D009293,Association,train
18487244,R0,5428,C563797,Association,train
18487244,R1,D002549,5428,Association,train
19037252,R0,C537346,51196,Association,train
19037252,R1,C537346,c|DEL||4,Association,train
19707748,R0,1544,D064704,Association,train
19707748,R1,D012640,D064704,Positive_Correlation,train
20129423,R0,D002220,D006967,Positive_Correlation,train
20129423,R1,D002220,D009205,Positive_Correlation,train
21325775,R0,c|SUB|G|CODON158|C,C567089,Association,train
21325775,R1,C567089,p|SUB|R|158|P,Association,train
21325775,R2,C567089,348,Positive_Correlation,train
21325775,R3,D050171,p|SUB|R|158|P,Association,train
21325775,R4,348,D050171,Association,train
21699520,R0,D001478,p|SUB|E|947|X,Association,train
21699520,R1,D001478,g|SUB|T|2839|G,Association,train
21699520,R2,D001478,5727,Association,train
21699520,R3,D002280,p|SUB|R|962|T,Association,train
21699520,R4,D002280,g|SUB|G|2885|C,Association,train
21699520,R5,D002280,5727,Association,train
21699520,R6,D009369,c|Allele|T|IVS9+217,Association,train
21699520,R7,D009369,p|SUB|E|947|X,Association,train
21699520,R8,D009369,g|SUB|T|2839|G,Association,train
21699520,R9,D009369,5727,Negative_Correlation,train
22104738,R0,D008764,C535702,Association,train
22104738,R1,C030290,C535702,Association,train
22104738,R2,C535702,23417,Association,train
22104738,R3,C535702,c|SUB|T|920|G,Association,train
22104738,R4,C535702,p|SUB|L|307|R,Association,train
25218136,R0,292887,287871,Bind,train
25218136,R1,287871,298514,Bind,train
25218136,R2,D007930,308869,Association,train
25218136,R3,D007930,295234,Association,train
25218136,R4,D007930,298514,Positive_Correlation,train
25218136,R5,D007930,292887,Negative_Correlation,train
25218136,R6,D007930,287871,Association,train
25218136,R7,D007930,D018805,Association,train
25218136,R8,D007930,56718,Positive_Correlation,train
25218136,R9,D018805,29642,Association,train
25218136,R10,D018805,84551,Association,train
25218136,R11,D018805,25648,Association,train
25218136,R12,D018805,56718,Negative_Correlation,train
25218136,R13,56718,308869,Association,train
25218136,R14,56718,295234,Association,train
25218136,R15,56718,287871,Bind,train
25218136,R16,56718,83840,Association,train
25218136,R17,56718,116636,Association,train
28151486,R0,D004318,D016511,Association,train
28151486,R1,D004318,D001943,Negative_Correlation,train
28151486,R2,D004318,64852,Positive_Correlation,train
28151486,R3,638,D001943,Association,train
28151486,R4,638,64852,Association,train
28151486,R5,64852,D016511,Association,train
28151486,R6,64852,D001943,Association,train
28151486,R7,64852,D009369,Negative_Correlation,train
15200408,R0,D066087,22270,Association,train
15200408,R1,p|SUB|P|154|A,C564042,Association,train
15200408,R2,c|SUB|C||G,C564042,Association,train
15200408,R3,7380,C564042,Association,train
15200408,R4,rs373513519,C564042,Association,train
15200408,R5,11045,C564042,Association,train
15200408,R6,22270,D006869,Association,train
15200408,R7,22270,C564042,Association,train
16309808,R0,D065127,D012148,Positive_Correlation,train
16309808,R1,D000928,D012148,Association,train
16309808,R2,D012148,D007980,Negative_Correlation,train
16309808,R3,D012148,D004294,Positive_Correlation,train
16309808,R4,D000078785,D012148,Positive_Correlation,train
16309808,R5,D004294,D000078785,Drug_Interaction,train
16309808,R6,D004294,1813,Negative_Correlation,train
18397285,R0,11093,7450,Association,train
18397285,R1,D056728,7450,Association,train
18397285,R2,rs61750097,D056728,Association,train
18790087,R0,c|DEL||32,D000163,Association,train
18790087,R1,c|DEL||32,D015658,Association,train
18790087,R2,1234,D000163,Association,train
18790087,R3,1234,D015658,Association,train
20401977,R0,D004147,196,Association,train
20401977,R1,D000072317,196,Association,train
20401977,R2,D000072317,D004147,Association,train
20588063,R0,D011692,D009401,Positive_Correlation,train
20588063,R1,D009401,25113,Association,train
20588063,R2,D009401,313866,Association,train
20588063,R3,64563,D009401,Association,train
20588063,R4,D011507,25113,Association,train
20588063,R5,D011507,313866,Association,train
20588063,R6,D011507,64563,Association,train
20854438,R0,D007645,rs28937888,Positive_Correlation,train
20854438,R1,D007645,57152,Association,train
20854438,R2,D014777,rs28937888,Association,train
20854438,R3,D008545,rs28937888,Positive_Correlation,train
20854438,R4,57152,D014777,Association,train
20854438,R5,57152,D008545,Association,train
20854438,R6,57152,1137,Positive_Correlation,train
21771880,R0,8660,D003920,Association,train
21771880,R1,8660,D009765,Association,train
21771880,R2,10510452_139,D009765,Association,train
24100257,R0,D003329,C089750,Positive_Correlation,train
24100257,R1,C089750,D008881,Negative_Correlation,train
24100257,R2,D054549,C089750,Positive_Correlation,train
25263533,R0,6955,3560,Association,train
25263533,R1,6955,604,Negative_Correlation,train
25263533,R2,6955,3559,Association,train
25263533,R3,604,3108,Negative_Correlation,train
25263533,R4,604,3493,Negative_Correlation,train
25263533,R5,604,3500,Negative_Correlation,train
25263533,R6,604,5788,Negative_Correlation,train
25263533,R7,604,57379,Negative_Correlation,train
25263533,R8,3559,3108,Positive_Correlation,train
25263533,R9,3559,3493,Positive_Correlation,train
25263533,R10,3559,3500,Positive_Correlation,train
25263533,R11,3559,5788,Positive_Correlation,train
25263533,R12,3559,57379,Positive_Correlation,train
25263533,R13,3559,596,Positive_Correlation,train
25263533,R14,3559,7293,Positive_Correlation,train
25263533,R15,3559,29851,Positive_Correlation,train
25263533,R16,3559,3586,Positive_Correlation,train
25263533,R17,3559,3605,Positive_Correlation,train
25263533,R18,3559,59067,Positive_Correlation,train
25263533,R19,3559,4094,Positive_Correlation,train
25263533,R20,3558,3560,Bind,train
25263533,R21,3558,6955,Association,train
25263533,R22,3558,604,Association,train
25263533,R23,3558,3586,Association,train
25263533,R24,3558,3605,Association,train
25263533,R25,3558,59067,Association,train
25263533,R26,3558,4094,Association,train
25263533,R27,3558,3559,Bind,train
27779699,R0,860,D005870,Association,train
27779699,R1,4982,D005870,Association,train
27779699,R2,632,D005870,Association,train
27779699,R3,8600,D005870,Association,train
27779699,R4,2317,D009369,Association,train
27779699,R5,2317,860,Positive_Correlation,train
27779699,R6,2317,4982,Positive_Correlation,train
27779699,R7,2317,632,Positive_Correlation,train
27779699,R8,2317,8600,Positive_Correlation,train
27779699,R9,2317,D005870,Association,train
28075473,R0,3605,D009369,Association,train
28075473,R1,D008070,D001943,Negative_Correlation,train
28075473,R2,D008070,21898,Association,train
28075473,R3,D008070,15978,Positive_Correlation,train
28075473,R4,D008070,16171,Negative_Correlation,train
28075473,R5,D008070,D009369,Negative_Correlation,train
28075473,R6,21898,15978,Association,train
28075473,R7,21898,83430,Association,train
28075473,R8,21898,16171,Association,train
28075473,R9,21898,D009369,Association,train
28075473,R10,D009369,15978,Association,train
28075473,R11,D009369,83430,Association,train
28075473,R12,D009369,16171,Association,train
28260056,R0,C025946,D017382,Association,train
28260056,R1,C025946,D000860,Association,train
28260056,R2,D017382,56717,Association,train
28260056,R3,D017382,11651,Association,train
28260056,R4,D017382,18706,Association,train
28260056,R5,D017382,D000860,Positive_Correlation,train
28260056,R6,18706,C085911,Negative_Correlation,train
28260056,R7,D000860,16000,Association,train
28260056,R8,D000860,56717,Association,train
28260056,R9,D000860,11651,Association,train
28260056,R10,D000860,18706,Association,train
28260056,R11,16001,D017382,Association,train
28260056,R12,16001,56717,Association,train
28260056,R13,16001,11651,Association,train
28260056,R14,16001,18706,Association,train
28260056,R15,16001,D000860,Association,train
15075188,R0,24211,D012964,Association,train
15075188,R1,54300,D012964,Association,train
15075188,R2,25065,D012964,Association,train
15075188,R3,24784,D012964,Association,train
15075188,R4,24768,D009404,Association,train
15075188,R5,24767,D009404,Association,train
15075188,R6,25122,D009404,Association,train
15075188,R7,D012964,D009404,Association,train
15075188,R8,D011692,54300,Negative_Correlation,train
15075188,R9,D011692,25065,Negative_Correlation,train
15075188,R10,D011692,24784,Negative_Correlation,train
15075188,R11,D011692,24768,Positive_Correlation,train
15075188,R12,D011692,24767,Positive_Correlation,train
15075188,R13,D011692,25122,Positive_Correlation,train
15075188,R14,D011692,D001201,Negative_Correlation,train
15075188,R15,D011692,D012964,Association,train
15075188,R16,D011692,D034141,Positive_Correlation,train
15075188,R17,D011692,D011507,Positive_Correlation,train
15075188,R18,D011692,D009404,Positive_Correlation,train
15145918,R0,D003000,64652,Positive_Correlation,train
15145918,R1,D003000,D007022,Positive_Correlation,train
15145918,R2,D003000,25083,Positive_Correlation,train
15145918,R3,D004967,D003000,Negative_Correlation,train
15145918,R4,D004967,64652,Association,train
15145918,R5,D004967,D007022,Negative_Correlation,train
15145918,R6,D004967,25083,Negative_Correlation,train
15145918,R7,C032302,64652,Positive_Correlation,train
15145918,R8,C032302,D007022,Positive_Correlation,train
15145918,R9,C032302,25083,Positive_Correlation,train
15145918,R10,D008750,D004967,Association,train
15145918,R11,D008750,64652,Positive_Correlation,train
15145918,R12,D008750,D007022,Positive_Correlation,train
15145918,R13,D008750,25083,Positive_Correlation,train
15145918,R14,64652,D007022,Association,train
15145918,R15,25083,D007022,Association,train
15278670,R0,C009250,D003866,Positive_Correlation,train
15278670,R1,C009250,D012640,Negative_Correlation,train
15278670,R2,C009250,D008012,Negative_Correlation,train
15278670,R3,D002118,D011188,Association,train
15278670,R4,D001030,D011188,Association,train
15278670,R5,D001030,D002118,Association,train
15278670,R6,D001030,D012640,Negative_Correlation,train
15278670,R7,D008012,D012640,Positive_Correlation,train
15614572,R0,D012701,25187,Positive_Correlation,train
15614572,R1,D002375,D006220,Positive_Correlation,train
15614572,R2,D002375,D001058,Positive_Correlation,train
15614572,R3,D001058,D009062,Positive_Correlation,train
15614572,R4,D003913,D009062,Positive_Correlation,train
15614572,R5,D014196,24318,Negative_Correlation,train
15614572,R6,D014196,D005473,Negative_Correlation,train
15614572,R7,D014196,D004874,Negative_Correlation,train
15614572,R8,D014196,D006220,Negative_Correlation,train
15614572,R9,D014196,D002375,Negative_Correlation,train
15614572,R10,D014196,D009062,Negative_Correlation,train
15614572,R11,D014196,D001058,Negative_Correlation,train
15614572,R12,D014196,D003913,Negative_Correlation,train
15614572,R13,D014196,29595,Negative_Correlation,train
15614572,R14,D014196,25187,Negative_Correlation,train
15630069,R0,D011618,D018967,Negative_Correlation,train
15630069,R1,D011618,C076029,Negative_Correlation,train
15630069,R2,D011618,D003024,Negative_Correlation,train
15630069,R3,D018967,D005947,Association,train
15630069,R4,C076029,D007333,Positive_Correlation,train
15630069,R5,C076029,D018967,Comparison,train
15630069,R6,C076029,D005947,Association,train
15630069,R7,D003024,D007333,Positive_Correlation,train
15630069,R8,D003024,D018967,Comparison,train
15630069,R9,D003024,C076029,Comparison,train
15630069,R10,D003024,D005947,Association,train
15630069,R11,D012559,D018967,Negative_Correlation,train
15630069,R12,D012559,C076029,Negative_Correlation,train
15630069,R13,D012559,D003024,Negative_Correlation,train
15630069,R14,D012559,D014150,Negative_Correlation,train
15630069,R15,D014150,D003920,Positive_Correlation,train
15630069,R16,D005947,D014150,Association,train
15858223,R0,24421,D006505,Positive_Correlation,train
15858223,R1,24421,D005234,Positive_Correlation,train
15858223,R2,24421,D009336,Positive_Correlation,train
15858223,R3,C075750,D014635,Positive_Correlation,train
15858223,R4,D056486,24421,Positive_Correlation,train
15858223,R5,D014635,D005234,Positive_Correlation,train
15858223,R6,D014635,D009336,Positive_Correlation,train
15858223,R7,D014635,24421,Positive_Correlation,train
15858223,R8,D014635,D056486,Association,train
15859361,R0,C012655,D003875,Positive_Correlation,train
15859361,R1,C012655,D004342,Positive_Correlation,train
15859361,R2,D004342,D000894,Positive_Correlation,train
15859361,R3,D000082,D003875,Positive_Correlation,train
15859361,R4,D000082,D004342,Positive_Correlation,train
15859361,R5,C105934,D000799,Positive_Correlation,train
15859361,R6,C105934,C012655,Comparison,train
15859361,R7,C105934,D000082,Comparison,train
15859361,R8,C105934,4513,Positive_Correlation,train
15897593,R0,D015431,D003630,Positive_Correlation,train
15897593,R1,D015431,D005047,Positive_Correlation,train
15897593,R2,D011034,D066126,Positive_Correlation,train
15897593,R3,D011034,D001855,Positive_Correlation,train
15897593,R4,D018943,D066126,Positive_Correlation,train
15897593,R5,D018943,D001855,Positive_Correlation,train
15897593,R6,D004317,D064420,Positive_Correlation,train
15897593,R7,D004317,D015431,Positive_Correlation,train
15897593,R8,D004317,D066126,Positive_Correlation,train
15897593,R9,D004317,D001855,Positive_Correlation,train
15897593,R10,D003630,D066126,Positive_Correlation,train
15897593,R11,D003630,D004317,Comparison,train
15897593,R12,D005047,D066126,Positive_Correlation,train
15897593,R13,D005047,D004317,Comparison,train
15897593,R14,D001855,D003630,Positive_Correlation,train
15897593,R15,D001855,D005047,Positive_Correlation,train
15897593,R16,D064730,D015431,Negative_Correlation,train
15897593,R17,D064730,D006402,Negative_Correlation,train
15897593,R18,D064730,D066126,Negative_Correlation,train
15897593,R19,D064730,D018943,Negative_Correlation,train
15897593,R20,D064730,D003630,Negative_Correlation,train
15897593,R21,D064730,D005047,Negative_Correlation,train
15897593,R22,D064730,D001855,Negative_Correlation,train
15957009,R0,D014236,D014364,Association,train
15957009,R1,D014236,D012601,Negative_Correlation,train
15957009,R2,D014236,D008569,Negative_Correlation,train
15957009,R3,83817,D014236,Negative_Correlation,train
15957009,R4,64354,D000109,Association,train
15957009,R5,64354,C507242,Negative_Correlation,train
15957009,R6,D008569,D012702,Association,train
15957009,R7,D008569,D014364,Negative_Correlation,train
15957009,R8,D008569,D012601,Positive_Correlation,train
15957009,R9,C507242,D014364,Association,train
15957009,R10,C507242,D012601,Negative_Correlation,train
15957009,R11,C507242,D008569,Negative_Correlation,train
16364460,R0,D016713,29595,Negative_Correlation,train
16364460,R1,D016713,D000647,Negative_Correlation,train
16364460,R2,D016713,D012601,Negative_Correlation,train
16364460,R3,D012601,25229,Negative_Correlation,train
16364460,R4,D012601,D000647,Positive_Correlation,train
16574713,R0,6532,D018817,Association,train
16574713,R1,D018817,D008569,Positive_Correlation,train
16574713,R2,D018817,D020258,Positive_Correlation,train
16574713,R3,D018817,D012701,Positive_Correlation,train
16574713,R4,D012701,6532,Association,train
16574713,R5,D012701,D020258,Positive_Correlation,train
16584858,R0,D004121,1356,Association,train
16584858,R1,D004121,116686,Association,train
16584858,R2,D004121,24786,Association,train
16584858,R3,D004121,24421,Association,train
16584858,R4,D004121,24404,Association,train
16584858,R5,D004121,D005978,Association,train
16584858,R6,D004121,D014810,Association,train
16584858,R7,D004121,D001205,Association,train
16584858,R8,D004121,24248,Association,train
16584858,R9,C013592,D006331,Negative_Correlation,train
16584858,R10,C013592,1356,Association,train
16584858,R11,C013592,116686,Association,train
16584858,R12,C013592,24786,Association,train
16584858,R13,C013592,24421,Association,train
16584858,R14,C013592,24404,Association,train
16584858,R15,C013592,D005978,Association,train
16584858,R16,C013592,D014810,Association,train
16584858,R17,C013592,D001205,Association,train
16584858,R18,C013592,24248,Association,train
16584858,R19,C013592,D017202,Association,train
16584858,R20,C013592,D009203,Negative_Correlation,train
16584858,R21,C013592,D007545,Negative_Correlation,train
16584858,R22,D009202,24264,Association,train
16584858,R23,D009202,24533,Association,train
16584858,R24,D009202,D007501,Association,train
16584858,R25,D009202,D014527,Association,train
16584858,R26,D009203,1356,Association,train
16584858,R27,D009203,116686,Association,train
16584858,R28,D009203,24786,Association,train
16584858,R29,D009203,24421,Association,train
16584858,R30,D009203,24404,Association,train
16584858,R31,D009203,D005978,Association,train
16584858,R32,D009203,D014810,Association,train
16584858,R33,D009203,D001205,Association,train
16584858,R34,D009203,24248,Association,train
16584858,R35,D007545,24264,Positive_Correlation,train
16584858,R36,D007545,24533,Positive_Correlation,train
16584858,R37,D007545,D007501,Association,train
16584858,R38,D007545,D014527,Positive_Correlation,train
16584858,R39,D007545,D009202,Positive_Correlation,train
16584858,R40,D007545,D009203,Positive_Correlation,train
16586083,R0,D011453,D016861,Association,train
16586083,R1,1401,D002318,Association,train
16586083,R2,C109794,D002318,Association,train
16586083,R3,D016861,D006333,Positive_Correlation,train
16586083,R4,D016861,D006973,Positive_Correlation,train
16586083,R5,D016861,D020521,Positive_Correlation,train
16586083,R6,D016861,D009203,Positive_Correlation,train
16634859,R0,D000431,D006130,Positive_Correlation,train
16725121,R0,D012964,D000777,Negative_Correlation,train
16725121,R1,D012964,D003891,Association,train
16725121,R2,D012964,20538,Association,train
16725121,R3,D008012,D009638,Positive_Correlation,train
16725121,R4,D008012,D012640,Positive_Correlation,train
16725121,R5,D003042,D009638,Positive_Correlation,train
16725121,R6,D003042,D012640,Positive_Correlation,train
16725121,R7,D003042,20538,Positive_Correlation,train
16725121,R8,C003636,D009638,Positive_Correlation,train
16725121,R9,D002045,D009638,Positive_Correlation,train
16725121,R10,D000777,D012640,Positive_Correlation,train
16725121,R11,D000777,D003891,Association,train
16725121,R12,D000777,20538,Association,train
16725121,R13,D003891,D008012,Positive_Correlation,train
16725121,R14,D003891,D003042,Negative_Correlation,train
16725121,R15,D003891,D009638,Negative_Correlation,train
16725121,R16,D003891,D012640,Positive_Correlation,train
16725121,R17,20538,D012640,Association,train
16725121,R18,20538,D003891,Negative_Correlation,train
16755009,R0,12038,D010936,Negative_Correlation,train
16755009,R1,D010936,D003072,Negative_Correlation,train
16755009,R2,D010936,11423,Negative_Correlation,train
16755009,R3,D010936,D002784,Negative_Correlation,train
16755009,R4,D010936,D003975,Negative_Correlation,train
16755009,R5,D010936,D000647,Negative_Correlation,train
16755009,R6,D010936,D012601,Negative_Correlation,train
16755009,R7,D003975,D000647,Positive_Correlation,train
16755009,R8,D012601,D000647,Positive_Correlation,train
16810074,R0,D018738,D019335,Association,train
16810074,R1,D018738,D006973,Association,train
16810074,R2,C001803,D019335,Negative_Correlation,train
16810074,R3,D013481,C001803,Negative_Correlation,train
16810074,R4,D009638,D019335,Negative_Correlation,train
16810074,R5,24598,D019335,Negative_Correlation,train
16810074,R6,D019335,D013481,Positive_Correlation,train
16810074,R7,D019335,24323,Negative_Correlation,train
16810074,R8,D019335,D006973,Positive_Correlation,train
16810074,R9,D009569,D018754,Negative_Correlation,train
16810074,R10,D006973,24323,Association,train
16810074,R11,D006973,D009569,Negative_Correlation,train
16920333,R0,D002220,C036006,Comparison,train
16920333,R1,D012640,D010852,Positive_Correlation,train
16920333,R2,C416835,D002220,Comparison,train
16920333,R3,C416835,C036006,Comparison,train
16920333,R4,C416835,D010852,Negative_Correlation,train
16920333,R5,C416835,D012640,Negative_Correlation,train
17042910,R0,24598,D003907,Association,train
17042910,R1,C065179,24598,Positive_Correlation,train
17042910,R2,C065179,D009569,Positive_Correlation,train
17042910,R3,C065179,D013481,Negative_Correlation,train
17042910,R4,C065179,D006973,Negative_Correlation,train
17042910,R5,C065179,D003907,Negative_Correlation,train
17042910,R6,D006973,D009569,Negative_Correlation,train
17042910,R7,D006973,D013481,Positive_Correlation,train
17042910,R8,D003907,D009569,Negative_Correlation,train
17042910,R9,D003907,D013481,Association,train
17042910,R10,D003907,D006973,Positive_Correlation,train
17194457,R0,D045165,D001523,Positive_Correlation,train
17194457,R1,D045165,D012701,Association,train
17194457,R2,D013739,D001523,Positive_Correlation,train
17194457,R3,D013739,D006897,Negative_Correlation,train
17194457,R4,D013739,D012701,Negative_Correlation,train
17194457,R5,D013739,D010134,Association,train
17194457,R6,D012701,D001523,Association,train
17194457,R7,D010134,D001523,Positive_Correlation,train
17194457,R8,D010134,D006897,Negative_Correlation,train
17194457,R9,D010134,D012701,Negative_Correlation,train
17244258,R0,D010890,25229,Negative_Correlation,train
17244258,R1,C054938,25229,Negative_Correlation,train
17244258,R2,C042375,D010890,Comparison,train
17244258,R3,C042375,C054938,Comparison,train
17244258,R4,25229,C042375,Negative_Correlation,train
17244258,R5,25229,D001285,Negative_Correlation,train
17244258,R6,25229,D003556,Association,train
17244258,R7,25229,D003520,Association,train
17244258,R8,D003556,24925,Association,train
17244258,R9,D003520,D003556,Positive_Correlation,train
17379047,R0,D007008,D006852,Positive_Correlation,train
17379047,R1,D007008,C081489,Negative_Correlation,train
17379047,R2,D006852,D000075222,Negative_Correlation,train
17379047,R3,D006852,D006973,Negative_Correlation,train
17379047,R4,C081489,D000075222,Negative_Correlation,train
17379047,R5,C081489,D006973,Negative_Correlation,train
17379047,R6,C081489,D006852,Comparison,train
17439425,R0,D005938,D009569,Association,train
17439425,R1,D005938,D006973,Positive_Correlation,train
17439425,R2,5443,D006973,Positive_Correlation,train
17439425,R3,D000493,D014527,Negative_Correlation,train
17439425,R4,D014969,D017382,Association,train
17439425,R5,D014527,D014969,Association,train
17439425,R6,D006973,D009569,Association,train
17439425,R7,D003907,D006973,Positive_Correlation,train
17572393,R0,D008315,D002330,Positive_Correlation,train
17572393,R1,D008550,D008315,Negative_Correlation,train
17572393,R2,D008550,24387,Positive_Correlation,train
17572393,R3,D008550,59086,Positive_Correlation,train
17572393,R4,D008550,24804,Positive_Correlation,train
17572393,R5,D008550,D002330,Negative_Correlation,train
17572393,R6,D002330,24387,Association,train
17572393,R7,D002330,59086,Association,train
17572393,R8,D002330,24804,Association,train
17572393,R9,D002330,D054220,Positive_Correlation,train
17615423,R0,C413408,D058186,Positive_Correlation,train
17615423,R1,C413408,1576,Negative_Correlation,train
17615423,R2,C413408,D012206,Positive_Correlation,train
17615423,R3,D000638,D058186,Positive_Correlation,train
17615423,R4,D000638,C413408,Drug_Interaction,train
17615423,R5,D000638,1576,Negative_Correlation,train
17615423,R6,D000638,D012206,Positive_Correlation,train
17615423,R7,1576,C422923,Negative_Correlation,train
17615423,R8,1576,C065180,Negative_Correlation,train
17615423,R9,1576,D017035,Negative_Correlation,train
17615423,R10,D019821,D058186,Positive_Correlation,train
17615423,R11,D019821,C413408,Drug_Interaction,train
17615423,R12,D019821,D000638,Drug_Interaction,train
17615423,R13,D019821,1576,Association,train
17615423,R14,D012206,D019821,Positive_Correlation,train
17854040,R0,D019259,D015658,Association,train
17854040,R1,D019259,D006509,Negative_Correlation,train
17975693,R0,D009643,D001008,Positive_Correlation,train
17975693,R1,D001008,D024841,Positive_Correlation,train
17975693,R2,D002939,D001008,Positive_Correlation,train
18083142,R0,11551,D015016,Negative_Correlation,train
18083142,R1,11549,D011224,Negative_Correlation,train
18083142,R2,D011433,D001008,Negative_Correlation,train
18083142,R3,D011433,D003042,Negative_Correlation,train
18083142,R4,D004221,D001008,Negative_Correlation,train
18083142,R5,13166,D004221,Negative_Correlation,train
18083142,R6,11554,D011433,Negative_Correlation,train
18083142,R7,11554,D001008,Association,train
18083142,R8,D001008,13166,Association,train
18083142,R9,D003042,D004221,Negative_Correlation,train
18083142,R10,D003042,13166,Association,train
18083142,R11,D003042,11554,Association,train
18083142,R12,D003042,D001008,Positive_Correlation,train
18083142,R13,D009638,11554,Association,train
18083142,R14,D009638,D001008,Association,train
18083142,R15,D009638,D003042,Association,train
18165598,R0,4512,D010149,Association,train
18165598,R1,D013931,4513,Negative_Correlation,train
18165598,R2,4513,D010149,Association,train
18165598,R3,4513,5732,Positive_Correlation,train
18165598,R4,4513,D010146,Association,train
18165598,R5,5732,D010149,Positive_Correlation,train
18165598,R6,C116926,D010146,Negative_Correlation,train
18165598,R7,D002045,D010149,Positive_Correlation,train
18165598,R8,D002045,4512,Association,train
18165598,R9,D002045,D017695,Association,train
18165598,R10,D002045,4513,Positive_Correlation,train
18165598,R11,D002045,5732,Positive_Correlation,train
18165598,R12,D002045,D010146,Positive_Correlation,train
18165598,R13,D002045,C116926,Cotreatment,train
18165598,R14,D002045,D008012,Comparison,train
18182964,R0,D008774,D001289,Negative_Correlation,train
18182964,R1,D006970,D003000,Positive_Correlation,train
18182964,R2,D003000,D001289,Negative_Correlation,train
18182964,R3,D003000,D008774,Cotreatment,train
18182964,R4,D003000,D001919,Positive_Correlation,train
18340638,R0,D000740,D010718,Positive_Correlation,train
18340638,R1,D010718,308,Association,train
18340638,R2,D001379,D001855,Positive_Correlation,train
18340638,R3,D001379,D000740,Positive_Correlation,train
18340638,R4,D001379,D002118,Positive_Correlation,train
18340638,R5,D001379,308,Association,train
18340638,R6,D001379,D010718,Positive_Correlation,train
18410508,R0,C485184,D008694,Association,train
18410508,R1,D015632,D004298,Association,train
18410508,R2,D015632,D009422,Positive_Correlation,train
18410508,R3,D015632,D020258,Association,train
18410508,R4,13051,C485184,Association,train
18410508,R5,13051,D015632,Association,train
18410508,R6,13051,D004298,Association,train
18410508,R7,13051,D009422,Association,train
18410508,R8,D009422,D004298,Association,train
18410508,R9,D009422,D008694,Positive_Correlation,train
18410508,R10,D008694,D004298,Negative_Correlation,train
18410508,R11,D008694,D020258,Positive_Correlation,train
18422462,R0,D007565,D000410,Positive_Correlation,train
18422462,R1,D015658,C098320,Negative_Correlation,train
18422462,R2,D015658,D018119,Negative_Correlation,train
18422462,R3,D015658,D019259,Negative_Correlation,train
18422462,R4,D015658,D019829,Negative_Correlation,train
18422462,R5,D015658,D015215,Negative_Correlation,train
18422462,R6,D018119,D010523,Positive_Correlation,train
18422462,R7,D018119,C098320,Cotreatment,train
18422462,R8,D018119,D019829,Cotreatment,train
18422462,R9,D019259,C098320,Cotreatment,train
18422462,R10,D019259,D018119,Cotreatment,train
18422462,R11,D019259,D019829,Cotreatment,train
18422462,R12,D019829,D005076,Positive_Correlation,train
18422462,R13,D015215,C098320,Cotreatment,train
18422462,R14,D015215,D019259,Cotreatment,train
18422462,R15,D015215,D019829,Cotreatment,train
18442015,R0,D010634,D013276,Positive_Correlation,train
18442015,R1,D006632,D006471,Positive_Correlation,train
18442015,R2,D003314,D050197,Positive_Correlation,train
18442015,R3,D004872,D002784,Drug_Interaction,train
18442015,R4,D050197,D008077,Positive_Correlation,train
18442015,R5,D050197,D008054,Positive_Correlation,train
18442015,R6,D050197,D002118,Positive_Correlation,train
18442015,R7,D050197,D002784,Positive_Correlation,train
18442015,R8,D050197,D004872,Positive_Correlation,train
18442015,R9,D013276,25632,Association,train
18442015,R10,D013276,D006632,Positive_Correlation,train
18442015,R11,D013276,D008054,Positive_Correlation,train
18442015,R12,D006471,D008054,Positive_Correlation,train
18442015,R13,D014700,D013276,Negative_Correlation,train
18442015,R14,D014700,D006471,Negative_Correlation,train
18544179,R0,D020250,C009250,Positive_Correlation,train
18544179,R1,D010149,C009250,Positive_Correlation,train
18544179,R2,D005283,D001919,Positive_Correlation,train
18544179,R3,D005283,D007022,Positive_Correlation,train
18544179,R4,D005283,D012131,Positive_Correlation,train
18544179,R5,D005283,D003907,Cotreatment,train
18544179,R6,D005283,D009325,Positive_Correlation,train
18544179,R7,D005283,D014839,Positive_Correlation,train
18544179,R8,D005283,D020250,Positive_Correlation,train
18544179,R9,D005283,C009250,Cotreatment,train
18674790,R0,24335,84598,Positive_Correlation,train
18674790,R1,24335,25125,Positive_Correlation,train
18674790,R2,84598,25125,Association,train
18674790,R3,89829,84598,Negative_Correlation,train
18674790,R4,89829,25125,Negative_Correlation,train
18674790,R5,D005227,D009765,Association,train
18674790,R6,D004041,D009765,Positive_Correlation,train
18674790,R7,D004317,D000244,Association,train
18674790,R8,D004317,D000255,Negative_Correlation,train
18674790,R9,D004317,D008055,Association,train
18674790,R10,D004317,D006331,Positive_Correlation,train
18674790,R11,D004317,D066126,Positive_Correlation,train
18674790,R12,D009765,D000255,Negative_Correlation,train
18674790,R13,D009765,65248,Association,train
18674790,R14,D009765,25747,Association,train
18674790,R15,D009765,54315,Association,train
18674790,R16,D009765,25708,Association,train
18674790,R17,D009765,246253,Association,train
18674790,R18,D009765,D004317,Positive_Correlation,train
18752389,R0,D017114,D000069438,Positive_Correlation,train
18752389,R1,D001219,D056486,Association,train
18752389,R2,D001219,D000069499,Association,train
18752389,R3,D019821,D001219,Positive_Correlation,train
18752389,R4,D019821,3156,Negative_Correlation,train
18752389,R5,D019821,7361,Association,train
18752389,R6,D019821,D000069438,Drug_Interaction,train
18752389,R7,D056486,D019821,Positive_Correlation,train
18752389,R8,D056486,7361,Association,train
18752389,R9,D056486,D000069499,Positive_Correlation,train
18752389,R10,C532833,D019821,Association,train
18752389,R11,D000069438,D056486,Positive_Correlation,train
18752389,R12,D000069438,C532833,Association,train
18752389,R13,D000069438,7361,Negative_Correlation,train
18752389,R14,D015283,D003866,Negative_Correlation,train
18752389,R15,D000069499,D017114,Positive_Correlation,train
18752389,R16,D000069499,D017093,Positive_Correlation,train
18754075,R0,D013256,D009404,Negative_Correlation,train
18754075,R1,D013256,D005923,Negative_Correlation,train
18754075,R2,D058186,D019386,Positive_Correlation,train
18754075,R3,D058186,D004164,Positive_Correlation,train
18754075,R4,D019386,D003404,Negative_Correlation,train
18754075,R5,D019386,D005923,Negative_Correlation,train
18754075,R6,D004164,D005923,Negative_Correlation,train
18754075,R7,D011507,D019386,Positive_Correlation,train
18754075,R8,D011507,D004164,Positive_Correlation,train
18945509,R0,D003924,C057619,Negative_Correlation,train
18945509,R1,D003924,D005907,Negative_Correlation,train
18945509,R2,D005913,C057619,Comparison,train
18945509,R3,D005913,D005907,Comparison,train
18945509,R4,D005913,D003924,Negative_Correlation,train
18945509,R5,D005913,D003324,Positive_Correlation,train
18945509,R6,D005905,C057619,Comparison,train
18945509,R7,D005905,D005907,Comparison,train
18945509,R8,D005905,D003924,Negative_Correlation,train
18945509,R9,D005905,D003324,Positive_Correlation,train
18945509,R10,D013453,D003924,Negative_Correlation,train
18945509,R11,D003324,D013453,Positive_Correlation,train
18987260,R0,D014508,D007674,Association,train
18987260,R1,D019808,D006973,Negative_Correlation,train
18987260,R2,D019808,24180,Negative_Correlation,train
18987260,R3,D019808,D005923,Negative_Correlation,train
18987260,R4,D019808,D014511,Negative_Correlation,train
18987260,R5,D019808,D007676,Negative_Correlation,train
18987260,R6,D019808,D005355,Negative_Correlation,train
18987260,R7,D019808,D001284,Negative_Correlation,train
18987260,R8,D019808,D011507,Negative_Correlation,train
18987260,R9,D019808,D005921,Negative_Correlation,train
18987260,R10,D019808,D007674,Negative_Correlation,train
18987260,R11,D019808,D004317,Negative_Correlation,train
18987260,R12,D004317,D005923,Positive_Correlation,train
18987260,R13,D004317,D007674,Positive_Correlation,train
19058010,R0,D014810,D000975,Positive_Correlation,train
19058010,R1,D014810,D000252,Negative_Correlation,train
19058010,R2,D014810,D000254,Positive_Correlation,train
19058010,R3,D014810,D017301,Positive_Correlation,train
19058010,R4,D014810,D008055,Negative_Correlation,train
19058010,R5,D014810,D009203,Negative_Correlation,train
19058010,R6,D014810,D007545,Negative_Correlation,train
19058010,R7,D010936,D014810,Cotreatment,train
19058010,R8,D010936,D000975,Positive_Correlation,train
19058010,R9,D010936,D000252,Negative_Correlation,train
19058010,R10,D010936,D000254,Positive_Correlation,train
19058010,R11,D010936,D017301,Positive_Correlation,train
19058010,R12,D010936,D008055,Negative_Correlation,train
19058010,R13,D010936,D009203,Negative_Correlation,train
19058010,R14,D010936,D007545,Negative_Correlation,train
19058010,R15,D007545,D000975,Negative_Correlation,train
19058010,R16,D007545,D000252,Positive_Correlation,train
19058010,R17,D007545,D000254,Negative_Correlation,train
19058010,R18,D007545,D017301,Negative_Correlation,train
19058010,R19,D007545,D008055,Association,train
19058010,R20,D007545,D009203,Positive_Correlation,train
19108278,R0,D017180,D010042,Positive_Correlation,train
19108278,R1,D004837,D001145,Positive_Correlation,train
19108278,R2,D011433,D010042,Negative_Correlation,train
19108278,R3,D011433,D017180,Negative_Correlation,train
19108278,R4,D011433,D001145,Negative_Correlation,train
19108278,R5,D011433,D004837,Negative_Correlation,train
19108278,R6,D011433,D019344,Negative_Correlation,train
19108278,R7,D011433,D005947,Negative_Correlation,train
19108278,R8,D007545,D011433,Negative_Correlation,train
19108278,R9,D007545,D005227,Positive_Correlation,train
19108278,R10,D007545,D019344,Positive_Correlation,train
19108278,R11,D007545,D005947,Positive_Correlation,train
19445921,R0,C066201,D009202,Negative_Correlation,train
19445921,R1,C066201,D006331,Negative_Correlation,train
19445921,R2,C066201,D009203,Negative_Correlation,train
19445921,R3,C066201,D007545,Negative_Correlation,train
19445921,R4,D028361,D000244,Association,train
19445921,R5,D028361,D007545,Positive_Correlation,train
19445921,R6,D007545,24404,Negative_Correlation,train
19445921,R7,D007545,24786,Negative_Correlation,train
19445921,R8,D007545,24264,Positive_Correlation,train
19445921,R9,D007545,25721,Positive_Correlation,train
19445921,R10,D007545,24533,Positive_Correlation,train
19445921,R11,D007545,D009202,Positive_Correlation,train
19445921,R12,D007545,D006331,Positive_Correlation,train
19445921,R13,D007545,24248,Negative_Correlation,train
19445921,R14,D007545,D008315,Positive_Correlation,train
19445921,R15,D007545,D009203,Positive_Correlation,train
19631624,R0,D020258,D018817,Positive_Correlation,train
19631624,R1,D018817,D006948,Positive_Correlation,train
19631624,R2,D018817,D008569,Positive_Correlation,train
19631624,R3,D018817,D002188,Association,train
19631624,R4,D018817,D007859,Positive_Correlation,train
19631624,R5,D006948,D002188,Positive_Correlation,train
19631624,R6,D008569,D002188,Positive_Correlation,train
19631624,R7,D007859,D002188,Positive_Correlation,train
19692487,R0,19225,D011141,Association,train
19692487,R1,11827,D008094,Negative_Correlation,train
19692487,R2,D015232,20495,Negative_Correlation,train
19692487,R3,D015232,11827,Negative_Correlation,train
19692487,R4,D015232,D011141,Association,train
19692487,R5,D015232,D008094,Association,train
19692487,R6,D018021,D015232,Positive_Correlation,train
19692487,R7,D018021,D011141,Positive_Correlation,train
19692487,R8,D018021,64292,Positive_Correlation,train
19692487,R9,D008094,20495,Negative_Correlation,train
19692487,R10,D008094,D011141,Positive_Correlation,train
19692487,R11,64292,D015232,Association,train
19692487,R12,64292,D011141,Positive_Correlation,train
19692487,R13,64292,D008094,Positive_Correlation,train
19719056,R0,D002351,D004487,Positive_Correlation,train
19719056,R1,D003911,D017308,Association,train
19721134,R0,24260,C042375,Negative_Correlation,train
19721134,R1,24260,D010042,Association,train
19721134,R2,24260,D000157,Association,train
19721134,R3,24260,D001145,Association,train
19721134,R4,100379235,C042375,Negative_Correlation,train
19721134,R5,100379235,D010042,Association,train
19721134,R6,100379235,D000157,Association,train
19721134,R7,100379235,D001145,Association,train
19721134,R8,C042375,D010862,Negative_Correlation,train
19721134,R9,D002118,D010042,Positive_Correlation,train
19721134,R10,D002118,D000157,Positive_Correlation,train
19721134,R11,D002118,D010862,Negative_Correlation,train
19721134,R12,D001145,D010042,Positive_Correlation,train
19721134,R13,D001145,D000157,Positive_Correlation,train
19721134,R14,D010862,24260,Association,train
19721134,R15,D010862,100379235,Association,train
19721134,R16,D010862,D010042,Negative_Correlation,train
19721134,R17,D010862,D000157,Negative_Correlation,train
19721134,R18,D010862,D001145,Negative_Correlation,train
19721134,R19,D010862,D017180|D014693,Negative_Correlation,train
19923525,R0,D005996,D007022,Positive_Correlation,train
19923525,R1,D005996,D008569,Positive_Correlation,train
19923525,R2,D009553,D002118,Association,train
19923525,R3,D009553,D007022,Association,train
19923525,R4,D009553,D005996,Negative_Correlation,train
19923525,R5,D009553,D008569,Negative_Correlation,train
20080983,R0,D012893,D003042,Positive_Correlation,train
20080983,R1,C048833,D003042,Association,train
20080983,R2,C048833,D012893,Negative_Correlation,train
20447294,R0,C401121,D009437,Negative_Correlation,train
20447294,R1,C401121,D006930,Negative_Correlation,train
20447294,R2,C401121,D007249,Negative_Correlation,train
20447294,R3,D009020,D009437,Negative_Correlation,train
20447294,R4,D009020,C401121,Cotreatment,train
20447294,R5,D009020,D006930,Negative_Correlation,train
20447294,R6,D009020,D007249,Negative_Correlation,train
20447294,R7,D013311,D003929,Positive_Correlation,train
20447294,R8,D002351,D007249,Positive_Correlation,train
20510337,R0,D015032,D002945,Negative_Correlation,train
20510337,R1,D012643,D002945,Negative_Correlation,train
20510337,R2,D002945,D058186,Positive_Correlation,train
20510337,R3,D002945,18125,Positive_Correlation,train
20510337,R4,D002945,18033,Positive_Correlation,train
20510337,R5,D002945,22060,Positive_Correlation,train
20510337,R6,D002945,12367,Positive_Correlation,train
20510337,R7,D002945,D003404,Positive_Correlation,train
20510337,R8,D002945,D001806,Positive_Correlation,train
20510337,R9,D002945,D007674,Positive_Correlation,train
20510337,R10,C024989,18125,Negative_Correlation,train
20510337,R11,C024989,18033,Negative_Correlation,train
20510337,R12,C024989,22060,Negative_Correlation,train
20510337,R13,C024989,12367,Negative_Correlation,train
20510337,R14,C024989,D005978,Negative_Correlation,train
20510337,R15,C024989,20655,Negative_Correlation,train
20510337,R16,C024989,21926,Negative_Correlation,train
20510337,R17,C024989,D015032,Positive_Correlation,train
20510337,R18,C024989,D012643,Positive_Correlation,train
20510337,R19,C024989,D010984,Negative_Correlation,train
20510337,R20,C024989,D009569,Negative_Correlation,train
20510337,R21,C024989,D008055,Negative_Correlation,train
20510337,R22,C024989,D003404,Negative_Correlation,train
20510337,R23,C024989,D001806,Negative_Correlation,train
20510337,R24,C024989,D007674,Negative_Correlation,train
20510337,R25,C024989,D002945,Negative_Correlation,train
20520283,R0,D001480,D006220,Positive_Correlation,train
20520283,R1,D001480,C522667,Positive_Correlation,train
20520283,R2,D012559,D006220,Negative_Correlation,train
20520283,R3,C522667,D011618,Negative_Correlation,train
20520283,R4,C522667,D001714,Negative_Correlation,train
20520283,R5,C522667,D012559,Negative_Correlation,train
20520283,R6,C522667,D006220,Comparison,train
20528871,R0,D003520,D005047,Cotreatment,train
20528871,R1,D003520,D015458|D016399,Negative_Correlation,train
20528871,R2,D005047,D015458|D016399,Negative_Correlation,train
20528871,R3,C104457,D006402,Positive_Correlation,train
20528871,R4,C104457,D059352,Positive_Correlation,train
20528871,R5,C104457,D009422,Positive_Correlation,train
20528871,R6,C104457,D003520,Cotreatment,train
20528871,R7,C104457,D005047,Cotreatment,train
20528871,R8,C104457,D015458|D016399,Negative_Correlation,train
20533999,R0,D004298,D009461,Positive_Correlation,train
20533999,R1,D004298,D020258,Positive_Correlation,train
20533999,R2,D019805,D020258,Negative_Correlation,train
20533999,R3,D019805,D008694,Negative_Correlation,train
20533999,R4,D007980,D004298,Association,train
20533999,R5,D007980,D019805,Association,train
20533999,R6,D007980,D020258,Association,train
20533999,R7,D008694,D009461,Positive_Correlation,train
20533999,R8,D008694,D004298,Drug_Interaction,train
20533999,R9,D008694,D020258,Positive_Correlation,train
20558148,R0,24316,D006220,Negative_Correlation,train
20558148,R1,D018698,D002375,Association,train
20558148,R2,D018698,D006220,Association,train
20558148,R3,C031231,D002375,Negative_Correlation,train
20558148,R4,C031231,D006220,Negative_Correlation,train
20558148,R5,D016291,D002375,Negative_Correlation,train
20558148,R6,D016291,D006220,Negative_Correlation,train
20558148,R7,24408,D016202,Positive_Correlation,train
20558148,R8,24408,C031231,Negative_Correlation,train
20558148,R9,24408,D016291,Negative_Correlation,train
20558148,R10,24408,D002375,Association,train
20558148,R11,D006220,D002375,Positive_Correlation,train
20667451,R0,D003072,D000927,Positive_Correlation,train
20667451,R1,D003072,D002220,Positive_Correlation,train
20667451,R2,D003072,D010634,Positive_Correlation,train
20667451,R3,D003474,D007249,Negative_Correlation,train
20667451,R4,D003474,D002220,Negative_Correlation,train
20667451,R5,D003474,D010634,Negative_Correlation,train
20667451,R6,D003474,D003072,Negative_Correlation,train
20683499,R0,C029036,D019636,Negative_Correlation,train
20683499,R1,C029036,D003072,Negative_Correlation,train
20683499,R2,C029036,D008569,Negative_Correlation,train
20683499,R3,C029036,D007859,Negative_Correlation,train
20683499,R4,C029036,D000544,Negative_Correlation,train
20683499,R5,C029036,D013311,Negative_Correlation,train
20683499,R6,D013311,D003072,Positive_Correlation,train
20683499,R7,D013311,D000544,Positive_Correlation,train
21195121,R0,D012640,29705,Association,train
21195121,R1,D001556,29705,Negative_Correlation,train
21195121,R2,D001556,D012640,Positive_Correlation,train
21195121,R3,D001556,D004827,Positive_Correlation,train
21195121,R4,D019331,D012640,Negative_Correlation,train
21195121,R5,24598,D019331,Negative_Correlation,train
21195121,R6,D001120,D012640,Positive_Correlation,train
21195121,R7,D009569,D012640,Positive_Correlation,train
21195121,R8,D009569,D001556,Association,train
21195121,R9,D009569,D019331,Association,train
21195121,R10,D009569,24598,Association,train
21195121,R11,D009569,D001120,Association,train
23949582,R0,D007069,D003556,Positive_Correlation,train
23949582,R1,D007069,D006470,Positive_Correlation,train
23949582,R2,D007069,D030342,Positive_Correlation,train
23949582,R3,D015080,D030342,Negative_Correlation,train
23949582,R4,D015080,D007069,Negative_Correlation,train
24132704,R0,D003976,50689,Association,train
24132704,R1,D003976,116590,Association,train
24132704,R2,D003976,D008077,Positive_Correlation,train
24132704,R3,D003976,D014280,Positive_Correlation,train
24132704,R4,D003976,D002784,Positive_Correlation,train
24132704,R5,D003976,D006949,Positive_Correlation,train
24132704,R6,D003976,300438,Negative_Correlation,train
24132704,R7,D003976,D008055,Association,train
24132704,R8,300438,D006949,Association,train
24132704,R9,C029036,50689,Positive_Correlation,train
24132704,R10,C029036,116590,Positive_Correlation,train
24132704,R11,C029036,D002784,Association,train
24132704,R12,C029036,D003976,Negative_Correlation,train
24132704,R13,C029036,D006949,Negative_Correlation,train
24132704,R14,C029036,300438,Positive_Correlation,train
24132704,R15,C029036,D008055,Association,train
24309294,R0,24889,D020109,Negative_Correlation,train
24309294,R1,D009020,D000647,Positive_Correlation,train
24309294,R2,D009020,D008569,Positive_Correlation,train
24309294,R3,D009020,25706,Association,train
24309294,R4,D012844,D000647,Negative_Correlation,train
24309294,R5,D012844,D008569,Negative_Correlation,train
24309294,R6,D012844,D009020,Negative_Correlation,train
24309294,R7,D012844,25706,Association,train
24309294,R8,C058121,D012844,Negative_Correlation,train
24309294,R9,25706,C058121,Negative_Correlation,train
24341598,R0,D058186,D003287,Positive_Correlation,train
24341598,R1,D017693,D007674,Negative_Correlation,train
24341598,R2,D017693,D004110,Comparison,train
24341598,R3,D003287,D007674,Positive_Correlation,train
24341598,R4,D004110,D002118,Negative_Correlation,train
24341598,R5,D004110,D007674,Negative_Correlation,train
24341598,R6,D004110,D003287,Negative_Correlation,train
24535067,R0,D008874,D009207,Negative_Correlation,train
24535067,R1,D008874,D005045,Negative_Correlation,train
24535067,R2,D005283,D008874,Comparison,train
24535067,R3,D005283,D009207,Negative_Correlation,train
24535067,R4,D005283,D005045,Negative_Correlation,train
24535067,R5,D010146,D005045,Positive_Correlation,train
24535067,R6,D009069,D005045,Positive_Correlation,train
24535067,R7,D005045,D009207,Positive_Correlation,train
24902786,R0,C067431,D008569,Positive_Correlation,train
24902786,R1,25147,C067431,Negative_Correlation,train
24902786,R2,D013629,D008569,Positive_Correlation,train
24902786,R3,2099,D013629,Negative_Correlation,train
24902786,R4,D005485,D008569,Positive_Correlation,train
24902786,R5,367,D005485,Negative_Correlation,train
24902786,R6,D013311,369140,Negative_Correlation,train
24902786,R7,D013311,369068,Negative_Correlation,train
24902786,R8,D013311,D008569,Positive_Correlation,train
24902786,R9,D013739,369140,Association,train
24902786,R10,D013739,369068,Association,train
24902786,R11,D013739,D008569,Negative_Correlation,train
24902786,R12,D013739,D013311,Negative_Correlation,train
24927617,R0,C417083,D006526,Negative_Correlation,train
24927617,R1,C417083,C486464,Cotreatment,train
24927617,R2,D012254,C417083,Cotreatment,train
24927617,R3,D012254,D006526,Negative_Correlation,train
24927617,R4,D012254,C486464,Cotreatment,train
24927617,R5,1576,D019821,Association,train
24927617,R6,D019821,D009135,Positive_Correlation,train
24927617,R7,D019821,D000998,Drug_Interaction,train
24927617,R8,D019821,D006526,Negative_Correlation,train
24927617,R9,D019821,D012206,Positive_Correlation,train
24927617,R10,C486464,D006526,Negative_Correlation,train
24927617,R11,C486464,D019821,Drug_Interaction,train
24927617,R12,C486464,D012206,Positive_Correlation,train
