pmid,entity_id,text,entity_type,identifier,start,end,split
10491763,0,Hepatocyte nuclear factor-6,GeneOrGeneProduct,3175,0,27,train
10491763,1,type II diabetes,DiseaseOrPhenotypicFeature,D003924,74,90,train
10491763,2,insulin,GeneOrGeneProduct,3630,140,147,train
10491763,3,hepatocyte nuclear factor (HNF)-6,GeneOrGeneProduct,3175,184,217,train
10491763,4,maturity-onset diabetes,DiseaseOrPhenotypicFeature,D003924,292,315,train
10491763,5,HNF-6,GeneOrGeneProduct,3175,389,394,train
10491763,6,Type II (non-insulin-dependent) diabetes mellitus,DiseaseOrPhenotypicFeature,D003924,430,479,train
10491763,7,insulin,GeneOrGeneProduct,3630,497,504,train
10491763,8,glucose,ChemicalEntity,D005947,518,525,train
10491763,9,HNF-6,GeneOrGeneProduct,3175,620,625,train
10491763,10,MODY,GeneOrGeneProduct,"3172,3651,6927",676,680,train
10491763,11,MODY1,GeneOrGeneProduct,3172,715,720,train
10491763,12,MODY3,GeneOrGeneProduct,6927,722,727,train
10491763,13,MODY4,GeneOrGeneProduct,3651,732,737,train
10491763,14,patients,OrganismTaxon,9606,754,762,train
10491763,15,Type II diabetes,DiseaseOrPhenotypicFeature,D003924,779,795,train
10491763,16,Pro75 Ala,SequenceVariant,rs74805019,1070,1079,train
10491763,17,Pro75Ala,SequenceVariant,rs74805019,1143,1151,train
10491763,18,patients,OrganismTaxon,9606,1216,1224,train
10491763,19,Type II diabetes mellitus,DiseaseOrPhenotypicFeature,D003924,1230,1255,train
10491763,20,glucose,ChemicalEntity,D005947,1304,1311,train
10491763,21,glucose,ChemicalEntity,D005947,1379,1386,train
10491763,22,glucose,ChemicalEntity,D005947,1413,1420,train
10491763,23,Type II diabetic,DiseaseOrPhenotypicFeature,D003924,1443,1459,train
10491763,24,patients,OrganismTaxon,9606,1460,1468,train
10491763,25,glucose,ChemicalEntity,D005947,1573,1580,train
10491763,26,insulin,GeneOrGeneProduct,3630,1595,1602,train
10491763,27,C-peptide,GeneOrGeneProduct,3630,1606,1615,train
10491763,28,HNF-6,GeneOrGeneProduct,3175,1667,1672,train
10491763,29,Type II diabetes,DiseaseOrPhenotypicFeature,D003924,1702,1718,train
10491763,30,insulin,GeneOrGeneProduct,3630,1738,1745,train
10491763,31,glucose,ChemicalEntity,D005947,1759,1766,train
10661407,0,Langerin,GeneOrGeneProduct,50489,0,8,train
10661407,1,C-type lectin,GeneOrGeneProduct,50489,18,31,train
10661407,2,type II Ca2+-dependent lectin,GeneOrGeneProduct,50489,156,185,train
10661407,3,mannose,ChemicalEntity,D008358,197,204,train
10661407,4,Langerin,GeneOrGeneProduct,50489,284,292,train
10661407,5,Langerin,GeneOrGeneProduct,50489,447,455,train
10661407,6,Langerin,GeneOrGeneProduct,50489,514,522,train
10661407,7,Langerin,GeneOrGeneProduct,50489,590,598,train
10661407,8,Langerin,GeneOrGeneProduct,50489,699,707,train
10661407,9,Langerin,GeneOrGeneProduct,50489,890,898,train
10788334,0,BRCA1,GeneOrGeneProduct,672,25,30,train
10788334,1,breast-ovarian cancer,DiseaseOrPhenotypicFeature,D061325,60,81,train
10788334,2,BRCA1,GeneOrGeneProduct,672,147,152,train
10788334,3,BRCA2,GeneOrGeneProduct,675,157,162,train
10788334,4,cancer,DiseaseOrPhenotypicFeature,D009369,260,266,train
10788334,5,breast or ovarian cancer,DiseaseOrPhenotypicFeature,"D001943,D010051",321,345,train
10788334,6,cancer,DiseaseOrPhenotypicFeature,D009369,358,364,train
10788334,7,breast and ovarian cancers,DiseaseOrPhenotypicFeature,"D001943,D010051",474,500,train
10788334,8,ovarian cancers,DiseaseOrPhenotypicFeature,D010051,517,532,train
10788334,9,breast cancers,DiseaseOrPhenotypicFeature,D001943,559,573,train
10788334,10,woman,OrganismTaxon,9606,667,672,train
10788334,11,BRCA1,GeneOrGeneProduct,672,719,724,train
10788334,12,BRCA2,GeneOrGeneProduct,675,729,734,train
10788334,13,BRCA1,GeneOrGeneProduct,672,970,975,train
10788334,14,BRCA1 abnormalities,DiseaseOrPhenotypicFeature,OMIM:604370,982,1001,train
10788334,15,ovarian cancer,DiseaseOrPhenotypicFeature,D010051,1044,1058,train
10788334,16,breast and ovarian cancer,DiseaseOrPhenotypicFeature,"D001943,D010051",1097,1122,train
10788334,17,breast cancer,DiseaseOrPhenotypicFeature,D001943,1155,1168,train
10788334,18,BRCA2,GeneOrGeneProduct,675,1200,1205,train
10788334,19,breast-ovarian cancer syndrome,DiseaseOrPhenotypicFeature,D061325,1223,1253,train
10788334,20,BRCA1 abnormalities,DiseaseOrPhenotypicFeature,OMIM:604370,1448,1467,train
10788334,21,5382insC,SequenceVariant,c|INS|5382|C,1470,1478,train
10788334,22,C61G,SequenceVariant,rs28897672,1480,1484,train
10788334,23,4153delA,SequenceVariant,c|DEL|4153|A,1490,1498,train
11009181,0,Apomorphine,ChemicalEntity,D001058,0,11,train
11009181,1,Parkinson's disease,DiseaseOrPhenotypicFeature,D010300,42,61,train
11009181,2,Apomorphine,ChemicalEntity,D001058,63,74,train
11009181,3,dopaminergic drug,ChemicalEntity,D004298,89,106,train
11009181,4,Parkinson's disease,DiseaseOrPhenotypicFeature,D010300,138,157,train
11009181,5,Parkinson's disease,DiseaseOrPhenotypicFeature,D010300,273,292,train
11009181,6,apomorphine,ChemicalEntity,D001058,327,338,train
11009181,7,apomorphine,ChemicalEntity,D001058,493,504,train
11009181,8,levodopa,ChemicalEntity,D007980,590,598,train
11009181,9,apomorphine,ChemicalEntity,D001058,608,619,train
11009181,10,patients,OrganismTaxon,9606,678,686,train
11009181,11,apomorphine,ChemicalEntity,D001058,745,756,train
11009181,12,patients,OrganismTaxon,9606,827,835,train
11009181,13,dopamine agonists,ChemicalEntity,D018491,930,947,train
11009181,14,COMT inhibitors,ChemicalEntity,D065098,951,966,train
11009181,15,apomorphine,ChemicalEntity,D001058,1055,1066,train
11009181,16,apomorphine,ChemicalEntity,D001058,1174,1185,train
11009181,17,levodopa,ChemicalEntity,D007980,1248,1256,train
11009181,18,dyskinesias,DiseaseOrPhenotypicFeature,D004409,1265,1276,train
11009181,19,apomorphine,ChemicalEntity,D001058,1316,1327,train
11009181,20,psychiatric complications,DiseaseOrPhenotypicFeature,D001523,1407,1432,train
11009181,21,apomorphine,ChemicalEntity,D001058,1505,1516,train
11009181,22,Parkinson's disease,DiseaseOrPhenotypicFeature,D010300,1542,1561,train
11054569,0,Rab6c,GeneOrGeneProduct,84084,0,5,train
11054569,1,rab,GeneOrGeneProduct,"5870,84084",27,30,train
11054569,2,MCF7/AdrR,CellLine,CVCL_1452,78,87,train
11054569,3,Rab6,GeneOrGeneProduct,5870,101,105,train
11054569,4,Rab6c,GeneOrGeneProduct,84084,120,125,train
11054569,5,human,OrganismTaxon,9606,207,212,train
11054569,6,breast cancer,DiseaseOrPhenotypicFeature,D001943,239,252,train
11054569,7,MCF7/AdrR,CellLine,CVCL_1452,264,273,train
11054569,8,Rab6c,GeneOrGeneProduct,84084,361,366,train
11054569,9,MCF7/AdrR,CellLine,CVCL_1452,402,411,train
11054569,10,MES-SA/Dx5,CellLine,CVCL_2598,416,426,train
11054569,11,human,OrganismTaxon,9606,430,435,train
11054569,12,uterine sarcoma,DiseaseOrPhenotypicFeature,D014594,440,455,train
11054569,13,MCF7/AdrR,CellLine,CVCL_1452,516,525,train
11054569,14,Rab6c,GeneOrGeneProduct,84084,557,562,train
11054569,15,doxorubicin,ChemicalEntity,D004317,627,638,train
11054569,16,DOX,ChemicalEntity,D004317,640,643,train
11054569,17,taxol,ChemicalEntity,D017239,646,651,train
11054569,18,vinblastine,ChemicalEntity,D014747,653,664,train
11054569,19,vincristine,ChemicalEntity,D014750,670,681,train
11054569,20,DOX,ChemicalEntity,D004317,821,824,train
11054569,21,Rab6c,GeneOrGeneProduct,84084,892,897,train
11054569,22,Rab6c,GeneOrGeneProduct,84084,927,932,train
11054569,23,MCF7/AdrR,CellLine,CVCL_1452,967,976,train
11773892,0,End-stage renal disease,DiseaseOrPhenotypicFeature,D007676,0,23,train
11773892,1,ESRD,DiseaseOrPhenotypicFeature,D007676,25,29,train
11773892,2,calcineurin,GeneOrGeneProduct,5530,83,94,train
11773892,3,calcineurin,GeneOrGeneProduct,5530,167,178,train
11773892,4,cyclosporine,ChemicalEntity,D016572,190,202,train
11773892,5,tacrolimus,ChemicalEntity,D016559,207,217,train
11773892,6,nephrotoxic,DiseaseOrPhenotypicFeature,D007674,239,250,train
11773892,7,patients,OrganismTaxon,9606,392,400,train
11773892,8,end-stage renal disease,DiseaseOrPhenotypicFeature,D007676,436,459,train
11773892,9,ESRD,DiseaseOrPhenotypicFeature,D007676,461,465,train
11773892,10,ESRD,DiseaseOrPhenotypicFeature,D007676,533,537,train
11773892,11,chronic renal failure,DiseaseOrPhenotypicFeature,D007676,542,563,train
11773892,12,CRF,DiseaseOrPhenotypicFeature,D007676,565,568,train
11773892,13,patients,OrganismTaxon,9606,578,586,train
11773892,14,Patients,OrganismTaxon,9606,597,605,train
11773892,15,Patients,OrganismTaxon,9606,797,805,train
11773892,16,CRF,DiseaseOrPhenotypicFeature,D007676,851,854,train
11773892,17,ESRD,DiseaseOrPhenotypicFeature,D007676,858,862,train
11773892,18,CRF,DiseaseOrPhenotypicFeature,D007676,871,874,train
11773892,19,creatinine,ChemicalEntity,D003404,892,902,train
11773892,20,ESRD,DiseaseOrPhenotypicFeature,D007676,925,929,train
11773892,21,ESRD,DiseaseOrPhenotypicFeature,D007676,1051,1055,train
11773892,22,ESRD,DiseaseOrPhenotypicFeature,D007676,1092,1096,train
11773892,23,renal dysfunction,DiseaseOrPhenotypicFeature,D007674,1155,1172,train
11773892,24,CRF,DiseaseOrPhenotypicFeature,D007676,1184,1187,train
11773892,25,ESRD,DiseaseOrPhenotypicFeature,D007676,1197,1201,train
11773892,26,patients,OrganismTaxon,9606,1231,1239,train
11773892,27,CRF,DiseaseOrPhenotypicFeature,D007676,1241,1244,train
11773892,28,ESRD,DiseaseOrPhenotypicFeature,D007676,1249,1253,train
11773892,29,patients,OrganismTaxon,9606,1254,1262,train
11773892,30,creatinine,ChemicalEntity,D003404,1293,1303,train
11773892,31,patients,OrganismTaxon,9606,1336,1344,train
11773892,32,hepatorenal syndrome,DiseaseOrPhenotypicFeature,D006530,1350,1370,train
11773892,33,creatinine,ChemicalEntity,D003404,1480,1490,train
11773892,34,creatinine,ChemicalEntity,D003404,1627,1637,train
11773892,35,CRF,DiseaseOrPhenotypicFeature,D007676,1762,1765,train
11773892,36,ESRD,DiseaseOrPhenotypicFeature,D007676,1769,1773,train
11773892,37,patients,OrganismTaxon,9606,1948,1956,train
11773892,38,ESRD,DiseaseOrPhenotypicFeature,D007676,1965,1969,train
11773892,39,Patients,OrganismTaxon,9606,2027,2035,train
11773892,40,ESRD,DiseaseOrPhenotypicFeature,D007676,2047,2051,train
11773892,41,ESRD,DiseaseOrPhenotypicFeature,D007676,2089,2093,train
11773892,42,patients,OrganismTaxon,9606,2109,2117,train
11773892,43,patients,OrganismTaxon,9606,2162,2170,train
11773892,44,ESRD,DiseaseOrPhenotypicFeature,D007676,2182,2186,train
11773892,45,Patients,OrganismTaxon,9606,2246,2254,train
11773892,46,CRF,DiseaseOrPhenotypicFeature,D007676,2297,2300,train
11773892,47,ESRD,DiseaseOrPhenotypicFeature,D007676,2305,2309,train
11773892,48,ESRD,DiseaseOrPhenotypicFeature,D007676,2345,2349,train
11773892,49,patients,OrganismTaxon,9606,2392,2400,train
11773892,50,Patients,OrganismTaxon,9606,2429,2437,train
11773892,51,ESRD,DiseaseOrPhenotypicFeature,D007676,2450,2454,train
11773892,52,creatinine,ChemicalEntity,D003404,2499,2509,train
11773892,53,hepatorenal syndrome,DiseaseOrPhenotypicFeature,D006530,2538,2558,train
11773892,54,creatinine,ChemicalEntity,D003404,2590,2600,train
11773892,55,CRF,DiseaseOrPhenotypicFeature,D007676,2675,2678,train
11773892,56,ESRD,DiseaseOrPhenotypicFeature,D007676,2682,2686,train
12442272,0,D90A,SequenceVariant,rs80265967,0,4,train
12442272,1,SOD1,GeneOrGeneProduct,6647,5,9,train
12442272,2,amyotrophic lateral sclerosis,DiseaseOrPhenotypicFeature,D000690,19,48,train
12442272,3,copper/zinc superoxide dismutase,GeneOrGeneProduct,6647,207,239,train
12442272,4,SOD1,GeneOrGeneProduct,6647,241,245,train
12442272,5,patients,OrganismTaxon,9606,266,274,train
12442272,6,amyotrophic lateral sclerosis,DiseaseOrPhenotypicFeature,D000690,280,309,train
12442272,7,ALS,DiseaseOrPhenotypicFeature,D000690,311,314,train
12442272,8,neurodegenerative disease,DiseaseOrPhenotypicFeature,D019636,325,350,train
12442272,9,D90A,SequenceVariant,rs80265967,362,366,train
12442272,10,SOD1,GeneOrGeneProduct,6647,367,371,train
12442272,11,D90A,SequenceVariant,rs80265967,585,589,train
12442272,12,SOD1,GeneOrGeneProduct,6647,590,594,train
12442272,13,ALS,DiseaseOrPhenotypicFeature,D000690,659,662,train
12442272,14,ALS,DiseaseOrPhenotypicFeature,D000690,777,780,train
12442272,15,D90A,SequenceVariant,rs80265967,1041,1045,train
12442272,16,SOD1,GeneOrGeneProduct,6647,1346,1350,train
12442272,17,D90A,SequenceVariant,rs80265967,1459,1463,train
12442272,18,SOD1,GeneOrGeneProduct,6647,1464,1468,train
12442272,19,ALS,DiseaseOrPhenotypicFeature,D000690,1511,1514,train
1353340,0,metachromatic leukodystrophy,DiseaseOrPhenotypicFeature,D007966,11,39,train
1353340,1,arylsulfatase A,GeneOrGeneProduct,410,111,126,train
1353340,2,ARSA,GeneOrGeneProduct,410,128,132,train
1353340,3,metachromatic leukodystrophy,DiseaseOrPhenotypicFeature,D007966,159,187,train
1353340,4,MLD,DiseaseOrPhenotypicFeature,D007966,189,192,train
1353340,5,arginine84,SequenceVariant,rs74315458,210,220,train
1353340,6,arylsulfatase,GeneOrGeneProduct,410,264,277,train
1353340,7,MLD,DiseaseOrPhenotypicFeature,D007966,363,366,train
1353340,8,arginine84 to glutamine,SequenceVariant,rs74315458,372,395,train
1353340,9,ARSA,GeneOrGeneProduct,410,442,446,train
1353340,10,ARSA,GeneOrGeneProduct,410,484,488,train
1353340,11,patients,OrganismTaxon,9606,562,570,train
1353340,12,MLD,DiseaseOrPhenotypicFeature,D007966,576,579,train
1353340,13,ARSA,GeneOrGeneProduct,410,655,659,train
1353340,14,MLD,DiseaseOrPhenotypicFeature,D007966,712,715,train
14722929,0,deafness,DiseaseOrPhenotypicFeature,D003638,17,25,train
14722929,1,GJB2,GeneOrGeneProduct,2706,37,41,train
14722929,2,GJB2,GeneOrGeneProduct,2706,80,84,train
14722929,3,non-syndromic autosomal recessive deafness,DiseaseOrPhenotypicFeature,C567134,117,159,train
14722929,4,NSARD,DiseaseOrPhenotypicFeature,C567134,161,166,train
14722929,5,GJB2,GeneOrGeneProduct,2706,217,221,train
14722929,6,GJB2,GeneOrGeneProduct,2706,251,255,train
14722929,7,non-syndromic deafness,DiseaseOrPhenotypicFeature,D003638,389,411,train
14722929,8,GJB2,GeneOrGeneProduct,2706,538,542,train
14722929,9,GJB2,GeneOrGeneProduct,2706,729,733,train
14722929,10,g.3318-6T>A,SequenceVariant,g|SUB|T|3318-6|A,749,760,train
14722929,11,g.3318-15C>T,SequenceVariant,g|SUB|C|3318-15|T,762,774,train
14722929,12,g.3318-34C>T,SequenceVariant,g|SUB|C|3318-34|T,776,788,train
14722929,13,g.3318-35T>G,SequenceVariant,g|SUB|T|3318-35|G,790,802,train
14722929,14,g.3455_3460del,SequenceVariant,g|DEL|3455_3460|,829,843,train
14722929,15,p.Asp46_Gln48delinsGlu,SequenceVariant,p|INDEL|46_48|Glu,845,867,train
14722929,16,g.3512C>A,SequenceVariant,rs763572195,906,915,train
14722929,17,p.Tyr65X,SequenceVariant,rs763572195,917,925,train
14722929,18,g.3395C>T,SequenceVariant,g|SUB|C|3395|T,950,959,train
14722929,19,p.Thr26,SequenceVariant,p|Allele|T|26,961,968,train
14722929,20,g.3503C>T,SequenceVariant,g|SUB|C|3503|T,971,980,train
14722929,21,p.Asn62,SequenceVariant,p|Allele|N|62,982,989,train
14722929,22,g.3627A>C,SequenceVariant,g|SUB|A|3627|C,992,1001,train
14722929,23,p.Arg104,SequenceVariant,p|Allele|R|104,1003,1011,train
14722929,24,g.3816C>A,SequenceVariant,rs111033360,1047,1056,train
14722929,25,p.Val167Met,SequenceVariant,rs111033360,1058,1069,train
14722929,26,g.3352delG,SequenceVariant,g|DEL|3352|G,1120,1130,train
14722929,27,30delG,SequenceVariant,c|DEL|30|G,1152,1158,train
14722929,28,35 delG,SequenceVariant,c|DEL|35|G,1162,1169,train
14722929,29,g.3426G>A,SequenceVariant,rs72474224,1172,1181,train
14722929,30,p.Val37Ile,SequenceVariant,rs72474224,1183,1193,train
14722929,31,g.3697G>A,SequenceVariant,rs111033196,1196,1205,train
14722929,32,p.Arg127His,SequenceVariant,rs111033196,1207,1218,train
14722929,33,g.3774G>A,SequenceVariant,rs111033186,1221,1230,train
14722929,34,p.Val153Ile,SequenceVariant,rs111033186,1232,1243,train
14722929,35,g.3795G>A,SequenceVariant,rs34988750,1250,1259,train
14722929,36,p.Gly160Ser,SequenceVariant,rs34988750,1261,1272,train
14722929,37,g.3318-34C>T,SequenceVariant,g|SUB|C|3318-34|T,1313,1325,train
14722929,38,g.3352delG,SequenceVariant,g|DEL|3352|G,1330,1340,train
14722929,39,NSARD,DiseaseOrPhenotypicFeature,C567134,1490,1495,train
14722929,40,deafness,DiseaseOrPhenotypicFeature,D003638,1558,1566,train
14722929,41,GJB2,GeneOrGeneProduct,2706,1611,1615,train
14722929,42,deafness,DiseaseOrPhenotypicFeature,D003638,1718,1726,train
15099351,0,PCSK9,GeneOrGeneProduct,255738,17,22,train
15099351,1,autosomal dominant hypercholesterolemia,DiseaseOrPhenotypicFeature,D006938,55,94,train
15099351,2,Proprotein convertase subtilisin/kexin type 9,GeneOrGeneProduct,255738,96,141,train
15099351,3,PCSK9,GeneOrGeneProduct,255738,143,148,train
15099351,4,autosomal dominant hypercholesterolemia,DiseaseOrPhenotypicFeature,D006938,168,207,train
15099351,5,PCSK9,GeneOrGeneProduct,255738,243,248,train
15099351,6,cholesterol,ChemicalEntity,D002784,269,280,train
15099351,7,hypercholesterolemia,DiseaseOrPhenotypicFeature,D006937,367,387,train
15099351,8,PCSK9,GeneOrGeneProduct,255738,442,447,train
15099351,9,familial hypercholesterolemia,DiseaseOrPhenotypicFeature,D006937,526,555,train
15099351,10,low-density lipoprotein receptor,GeneOrGeneProduct,3949,579,611,train
15099351,11,R3500Q,SequenceVariant,rs5742904,630,636,train
15099351,12,apolipoprotein B-100,GeneOrGeneProduct,338,644,664,train
15099351,13,PCSK9,GeneOrGeneProduct,255738,766,771,train
15099351,14,patients,OrganismTaxon,9606,782,790,train
15099351,15,D374Y,SequenceVariant,rs137852912,814,819,train
15099351,16,patient,OrganismTaxon,9606,829,836,train
15099351,17,D374Y,SequenceVariant,rs137852912,867,872,train
15099351,18,N157K,SequenceVariant,rs143117125,877,882,train
15099351,19,D374Y,SequenceVariant,rs137852912,884,889,train
15099351,20,hypercholesterolemia,DiseaseOrPhenotypicFeature,D006937,906,926,train
15099351,21,PCSK9,GeneOrGeneProduct,255738,1055,1060,train
15099351,22,autosomal dominant hypercholesterolemia,DiseaseOrPhenotypicFeature,D006938,1072,1111,train
15122708,0,Desmin-related myopathy,DiseaseOrPhenotypicFeature,C563319,0,23,train
15122708,1,selenoprotein N,GeneOrGeneProduct,57190,88,103,train
15122708,2,Desmin-related myopathies,DiseaseOrPhenotypicFeature,C563319,110,135,train
15122708,3,DRMs,DiseaseOrPhenotypicFeature,C563319,137,141,train
15122708,4,muscle disorders,DiseaseOrPhenotypicFeature,D009135,172,188,train
15122708,5,desmin,GeneOrGeneProduct,1674,249,255,train
15122708,6,desmin,GeneOrGeneProduct,1674,274,280,train
15122708,7,alpha-B crystallin,GeneOrGeneProduct,1410,289,307,train
15122708,8,DRM,DiseaseOrPhenotypicFeature,C563319,357,360,train
15122708,9,DRMs,DiseaseOrPhenotypicFeature,C563319,501,505,train
15122708,10,patients,OrganismTaxon,9606,547,555,train
15122708,11,selenoprotein N,GeneOrGeneProduct,57190,585,600,train
15122708,12,SEPN1,GeneOrGeneProduct,57190,607,612,train
15122708,13,SEPN-related myopathy,DiseaseOrPhenotypicFeature,D009135,633,654,train
15122708,14,SEPN-RM,DiseaseOrPhenotypicFeature,D009135,656,663,train
15122708,15,myopathy,DiseaseOrPhenotypicFeature,D009135,687,695,train
15122708,16,rigid spine muscular dystrophy,DiseaseOrPhenotypicFeature,C535683,754,784,train
15122708,17,multiminicore disease,DiseaseOrPhenotypicFeature,C564969,818,839,train
15122708,18,SEPN-RM,DiseaseOrPhenotypicFeature,D009135,924,931,train
15122708,19,DRM,DiseaseOrPhenotypicFeature,C563319,976,979,train
15122708,20,SEPN1,GeneOrGeneProduct,57190,984,989,train
15122708,21,DRM,DiseaseOrPhenotypicFeature,C563319,1010,1013,train
15122708,22,SEPN1,GeneOrGeneProduct,57190,1077,1082,train
15122708,23,SEPN1,GeneOrGeneProduct,57190,1127,1132,train
15122708,24,del 92 nucleotide -19/+73,SequenceVariant,c|DEL|-19_+73|92,1143,1168,train
15122708,25,patients,OrganismTaxon,9606,1186,1194,train
15122708,26,DRM,DiseaseOrPhenotypicFeature,C563319,1238,1241,train
15122708,27,SEPN-RM,DiseaseOrPhenotypicFeature,D009135,1246,1253,train
15122708,28,DRM,DiseaseOrPhenotypicFeature,C563319,1319,1322,train
15122708,29,SEPN-RM,DiseaseOrPhenotypicFeature,D009135,1348,1355,train
15122708,30,DRM,DiseaseOrPhenotypicFeature,C563319,1416,1419,train
15122708,31,SEPN-RM,DiseaseOrPhenotypicFeature,D009135,1458,1465,train
15122708,32,myopathies,DiseaseOrPhenotypicFeature,D009135,1551,1561,train
15177686,0,HIRA,GeneOrGeneProduct,7290,34,38,train
15177686,1,Tuple1,GeneOrGeneProduct,7290,39,45,train
15177686,2,DiGeorge and Velocardiofacial syndromes,DiseaseOrPhenotypicFeature,D004062,59,98,train
15177686,3,DiGeorge and Velocardiofacial syndromes,DiseaseOrPhenotypicFeature,D004062,100,139,train
15177686,4,DGS,DiseaseOrPhenotypicFeature,D004062,141,144,train
15177686,5,VCFS,DiseaseOrPhenotypicFeature,D004062,145,149,train
15177686,6,"cardiovascular, craniofacial, and thymic malformations",DiseaseOrPhenotypicFeature,"D018376,D019465",204,258,train
15177686,7,DGS,DiseaseOrPhenotypicFeature,D004062,608,611,train
15177686,8,VCFS,DiseaseOrPhenotypicFeature,D004062,612,616,train
15177686,9,HIRA,GeneOrGeneProduct,7290,675,679,train
15177686,10,Tuple1,GeneOrGeneProduct,7290,680,686,train
15177686,11,DGS,DiseaseOrPhenotypicFeature,D004062,724,727,train
15177686,12,VCFS,DiseaseOrPhenotypicFeature,D004062,728,732,train
15177686,13,HIRA,GeneOrGeneProduct,7290,845,849,train
15177686,14,Tuple1,GeneOrGeneProduct,7290,850,856,train
15177686,15,DGS,DiseaseOrPhenotypicFeature,D004062,1214,1217,train
15177686,16,VCFS,DiseaseOrPhenotypicFeature,D004062,1218,1222,train
15188772,0,left ventricular systolic and diastolic dysfunction,DiseaseOrPhenotypicFeature,D018487,18,69,train
15188772,1,epinephrine,ChemicalEntity,D004837,99,110,train
15188772,2,Catecholamine,ChemicalEntity,D002395,121,134,train
15188772,3,cardiomyopathy,DiseaseOrPhenotypicFeature,D009202,143,157,train
15188772,4,catecholamines,ChemicalEntity,D002395,194,208,train
15188772,5,myocardial dysfunction,DiseaseOrPhenotypicFeature,D009202,291,313,train
15188772,6,woman,OrganismTaxon,9606,371,376,train
15188772,7,epinephrine,ChemicalEntity,D004837,436,447,train
15188772,8,myocardial stunning,DiseaseOrPhenotypicFeature,D017682,458,477,train
15188772,9,left ventricular systolic and diastolic dysfunction,DiseaseOrPhenotypicFeature,D018487,563,614,train
15188772,10,myocardial necrosis,DiseaseOrPhenotypicFeature,D009202,666,685,train
15266215,0,cyclooxygenase-2,GeneOrGeneProduct,5743,15,31,train
15266215,1,valdecoxib,ChemicalEntity,C406224,51,61,train
15266215,2,nonsteroidal antiinflammatory agents,ChemicalEntity,D000894,69,105,train
15266215,3,thrombotic,DiseaseOrPhenotypicFeature,D013927,136,146,train
15266215,4,patients,OrganismTaxon,9606,157,165,train
15266215,5,arthritis,DiseaseOrPhenotypicFeature,D001168,171,180,train
15266215,6,thrombotic,DiseaseOrPhenotypicFeature,D013927,239,249,train
15266215,7,cyclooxygenase (COX)-2,GeneOrGeneProduct,5743,276,298,train
15266215,8,nonsteroidal antiinflammatory drugs,ChemicalEntity,D000894,337,372,train
15266215,9,NSAIDs,ChemicalEntity,D000894,374,380,train
15266215,10,valdecoxib,ChemicalEntity,C406224,426,436,train
15266215,11,COX-2,GeneOrGeneProduct,5743,444,449,train
15266215,12,patients,OrganismTaxon,9606,491,499,train
15266215,13,osteoarthritis,DiseaseOrPhenotypicFeature,D010003,505,519,train
15266215,14,rheumatoid arthritis,DiseaseOrPhenotypicFeature,D001172,524,544,train
15266215,15,thrombotic,DiseaseOrPhenotypicFeature,D013927,632,642,train
15266215,16,thrombotic,DiseaseOrPhenotypicFeature,D013927,713,723,train
15266215,17,valdecoxib,ChemicalEntity,C406224,760,770,train
15266215,18,NSAID,ChemicalEntity,D000894,802,807,train
15266215,19,diclofenac,ChemicalEntity,D004008,809,819,train
15266215,20,ibuprofen,ChemicalEntity,D007052,831,840,train
15266215,21,naproxen,ChemicalEntity,D009288,856,864,train
15266215,22,osteoarthritis,DiseaseOrPhenotypicFeature,D010003,913,927,train
15266215,23,rheumatoid arthritis,DiseaseOrPhenotypicFeature,D001172,932,952,train
15266215,24,patients,OrganismTaxon,9606,1047,1055,train
15266215,25,aspirin,ChemicalEntity,D001241,1113,1120,train
15266215,26,aspirin,ChemicalEntity,D001241,1148,1155,train
15266215,27,thrombotic,DiseaseOrPhenotypicFeature,D013927,1210,1220,train
15266215,28,valdecoxib,ChemicalEntity,C406224,1245,1255,train
15266215,29,NSAIDs,ChemicalEntity,D000894,1257,1263,train
15266215,30,thrombotic,DiseaseOrPhenotypicFeature,D013927,1298,1308,train
15266215,31,valdecoxib,ChemicalEntity,C406224,1342,1352,train
15266215,32,Thrombotic,DiseaseOrPhenotypicFeature,D013927,1359,1369,train
15266215,33,aspirin,ChemicalEntity,D001241,1412,1419,train
15266215,34,aspirin,ChemicalEntity,D001241,1443,1450,train
15266215,35,valdecoxib,ChemicalEntity,C406224,1474,1484,train
15266215,36,NSAIDs,ChemicalEntity,D000894,1501,1507,train
15266215,37,aspirin,ChemicalEntity,D001241,1557,1564,train
15266215,38,valdecoxib,ChemicalEntity,C406224,1616,1626,train
15266215,39,valdecoxib,ChemicalEntity,C406224,1751,1761,train
15266215,40,thrombotic,DiseaseOrPhenotypicFeature,D013927,1818,1828,train
15266215,41,NSAIDs,ChemicalEntity,D000894,1861,1867,train
15266215,42,osteoarthritis,DiseaseOrPhenotypicFeature,D010003,1882,1896,train
15266215,43,rheumatoid arthritis,DiseaseOrPhenotypicFeature,D001172,1901,1921,train
15266215,44,patients,OrganismTaxon,9606,1922,1930,train
16005363,0,WFS1,GeneOrGeneProduct,7466,26,30,train
16005363,1,AFF344-345ins,SequenceVariant,p|INS|344_345|AFF,41,54,train
16005363,2,patients,OrganismTaxon,9606,68,76,train
16005363,3,Wolfram syndrome,DiseaseOrPhenotypicFeature,D014929,82,98,train
16005363,4,Wolfram syndrome,DiseaseOrPhenotypicFeature,D014929,100,116,train
16005363,5,WFS,DiseaseOrPhenotypicFeature,D014929,118,121,train
16005363,6,autosomal recessive disorder,DiseaseOrPhenotypicFeature,D030342,129,157,train
16005363,7,diabetes mellitus,DiseaseOrPhenotypicFeature,D003920,187,204,train
16005363,8,optic atrophy,DiseaseOrPhenotypicFeature,D009896,218,231,train
16005363,9,sensorineural deafness,DiseaseOrPhenotypicFeature,D006319,233,255,train
16005363,10,diabetes insipidus,DiseaseOrPhenotypicFeature,D003919,260,278,train
16005363,11,renal tract abnormalities,DiseaseOrPhenotypicFeature,D007674,315,340,train
16005363,12,psychiatric syndromes,DiseaseOrPhenotypicFeature,D001523,367,388,train
16005363,13,WFS1,GeneOrGeneProduct,7466,390,394,train
16005363,14,WFS,DiseaseOrPhenotypicFeature,D014929,471,474,train
16005363,15,WFS1,GeneOrGeneProduct,7466,559,563,train
16005363,16,patients,OrganismTaxon,9606,578,586,train
16005363,17,nine nucleotide insertion,SequenceVariant,c|INS||9,622,647,train
16005363,18,AFF344-345ins,SequenceVariant,p|INS|344_345|AFF,649,662,train
16005363,19,patients,OrganismTaxon,9606,691,699,train
16005363,20,hypopituitarism,DiseaseOrPhenotypicFeature,D007018,716,731,train
16005363,21,WFS,DiseaseOrPhenotypicFeature,D014929,764,767,train
16005363,22,WFS,DiseaseOrPhenotypicFeature,D014929,835,838,train
16005363,23,WFS,DiseaseOrPhenotypicFeature,D014929,905,908,train
16200390,0,migraine,DiseaseOrPhenotypicFeature,D008881,73,81,train
16200390,1,Migraine,DiseaseOrPhenotypicFeature,D008881,112,120,train
16200390,2,headache disorder,DiseaseOrPhenotypicFeature,D020773,154,171,train
16200390,3,neurotransmitter,ChemicalEntity,D018377,248,264,train
16200390,4,5-hydroxytryptamine,ChemicalEntity,D012701,265,284,train
16200390,5,5-HT,ChemicalEntity,D012701,286,290,train
16200390,6,serotonin,ChemicalEntity,D012701,292,301,train
16200390,7,migraine,DiseaseOrPhenotypicFeature,D008881,389,397,train
16200390,8,5-HT,ChemicalEntity,D012701,495,499,train
16200390,9,migraine,DiseaseOrPhenotypicFeature,D008881,535,543,train
16200390,10,human,OrganismTaxon,9606,618,623,train
16200390,11,tryptophan hydroxylase,GeneOrGeneProduct,7166,624,646,train
16200390,12,TPH,GeneOrGeneProduct,7166,648,651,train
16200390,13,amino acid decarboxylase,GeneOrGeneProduct,1644,654,678,train
16200390,14,AADC,GeneOrGeneProduct,1644,680,684,train
16200390,15,monoamine oxidase A,GeneOrGeneProduct,4128,690,709,train
16200390,16,MAOA,GeneOrGeneProduct,4128,711,715,train
16200390,17,migraine,DiseaseOrPhenotypicFeature,D008881,726,734,train
16200390,18,TPH,GeneOrGeneProduct,7166,1340,1343,train
16200390,19,AADC,GeneOrGeneProduct,1644,1345,1349,train
16200390,20,MAOA,GeneOrGeneProduct,4128,1354,1358,train
16200390,21,migraine,DiseaseOrPhenotypicFeature,D008881,1395,1403,train
16369751,0,5-Fluorouracil,ChemicalEntity,D005472,0,14,train
16369751,1,cardiotoxicity,DiseaseOrPhenotypicFeature,D066126,15,29,train
16369751,2,alpha-fluoro-beta-alanine,ChemicalEntity,C032348,41,66,train
16369751,3,Cardiotoxicity,DiseaseOrPhenotypicFeature,D066126,68,82,train
16369751,4,5-fluorouracil,ChemicalEntity,D005472,123,137,train
16369751,5,5-FU,ChemicalEntity,D005472,139,143,train
16369751,6,malignancies,DiseaseOrPhenotypicFeature,D009369,159,171,train
16369751,7,man,OrganismTaxon,9606,216,219,train
16369751,8,5-FU,ChemicalEntity,D005472,225,229,train
16369751,9,cardiotoxicity,DiseaseOrPhenotypicFeature,D066126,238,252,train
16369751,10,alpha-fluoro-beta-alanine,ChemicalEntity,C032348,284,309,train
16369751,11,FBAL,ChemicalEntity,C032348,311,315,train
16369751,12,patient,OrganismTaxon,9606,335,342,train
16369751,13,colon cancer,DiseaseOrPhenotypicFeature,D003110,365,377,train
16369751,14,metastases,DiseaseOrPhenotypicFeature,D009362,378,388,train
16369751,15,patient,OrganismTaxon,9606,525,532,train
16369751,16,5-FU,ChemicalEntity,D005472,579,583,train
16369751,17,precordial pain,DiseaseOrPhenotypicFeature,D002637,612,627,train
16369751,18,right bundle branch block,DiseaseOrPhenotypicFeature,D002037,633,658,train
16369751,19,FBAL,ChemicalEntity,C032348,700,704,train
16369751,20,precordial pain,DiseaseOrPhenotypicFeature,D002637,743,758,train
16369751,21,5-FU,ChemicalEntity,D005472,851,855,train
16369751,22,precordial pain,DiseaseOrPhenotypicFeature,D002637,864,879,train
16369751,23,patient,OrganismTaxon,9606,888,895,train
16369751,24,5-FU,ChemicalEntity,D005472,931,935,train
16369751,25,cardiotoxicity,DiseaseOrPhenotypicFeature,D066126,944,958,train
16369751,26,5-FU,ChemicalEntity,D005472,982,986,train
16369751,27,S-1,ChemicalEntity,C079198,1034,1037,train
16369751,28,5-FU,ChemicalEntity,D005472,1055,1059,train
16369751,29,S-1,ChemicalEntity,C079198,1114,1117,train
16369751,30,dihydropyrimidine,ChemicalEntity,-,1152,1169,train
16369751,31,5-FU,ChemicalEntity,D005472,1220,1224,train
16369751,32,FBAL,ChemicalEntity,C032348,1230,1234,train
16369751,33,FBAL,ChemicalEntity,C032348,1246,1250,train
16369751,34,S-1,ChemicalEntity,C079198,1353,1356,train
16369751,35,cardiac symptoms,DiseaseOrPhenotypicFeature,D006331,1388,1404,train
16369751,36,patient,OrganismTaxon,9606,1424,1431,train
16369751,37,S-1,ChemicalEntity,C079198,1497,1500,train
16369751,38,FBAL,ChemicalEntity,C032348,1597,1601,train
16369751,39,5-FU,ChemicalEntity,D005472,1616,1620,train
16369751,40,cardiotoxicity,DiseaseOrPhenotypicFeature,D066126,1629,1643,train
16369751,41,S-1,ChemicalEntity,C079198,1645,1648,train
16369751,42,patients,OrganismTaxon,9606,1679,1687,train
16369751,43,5-FU,ChemicalEntity,D005472,1693,1697,train
16369751,44,cardiotoxicity,DiseaseOrPhenotypicFeature,D066126,1706,1720,train
16596970,0,Pilocarpine,ChemicalEntity,D010862,0,11,train
16596970,1,seizures,DiseaseOrPhenotypicFeature,D012640,12,20,train
16596970,2,impairment in auditory location discrimination,DiseaseOrPhenotypicFeature,D001308,41,87,train
16596970,3,status epilepticus,DiseaseOrPhenotypicFeature,D013226,107,125,train
16596970,4,seizures,DiseaseOrPhenotypicFeature,D012640,163,171,train
16596970,5,status epilepticus,DiseaseOrPhenotypicFeature,D013226,276,294,train
16596970,6,deficits in auditory discrimination,DiseaseOrPhenotypicFeature,D001308,302,337,train
16596970,7,status epilepticus,DiseaseOrPhenotypicFeature,D013226,465,483,train
16596970,8,rats,OrganismTaxon,10116,505,509,train
16596970,9,pilocarpine,ChemicalEntity,D010862,585,596,train
16596970,10,Pilocarpine,ChemicalEntity,D010862,612,623,train
16596970,11,status epilepticus,DiseaseOrPhenotypicFeature,D013226,646,664,train
16596970,12,status epilepticus,DiseaseOrPhenotypicFeature,D013226,666,684,train
16596970,13,CA3,CellLine,CVCL_JW73,704,707,train
16596970,14,seizures,DiseaseOrPhenotypicFeature,D012640,734,742,train
16596970,15,rats,OrganismTaxon,10116,756,760,train
16596970,16,seizures,DiseaseOrPhenotypicFeature,D012640,793,801,train
16596970,17,rats,OrganismTaxon,10116,810,814,train
16596970,18,rats,OrganismTaxon,10116,911,915,train
16596970,19,status epilepticus,DiseaseOrPhenotypicFeature,D013226,962,980,train
16596970,20,rats,OrganismTaxon,10116,987,991,train
16596970,21,Status epilepticus,DiseaseOrPhenotypicFeature,D013226,1074,1092,train
16596970,22,rats,OrganismTaxon,10116,1099,1103,train
16596970,23,Status epilepticus,DiseaseOrPhenotypicFeature,D013226,1185,1203,train
16596970,24,rat,OrganismTaxon,10116,1207,1210,train
16596970,25,impairment in auditory discrimination,DiseaseOrPhenotypicFeature,D001308,1246,1283,train
16596970,26,impaired auditory location discrimination,DiseaseOrPhenotypicFeature,D001308,1326,1367,train
16596970,27,humans,OrganismTaxon,9606,1371,1377,train
17000021,0,-1123 G>C,SequenceVariant,rs2488457,27,36,train
17000021,1,+2740 A>G,SequenceVariant,rs1217412,40,49,train
17000021,2,PTPN22,GeneOrGeneProduct,26191,81,87,train
17000021,3,type 1 diabetes,DiseaseOrPhenotypicFeature,D003922,93,108,train
17000021,4,juvenile idiopathic arthritis,DiseaseOrPhenotypicFeature,D001171,113,142,train
17000021,5,PTPN22,GeneOrGeneProduct,26191,191,197,train
17000021,6,+1858C>T,SequenceVariant,rs2476601,250,258,train
17000021,7,R620W,SequenceVariant,rs2476601,260,265,train
17000021,8,autoimmune diseases,DiseaseOrPhenotypicFeature,D001327,333,352,train
17000021,9,type 1 diabetes,DiseaseOrPhenotypicFeature,D003922,364,379,train
17000021,10,T1D,DiseaseOrPhenotypicFeature,D003922,381,384,train
17000021,11,juvenile idiopathic arthritis,DiseaseOrPhenotypicFeature,D001171,390,419,train
17000021,12,JIA,DiseaseOrPhenotypicFeature,D001171,421,424,train
17000021,13,PTPN22,GeneOrGeneProduct,26191,712,718,train
17000021,14,T1D,DiseaseOrPhenotypicFeature,D003922,789,792,train
17000021,15,JIA,DiseaseOrPhenotypicFeature,D001171,802,805,train
17000021,16,T1D,DiseaseOrPhenotypicFeature,D003922,823,826,train
17000021,17,rs2488457,SequenceVariant,rs2488457,900,909,train
17000021,18,rs2476601,SequenceVariant,rs2476601,919,928,train
17000021,19,R620W,SequenceVariant,rs2476601,934,939,train
17000021,20,rs1217412,SequenceVariant,rs1217412,966,975,train
17000021,21,T1D,DiseaseOrPhenotypicFeature,D003922,1049,1052,train
17000021,22,JIA,DiseaseOrPhenotypicFeature,D001171,1072,1075,train
17000021,23,T1D,DiseaseOrPhenotypicFeature,D003922,1144,1147,train
17000021,24,(W) allele at codon 620,SequenceVariant,rs2476601,1549,1572,train
17000021,25,T1D,DiseaseOrPhenotypicFeature,D003922,1593,1596,train
17000021,26,JIA,DiseaseOrPhenotypicFeature,D001171,1672,1675,train
17000021,27,(R) allele at codon 620,SequenceVariant,rs2476601,1751,1774,train
17000021,28,autoimmune conditions,DiseaseOrPhenotypicFeature,D001327,1846,1867,train
17000021,29,PTPN22,GeneOrGeneProduct,26191,2099,2105,train
17006606,0,C-to-T substitution at -31,SequenceVariant,rs1143627,18,44,train
17006606,1,IL1B,GeneOrGeneProduct,3553,45,49,train
17006606,2,gastric adenocarcinoma,DiseaseOrPhenotypicFeature,D013274,90,112,train
17006606,3,Proinflammatory cytokine,GeneOrGeneProduct,3553,139,163,train
17006606,4,gastric cancer,DiseaseOrPhenotypicFeature,D013274,224,238,train
17006606,5,IL1B,GeneOrGeneProduct,3553,254,258,train
17006606,6,-31T/C,SequenceVariant,rs1143627,258,264,train
17006606,7,-511C/T,SequenceVariant,rs1143634,269,276,train
17006606,8,IL1B,GeneOrGeneProduct,3553,360,364,train
17006606,9,interleukin 1 beta,GeneOrGeneProduct,3553,416,434,train
17006606,10,IL1beta,GeneOrGeneProduct,3553,436,443,train
17006606,11,nuclear factor of kappa B,GeneOrGeneProduct,4790,462,487,train
17006606,12,NFkappaB,GeneOrGeneProduct,4790,489,497,train
17006606,13,cancer,DiseaseOrPhenotypicFeature,D009369,520,526,train
17006606,14,FS-7 cell-associated cell surface antigen,GeneOrGeneProduct,355,584,625,train
17006606,15,FAS,GeneOrGeneProduct,355,627,630,train
17006606,16,NFkappaB,GeneOrGeneProduct,4790,727,735,train
17006606,17,cancer,DiseaseOrPhenotypicFeature,D009369,749,755,train
17006606,18,gastric cancer,DiseaseOrPhenotypicFeature,D013274,804,818,train
17006606,19,patients,OrganismTaxon,9606,819,827,train
17006606,20,IL1B,GeneOrGeneProduct,3553,849,853,train
17006606,21,FAS,GeneOrGeneProduct,355,867,870,train
17006606,22,gastric adenocarcinoma,DiseaseOrPhenotypicFeature,D013274,937,959,train
17006606,23,patients,OrganismTaxon,9606,960,968,train
17006606,24,T allele at -511,SequenceVariant,rs1143634,1090,1106,train
17006606,25,C allele at -31,SequenceVariant,rs1143627,1115,1130,train
17006606,26,C allele at -511,SequenceVariant,rs1143634,1147,1163,train
17006606,27,T allele at -31,SequenceVariant,rs1143627,1172,1187,train
17006606,28,IL1B,GeneOrGeneProduct,3553,1191,1195,train
17006606,29,IL1B,GeneOrGeneProduct,3553,1249,1253,train
17006606,30,FAS,GeneOrGeneProduct,355,1267,1270,train
17006606,31,gastric adenocarcinoma,DiseaseOrPhenotypicFeature,D013274,1329,1351,train
17006606,32,FAS,GeneOrGeneProduct,355,1360,1363,train
17006606,33,IL1B,GeneOrGeneProduct,3553,1455,1459,train
17006606,34,-31TT,SequenceVariant,rs1143627,1459,1464,train
17006606,35,IL1B,GeneOrGeneProduct,3553,1469,1473,train
17006606,36,-511CC,SequenceVariant,rs1143634,1473,1479,train
17006606,37,IL1B,GeneOrGeneProduct,3553,1617,1621,train
17006606,38,-31TT,SequenceVariant,rs1143627,1621,1626,train
17006606,39,IL1B,GeneOrGeneProduct,3553,1631,1635,train
17006606,40,-511CC,SequenceVariant,rs1143634,1635,1641,train
17006606,41,IL1B,GeneOrGeneProduct,3553,1716,1720,train
17006606,42,-31TT,SequenceVariant,rs1143627,1720,1725,train
17006606,43,IL1B,GeneOrGeneProduct,3553,1730,1734,train
17006606,44,-511CC,SequenceVariant,rs1143634,1734,1740,train
17035713,0,Chloroacetaldehyde,ChemicalEntity,C004656,0,18,train
17035713,1,sulfhydryl reagent,ChemicalEntity,D013439,24,42,train
17035713,2,thiol,ChemicalEntity,D013438,65,70,train
17035713,3,ifosfamide,ChemicalEntity,D007069,81,91,train
17035713,4,nephropathy,DiseaseOrPhenotypicFeature,D007674,92,103,train
17035713,5,Chloroacetaldehyde,ChemicalEntity,C004656,105,123,train
17035713,6,CAA,ChemicalEntity,C004656,125,128,train
17035713,7,alkylating agent,ChemicalEntity,D000477,153,169,train
17035713,8,ifosfamide,ChemicalEntity,D007069,170,180,train
17035713,9,IFO,ChemicalEntity,D007069,182,185,train
17035713,10,renal damage,DiseaseOrPhenotypicFeature,D007674,218,230,train
17035713,11,tumor,DiseaseOrPhenotypicFeature,D009369,246,251,train
17035713,12,IFO,ChemicalEntity,D007069,265,268,train
17035713,13,sulfhydryl,ChemicalEntity,D013439,283,293,train
17035713,14,SH,ChemicalEntity,D013439,295,297,train
17035713,15,CAA,ChemicalEntity,C004656,399,402,train
17035713,16,human,OrganismTaxon,9606,406,411,train
17035713,17,hRPTEC,CellLine,CVCL_K278,454,460,train
17035713,18,Toxicity,DiseaseOrPhenotypicFeature,D064420,480,488,train
17035713,19,CAA,ChemicalEntity,C004656,492,495,train
17035713,20,LDH,ChemicalEntity,D007770,544,547,train
17035713,21,trypan blue,ChemicalEntity,D014343,557,568,train
17035713,22,caspase-3,GeneOrGeneProduct,836,589,598,train
17035713,23,thiols,ChemicalEntity,D013438,614,620,train
17035713,24,CAA,ChemicalEntity,C004656,660,663,train
17035713,25,hRPTEC,CellLine,CVCL_K278,672,678,train
17035713,26,thiols,ChemicalEntity,D013438,741,747,train
17035713,27,necrosis,DiseaseOrPhenotypicFeature,D009336,767,775,train
17035713,28,CAA,ChemicalEntity,C004656,785,788,train
17035713,29,acrolein,ChemicalEntity,D000171,797,805,train
17035713,30,cysteine proteases,GeneOrGeneProduct,"1508,836,841",820,838,train
17035713,31,caspase-3,GeneOrGeneProduct,836,839,848,train
17035713,32,caspase-8,GeneOrGeneProduct,841,850,859,train
17035713,33,cathepsin B,GeneOrGeneProduct,1508,864,875,train
17035713,34,Caspase,GeneOrGeneProduct,"836,841",877,884,train
17035713,35,cisplatin,ChemicalEntity,D002945,899,908,train
17035713,36,CAA,ChemicalEntity,C004656,926,929,train
17035713,37,CAA,ChemicalEntity,C004656,991,994,train
17035713,38,CAA,ChemicalEntity,C004656,1071,1074,train
17035713,39,cysteine protease,GeneOrGeneProduct,"1508,836,841",1078,1095,train
17035713,40,thiols,ChemicalEntity,D013438,1111,1117,train
17035713,41,CAA,ChemicalEntity,C004656,1198,1201,train
17035713,42,thiol,ChemicalEntity,D013438,1207,1212,train
17035713,43,CAA,ChemicalEntity,C004656,1253,1256,train
17035713,44,necrosis,DiseaseOrPhenotypicFeature,D009336,1260,1268,train
17035713,45,thiol,ChemicalEntity,D013438,1278,1283,train
17035713,46,cysteine protease,GeneOrGeneProduct,"1508,836,841",1298,1315,train
17035713,47,CAA,ChemicalEntity,C004656,1350,1353,train
17035713,48,thiols,ChemicalEntity,D013438,1408,1414,train
17035713,49,toxicity,DiseaseOrPhenotypicFeature,D064420,1430,1438,train
17035713,50,hRPTEC,CellLine,CVCL_K278,1442,1448,train
17035713,51,IFO,ChemicalEntity,D007069,1558,1561,train
17035713,52,nephropathy,DiseaseOrPhenotypicFeature,D007674,1562,1573,train
17035713,53,patients,OrganismTaxon,9606,1577,1585,train
1711760,0,hypertension,DiseaseOrPhenotypicFeature,D006973,23,35,train
1711760,1,cerebral ischemia,DiseaseOrPhenotypicFeature,D002545,49,66,train
1711760,2,brain edema,DiseaseOrPhenotypicFeature,D001929,78,89,train
1711760,3,hypertension,DiseaseOrPhenotypicFeature,D006973,113,125,train
1711760,4,middle cerebral artery occlusion,DiseaseOrPhenotypicFeature,D020244,165,197,train
1711760,5,MCAO,DiseaseOrPhenotypicFeature,D020244,199,203,train
1711760,6,brain edema,DiseaseOrPhenotypicFeature,D001929,208,219,train
1711760,7,isoflurane,ChemicalEntity,D007530,274,284,train
1711760,8,hypertensive,DiseaseOrPhenotypicFeature,D006973,325,337,train
1711760,9,rats,OrganismTaxon,10116,338,342,train
1711760,10,hypertensive,DiseaseOrPhenotypicFeature,D006973,448,460,train
1711760,11,MCAO,DiseaseOrPhenotypicFeature,D020244,532,536,train
1711760,12,MCAO,DiseaseOrPhenotypicFeature,D020244,555,559,train
1711760,13,rats,OrganismTaxon,10116,565,569,train
1711760,14,ischemia,DiseaseOrPhenotypicFeature,D007511,684,692,train
1711760,15,MCAO,DiseaseOrPhenotypicFeature,D020244,705,709,train
1711760,16,ischemic,DiseaseOrPhenotypicFeature,D007511,823,831,train
1711760,17,neuronal injury,DiseaseOrPhenotypicFeature,D009410,858,873,train
1711760,18,"2,3,5-triphenyltetrazolium",ChemicalEntity,C009591,892,918,train
1711760,19,ischemic,DiseaseOrPhenotypicFeature,D007511,936,944,train
1711760,20,ischemic,DiseaseOrPhenotypicFeature,D007511,1052,1060,train
1711760,21,edema,DiseaseOrPhenotypicFeature,D004487,1107,1112,train
1711760,22,hypertensive,DiseaseOrPhenotypicFeature,D006973,1134,1146,train
1711760,23,hypertensive,DiseaseOrPhenotypicFeature,D006973,1319,1331,train
1711760,24,phenylephrine,ChemicalEntity,D010656,1405,1418,train
1711760,25,hypertension,DiseaseOrPhenotypicFeature,D006973,1427,1439,train
1711760,26,MCAO,DiseaseOrPhenotypicFeature,D020244,1461,1465,train
1711760,27,edema,DiseaseOrPhenotypicFeature,D004487,1485,1490,train
1711760,28,ischemic,DiseaseOrPhenotypicFeature,D007511,1498,1506,train
1711760,29,edema,DiseaseOrPhenotypicFeature,D004487,1530,1535,train
1711760,30,ischemic,DiseaseOrPhenotypicFeature,D007511,1560,1568,train
1711760,31,neuronal dysfunction,DiseaseOrPhenotypicFeature,D009410,1626,1646,train
17391797,0,phosphatidylethanolamine N-methyltransferase,GeneOrGeneProduct,10400,4,48,train
17391797,1,V175M,SequenceVariant,rs7946,54,59,train
17391797,2,NASH,DiseaseOrPhenotypicFeature,D065626,121,125,train
17391797,3,nonalcoholic steatohepatitis,DiseaseOrPhenotypicFeature,D065626,216,244,train
17391797,4,NASH,DiseaseOrPhenotypicFeature,D065626,246,250,train
17391797,5,Val175Met,SequenceVariant,rs7946,306,315,train
17391797,6,phosphatidylethanolamine N-methyltransferase,GeneOrGeneProduct,10400,332,376,train
17391797,7,PEMT,GeneOrGeneProduct,10400,378,382,train
17391797,8,phosphatidylethanolamine,ChemicalEntity,D010714,417,441,train
17391797,9,phosphatidylcholine,ChemicalEntity,D010713,445,464,train
17391797,10,Val175Met,SequenceVariant,rs7946,531,540,train
17391797,11,PEMT,GeneOrGeneProduct,10400,561,565,train
17391797,12,NASH,DiseaseOrPhenotypicFeature,D065626,599,603,train
17391797,13,patients,OrganismTaxon,9606,635,643,train
17391797,14,NASH,DiseaseOrPhenotypicFeature,D065626,663,667,train
17391797,15,Val175Met,SequenceVariant,rs7946,806,815,train
17391797,16,PEMT,GeneOrGeneProduct,10400,838,842,train
17391797,17,NASH,DiseaseOrPhenotypicFeature,D065626,883,887,train
17391797,18,patients,OrganismTaxon,9606,888,896,train
17391797,19,Val175Met,SequenceVariant,rs7946,951,960,train
17391797,20,NASH,DiseaseOrPhenotypicFeature,D065626,1005,1009,train
17391797,21,patients,OrganismTaxon,9606,1010,1018,train
17391797,22,NASH,DiseaseOrPhenotypicFeature,D065626,1062,1066,train
17391797,23,patients,OrganismTaxon,9606,1067,1075,train
17391797,24,obese,DiseaseOrPhenotypicFeature,D009765,1135,1140,train
17391797,25,patients,OrganismTaxon,9606,1141,1149,train
17391797,26,Val175Met,SequenceVariant,rs7946,1208,1217,train
17391797,27,PEMT,GeneOrGeneProduct,10400,1259,1263,train
17391797,28,Val175Met,SequenceVariant,rs7946,1278,1287,train
17391797,29,PEMT,GeneOrGeneProduct,10400,1299,1303,train
17391797,30,NASH,DiseaseOrPhenotypicFeature,D065626,1372,1376,train
17391797,31,NASH,DiseaseOrPhenotypicFeature,D065626,1420,1424,train
17391797,32,patients,OrganismTaxon,9606,1425,1433,train
17391797,33,obese,DiseaseOrPhenotypicFeature,D009765,1442,1447,train
17391797,34,Val175Met,SequenceVariant,rs7946,1461,1470,train
17391797,35,PEMT,GeneOrGeneProduct,10400,1482,1486,train
17391797,36,NASH,DiseaseOrPhenotypicFeature,D065626,1514,1518,train
17495183,0,Tenomodulin,GeneOrGeneProduct,64102,0,11,train
17495183,1,obesity,DiseaseOrPhenotypicFeature,D009765,31,38,train
17495183,2,diabetes,DiseaseOrPhenotypicFeature,D003920,43,51,train
17495183,3,diabetes,DiseaseOrPhenotypicFeature,D003920,70,78,train
17495183,4,overweight,DiseaseOrPhenotypicFeature,D050177,205,215,train
17495183,5,impaired glucose tolerance,DiseaseOrPhenotypicFeature,D018149,233,259,train
17495183,6,IGT,DiseaseOrPhenotypicFeature,D018149,261,264,train
17495183,7,tenomodulin,GeneOrGeneProduct,64102,313,324,train
17495183,8,TNMD,GeneOrGeneProduct,64102,326,330,train
17495183,9,adiposity,DiseaseOrPhenotypicFeature,D009765,472,481,train
17495183,10,glucose,ChemicalEntity,D005947,483,490,train
17495183,11,type 2 diabetes,DiseaseOrPhenotypicFeature,D003924,519,534,train
17495183,12,T2D,DiseaseOrPhenotypicFeature,D003924,536,539,train
17495183,13,Diabetes,DiseaseOrPhenotypicFeature,D003920,663,671,train
17495183,14,adiposity,DiseaseOrPhenotypicFeature,D009765,804,813,train
17495183,15,women,OrganismTaxon,9606,817,822,train
17495183,16,rs5966709,SequenceVariant,rs5966709,824,833,train
17495183,17,rs4828037,SequenceVariant,rs4828037,835,844,train
17495183,18,men,OrganismTaxon,9606,850,853,train
17495183,19,rs11798018,SequenceVariant,rs11798018,855,865,train
17495183,20,rs2073163,SequenceVariant,rs2073163,876,885,train
17495183,21,rs1155794,SequenceVariant,rs1155794,890,899,train
17495183,22,glucose,ChemicalEntity,D005947,953,960,train
17495183,23,men,OrganismTaxon,9606,971,974,train
17495183,24,rs2073162,SequenceVariant,rs2073162,1039,1048,train
17495183,25,IGT,DiseaseOrPhenotypicFeature,D018149,1083,1086,train
17495183,26,T2D,DiseaseOrPhenotypicFeature,D003924,1090,1093,train
17495183,27,men,OrganismTaxon,9606,1097,1100,train
17495183,28,T2D,DiseaseOrPhenotypicFeature,D003924,1125,1128,train
17495183,29,glucose,ChemicalEntity,D005947,1221,1228,train
17495183,30,rs2073162,SequenceVariant,rs2073162,1282,1291,train
17495183,31,rs2073163,SequenceVariant,rs2073163,1317,1326,train
17495183,32,rs1155974,SequenceVariant,rs1155974,1356,1365,train
17495183,33,TNMD,GeneOrGeneProduct,64102,1396,1400,train
17495183,34,adiposity,DiseaseOrPhenotypicFeature,D009765,1435,1444,train
17495183,35,glucose,ChemicalEntity,D005947,1459,1466,train
17495183,36,IGT,DiseaseOrPhenotypicFeature,D018149,1498,1501,train
17495183,37,T2D,DiseaseOrPhenotypicFeature,D003924,1505,1508,train
17495183,38,men,OrganismTaxon,9606,1512,1515,train
17595233,0,patients,OrganismTaxon,9606,97,105,train
17595233,1,inflammatory bowel disease,DiseaseOrPhenotypicFeature,D015212,111,137,train
17595233,2,Crohn's disease,DiseaseOrPhenotypicFeature,D003424,253,268,train
17595233,3,bacteria,OrganismTaxon,2,343,351,train
17595233,4,Crohn's disease,DiseaseOrPhenotypicFeature,D003424,367,382,train
17595233,5,bacteria,OrganismTaxon,2,446,454,train
17595233,6,innate immune receptor,GeneOrGeneProduct,"10333,10392,22900,64127,7096,7097,7099",701,723,train
17595233,7,nucleotide oligomerisation domain (NOD) 2,GeneOrGeneProduct,64127,731,772,train
17595233,8,caspase recruitment domain (CARD) 15,GeneOrGeneProduct,64127,773,809,train
17595233,9,NOD1,GeneOrGeneProduct,10392,811,815,train
17595233,10,CARD4,GeneOrGeneProduct,10392,816,821,train
17595233,11,TUCAN,GeneOrGeneProduct,22900,823,828,train
17595233,12,CARDINAL,GeneOrGeneProduct,22900,829,837,train
17595233,13,CARD8,GeneOrGeneProduct,22900,838,843,train
17595233,14,Toll-like receptor (TLR) 4,GeneOrGeneProduct,7099,845,871,train
17595233,15,TLR2,GeneOrGeneProduct,7097,873,877,train
17595233,16,TLR1,GeneOrGeneProduct,7096,879,883,train
17595233,17,TLR6,GeneOrGeneProduct,10333,888,892,train
17595233,18,inflammatory bowel disease,DiseaseOrPhenotypicFeature,D015212,959,985,train
17595233,19,IBD,DiseaseOrPhenotypicFeature,D015212,987,990,train
17595233,20,patients,OrganismTaxon,9606,1043,1051,train
17595233,21,IBD,DiseaseOrPhenotypicFeature,D015212,1057,1060,train
17595233,22,Crohn's disease,DiseaseOrPhenotypicFeature,D003424,1066,1081,train
17595233,23,ulcerative colitis,DiseaseOrPhenotypicFeature,D003093,1087,1105,train
17595233,24,colitis,DiseaseOrPhenotypicFeature,D003092,1124,1131,train
17595233,25,Saccharomyces cerevisiae,OrganismTaxon,4932,1173,1197,train
17595233,26,NOD2,GeneOrGeneProduct,64127,1417,1421,train
17595233,27,CARD15,GeneOrGeneProduct,64127,1422,1428,train
17595233,28,TUCAN,GeneOrGeneProduct,22900,1430,1435,train
17595233,29,CARDINAL,GeneOrGeneProduct,22900,1436,1444,train
17595233,30,CARD8,GeneOrGeneProduct,22900,1445,1450,train
17595233,31,NOD1,GeneOrGeneProduct,10392,1452,1456,train
17595233,32,CARD4,GeneOrGeneProduct,10392,1457,1462,train
17595233,33,TLR4,GeneOrGeneProduct,7099,1464,1468,train
17595233,34,TLR1,GeneOrGeneProduct,7096,1470,1474,train
17595233,35,TLR2,GeneOrGeneProduct,7097,1476,1480,train
17595233,36,TLR6,GeneOrGeneProduct,10333,1485,1489,train
17595233,37,Crohn's disease,DiseaseOrPhenotypicFeature,D003424,1519,1534,train
17595233,38,patients,OrganismTaxon,9606,1535,1543,train
17595233,39,CARD15,GeneOrGeneProduct,64127,1552,1558,train
17595233,40,CARD15,GeneOrGeneProduct,64127,1599,1605,train
17595233,41,Crohn's disease,DiseaseOrPhenotypicFeature,D003424,1617,1632,train
17595233,42,patients,OrganismTaxon,9606,1633,1641,train
17595233,43,patients,OrganismTaxon,9606,1937,1945,train
17595233,44,CARD15,GeneOrGeneProduct,64127,1973,1979,train
17595233,45,Crohn's disease,DiseaseOrPhenotypicFeature,D003424,2042,2057,train
17595233,46,patients,OrganismTaxon,9606,2058,2066,train
17595233,47,NOD1,GeneOrGeneProduct,10392,2076,2080,train
17595233,48,CARD4,GeneOrGeneProduct,10392,2081,2086,train
17595233,49,patients,OrganismTaxon,9606,2152,2160,train
17595233,50,TLR4,GeneOrGeneProduct,7099,2266,2270,train
17595233,51,D299G,SequenceVariant,rs4986790,2271,2276,train
17595233,52,TLR2,GeneOrGeneProduct,7097,2281,2285,train
17595233,53,P631H,SequenceVariant,p|SUB|P|631|H,2286,2291,train
17595233,54,innate immune receptor,GeneOrGeneProduct,"10333,10392,22900,64127,7096,7097,7099",2465,2487,train
17595233,55,CARD15,GeneOrGeneProduct,64127,2626,2632,train
17595233,56,TLR4,GeneOrGeneProduct,7099,2637,2641,train
17595233,57,IBD,DiseaseOrPhenotypicFeature,D015212,2766,2769,train
17683901,0,FGFR3,GeneOrGeneProduct,2261,63,68,train
17683901,1,G380R,SequenceVariant,rs28931614,69,74,train
17683901,2,achondroplasia,DiseaseOrPhenotypicFeature,D000130,100,114,train
17683901,3,Achondroplasia,DiseaseOrPhenotypicFeature,D000130,116,130,train
17683901,4,dwarfism,DiseaseOrPhenotypicFeature,D004392,158,166,train
17683901,5,G to A or G to C substitution at nucleotide position 1138,SequenceVariant,rs28931614,273,330,train
17683901,6,p.G380R,SequenceVariant,rs28931614,332,339,train
17683901,7,fibroblast growth factor receptor 3,GeneOrGeneProduct,2261,348,383,train
17683901,8,FGFR3,GeneOrGeneProduct,2261,385,390,train
17683901,9,c.1138G>A,SequenceVariant,rs28931614,482,491,train
17683901,10,c.1138G>C,SequenceVariant,rs28931614,496,505,train
17683901,11,c.1138G>A,SequenceVariant,rs28931614,606,615,train
17683901,12,patients,OrganismTaxon,9606,811,819,train
17683901,13,achondroplasia,DiseaseOrPhenotypicFeature,D000130,825,839,train
17683901,14,achondroplasia,DiseaseOrPhenotypicFeature,D000130,883,897,train
17683901,15,c.1138G>A,SequenceVariant,rs28931614,962,971,train
17683901,16,FGFR3,GeneOrGeneProduct,2261,1127,1132,train
17683901,17,p.G380R,SequenceVariant,rs28931614,1133,1140,train
18166824,0,women,OrganismTaxon,9606,47,52,train
18166824,1,premature ovarian failure,DiseaseOrPhenotypicFeature,D016649,58,83,train
18166824,2,DMC1,GeneOrGeneProduct,11144,204,208,train
18166824,3,MutS,GeneOrGeneProduct,850545,211,215,train
18166824,4,MSH4,GeneOrGeneProduct,4438,225,229,train
18166824,5,MSH5,GeneOrGeneProduct,4439,232,236,train
18166824,6,S. cerevisiae,OrganismTaxon,4932,242,255,train
18166824,7,SPO11,GeneOrGeneProduct,856364,265,270,train
18166824,8,premature ovarian failure,DiseaseOrPhenotypicFeature,D016649,294,319,train
18166824,9,POF,DiseaseOrPhenotypicFeature,D016649,321,324,train
18166824,10,patients,OrganismTaxon,9606,464,472,train
18166824,11,women,OrganismTaxon,9606,578,583,train
18166824,12,POF,DiseaseOrPhenotypicFeature,D016649,589,592,train
18166824,13,women,OrganismTaxon,9606,608,613,train
18166824,14,cytosine residue with thymidine,SequenceVariant,rs2075789,694,725,train
18166824,15,MSH5,GeneOrGeneProduct,4439,739,743,train
18166824,16,women,OrganismTaxon,9606,772,777,train
18166824,17,POF,DiseaseOrPhenotypicFeature,D016649,786,789,train
18166824,18,(proline) with a polar amino acid (serine) at position 29,SequenceVariant,rs2075789,891,948,train
18166824,19,P29S,SequenceVariant,rs2075789,950,954,train
18166824,20,women,OrganismTaxon,9606,976,981,train
18166824,21,patients,OrganismTaxon,9606,995,1003,train
18166824,22,POF,DiseaseOrPhenotypicFeature,D016649,1009,1012,train
18166824,23,POF,DiseaseOrPhenotypicFeature,D016649,1058,1061,train
18166824,24,patient,OrganismTaxon,9606,1062,1069,train
18166824,25,DMC1,GeneOrGeneProduct,11144,1142,1146,train
18166824,26,M200V,SequenceVariant,rs2227914,1224,1229,train
18166824,27,infertility,DiseaseOrPhenotypicFeature,D007247,1261,1272,train
18166824,28,DMC1,GeneOrGeneProduct,11144,1289,1293,train
18166824,29,patients,OrganismTaxon,9606,1334,1342,train
18166824,30,MSH5,GeneOrGeneProduct,4439,1393,1397,train
18166824,31,MSH5,GeneOrGeneProduct,4439,1523,1527,train
18166824,32,DMC1,GeneOrGeneProduct,11144,1532,1536,train
18166824,33,POF,DiseaseOrPhenotypicFeature,D016649,1574,1577,train
18408250,0,IRF5,GeneOrGeneProduct,3663,40,44,train
18408250,1,rheumatoid arthritis,DiseaseOrPhenotypicFeature,D001172,98,118,train
18408250,2,Interferon regulatory factor 5,GeneOrGeneProduct,3663,159,189,train
18408250,3,IRF5,GeneOrGeneProduct,3663,191,195,train
18408250,4,IRF,GeneOrGeneProduct,3663,216,219,train
18408250,5,proinflammatory cytokines,GeneOrGeneProduct,3553,286,311,train
18408250,6,IRF5,GeneOrGeneProduct,3663,334,338,train
18408250,7,systemic lupus erythaematosus,DiseaseOrPhenotypicFeature,D008180,388,417,train
18408250,8,SLE,DiseaseOrPhenotypicFeature,D008180,419,422,train
18408250,9,autoimmune diseases,DiseaseOrPhenotypicFeature,D001327,491,510,train
18408250,10,IRF5,GeneOrGeneProduct,3663,569,573,train
18408250,11,rheumatoid arthritis,DiseaseOrPhenotypicFeature,D001172,595,615,train
18408250,12,RA,DiseaseOrPhenotypicFeature,D001172,617,619,train
18408250,13,IRF5,GeneOrGeneProduct,3663,757,761,train
18408250,14,patients,OrganismTaxon,9606,856,864,train
18408250,15,RA,DiseaseOrPhenotypicFeature,D001172,870,872,train
18408250,16,patients,OrganismTaxon,9606,908,916,train
18408250,17,RA,DiseaseOrPhenotypicFeature,D001172,922,924,train
18408250,18,human,OrganismTaxon,9606,991,996,train
18408250,19,leukocyte antigen (HLA)-DRB1,GeneOrGeneProduct,3123,997,1025,train
18408250,20,rs729302,SequenceVariant,rs729302,1139,1147,train
18408250,21,RA,DiseaseOrPhenotypicFeature,D001172,1162,1164,train
18408250,22,patients,OrganismTaxon,9606,1291,1299,train
18408250,23,rs729302,SequenceVariant,rs729302,1331,1339,train
18408250,24,RA,DiseaseOrPhenotypicFeature,D001172,1387,1389,train
18408250,25,patients,OrganismTaxon,9606,1393,1401,train
18408250,26,patients,OrganismTaxon,9606,1483,1491,train
18408250,27,RA,DiseaseOrPhenotypicFeature,D001172,1626,1628,train
18408250,28,rs729302,SequenceVariant,rs729302,1649,1657,train
18408250,29,IRF5,GeneOrGeneProduct,3663,1759,1763,train
18408250,30,RA,DiseaseOrPhenotypicFeature,D001172,1813,1815,train
18408250,31,patients,OrganismTaxon,9606,1881,1889,train
18439317,0,MMP1,GeneOrGeneProduct,4312,51,55,train
18439317,1,lumbar disc disease,DiseaseOrPhenotypicFeature,C535531,60,79,train
18439317,2,Matrix metalloproteinases,GeneOrGeneProduct,4312,113,138,train
18439317,3,MMPs,GeneOrGeneProduct,4312,140,144,train
18439317,4,"guanine insertion/deletion (G/D), the -1607 promoter polymorphism",SequenceVariant,c|DEL|-1607|G,244,309,train
18439317,5,MMP1,GeneOrGeneProduct,4312,318,322,train
18439317,6,DDD,DiseaseOrPhenotypicFeature,D055959,471,474,train
18439317,7,DDD,DiseaseOrPhenotypicFeature,D055959,573,576,train
18439317,8,MMP1,GeneOrGeneProduct,4312,969,973,train
18439317,9,DDD,DiseaseOrPhenotypicFeature,D055959,978,981,train
18439317,10,DDD,DiseaseOrPhenotypicFeature,D055959,1060,1063,train
18439317,11,DDD,DiseaseOrPhenotypicFeature,D055959,1220,1223,train
18439317,12,D allele for the -1607,SequenceVariant,c|Allele|D|-1607,1706,1728,train
18439317,13,MMP1,GeneOrGeneProduct,4312,1754,1758,train
18439317,14,DDD,DiseaseOrPhenotypicFeature,D055959,1807,1810,train
18657397,0,penicillin,ChemicalEntity,D010406,38,48,train
18657397,1,epileptiform activity,DiseaseOrPhenotypicFeature,D004827,57,78,train
18657397,2,rats,OrganismTaxon,10116,95,99,train
18657397,3,Penicillin,ChemicalEntity,D010406,101,111,train
18657397,4,epilepsy,DiseaseOrPhenotypicFeature,D004827,158,166,train
18657397,5,penicillin,ChemicalEntity,D010406,250,260,train
18657397,6,epileptiform activity,DiseaseOrPhenotypicFeature,D004827,269,290,train
18657397,7,rats,OrganismTaxon,10116,354,358,train
18657397,8,rats,OrganismTaxon,10116,372,376,train
18657397,9,urethane,ChemicalEntity,D014520,405,413,train
18657397,10,epileptic,DiseaseOrPhenotypicFeature,D004827,510,519,train
18657397,11,penicillin-G potassium,ChemicalEntity,D010400,566,588,train
18657397,12,penicillin,ChemicalEntity,D010406,714,724,train
18657397,13,epileptiform activity,DiseaseOrPhenotypicFeature,D004827,733,754,train
18657397,14,epileptiform activity,DiseaseOrPhenotypicFeature,D004827,1138,1159,train
18657397,15,epileptiform activity,DiseaseOrPhenotypicFeature,D004827,1296,1317,train
18657397,16,epilepsies,DiseaseOrPhenotypicFeature,D004827,1566,1576,train
18681856,0,non-autoimmune hyperthyroidism,DiseaseOrPhenotypicFeature,C563786,31,61,train
18681856,1,p.M453T,SequenceVariant,rs121908864,102,109,train
18681856,2,thyrotropin receptor,GeneOrGeneProduct,7253,118,138,train
18681856,3,non-autoimmune hyperthyroidism,DiseaseOrPhenotypicFeature,C563786,220,250,train
18681856,4,NAH,DiseaseOrPhenotypicFeature,C563786,252,255,train
18681856,5,thyrotropin receptor,GeneOrGeneProduct,7253,306,326,train
18681856,6,TSHR,GeneOrGeneProduct,7253,328,332,train
18681856,7,PATIENTS,OrganismTaxon,9606,340,348,train
18681856,8,TSHR,GeneOrGeneProduct,7253,638,642,train
18681856,9,T to C,SequenceVariant,rs121908864,756,762,train
18681856,10,TSHR,GeneOrGeneProduct,7253,792,796,train
18681856,11,c.1358T-->C,SequenceVariant,rs121908864,803,814,train
18681856,12,methionine (ATG) by threonine (ACG) at codon 453,SequenceVariant,rs121908864,849,897,train
18681856,13,p.M453T,SequenceVariant,rs121908864,899,906,train
18681856,14,hyperthyroidism,DiseaseOrPhenotypicFeature,D006980,1049,1064,train
18681856,15,ventriculomegaly,DiseaseOrPhenotypicFeature,D006849,1066,1082,train
18681856,16,Ventriculomegaly,DiseaseOrPhenotypicFeature,D006849,1250,1266,train
18681856,17,NAH,DiseaseOrPhenotypicFeature,C563786,1404,1407,train
18681856,18,TSHR,GeneOrGeneProduct,7253,1433,1437,train
19067809,0,renin,GeneOrGeneProduct,5972,105,110,train
19067809,1,angiotensin,GeneOrGeneProduct,183,111,122,train
19067809,2,serotonin,ChemicalEntity,D012701,127,136,train
19067809,3,renin,GeneOrGeneProduct,5972,195,200,train
19067809,4,angiotensin,GeneOrGeneProduct,183,201,212,train
19067809,5,serotonin transporter,GeneOrGeneProduct,6532,224,245,train
19067809,6,patients,OrganismTaxon,9606,366,374,train
19067809,7,vasovagal syncope,DiseaseOrPhenotypicFeature,D019462,380,397,train
19067809,8,patients,OrganismTaxon,9606,435,443,train
19067809,9,men,OrganismTaxon,9606,472,475,train
19067809,10,women,OrganismTaxon,9606,481,486,train
19067809,11,angiotensin-converting enzyme,GeneOrGeneProduct,1636,554,583,train
19067809,12,ACE,GeneOrGeneProduct,1636,621,624,train
19067809,13,angiotensinogen,GeneOrGeneProduct,183,627,642,train
19067809,14,M 235,SequenceVariant,p|Allele|M|235,662,667,train
19067809,15,angiotensin II receptor type 1,GeneOrGeneProduct,185,670,700,train
19067809,16,ATR1,GeneOrGeneProduct,185,702,706,train
19067809,17,A 11666C,SequenceVariant,rs5186,722,730,train
19067809,18,serotonin transporter,GeneOrGeneProduct,6532,753,774,train
19067809,19,5HTTLPR,GeneOrGeneProduct,6532,781,788,train
19067809,20,A 1166C,SequenceVariant,rs5186,1023,1030,train
19067809,21,syncope,DiseaseOrPhenotypicFeature,D013575,1531,1538,train
19067809,22,A 1166C,SequenceVariant,rs5186,1636,1643,train
19067809,23,ATR1,GeneOrGeneProduct,185,1664,1668,train
19067809,24,hypotension,DiseaseOrPhenotypicFeature,D007022,1697,1708,train
19067809,25,vasovagal syncope,DiseaseOrPhenotypicFeature,D019462,1791,1808,train
19508969,0,meckelin,GeneOrGeneProduct,91147,25,33,train
19508969,1,MKS3,GeneOrGeneProduct,91147,35,39,train
19508969,2,TMEM67,GeneOrGeneProduct,91147,40,46,train
19508969,3,nephronophthisis with liver fibrosis,DiseaseOrPhenotypicFeature,OMIM:613550,54,90,train
19508969,4,NPHP11,DiseaseOrPhenotypicFeature,OMIM:613550,92,98,train
19508969,5,Nephronophthisis,DiseaseOrPhenotypicFeature,C537699,113,129,train
19508969,6,NPHP,DiseaseOrPhenotypicFeature,C537699,131,135,train
19508969,7,cystic kidney disease,DiseaseOrPhenotypicFeature,D052177,155,176,train
19508969,8,chronic renal failure,DiseaseOrPhenotypicFeature,D007676,216,237,train
19508969,9,NPHP1-9,GeneOrGeneProduct,"23322,261734,27031,27130,284086,4867,80184,84662,9657",293,300,train
19508969,10,NPHP,DiseaseOrPhenotypicFeature,C537699,324,328,train
19508969,11,retinal degeneration,DiseaseOrPhenotypicFeature,D012162,352,372,train
19508969,12,Senior-Loken syndrome,DiseaseOrPhenotypicFeature,C537580,374,395,train
19508969,13,cerebellar anomalies,DiseaseOrPhenotypicFeature,D002526,412,432,train
19508969,14,Joubert syndrome,DiseaseOrPhenotypicFeature,C536293,434,450,train
19508969,15,liver fibrosis,DiseaseOrPhenotypicFeature,D008103,456,470,train
19508969,16,patients,OrganismTaxon,9606,528,536,train
19508969,17,liver fibrosis,DiseaseOrPhenotypicFeature,D008103,553,567,train
19508969,18,patients,OrganismTaxon,9606,667,675,train
19508969,19,MKS3,GeneOrGeneProduct,91147,915,919,train
19508969,20,TMEM67,GeneOrGeneProduct,91147,920,926,train
19508969,21,patients,OrganismTaxon,9606,980,988,train
19508969,22,NPHP,DiseaseOrPhenotypicFeature,C537699,994,998,train
19508969,23,liver fibrosis,DiseaseOrPhenotypicFeature,D008103,1014,1028,train
19508969,24,p.W290L,SequenceVariant,rs267607117,1076,1083,train
19508969,25,p.C615R,SequenceVariant,rs201893408,1085,1092,train
19508969,26,p.G821S,SequenceVariant,rs267607116,1094,1101,train
19508969,27,p.G821R,SequenceVariant,rs267607116,1107,1114,train
19508969,28,MKS3,GeneOrGeneProduct,91147,1146,1150,train
19508969,29,TMEM67,GeneOrGeneProduct,91147,1151,1157,train
19508969,30,Meckel-Gruber syndrome (MKS) type 3,DiseaseOrPhenotypicFeature,C536132,1177,1212,train
19508969,31,Joubert syndrome (JBTS) type 6,DiseaseOrPhenotypicFeature,C537689,1217,1247,train
19508969,32,patients,OrganismTaxon,9606,1333,1341,train
19508969,33,NPHP,DiseaseOrPhenotypicFeature,C537699,1347,1351,train
19508969,34,liver fibrosis,DiseaseOrPhenotypicFeature,D008103,1367,1381,train
19508969,35,MKS,DiseaseOrPhenotypicFeature,C536133,1537,1540,train
19508969,36,JBTS,DiseaseOrPhenotypicFeature,C536293,1544,1548,train
19508969,37,MKS3,GeneOrGeneProduct,91147,1596,1600,train
19508969,38,TMEM67,GeneOrGeneProduct,91147,1601,1607,train
19508969,39,patients,OrganismTaxon,9606,1615,1623,train
19508969,40,JBTS,DiseaseOrPhenotypicFeature,C536293,1629,1633,train
19508969,41,patients,OrganismTaxon,9606,1689,1697,train
19508969,42,liver fibrosis,DiseaseOrPhenotypicFeature,D008103,1743,1757,train
19508969,43,MKS3,GeneOrGeneProduct,91147,1784,1788,train
19508969,44,TMEM67,GeneOrGeneProduct,91147,1789,1795,train
19508969,45,NPHP with liver fibrosis,DiseaseOrPhenotypicFeature,OMIM:613550,1812,1836,train
19508969,46,NPHP11,DiseaseOrPhenotypicFeature,OMIM:613550,1838,1844,train
19508969,47,MKS3,GeneOrGeneProduct,91147,1875,1879,train
19508969,48,patients,OrganismTaxon,9606,1893,1901,train
19508969,49,NPHP,DiseaseOrPhenotypicFeature,C537699,1964,1968,train
19508969,50,JBTS,DiseaseOrPhenotypicFeature,C536293,1970,1974,train
19508969,51,MKS,DiseaseOrPhenotypicFeature,C536133,1980,1983,train
19508969,52,allelic disorders,DiseaseOrPhenotypicFeature,D030342,1994,2011,train
19521089,0,Serotonin transporter,GeneOrGeneProduct,6532,0,21,train
19521089,1,5-HTTLPR,GeneOrGeneProduct,6532,47,55,train
19521089,2,Parkinson's disease,DiseaseOrPhenotypicFeature,D010300,87,106,train
19521089,3,Parkinson's disease,DiseaseOrPhenotypicFeature,D010300,117,136,train
19521089,4,PD,DiseaseOrPhenotypicFeature,D010300,138,140,train
19521089,5,neurodegenerative disorder,DiseaseOrPhenotypicFeature,D019636,147,173,train
19521089,6,muscular rigidity,DiseaseOrPhenotypicFeature,D009127,182,199,train
19521089,7,resting tremor,DiseaseOrPhenotypicFeature,D014202,201,215,train
19521089,8,bradykinesia,DiseaseOrPhenotypicFeature,D018476,220,232,train
19521089,9,PD,DiseaseOrPhenotypicFeature,D010300,282,284,train
19521089,10,serotonin transporter,GeneOrGeneProduct,6532,321,342,train
19521089,11,SLC6A4,GeneOrGeneProduct,6532,349,355,train
19521089,12,5-HTTLPR,GeneOrGeneProduct,6532,376,384,train
19521089,13,insertion/deletion (long allele-L/short allele-S) of 43 bp,SequenceVariant,c|INDEL||43,403,461,train
19521089,14,SLC6A4,GeneOrGeneProduct,6532,469,475,train
19521089,15,SLC6A4,GeneOrGeneProduct,6532,497,503,train
19521089,16,rs25531,SequenceVariant,rs25531,544,551,train
19521089,17,A-->G,SequenceVariant,rs25531,552,557,train
19521089,18,PD,DiseaseOrPhenotypicFeature,D010300,621,623,train
19521089,19,5-HTTLPR,GeneOrGeneProduct,6532,667,675,train
19521089,20,PD,DiseaseOrPhenotypicFeature,D010300,701,703,train
19521089,21,rs25531,SequenceVariant,rs25531,771,778,train
19521089,22,5-HTTLPR,GeneOrGeneProduct,6532,797,805,train
19521089,23,rs25531,SequenceVariant,rs25531,806,813,train
19521089,24,PD,DiseaseOrPhenotypicFeature,D010300,845,847,train
19521089,25,5-HTTLPR,GeneOrGeneProduct,6532,876,884,train
19521089,26,SLC6A4,GeneOrGeneProduct,6532,916,922,train
19521089,27,PD,DiseaseOrPhenotypicFeature,D010300,963,965,train
19728177,0,hypothermia,DiseaseOrPhenotypicFeature,D007036,10,21,train
19728177,1,cerebral edema,DiseaseOrPhenotypicFeature,D001929,50,64,train
19728177,2,intracranial hypertension,DiseaseOrPhenotypicFeature,D019586,69,94,train
19728177,3,fulminant hepatic failure,DiseaseOrPhenotypicFeature,D017114,111,136,train
19728177,4,patients,OrganismTaxon,9606,196,204,train
19728177,5,cerebral edema,DiseaseOrPhenotypicFeature,D001929,210,224,train
19728177,6,fulminant hepatic failure,DiseaseOrPhenotypicFeature,D017114,238,263,train
19728177,7,FHF,DiseaseOrPhenotypicFeature,D017114,265,268,train
19728177,8,hypothermia,DiseaseOrPhenotypicFeature,D007036,312,323,train
19728177,9,FHF,DiseaseOrPhenotypicFeature,D017114,456,459,train
19728177,10,acetaminophen,ChemicalEntity,D000082,465,478,train
19728177,11,cerebral edema,DiseaseOrPhenotypicFeature,D001929,493,507,train
19728177,12,patient,OrganismTaxon,9606,522,529,train
19728177,13,toxicity,DiseaseOrPhenotypicFeature,D064420,600,608,train
19728177,14,acetaminophen,ChemicalEntity,D000082,614,627,train
19728177,15,patient,OrganismTaxon,9606,672,679,train
19728177,16,depressed,DiseaseOrPhenotypicFeature,D003866,684,693,train
19728177,17,FHF,DiseaseOrPhenotypicFeature,D017114,782,785,train
19728177,18,acetaminophen,ChemicalEntity,D000082,791,804,train
19728177,19,cerebral edema,DiseaseOrPhenotypicFeature,D001929,809,823,train
19728177,20,patient,OrganismTaxon,9606,829,836,train
19728177,21,hyperventilation,DiseaseOrPhenotypicFeature,D006985,876,892,train
19728177,22,paralysis,DiseaseOrPhenotypicFeature,D010243,917,926,train
19728177,23,hypothermia,DiseaseOrPhenotypicFeature,D007036,1035,1046,train
19728177,24,patient,OrganismTaxon,9606,1094,1101,train
19728177,25,cerebral edema,DiseaseOrPhenotypicFeature,D001929,1124,1138,train
19728177,26,intracranial hypertension,DiseaseOrPhenotypicFeature,D019586,1143,1168,train
19728177,27,patients,OrganismTaxon,9606,1264,1272,train
19728177,28,FHF,DiseaseOrPhenotypicFeature,D017114,1278,1281,train
19728177,29,cerebral edema,DiseaseOrPhenotypicFeature,D001929,1286,1300,train
19728177,30,acetaminophen,ChemicalEntity,D000082,1306,1319,train
19728177,31,hypothermia,DiseaseOrPhenotypicFeature,D007036,1352,1363,train
19728177,32,hypothermia,DiseaseOrPhenotypicFeature,D007036,1486,1497,train
19728177,33,patients,OrganismTaxon,9606,1501,1509,train
19881468,0,hOGG1,GeneOrGeneProduct,4968,0,5,train
19881468,1,Ser326Cys,SequenceVariant,rs1052133,6,15,train
19881468,2,lung cancer,DiseaseOrPhenotypicFeature,D008175,41,52,train
19881468,3,Human,OrganismTaxon,9606,75,80,train
19881468,4,8-oxoguanine DNA glycosylase 1,GeneOrGeneProduct,4968,81,111,train
19881468,5,hOGG1,GeneOrGeneProduct,4968,113,118,train
19881468,6,8-hydroxyguanine,ChemicalEntity,C024829,154,170,train
19881468,7,rs1052133,SequenceVariant,rs1052133,230,239,train
19881468,8,326 from Ser to Cys,SequenceVariant,rs1052133,296,315,train
19881468,9,hOGG1,GeneOrGeneProduct,4968,387,392,train
19881468,10,Cys326,SequenceVariant,rs1052133,393,399,train
19881468,11,rs1052133,SequenceVariant,rs1052133,468,477,train
19881468,12,lung cancer,DiseaseOrPhenotypicFeature,D008175,482,493,train
19881468,13,lung cancer,DiseaseOrPhenotypicFeature,D008175,538,549,train
19881468,14,lung cancer,DiseaseOrPhenotypicFeature,D008175,652,663,train
19881468,15,cancer,DiseaseOrPhenotypicFeature,D009369,717,723,train
19881468,16,lung cancer,DiseaseOrPhenotypicFeature,D008175,855,866,train
19881468,17,small-cell carcinoma,DiseaseOrPhenotypicFeature,D018288,1068,1088,train
19881468,18,adenocarcinoma,DiseaseOrPhenotypicFeature,D000230,1161,1175,train
19881468,19,adenocarcinoma,DiseaseOrPhenotypicFeature,D000230,1317,1331,train
19881468,20,squamous- and small-cell lung cancers,DiseaseOrPhenotypicFeature,"D002289,D055752",1386,1423,train
19881468,21,rs1052133,SequenceVariant,rs1052133,1453,1462,train
19881468,22,adenocarcinoma of lung,DiseaseOrPhenotypicFeature,D000077192,1490,1512,train
20005218,0,Klotho,GeneOrGeneProduct,9365,77,83,train
20005218,1,essential hypertension,DiseaseOrPhenotypicFeature,D000075222,112,134,train
20005218,2,Mice,OrganismTaxon,10090,178,182,train
20005218,3,Klotho,GeneOrGeneProduct,16591,203,209,train
20005218,4,arteriosclerosis,DiseaseOrPhenotypicFeature,D001161,259,275,train
20005218,5,G-395A,SequenceVariant,rs1207568,302,308,train
20005218,6,human,OrganismTaxon,9606,352,357,train
20005218,7,Klotho,GeneOrGeneProduct,9365,358,364,train
20005218,8,Essential Hypertension,DiseaseOrPhenotypicFeature,D000075222,406,428,train
20005218,9,EH,DiseaseOrPhenotypicFeature,D000075222,430,432,train
20005218,10,G-395A,SequenceVariant,rs1207568,471,477,train
20005218,11,Klotho,GeneOrGeneProduct,9365,494,500,train
20005218,12,EH,DiseaseOrPhenotypicFeature,D000075222,520,522,train
20005218,13,patients,OrganismTaxon,9606,557,565,train
20005218,14,EH,DiseaseOrPhenotypicFeature,D000075222,571,573,train
20005218,15,hypertensive,DiseaseOrPhenotypicFeature,D006973,586,598,train
20005218,16,G/A,SequenceVariant,rs1207568,634,637,train
20005218,17,G-395A,SequenceVariant,rs1207568,658,664,train
20005218,18,G-395A,SequenceVariant,rs1207568,814,820,train
20005218,19,EH,DiseaseOrPhenotypicFeature,D000075222,846,848,train
20005218,20,hypertension,DiseaseOrPhenotypicFeature,D006973,857,869,train
20005218,21,G-395A,SequenceVariant,rs1207568,1009,1015,train
20005218,22,EH,DiseaseOrPhenotypicFeature,D000075222,1034,1036,train
20005218,23,G-395A,SequenceVariant,rs1207568,1042,1048,train
20005218,24,EH,DiseaseOrPhenotypicFeature,D000075222,1095,1097,train
20005218,25,EH,DiseaseOrPhenotypicFeature,D000075222,1232,1234,train
20005218,26,-395A,SequenceVariant,rs1207568,1242,1247,train
20005218,27,-395A,SequenceVariant,rs1207568,1426,1431,train
20005218,28,G-395A,SequenceVariant,rs1207568,1481,1487,train
20005218,29,Klotho,GeneOrGeneProduct,9365,1510,1516,train
20005218,30,-395G,SequenceVariant,rs1207568,1571,1576,train
20005218,31,G-395A,SequenceVariant,rs1207568,1603,1609,train
20005218,32,human,OrganismTaxon,9606,1630,1635,train
20005218,33,Klotho,GeneOrGeneProduct,9365,1636,1642,train
20005218,34,EH,DiseaseOrPhenotypicFeature,D000075222,1667,1669,train
20034406,0,CCL2,GeneOrGeneProduct,24770,10,14,train
20034406,1,CCR2,GeneOrGeneProduct,60463,32,36,train
20034406,2,pilocarpine,ChemicalEntity,D010862,80,91,train
20034406,3,status epilepticus,DiseaseOrPhenotypicFeature,D013226,100,118,train
20034406,4,Neuroinflammation,DiseaseOrPhenotypicFeature,D007249,132,149,train
20034406,5,seizures,DiseaseOrPhenotypicFeature,D012640,163,171,train
20034406,6,CCR2,GeneOrGeneProduct,60463,210,214,train
20034406,7,chemokine receptor,GeneOrGeneProduct,60463,220,238,train
20034406,8,CCL2,GeneOrGeneProduct,24770,243,247,train
20034406,9,neuroinflammatory,DiseaseOrPhenotypicFeature,D007249,308,325,train
20034406,10,CCR2,GeneOrGeneProduct,60463,389,393,train
20034406,11,CCL2,GeneOrGeneProduct,24770,398,402,train
20034406,12,status epilepticus,DiseaseOrPhenotypicFeature,D013226,438,456,train
20034406,13,SE,DiseaseOrPhenotypicFeature,D013226,458,460,train
20034406,14,pilocarpine,ChemicalEntity,D010862,473,484,train
20034406,15,SE,DiseaseOrPhenotypicFeature,D013226,505,507,train
20034406,16,pilocarpine,ChemicalEntity,D010862,523,534,train
20034406,17,rats,OrganismTaxon,10116,554,558,train
20034406,18,pilocarpine,ChemicalEntity,D010862,596,607,train
20034406,19,SE,DiseaseOrPhenotypicFeature,D013226,625,627,train
20034406,20,CCR2,GeneOrGeneProduct,60463,629,633,train
20034406,21,CCR2,GeneOrGeneProduct,60463,732,736,train
20034406,22,CCL2,GeneOrGeneProduct,24770,811,815,train
20034406,23,CCR2,GeneOrGeneProduct,60463,898,902,train
20034406,24,SE,DiseaseOrPhenotypicFeature,D013226,941,943,train
20034406,25,Seizures,DiseaseOrPhenotypicFeature,D012640,945,953,train
20034406,26,CCR2,GeneOrGeneProduct,60463,1012,1016,train
20034406,27,CCR2,GeneOrGeneProduct,60463,1062,1066,train
20034406,28,SE,DiseaseOrPhenotypicFeature,D013226,1090,1092,train
20034406,29,CCR2,GeneOrGeneProduct,60463,1144,1148,train
20034406,30,SE,DiseaseOrPhenotypicFeature,D013226,1166,1168,train
20034406,31,rats,OrganismTaxon,10116,1169,1173,train
20034406,32,rats,OrganismTaxon,10116,1188,1192,train
20034406,33,SE,DiseaseOrPhenotypicFeature,D013226,1210,1212,train
20034406,34,CCR2,GeneOrGeneProduct,60463,1223,1227,train
20034406,35,CCR2,GeneOrGeneProduct,60463,1324,1328,train
20034406,36,rats,OrganismTaxon,10116,1371,1375,train
20034406,37,CCL2,GeneOrGeneProduct,24770,1392,1396,train
20034406,38,SE,DiseaseOrPhenotypicFeature,D013226,1465,1467,train
20034406,39,CCR2,GeneOrGeneProduct,60463,1500,1504,train
20034406,40,CCL2,GeneOrGeneProduct,24770,1509,1513,train
20034406,41,pilocarpine,ChemicalEntity,D010862,1556,1567,train
20034406,42,SE,DiseaseOrPhenotypicFeature,D013226,1576,1578,train
20034406,43,Seizures,DiseaseOrPhenotypicFeature,D012640,1580,1588,train
20034406,44,CCR2,GeneOrGeneProduct,60463,1615,1619,train
20034406,45,neuroinflammatory,DiseaseOrPhenotypicFeature,D007249,1734,1751,train
20034406,46,seizures,DiseaseOrPhenotypicFeature,D012640,1781,1789,train
20105310,0,ASP,GeneOrGeneProduct,718,36,39,train
20105310,1,obese,DiseaseOrPhenotypicFeature,D009765,129,134,train
20105310,2,obesity,DiseaseOrPhenotypicFeature,D009765,171,178,train
20105310,3,obese,DiseaseOrPhenotypicFeature,D009765,227,232,train
20105310,4,insulin resistance,DiseaseOrPhenotypicFeature,D007333,252,270,train
20105310,5,adipokine,GeneOrGeneProduct,9370,272,281,train
20105310,6,obese,DiseaseOrPhenotypicFeature,D009765,347,352,train
20105310,7,Acylation Stimulating protein,GeneOrGeneProduct,718,382,411,train
20105310,8,ASP,GeneOrGeneProduct,718,413,416,train
20105310,9,Triglyceride,ChemicalEntity,D014280,422,434,train
20105310,10,TG,ChemicalEntity,D014280,436,438,train
20105310,11,ASP,GeneOrGeneProduct,718,454,457,train
20105310,12,TG,ChemicalEntity,D014280,462,464,train
20105310,13,lipid,ChemicalEntity,D008055,586,591,train
20105310,14,inflammation,DiseaseOrPhenotypicFeature,D007249,607,619,train
20105310,15,obesity,DiseaseOrPhenotypicFeature,D009765,697,704,train
20105310,16,insulin,GeneOrGeneProduct,3630,706,713,train
20105310,17,glucose,ChemicalEntity,D005947,719,726,train
20105310,18,insulin,GeneOrGeneProduct,3630,758,765,train
20105310,19,InsR,GeneOrGeneProduct,3643,781,785,train
20105310,20,IRS-1,GeneOrGeneProduct,3667,787,792,train
20105310,21,ASP,GeneOrGeneProduct,718,795,798,train
20105310,22,factor B,GeneOrGeneProduct,629,874,882,train
20105310,23,adipsin,GeneOrGeneProduct,1675,884,891,train
20105310,24,complement C3,GeneOrGeneProduct,718,893,906,train
20105310,25,C5L2,GeneOrGeneProduct,27202,1047,1051,train
20105310,26,ASP receptor,GeneOrGeneProduct,27202,1067,1079,train
20105310,27,ASP,GeneOrGeneProduct,718,1112,1115,train
20105310,28,TG,ChemicalEntity,D014280,1151,1153,train
20105310,29,lipid,ChemicalEntity,D008055,1214,1219,train
20105310,30,CD36,GeneOrGeneProduct,948,1247,1251,train
20105310,31,DGAT1,GeneOrGeneProduct,8694,1253,1258,train
20105310,32,DGAT2,GeneOrGeneProduct,84649,1260,1265,train
20105310,33,SCD1,GeneOrGeneProduct,6319,1267,1271,train
20105310,34,FASN,GeneOrGeneProduct,2194,1273,1277,train
20105310,35,LPL,GeneOrGeneProduct,4023,1283,1286,train
20105310,36,HSL,GeneOrGeneProduct,3991,1300,1303,train
20105310,37,CES1,GeneOrGeneProduct,1066,1305,1309,train
20105310,38,perilipin,GeneOrGeneProduct,5346,1311,1320,train
20105310,39,fatty acid binding proteins,GeneOrGeneProduct,"2168,2170",1323,1350,train
20105310,40,FABP1,GeneOrGeneProduct,2168,1352,1357,train
20105310,41,FABP3,GeneOrGeneProduct,2170,1359,1364,train
20105310,42,CEBPalpha,GeneOrGeneProduct,1050,1405,1414,train
20105310,43,CEBPbeta,GeneOrGeneProduct,1051,1416,1424,train
20105310,44,PPARgamma,GeneOrGeneProduct,5468,1426,1435,train
20105310,45,AMPK,GeneOrGeneProduct,5562,1491,1495,train
20105310,46,UCP1,GeneOrGeneProduct,7350,1497,1501,train
20105310,47,CPT1,GeneOrGeneProduct,1374,1503,1507,train
20105310,48,FABP7,GeneOrGeneProduct,2173,1509,1514,train
20105310,49,inflammatory,DiseaseOrPhenotypicFeature,D007249,1549,1561,train
20105310,50,TGFB1,GeneOrGeneProduct,7040,1568,1573,train
20105310,51,TIMP1,GeneOrGeneProduct,7076,1575,1580,train
20105310,52,TIMP3,GeneOrGeneProduct,7078,1582,1587,train
20105310,53,TIMP4,GeneOrGeneProduct,7079,1593,1598,train
20105310,54,proinflammatory,DiseaseOrPhenotypicFeature,D007249,1605,1620,train
20105310,55,PIG7,GeneOrGeneProduct,9516,1621,1625,train
20105310,56,MMP2,GeneOrGeneProduct,4313,1630,1634,train
20105310,57,C5L2,GeneOrGeneProduct,27202,1735,1739,train
20105310,58,ASP,GeneOrGeneProduct,718,1750,1753,train
20105310,59,obese,DiseaseOrPhenotypicFeature,D009765,1824,1829,train
20105310,60,ASP,GeneOrGeneProduct,718,1913,1916,train
20105310,61,TG,ChemicalEntity,D014280,1921,1923,train
20606392,0,GH insensitivity syndrome,DiseaseOrPhenotypicFeature,D046150,9,34,train
20606392,1,insulin-like growth factor-I deficiency,DiseaseOrPhenotypicFeature,C563867,46,85,train
20606392,2,GH receptor,GeneOrGeneProduct,2690,140,151,train
20606392,3,GH insensitivity,DiseaseOrPhenotypicFeature,D046150,244,260,train
20606392,4,IGF deficiency,DiseaseOrPhenotypicFeature,C563867,265,279,train
20606392,5,GH receptor,GeneOrGeneProduct,2690,315,326,train
20606392,6,GHR,GeneOrGeneProduct,2690,328,331,train
20606392,7,growth failure,DiseaseOrPhenotypicFeature,D006130,377,391,train
20606392,8,GH-binding protein,GeneOrGeneProduct,2690,427,445,train
20606392,9,GHBP,GeneOrGeneProduct,2690,447,451,train
20606392,10,GH insensitivity,DiseaseOrPhenotypicFeature,D046150,479,495,train
20606392,11,GH,GeneOrGeneProduct,2688,632,634,train
20606392,12,IGF-I,GeneOrGeneProduct,3479,672,677,train
20606392,13,IGFBP-3,GeneOrGeneProduct,3486,682,689,train
20606392,14,GHBP,GeneOrGeneProduct,2690,716,720,train
20606392,15,GHR,GeneOrGeneProduct,2690,800,803,train
20606392,16,R211H,SequenceVariant,p|SUB|R|211|H,837,842,train
20606392,17,899dupC,SequenceVariant,c|DUP|899|C|,903,910,train
20606392,18,IGF-I,GeneOrGeneProduct,3479,1017,1022,train
20606392,19,GHR,GeneOrGeneProduct,2690,1120,1123,train
20606392,20,GH insensitivity,DiseaseOrPhenotypicFeature,D046150,1138,1154,train
20606392,21,IGF deficiency,DiseaseOrPhenotypicFeature,C563867,1159,1173,train
20606392,22,GHBP,GeneOrGeneProduct,2690,1214,1218,train
20606392,23,GH,GeneOrGeneProduct,2688,1273,1275,train
20606392,24,GHR,GeneOrGeneProduct,2690,1351,1354,train
20606392,25,GHBP,GeneOrGeneProduct,2690,1393,1397,train
20708777,0,CYP11B2,GeneOrGeneProduct,1585,44,51,train
20708777,1,CYP11B1,GeneOrGeneProduct,1584,52,59,train
20708777,2,hypertension,DiseaseOrPhenotypicFeature,D006973,84,96,train
20708777,3,patients,OrganismTaxon,9606,109,117,train
20708777,4,aldosterone-producing adenomas,DiseaseOrPhenotypicFeature,D000236,123,153,train
20708777,5,Hypertension,DiseaseOrPhenotypicFeature,D006973,167,179,train
20708777,6,hypertension,DiseaseOrPhenotypicFeature,D006973,292,304,train
20708777,7,steroid synthesis genes,GeneOrGeneProduct,"1584,1585",480,503,train
20708777,8,CYP11B2,GeneOrGeneProduct,1585,505,512,train
20708777,9,CYP11B1,GeneOrGeneProduct,1584,514,521,train
20708777,10,hypertension,DiseaseOrPhenotypicFeature,D006973,559,571,train
20708777,11,patients,OrganismTaxon,9606,583,591,train
20708777,12,aldosterone-producing adenomas,DiseaseOrPhenotypicFeature,D000236,621,651,train
20708777,13,APA,DiseaseOrPhenotypicFeature,D000236,653,656,train
20708777,14,patients,OrganismTaxon,9606,681,689,train
20708777,15,APA,DiseaseOrPhenotypicFeature,D000236,695,698,train
20708777,16,hypertension,DiseaseOrPhenotypicFeature,D006973,745,757,train
20708777,17,patients,OrganismTaxon,9606,763,771,train
20708777,18,rs1799998,SequenceVariant,rs1799998,791,800,train
20708777,19,C-344 T,SequenceVariant,rs1799998,802,809,train
20708777,20,rs4539,SequenceVariant,rs4539,833,839,train
20708777,21,A2718G,SequenceVariant,rs4539,841,847,train
20708777,22,CYP11B2,GeneOrGeneProduct,1585,856,863,train
20708777,23,rs6410,SequenceVariant,rs6410,868,874,train
20708777,24,G22 5A,SequenceVariant,rs6410,876,882,train
20708777,25,rs6387,SequenceVariant,rs6387,885,891,train
20708777,26,A2803G,SequenceVariant,rs6387,893,899,train
20708777,27,CYP11B1,GeneOrGeneProduct,1584,908,915,train
20708777,28,CYPB11B2,GeneOrGeneProduct,1585,942,950,train
20708777,29,CYP11B1,GeneOrGeneProduct,1584,951,958,train
20708777,30,hypertension,DiseaseOrPhenotypicFeature,D006973,1002,1014,train
20708777,31,CYP11B2,GeneOrGeneProduct,1585,1064,1071,train
20708777,32,CYP11B1,GeneOrGeneProduct,1584,1072,1079,train
20708777,33,hypertension,DiseaseOrPhenotypicFeature,D006973,1135,1147,train
20708777,34,patients,OrganismTaxon,9606,1159,1167,train
20708777,35,APA,DiseaseOrPhenotypicFeature,D000236,1198,1201,train
20708777,36,rs4539,SequenceVariant,rs4539,1232,1238,train
20708777,37,hypertension,DiseaseOrPhenotypicFeature,D006973,1302,1314,train
20708777,38,hypertension,DiseaseOrPhenotypicFeature,D006973,1480,1492,train
20708777,39,hypertension,DiseaseOrPhenotypicFeature,D006973,1595,1607,train
20708777,40,hypertension,DiseaseOrPhenotypicFeature,D006973,1629,1641,train
20708777,41,hypertension,DiseaseOrPhenotypicFeature,D006973,1672,1684,train
20708777,42,rs4539,SequenceVariant,rs4539,1763,1769,train
20708777,43,hypertension,DiseaseOrPhenotypicFeature,D006973,1847,1859,train
20708777,44,patients,OrganismTaxon,9606,1872,1880,train
20708777,45,APA,DiseaseOrPhenotypicFeature,D000236,1911,1914,train
20708777,46,CYP11B2/B1,GeneOrGeneProduct,"1584,1585",1937,1947,train
20708777,47,hypertension,DiseaseOrPhenotypicFeature,D006973,1997,2009,train
20708777,48,patients,OrganismTaxon,9606,2013,2021,train
20708777,49,APA,DiseaseOrPhenotypicFeature,D000236,2027,2030,train
20806042,0,GJA8,GeneOrGeneProduct,2703,20,24,train
20806042,1,cataract-microcornea syndrome,DiseaseOrPhenotypicFeature,C538287,44,73,train
20806042,2,genetic defect,DiseaseOrPhenotypicFeature,D030342,133,147,train
20806042,3,cataract-microcornea syndrome,DiseaseOrPhenotypicFeature,C538287,229,258,train
20806042,4,CCMC,DiseaseOrPhenotypicFeature,C538287,260,264,train
20806042,5,c.592C-->T,SequenceVariant,c|SUB|C|592|T,647,657,train
20806042,6,"gap junction protein, alpha 8",GeneOrGeneProduct,2703,675,704,train
20806042,7,GJA8,GeneOrGeneProduct,2703,706,710,train
20806042,8,arginine to tryptophan at codon 198,SequenceVariant,p|SUB|R|198|W,821,856,train
20806042,9,p.R198W,SequenceVariant,p|SUB|R|198|W,858,865,train
20806042,10,p.R198W,SequenceVariant,p|SUB|R|198|W,1071,1078,train
20806042,11,GJA8,GeneOrGeneProduct,2703,1091,1095,train
20806042,12,CCMC,DiseaseOrPhenotypicFeature,C538287,1101,1105,train
20806042,13,GJA8,GeneOrGeneProduct,2703,1151,1155,train
20806042,14,cataract,DiseaseOrPhenotypicFeature,D002386,1186,1194,train
20806042,15,microcornea,DiseaseOrPhenotypicFeature,D005124,1199,1210,train
21163864,0,M235T,SequenceVariant,rs699,4,9,train
21163864,1,angiotensinogen,GeneOrGeneProduct,183,30,45,train
21163864,2,patients,OrganismTaxon,9606,67,75,train
21163864,3,hypertrophic cardiomyopathy,DiseaseOrPhenotypicFeature,D002312,79,106,train
21163864,4,Hypertrophic cardiomyopathy,DiseaseOrPhenotypicFeature,D002312,122,149,train
21163864,5,HCM,DiseaseOrPhenotypicFeature,D002312,151,154,train
21163864,6,cardiac disease,DiseaseOrPhenotypicFeature,D006331,206,221,train
21163864,7,T704C,SequenceVariant,rs699,327,332,train
21163864,8,angiotensinogen,GeneOrGeneProduct,183,363,378,train
21163864,9,AGT,GeneOrGeneProduct,183,380,383,train
21163864,10,HCM,DiseaseOrPhenotypicFeature,D002312,395,398,train
21163864,11,HCM,DiseaseOrPhenotypicFeature,D002312,493,496,train
21163864,12,sporadic hypertrophic cardiomyopathy,DiseaseOrPhenotypicFeature,D002312,501,537,train
21163864,13,SHCM,DiseaseOrPhenotypicFeature,D002312,539,543,train
21163864,14,familial hypertrophic cardiomyopathy,DiseaseOrPhenotypicFeature,D024741,552,588,train
21163864,15,FHCM,DiseaseOrPhenotypicFeature,D024741,590,594,train
21163864,16,patients,OrganismTaxon,9606,597,605,train
21163864,17,hypertension,DiseaseOrPhenotypicFeature,D006973,673,685,train
21163864,18,left ventricular hypertrophy,DiseaseOrPhenotypicFeature,D017379,690,718,train
21163864,19,AGT,GeneOrGeneProduct,183,825,828,train
21163864,20,methionine to threonine substitution at codon 235,SequenceVariant,rs699,862,911,train
21163864,21,M235T,SequenceVariant,rs699,913,918,train
21163864,22,SfaNI,ChemicalEntity,-,1054,1059,train
21163864,23,SHCM,DiseaseOrPhenotypicFeature,D002312,1202,1206,train
21163864,24,patients,OrganismTaxon,9606,1207,1215,train
21163864,25,FHCM,DiseaseOrPhenotypicFeature,D024741,1281,1285,train
21163864,26,AGT,GeneOrGeneProduct,183,1344,1347,train
21163864,27,SHCM,DiseaseOrPhenotypicFeature,D002312,1386,1390,train
21163864,28,FHCM,DiseaseOrPhenotypicFeature,D024741,1516,1520,train
21615796,0,Interleukin-17F,GeneOrGeneProduct,112744,0,15,train
21615796,1,patients,OrganismTaxon,9606,37,45,train
21615796,2,chronic immune thrombocytopenia,DiseaseOrPhenotypicFeature,D016553,51,82,train
21615796,3,IL-17F,GeneOrGeneProduct,112744,98,104,train
21615796,4,inflammatory cytokine,GeneOrGeneProduct,112744,116,137,train
21615796,5,autoimmune diseases,DiseaseOrPhenotypicFeature,D001327,174,193,train
21615796,6,chronic ITP,DiseaseOrPhenotypicFeature,D016553,235,246,train
21615796,7,rs763780,SequenceVariant,rs763780,303,311,train
21615796,8,7488T/C,SequenceVariant,rs763780,313,320,train
21615796,9,His-to-Arg substitution at amino acid 161,SequenceVariant,rs763780,338,379,train
21615796,10,PATIENTS,OrganismTaxon,9606,381,389,train
21615796,11,patients,OrganismTaxon,9606,419,427,train
21615796,12,men,OrganismTaxon,9606,429,432,train
21615796,13,women,OrganismTaxon,9606,433,438,train
21615796,14,chronic ITP,DiseaseOrPhenotypicFeature,D016553,478,489,train
21615796,15,men,OrganismTaxon,9606,516,519,train
21615796,16,women,OrganismTaxon,9606,520,525,train
21615796,17,patients,OrganismTaxon,9606,716,724,train
21615796,18,chronic ITP,DiseaseOrPhenotypicFeature,D016553,730,741,train
21615796,19,IL-17F,GeneOrGeneProduct,112744,785,791,train
21615796,20,7488CC,SequenceVariant,rs763780,792,798,train
21615796,21,IL-17F,GeneOrGeneProduct,112744,845,851,train
21615796,22,7488C,SequenceVariant,rs763780,852,857,train
21615796,23,patients,OrganismTaxon,9606,876,884,train
21615796,24,chronic ITP,DiseaseOrPhenotypicFeature,D016553,890,901,train
21615796,25,patients,OrganismTaxon,9606,1022,1030,train
21615796,26,IL-17F,GeneOrGeneProduct,112744,1040,1046,train
21615796,27,7488TT,SequenceVariant,rs763780,1047,1053,train
21615796,28,thrombocytopenic,DiseaseOrPhenotypicFeature,D011696,1079,1095,train
21615796,29,IL-17F,GeneOrGeneProduct,112744,1164,1170,train
21615796,30,7488TC,SequenceVariant,rs763780,1171,1177,train
21615796,31,IL-17F,GeneOrGeneProduct,112744,1255,1261,train
21615796,32,7488 T,SequenceVariant,rs763780,1262,1268,train
21615796,33,chronic ITP,DiseaseOrPhenotypicFeature,D016553,1328,1339,train
21615796,34,IL-17F,GeneOrGeneProduct,112744,1363,1369,train
21615796,35,chronic ITP,DiseaseOrPhenotypicFeature,D016553,1393,1404,train
21682595,0,XRCC1,GeneOrGeneProduct,7515,0,5,train
21682595,1,Arg399Gln,SequenceVariant,rs25487,6,15,train
21682595,2,systemic lupus erythematosus,DiseaseOrPhenotypicFeature,D008180,50,78,train
21682595,3,patients,OrganismTaxon,9606,153,161,train
21682595,4,systemic lupus erythematosus,DiseaseOrPhenotypicFeature,D008180,167,195,train
21682595,5,SLE,DiseaseOrPhenotypicFeature,D008180,197,200,train
21682595,6,X-ray repair cross-complementing,GeneOrGeneProduct,7515,215,247,train
21682595,7,XRCC1,GeneOrGeneProduct,7515,249,254,train
21682595,8,Arg399Gln,SequenceVariant,rs25487,256,265,train
21682595,9,rs25487,SequenceVariant,rs25487,267,274,train
21682595,10,XRCC1,GeneOrGeneProduct,7515,353,358,train
21682595,11,Arg399Gln,SequenceVariant,rs25487,359,368,train
21682595,12,patients,OrganismTaxon,9606,385,393,train
21682595,13,SLE,DiseaseOrPhenotypicFeature,D008180,399,402,train
21682595,14,SLE,DiseaseOrPhenotypicFeature,D008180,494,497,train
21682595,15,patients,OrganismTaxon,9606,498,506,train
21682595,16,399 Gln,SequenceVariant,rs25487,736,743,train
21682595,17,patients,OrganismTaxon,9606,754,762,train
21682595,18,SLE,DiseaseOrPhenotypicFeature,D008180,768,771,train
21682595,19,XRCC1,GeneOrGeneProduct,7515,911,916,train
21682595,20,Arg399Gln,SequenceVariant,rs25487,917,926,train
21682595,21,malar rash,DiseaseOrPhenotypicFeature,D005076,1078,1088,train
21682595,22,SLE,DiseaseOrPhenotypicFeature,D008180,1127,1130,train
21682595,23,SLE,DiseaseOrPhenotypicFeature,D008180,1347,1350,train
21682595,24,XRCC1,GeneOrGeneProduct,7515,1553,1558,train
21682595,25,Arg399Gln,SequenceVariant,rs25487,1559,1568,train
21682595,26,SLE,DiseaseOrPhenotypicFeature,D008180,1620,1623,train
21682595,27,SLE,DiseaseOrPhenotypicFeature,D008180,1651,1654,train
22808010,0,EPOR,GeneOrGeneProduct,13857,12,16,train
22808010,1,Tnfr-sf13c,GeneOrGeneProduct,72049,77,87,train
22808010,2,EPO,GeneOrGeneProduct,13856,111,114,train
22808010,3,EPO,GeneOrGeneProduct,13856,178,181,train
22808010,4,EPOR,GeneOrGeneProduct,13857,182,186,train
22808010,5,Bcl-x,GeneOrGeneProduct,12048,241,246,train
22808010,6,EPOR,GeneOrGeneProduct,13857,334,338,train
22808010,7,p85/PI3K,GeneOrGeneProduct,18708,365,373,train
22808010,8,polycythemia,DiseaseOrPhenotypicFeature,D011086,411,423,train
22808010,9,Erk1,GeneOrGeneProduct,26417,429,433,train
22808010,10,EPO,GeneOrGeneProduct,13856,501,504,train
22808010,11,EPOR,GeneOrGeneProduct,13857,505,509,train
22808010,12,EPO,GeneOrGeneProduct,13856,592,595,train
22808010,13,EPOR,GeneOrGeneProduct,13857,596,600,train
22808010,14,EPO,GeneOrGeneProduct,13856,676,679,train
22808010,15,EPOR,GeneOrGeneProduct,13857,680,684,train
22808010,16,EPO,GeneOrGeneProduct,13856,765,768,train
22808010,17,Lyl1,GeneOrGeneProduct,17095,805,809,train
22808010,18,Gas5,GeneOrGeneProduct,14455,811,815,train
22808010,19,Pim3,GeneOrGeneProduct,223775,817,821,train
22808010,20,Pim1,GeneOrGeneProduct,18712,823,827,train
22808010,21,Bim,GeneOrGeneProduct,12125,829,832,train
22808010,22,Trib3,GeneOrGeneProduct,228775,834,839,train
22808010,23,Serpina 3g,GeneOrGeneProduct,20715,844,854,train
22808010,24,EPO,GeneOrGeneProduct,13856,856,859,train
22808010,25,EPOR,GeneOrGeneProduct,13857,860,864,train
22808010,26,Cdc25a,GeneOrGeneProduct,12530,905,911,train
22808010,27,Btg3,GeneOrGeneProduct,12228,913,917,train
22808010,28,Cyclin-d2,GeneOrGeneProduct,12444,919,928,train
22808010,29,p27-kip1,GeneOrGeneProduct,12576,930,938,train
22808010,30,Cyclin-g2,GeneOrGeneProduct,12452,940,949,train
22808010,31,CyclinB1-IP-1,GeneOrGeneProduct,239083,954,967,train
22808010,32,EPO,GeneOrGeneProduct,13856,969,972,train
22808010,33,Socs3,GeneOrGeneProduct,12702,1069,1074,train
22808010,34,Socs2,GeneOrGeneProduct,216233,1080,1085,train
22808010,35,Spred2,GeneOrGeneProduct,114716,1095,1101,train
22808010,36,Spred1,GeneOrGeneProduct,114715,1103,1109,train
22808010,37,Eaf1,GeneOrGeneProduct,74427,1114,1118,train
22808010,38,EPO,GeneOrGeneProduct,13856,1124,1127,train
22808010,39,Socs2,GeneOrGeneProduct,216233,1169,1174,train
22808010,40,EPOR,GeneOrGeneProduct,13857,1237,1241,train
22808010,41,Jak2,GeneOrGeneProduct,16452,1242,1246,train
22808010,42,Stat5,GeneOrGeneProduct,20850,1247,1252,train
22808010,43,anemia,DiseaseOrPhenotypicFeature,D000740,1315,1321,train
22808010,44,TNF-receptor,GeneOrGeneProduct,72049,1353,1365,train
22808010,45,Tnfr-sf13c,GeneOrGeneProduct,72049,1366,1376,train
22808010,46,EPO,GeneOrGeneProduct,13856,1408,1411,train
22808010,47,Tnfr-sf13c,GeneOrGeneProduct,72049,1427,1437,train
22808010,48,EPOR,GeneOrGeneProduct,13857,1550,1554,train
22808010,49,Tnfr-sf13c,GeneOrGeneProduct,72049,1634,1644,train
24126708,0,HOMER1,GeneOrGeneProduct,9456,42,48,train
24126708,1,levodopa,ChemicalEntity,D007980,59,67,train
24126708,2,Parkinson's disease,DiseaseOrPhenotypicFeature,D010300,87,106,train
24126708,3,patients,OrganismTaxon,9606,107,115,train
24126708,4,Levodopa,ChemicalEntity,D007980,117,125,train
24126708,5,Parkinson's disease,DiseaseOrPhenotypicFeature,D010300,172,191,train
24126708,6,dyskinesia,DiseaseOrPhenotypicFeature,D004409,281,291,train
24126708,7,visual hallucinations,DiseaseOrPhenotypicFeature,D006212,296,317,train
24126708,8,HOMER1,GeneOrGeneProduct,9456,319,325,train
24126708,9,glutamate,ChemicalEntity,D018698,364,373,train
24126708,10,HOMER1,GeneOrGeneProduct,9456,508,514,train
24126708,11,levodopa,ChemicalEntity,D007980,603,611,train
24126708,12,patients,OrganismTaxon,9606,636,644,train
24126708,13,idiopathic Parkinson's disease,DiseaseOrPhenotypicFeature,D010300,650,680,train
24126708,14,Patients,OrganismTaxon,9606,700,708,train
24126708,15,rs4704559,SequenceVariant,rs4704559,728,737,train
24126708,16,rs10942891,SequenceVariant,rs10942891,739,749,train
24126708,17,rs4704560,SequenceVariant,rs4704560,754,763,train
24126708,18,rs4704559,SequenceVariant,rs4704559,814,823,train
24126708,19,dyskinesia,DiseaseOrPhenotypicFeature,D004409,875,885,train
24126708,20,visual hallucinations,DiseaseOrPhenotypicFeature,D006212,971,992,train
24126708,21,HOMER1,GeneOrGeneProduct,9456,1056,1062,train
24126708,22,rs4704559,SequenceVariant,rs4704559,1063,1072,train
24126708,23,levodopa,ChemicalEntity,D007980,1127,1135,train
2422478,0,serotonin,ChemicalEntity,D012701,11,20,train
2422478,1,rat,OrganismTaxon,10116,31,34,train
2422478,2,hypotensive,DiseaseOrPhenotypicFeature,D007022,59,70,train
2422478,3,methyldopa,ChemicalEntity,D008750,81,91,train
2422478,4,methyldopa,ChemicalEntity,D008750,167,177,train
2422478,5,serotonin,ChemicalEntity,D012701,217,226,train
2422478,6,hypotensive,DiseaseOrPhenotypicFeature,D007022,260,271,train
2422478,7,serotonin,ChemicalEntity,D012701,432,441,train
2422478,8,hypertensive,DiseaseOrPhenotypicFeature,D006973,517,529,train
2422478,9,stroke,DiseaseOrPhenotypicFeature,D020521,531,537,train
2422478,10,rats,OrganismTaxon,10116,544,548,train
2422478,11,methyldopa,ChemicalEntity,D008750,568,578,train
2422478,12,serotonin,ChemicalEntity,D012701,611,620,train
2422478,13,hypotension,DiseaseOrPhenotypicFeature,D007022,671,682,train
2422478,14,serotonin,ChemicalEntity,D012701,769,778,train
2422478,15,"5,7-dihydroxytryptamine",ChemicalEntity,D015116,790,813,train
2422478,16,"5,7-DHT",ChemicalEntity,D015116,815,822,train
2422478,17,"5,7-DHT",ChemicalEntity,D015116,894,901,train
2422478,18,serotonin,ChemicalEntity,D012701,956,965,train
2422478,19,hypotension,DiseaseOrPhenotypicFeature,D007022,1017,1028,train
2422478,20,"5,7-DHT",ChemicalEntity,D015116,1039,1046,train
2422478,21,serotonin,ChemicalEntity,D012701,1057,1066,train
2422478,22,serotonin,ChemicalEntity,D012701,1164,1173,train
2422478,23,serotonin,ChemicalEntity,D012701,1252,1261,train
2422478,24,methyldopa,ChemicalEntity,D008750,1262,1272,train
2422478,25,methyldopa,ChemicalEntity,D008750,1366,1376,train
2422478,26,hypotension,DiseaseOrPhenotypicFeature,D007022,1385,1396,train
2422478,27,serotonin,ChemicalEntity,D012701,1437,1446,train
2422478,28,hypotensive,DiseaseOrPhenotypicFeature,D007022,1489,1500,train
2422478,29,methyldopa,ChemicalEntity,D008750,1511,1521,train
24623966,0,NADPH oxidase 4,GeneOrGeneProduct,85431,12,27,train
24623966,1,vascular endothelial growth factor receptor 2,GeneOrGeneProduct,25589,37,82,train
24623966,2,rat,OrganismTaxon,10116,128,131,train
24623966,3,retinopathy of prematurity,DiseaseOrPhenotypicFeature,D012178,141,167,train
24623966,4,NADPH oxidase,GeneOrGeneProduct,"114243,50507,66021,85431",178,191,train
24623966,5,reactive oxygen species,ChemicalEntity,D017382,202,225,train
24623966,6,ROS,ChemicalEntity,D017382,227,230,train
24623966,7,NADPH oxidase,GeneOrGeneProduct,"114243,50507,66021,85431",276,289,train
24623966,8,NOX1,GeneOrGeneProduct,114243,290,294,train
24623966,9,NOX2,GeneOrGeneProduct,66021,296,300,train
24623966,10,NOX4,GeneOrGeneProduct,85431,306,310,train
24623966,11,NOX1,GeneOrGeneProduct,114243,378,382,train
24623966,12,NOX2,GeneOrGeneProduct,66021,387,391,train
24623966,13,oxygen,ChemicalEntity,D010100,470,476,train
24623966,14,retinopathy,DiseaseOrPhenotypicFeature,D012164,485,496,train
24623966,15,OIR,DiseaseOrPhenotypicFeature,D012164,498,501,train
24623966,16,NOX4,GeneOrGeneProduct,85431,568,572,train
24623966,17,vascular endothelial growth factor,GeneOrGeneProduct,83785,595,629,train
24623966,18,VEGF,GeneOrGeneProduct,83785,631,635,train
24623966,19,NADPH oxidase,GeneOrGeneProduct,"114243,50507,66021,85431",689,702,train
24623966,20,human,OrganismTaxon,9606,765,770,train
24623966,21,human,OrganismTaxon,9606,834,839,train
24623966,22,rat,OrganismTaxon,10116,901,904,train
24623966,23,OIR,DiseaseOrPhenotypicFeature,D012164,939,942,train
24623966,24,oxygen,ChemicalEntity,D010100,961,967,train
24623966,25,rat,OrganismTaxon,10116,1090,1093,train
24623966,26,OIR,DiseaseOrPhenotypicFeature,D012164,1094,1097,train
24623966,27,NOX4,GeneOrGeneProduct,85431,1106,1110,train
24623966,28,STAT3,GeneOrGeneProduct,25125,1238,1243,train
24623966,29,STAT3,GeneOrGeneProduct,25125,1301,1306,train
24623966,30,STAT3,GeneOrGeneProduct,25125,1316,1321,train
24623966,31,rat,OrganismTaxon,10116,1403,1406,train
24623966,32,OIR,DiseaseOrPhenotypicFeature,D012164,1407,1410,train
24623966,33,NOX4,GeneOrGeneProduct,85431,1471,1475,train
24623966,34,lectin,GeneOrGeneProduct,-,1492,1498,train
24623966,35,OIR,DiseaseOrPhenotypicFeature,D012164,1593,1596,train
24623966,36,NOX4,GeneOrGeneProduct,50507,1635,1639,train
24623966,37,VEGF,GeneOrGeneProduct,7422,1663,1667,train
24623966,38,ROS,ChemicalEntity,D017382,1683,1686,train
24623966,39,"5-(and-6)-chloromethyl-2',7'-dichlorodihydrofluorescein diacetate, acetyl ester",ChemicalEntity,-,1721,1800,train
24623966,40,VEGF receptor 2,GeneOrGeneProduct,3791,1842,1857,train
24623966,41,STAT3,GeneOrGeneProduct,6774,1862,1867,train
24623966,42,VEGFR2,GeneOrGeneProduct,3791,1879,1885,train
24623966,43,STAT3,GeneOrGeneProduct,6774,1890,1895,train
24623966,44,VEGF,GeneOrGeneProduct,7422,1936,1940,train
24623966,45,NOX4,GeneOrGeneProduct,50507,2014,2018,train
24623966,46,STAT3,GeneOrGeneProduct,6774,2028,2033,train
24623966,47,NOX4,GeneOrGeneProduct,50507,2074,2078,train
24623966,48,NADPH oxidase,GeneOrGeneProduct,"114243,50507,66021,85431",2113,2126,train
24623966,49,NOX4,GeneOrGeneProduct,85431,2144,2148,train
24623966,50,NOX4,GeneOrGeneProduct,85431,2275,2279,train
24623966,51,OIR,DiseaseOrPhenotypicFeature,D012164,2305,2308,train
24623966,52,lectin,GeneOrGeneProduct,-,2356,2362,train
24623966,53,NOX4,GeneOrGeneProduct,85431,2367,2371,train
24623966,54,STAT3,GeneOrGeneProduct,25125,2457,2462,train
24623966,55,NOX4,GeneOrGeneProduct,50507,2565,2569,train
24623966,56,VEGF,GeneOrGeneProduct,7422,2602,2606,train
24623966,57,ROS,ChemicalEntity,D017382,2615,2618,train
24623966,58,VEGF,GeneOrGeneProduct,7422,2631,2635,train
24623966,59,VEGFR2,GeneOrGeneProduct,3791,2685,2691,train
24623966,60,NOX4,GeneOrGeneProduct,50507,2696,2700,train
24623966,61,NOX4,GeneOrGeneProduct,50507,2715,2719,train
24623966,62,VEGFR2,GeneOrGeneProduct,3791,2732,2738,train
24623966,63,STAT3,GeneOrGeneProduct,6774,2790,2795,train
24623966,64,VEGF,GeneOrGeneProduct,7422,2822,2826,train
24623966,65,NOX4,GeneOrGeneProduct,50507,2848,2852,train
24623966,66,STAT3,GeneOrGeneProduct,6774,2856,2861,train
24623966,67,VEGF,GeneOrGeneProduct,7422,2872,2876,train
24623966,68,human,OrganismTaxon,9606,2967,2972,train
24623966,69,retinopathy of prematurity,DiseaseOrPhenotypicFeature,D012178,2973,2999,train
24623966,70,NOX4,GeneOrGeneProduct,85431,3001,3005,train
24623966,71,VEGF,GeneOrGeneProduct,7422,3057,3061,train
24623966,72,NOX4,GeneOrGeneProduct,50507,3072,3076,train
24623966,73,VEGF,GeneOrGeneProduct,7422,3107,3111,train
24623966,74,VEGFR2,GeneOrGeneProduct,3791,3122,3128,train
24623966,75,NOX4,GeneOrGeneProduct,50507,3133,3137,train
24623966,76,STAT3,GeneOrGeneProduct,6774,3187,3192,train
24623966,77,NOX4,GeneOrGeneProduct,85431,3231,3235,train
24623966,78,VEGFR2,GeneOrGeneProduct,25589,3249,3255,train
24623966,79,STAT3,GeneOrGeneProduct,25125,3288,3293,train
24632946,0,b-catenin,GeneOrGeneProduct,12387,57,66,train
24632946,1,anorectal malformations,DiseaseOrPhenotypicFeature,D000071056,84,107,train
24632946,2,congenital malformations,DiseaseOrPhenotypicFeature,D000013,254,278,train
24632946,3,anorectal malformations,DiseaseOrPhenotypicFeature,D000071056,288,311,train
24632946,4,ARMs,DiseaseOrPhenotypicFeature,D000071056,313,317,train
24632946,5,b-Catenin,GeneOrGeneProduct,12387,418,427,train
24632946,6,Wnt,GeneOrGeneProduct,22408,465,468,train
24632946,7,b-catenin,GeneOrGeneProduct,12387,597,606,train
24632946,8,b-catenin,GeneOrGeneProduct,12387,686,695,train
24632946,9,tamoxifen,ChemicalEntity,D013629,752,761,train
24632946,10,Shh,GeneOrGeneProduct,20423,789,792,train
24632946,11,b-catenin,GeneOrGeneProduct,12387,809,818,train
24632946,12,hypoplastic,DiseaseOrPhenotypicFeature,D029502,921,932,train
24632946,13,b-catenin,GeneOrGeneProduct,12387,1050,1059,train
24632946,14,keratin 1,GeneOrGeneProduct,16678,1260,1269,train
24632946,15,filaggrin,GeneOrGeneProduct,14246,1274,1283,train
24632946,16,bone morphogenetic protein,GeneOrGeneProduct,"12159,12162",1330,1356,train
24632946,17,Bmp,GeneOrGeneProduct,"12159,12162",1358,1361,train
24632946,18,Bmp4,GeneOrGeneProduct,12159,1378,1382,train
24632946,19,Bmp7,GeneOrGeneProduct,12162,1387,1391,train
24632946,20,b-catenin,GeneOrGeneProduct,12387,1457,1466,train
24632946,21,Msx2,GeneOrGeneProduct,17702,1502,1506,train
24632946,22,Smad1/5/8,GeneOrGeneProduct,"17125,17129,55994",1531,1540,train
24632946,23,Bmp,GeneOrGeneProduct,"12159,12162",1563,1566,train
24632946,24,Bmp receptor,GeneOrGeneProduct,12166,1666,1678,train
24632946,25,BmprIA,GeneOrGeneProduct,12166,1685,1691,train
24632946,26,Shh,GeneOrGeneProduct,20423,1697,1700,train
24632946,27,b-catenin,GeneOrGeneProduct,12387,1713,1722,train
24632946,28,BmprIA,GeneOrGeneProduct,12166,1737,1743,train
24632946,29,b-catenin,GeneOrGeneProduct,12387,1826,1835,train
24632946,30,ARM,DiseaseOrPhenotypicFeature,D000071056,1882,1885,train
24632946,31,b-catenin,GeneOrGeneProduct,12387,1904,1913,train
24632946,32,Bmp,GeneOrGeneProduct,"12159,12162",1950,1953,train
24632946,33,b-catenin,GeneOrGeneProduct,12387,2028,2037,train
24632946,34,ARM,DiseaseOrPhenotypicFeature,D000071056,2055,2058,train
24632946,35,human,OrganismTaxon,9606,2146,2151,train
24632946,36,ARMs,DiseaseOrPhenotypicFeature,D000071056,2152,2156,train
24911645,0,mice,OrganismTaxon,10090,40,44,train
24911645,1,garcinielliptone FC,ChemicalEntity,C573355,61,80,train
24911645,2,pilocarpine,ChemicalEntity,D010862,84,95,train
24911645,3,seizures,DiseaseOrPhenotypicFeature,D012640,104,112,train
24911645,4,Garcinielliptone FC,ChemicalEntity,C573355,114,133,train
24911645,5,GFC,ChemicalEntity,C573355,135,138,train
24911645,6,Platonia insignis Mart,OrganismTaxon,198787,195,217,train
24911645,7,skin diseases,DiseaseOrPhenotypicFeature,D012871,263,276,train
24911645,8,humans,OrganismTaxon,9606,285,291,train
24911645,9,diarrheas,DiseaseOrPhenotypicFeature,D003967,357,366,train
24911645,10,inflammatory diseases,DiseaseOrPhenotypicFeature,D007249,371,392,train
24911645,11,GFC,ChemicalEntity,C573355,427,430,train
24911645,12,GFC,ChemicalEntity,C573355,521,524,train
24911645,13,seizure,DiseaseOrPhenotypicFeature,D012640,567,574,train
24911645,14,r-aminobutyric acid,ChemicalEntity,D005680,660,679,train
24911645,15,GABA,ChemicalEntity,D005680,681,685,train
24911645,16,glutamine,ChemicalEntity,D018698,688,697,train
24911645,17,aspartate,ChemicalEntity,D001224,699,708,train
24911645,18,glutathione,ChemicalEntity,D005978,713,724,train
24911645,19,acetylcholinesterase,GeneOrGeneProduct,11423,747,767,train
24911645,20,AChE,GeneOrGeneProduct,11423,769,773,train
24911645,21,mice,OrganismTaxon,10090,787,791,train
24911645,22,seizures,DiseaseOrPhenotypicFeature,D012640,810,818,train
24911645,23,GFC,ChemicalEntity,C573355,820,823,train
24911645,24,seizure,DiseaseOrPhenotypicFeature,D012640,863,870,train
24911645,25,mice,OrganismTaxon,10090,993,997,train
24911645,26,GABA,ChemicalEntity,D005680,1012,1016,train
24911645,27,mice,OrganismTaxon,10090,1028,1032,train
24911645,28,GFC75,ChemicalEntity,C573355,1058,1063,train
24911645,29,P400,ChemicalEntity,D010862,1069,1073,train
24911645,30,mice,OrganismTaxon,10090,1129,1133,train
24911645,31,aspartate,ChemicalEntity,D001224,1138,1147,train
24911645,32,glutamine,ChemicalEntity,D018698,1149,1158,train
24911645,33,glutamate,ChemicalEntity,D018698,1163,1172,train
24911645,34,mice,OrganismTaxon,10090,1245,1249,train
24911645,35,GFC75,ChemicalEntity,C573355,1275,1280,train
24911645,36,P400,ChemicalEntity,D010862,1286,1290,train
24911645,37,mice,OrganismTaxon,10090,1317,1321,train
24911645,38,mice,OrganismTaxon,10090,1335,1339,train
24911645,39,GFC75,ChemicalEntity,C573355,1353,1358,train
24911645,40,P400,ChemicalEntity,D010862,1364,1368,train
24911645,41,AChE,GeneOrGeneProduct,11423,1391,1395,train
24911645,42,mice,OrganismTaxon,10090,1440,1444,train
24911645,43,GFC,ChemicalEntity,C573355,1472,1475,train
24911645,44,pilocarpine,ChemicalEntity,D010862,1554,1565,train
24911645,45,status epilepticus,DiseaseOrPhenotypicFeature,D013226,1574,1592,train
24911645,46,seizure,DiseaseOrPhenotypicFeature,D012640,1642,1649,train
24911645,47,GFC,ChemicalEntity,C573355,1730,1733,train
24911645,48,pilocarpine,ChemicalEntity,D010862,1805,1816,train
24911645,49,GABA,ChemicalEntity,D005680,1841,1845,train
24911645,50,glutamate,ChemicalEntity,D018698,1850,1859,train
24911645,51,AChE,GeneOrGeneProduct,11423,1876,1880,train
24911645,52,mice,OrganismTaxon,10090,1900,1904,train
24971338,0,sirolimus,ChemicalEntity,D020123,14,23,train
24971338,1,cyclosporine,ChemicalEntity,D016572,36,48,train
24971338,2,nephropathy,DiseaseOrPhenotypicFeature,D007674,57,68,train
24971338,3,rat,OrganismTaxon,10116,76,79,train
24971338,4,cyclosporin A,ChemicalEntity,D016572,180,193,train
24971338,5,CsA,ChemicalEntity,D016572,195,198,train
24971338,6,sirolimus,ChemicalEntity,D020123,203,212,train
24971338,7,SRL,ChemicalEntity,D020123,214,217,train
24971338,8,CsA,ChemicalEntity,D016572,291,294,train
24971338,9,nephropathy,DiseaseOrPhenotypicFeature,D007674,303,314,train
24971338,10,CsA,ChemicalEntity,D016572,467,470,train
24971338,11,SRL,ChemicalEntity,D020123,474,477,train
24971338,12,rat,OrganismTaxon,10116,494,497,train
24971338,13,CsA,ChemicalEntity,D016572,569,572,train
24971338,14,SRL,ChemicalEntity,D020123,574,577,train
24971338,15,CsA,ChemicalEntity,D016572,595,598,train
24971338,16,SRL,ChemicalEntity,D020123,623,626,train
24971338,17,Renal lesions,DiseaseOrPhenotypicFeature,D007674,751,764,train
24971338,18,SRL,ChemicalEntity,D020123,858,861,train
24971338,19,rats,OrganismTaxon,10116,870,874,train
24971338,20,proteinuria,DiseaseOrPhenotypicFeature,D011507,885,896,train
24971338,21,NGAL,GeneOrGeneProduct,170496,901,905,train
24971338,22,renal impairment,DiseaseOrPhenotypicFeature,D007674,949,965,train
24971338,23,CsA,ChemicalEntity,D016572,973,976,train
24971338,24,kidney lesions,DiseaseOrPhenotypicFeature,D007674,1019,1033,train
24971338,25,TGF-b,GeneOrGeneProduct,59086,1038,1043,train
24971338,26,NF- kb,GeneOrGeneProduct,81736,1045,1051,train
24971338,27,mTOR,GeneOrGeneProduct,56718,1053,1057,train
24971338,28,PCNA,GeneOrGeneProduct,25737,1059,1063,train
24971338,29,TP53,GeneOrGeneProduct,24842,1065,1069,train
24971338,30,KIM-1,GeneOrGeneProduct,286934,1071,1076,train
24971338,31,CTGF,GeneOrGeneProduct,64032,1082,1086,train
24971338,32,CsA,ChemicalEntity,D016572,1135,1138,train
24971338,33,renal damage,DiseaseOrPhenotypicFeature,D007674,1159,1171,train
24971338,34,TGF- b,GeneOrGeneProduct,59086,1250,1256,train
24971338,35,IL-7,GeneOrGeneProduct,25647,1261,1265,train
24971338,36,TBARs,ChemicalEntity,D017392,1267,1272,train
24971338,37,TGF-b,GeneOrGeneProduct,59086,1295,1300,train
24971338,38,mTOR,GeneOrGeneProduct,56718,1305,1309,train
24971338,39,SRL,ChemicalEntity,D020123,1325,1328,train
24971338,40,CsA,ChemicalEntity,D016572,1339,1342,train
24971338,41,renal damage,DiseaseOrPhenotypicFeature,D007674,1351,1363,train
24971338,42,NGAL,GeneOrGeneProduct,170496,1409,1413,train
24971338,43,CsA,ChemicalEntity,D016572,1471,1474,train
24971338,44,SRL,ChemicalEntity,D020123,1490,1493,train
25054547,0,BCHE,GeneOrGeneProduct,590,28,32,train
25054547,1,p.Val204Asp,SequenceVariant,p|SUB|V|204|D,66,77,train
25054547,2,apnea,DiseaseOrPhenotypicFeature,D001049,117,122,train
25054547,3,suxamethonium,ChemicalEntity,D013390,128,141,train
25054547,4,Butyrylcholinesterase deficiency,DiseaseOrPhenotypicFeature,C537417,143,175,train
25054547,5,apnea,DiseaseOrPhenotypicFeature,D001049,206,211,train
25054547,6,muscle relaxants,ChemicalEntity,-,229,245,train
25054547,7,suxamethonium,ChemicalEntity,D013390,247,260,train
25054547,8,mivacurium,ChemicalEntity,D000077590,264,274,train
25054547,9,patients,OrganismTaxon,9606,279,287,train
25054547,10,BCHE,GeneOrGeneProduct,590,314,318,train
25054547,11,neuromuscular block,DiseaseOrPhenotypicFeature,D055191,361,380,train
25054547,12,suxamethonium,ChemicalEntity,D013390,405,418,train
25054547,13,BCHE,GeneOrGeneProduct,590,455,459,train
25054547,14,c.695T>A,SequenceVariant,c|SUB|T|695|A,469,477,train
25054547,15,p.Val204Asp,SequenceVariant,p|SUB|V|204|D,479,490,train
25054547,16,patient,OrganismTaxon,9606,683,690,train
25054547,17,butyrylcholinesterase,GeneOrGeneProduct,590,698,719,train
25054547,18,butyrylthiocholine,ChemicalEntity,D002092,725,743,train
25054547,19,BTC,ChemicalEntity,D002092,745,748,train
25054547,20,benzoylcholine,ChemicalEntity,D001588,754,768,train
25054547,21,dibucaine,ChemicalEntity,D003992,784,793,train
25054547,22,fluoride,ChemicalEntity,D005459,798,806,train
25054547,23,BChE,GeneOrGeneProduct,590,898,902,train
25054547,24,patient,OrganismTaxon,9606,945,952,train
25054547,25,BChE,GeneOrGeneProduct,590,1032,1036,train
25054547,26,p.Val204Asp,SequenceVariant,p|SUB|V|204|D,1141,1152,train
25054547,27,p.Asp70Gly,SequenceVariant,rs1799807,1153,1163,train
25054547,28,p.Ala539Thr,SequenceVariant,rs1803274,1164,1175,train
25054547,29,BChE,GeneOrGeneProduct,590,1176,1180,train
25054547,30,BTC,ChemicalEntity,D002092,1222,1225,train
25054547,31,BTC,ChemicalEntity,D002092,1286,1289,train
25054547,32,suxamethonium,ChemicalEntity,D013390,1409,1422,train
25054547,33,p.Val204Asp,SequenceVariant,p|SUB|V|204|D,1506,1517,train
25054547,34,p.Ala204Asp,SequenceVariant,p|SUB|A|204|D,1868,1879,train
25054547,35,p.Asp70Gly,SequenceVariant,rs1799807,1880,1890,train
25054547,36,p.Ala539Thr,SequenceVariant,rs1803274,1891,1902,train
25983002,0,LDHA,GeneOrGeneProduct,3939,14,18,train
25983002,1,tumor,DiseaseOrPhenotypicFeature,D009369,30,35,train
25983002,2,prostate cancer,DiseaseOrPhenotypicFeature,D011471,51,66,train
25983002,3,cancer,DiseaseOrPhenotypicFeature,D009369,86,92,train
25983002,4,Lactate dehydrogenase A,GeneOrGeneProduct,3939,153,176,train
25983002,5,LDHA,GeneOrGeneProduct,3939,178,182,train
25983002,6,tumor,DiseaseOrPhenotypicFeature,D009369,274,279,train
25983002,7,LDHA,GeneOrGeneProduct,3939,318,322,train
25983002,8,prostate cancer,DiseaseOrPhenotypicFeature,D011471,326,341,train
25983002,9,LDHA,GeneOrGeneProduct,3939,412,416,train
25983002,10,prostate cancer,DiseaseOrPhenotypicFeature,D011471,433,448,train
25983002,11,benign prostate hyperplasia,DiseaseOrPhenotypicFeature,D011470,471,498,train
25983002,12,LDHA,GeneOrGeneProduct,3939,592,596,train
25983002,13,LDHA,GeneOrGeneProduct,3939,623,627,train
25983002,14,FX11,ChemicalEntity,C547455,642,646,train
25983002,15,PC-3,CellLine,CVCL_0035,729,733,train
25983002,16,DU145,CellLine,CVCL_0105,738,743,train
25983002,17,glucose,ChemicalEntity,D005947,820,827,train
25983002,18,lactate,ChemicalEntity,D019344,844,851,train
25983002,19,MMP-9,GeneOrGeneProduct,4318,888,893,train
25983002,20,PLAU,GeneOrGeneProduct,5328,895,899,train
25983002,21,cathepsin B,GeneOrGeneProduct,1508,905,916,train
25983002,22,LDHA,GeneOrGeneProduct,3939,934,938,train
25983002,23,FX11,ChemicalEntity,C547455,952,956,train
25983002,24,PC-3,CellLine,CVCL_0035,970,974,train
25983002,25,DU145,CellLine,CVCL_0105,979,984,train
25983002,26,LDHA,GeneOrGeneProduct,3939,1049,1053,train
25983002,27,prostate cancer,DiseaseOrPhenotypicFeature,D011471,1057,1072,train
25983002,28,LDHA,GeneOrGeneProduct,3939,1092,1096,train
27640183,0,Erythropoietin,GeneOrGeneProduct,2056,0,14,train
27640183,1,erythropoietin receptor,GeneOrGeneProduct,2057,33,56,train
27640183,2,human,OrganismTaxon,9606,92,97,train
27640183,3,Erythropoietin,GeneOrGeneProduct,13856,153,167,train
27640183,4,Epo,GeneOrGeneProduct,13856,169,172,train
27640183,5,mice,OrganismTaxon,10090,229,233,train
27640183,6,humans,OrganismTaxon,9606,284,290,train
27640183,7,Epo,GeneOrGeneProduct,2056,291,294,train
27640183,8,lipid,ChemicalEntity,D008055,349,354,train
27640183,9,Epo,GeneOrGeneProduct,2056,385,388,train
27640183,10,human,OrganismTaxon,9606,392,397,train
27640183,11,Epo,GeneOrGeneProduct,2056,489,492,train
27640183,12,human,OrganismTaxon,9606,505,510,train
27640183,13,Epo,GeneOrGeneProduct,2056,586,589,train
27640183,14,erythropoiesis-stimulating agent,ChemicalEntity,D006397,689,721,train
27640183,15,ESA,ChemicalEntity,D006397,723,726,train
27640183,16,Darbepoietin-alpha,ChemicalEntity,-,728,746,train
27640183,17,Epo receptor,GeneOrGeneProduct,2057,782,794,train
27640183,18,Epo-R,GeneOrGeneProduct,2057,796,801,train
27640183,19,Epo-R,GeneOrGeneProduct,2057,894,899,train
27640183,20,Epo-R,GeneOrGeneProduct,2057,940,945,train
27640183,21,Akt,GeneOrGeneProduct,207,966,969,train
27640183,22,STAT5,GeneOrGeneProduct,6776,971,976,train
27640183,23,p70s6k,GeneOrGeneProduct,6198,978,984,train
27640183,24,LYN,GeneOrGeneProduct,4067,986,989,train
27640183,25,p38MAPK,GeneOrGeneProduct,1432,995,1002,train
27640183,26,ATGL,GeneOrGeneProduct,57104,1039,1043,train
27640183,27,HSL,GeneOrGeneProduct,3991,1045,1048,train
27640183,28,CGI-58,GeneOrGeneProduct,51099,1050,1056,train
27640183,29,G0S2,GeneOrGeneProduct,50486,1058,1062,train
27640183,30,Perilipin,GeneOrGeneProduct,5346,1064,1073,train
27640183,31,Cidea,GeneOrGeneProduct,1149,1075,1080,train
27640183,32,Cidec,GeneOrGeneProduct,63924,1082,1087,train
27640183,33,AMPK,GeneOrGeneProduct,5562,1089,1093,train
27640183,34,ACC,GeneOrGeneProduct,31,1099,1102,train
27640183,35,VDAC,GeneOrGeneProduct,7416,1135,1139,train
27640183,36,HSP90,GeneOrGeneProduct,3320,1141,1146,train
27640183,37,PDH,GeneOrGeneProduct,54704,1148,1151,train
27640183,38,SDHA,GeneOrGeneProduct,6389,1157,1161,train
27640183,39,Epo-R,GeneOrGeneProduct,2057,1214,1219,train
27640183,40,Epo-R,GeneOrGeneProduct,2057,1276,1281,train
27640183,41,Epo,GeneOrGeneProduct,2056,1342,1345,train
27640183,42,humans,OrganismTaxon,9606,1397,1403,train
27999109,0,Type I Interferon Receptor,GeneOrGeneProduct,"288264,686326",24,50,train
27999109,1,Autoimmune Diabetes,DiseaseOrPhenotypicFeature,D003922,68,87,train
27999109,2,Rats,OrganismTaxon,10116,91,95,train
27999109,3,human,OrganismTaxon,9606,117,122,train
27999109,4,type 1 diabetes,DiseaseOrPhenotypicFeature,D003922,123,138,train
27999109,5,insulin,GeneOrGeneProduct,3630,183,190,train
27999109,6,viral infection,DiseaseOrPhenotypicFeature,D014777,243,258,train
27999109,7,type I interferon,GeneOrGeneProduct,3456,332,349,train
27999109,8,IFN,GeneOrGeneProduct,3439,351,354,train
27999109,9,IFN receptor,GeneOrGeneProduct,3454,360,372,train
27999109,10,human,OrganismTaxon,9606,451,456,train
27999109,11,type 1 diabetes,DiseaseOrPhenotypicFeature,D003922,457,472,train
27999109,12,human,OrganismTaxon,9606,494,499,train
27999109,13,type 1 diabetes,DiseaseOrPhenotypicFeature,D003922,500,515,train
27999109,14,rat,OrganismTaxon,10116,563,566,train
27999109,15,Diabetes,DiseaseOrPhenotypicFeature,D003920,574,582,train
27999109,16,rats,OrganismTaxon,10116,619,623,train
27999109,17,polyinosinic:polycytidylic acid,ChemicalEntity,D011070,672,703,train
27999109,18,poly I:C,ChemicalEntity,D011070,705,713,train
27999109,19,type I IFN receptor,GeneOrGeneProduct,"288264,686326",760,779,train
27999109,20,type I IFN a/b receptor,GeneOrGeneProduct,"288264,686326",781,804,train
27999109,21,IFNAR,GeneOrGeneProduct,"288264,686326",806,811,train
27999109,22,IFN,GeneOrGeneProduct,25712,827,830,train
27999109,23,diabetes,DiseaseOrPhenotypicFeature,D003920,897,905,train
27999109,24,IFNAR1,GeneOrGeneProduct,288264,920,926,train
27999109,25,rats,OrganismTaxon,10116,954,958,train
27999109,26,Ifnar1,GeneOrGeneProduct,288264,1116,1122,train
27999109,27,IFNAR1,GeneOrGeneProduct,288264,1129,1135,train
27999109,28,diabetes,DiseaseOrPhenotypicFeature,D003920,1196,1204,train
27999109,29,insulitis,DiseaseOrPhenotypicFeature,D007410,1242,1251,train
27999109,30,poly I:C,ChemicalEntity,D011070,1258,1266,train
27999109,31,Kilham rat virus,OrganismTaxon,12441,1296,1312,train
27999109,32,diabetes,DiseaseOrPhenotypicFeature,D003920,1321,1329,train
27999109,33,IFNAR1,GeneOrGeneProduct,288264,1353,1359,train
27999109,34,autoimmune diabetes,DiseaseOrPhenotypicFeature,D003922,1471,1490,train
27999109,35,type 1 diabetes,DiseaseOrPhenotypicFeature,D003922,1573,1588,train
28411266,0,Sulfonylurea Receptor,GeneOrGeneProduct,6833,25,46,train
28411266,1,Type 2 Diabetes,DiseaseOrPhenotypicFeature,D003924,48,63,train
28411266,2,Coronary Heart Disease,DiseaseOrPhenotypicFeature,D003324,69,91,train
28411266,3,type 2 diabetes,DiseaseOrPhenotypicFeature,D003924,145,160,train
28411266,4,sulfonylurea,ChemicalEntity,D013453,176,188,train
28411266,5,sulfonylurea receptor,GeneOrGeneProduct,6833,449,470,train
28411266,6,ABCC8,GeneOrGeneProduct,6833,472,477,train
28411266,7,p.A1369S,SequenceVariant,rs757110,478,486,train
28411266,8,sulfonylurea,ChemicalEntity,D013453,530,542,train
28411266,9,insulin,GeneOrGeneProduct,3630,584,591,train
28411266,10,sulfonylurea,ChemicalEntity,D013453,633,645,train
28411266,11,type 2 diabetes,DiseaseOrPhenotypicFeature,D003924,880,895,train
28411266,12,coronary heart disease,DiseaseOrPhenotypicFeature,D003324,901,923,train
28411266,13,p.A1369S,SequenceVariant,rs757110,929,937,train
28411266,14,type 2 diabetes,DiseaseOrPhenotypicFeature,D003924,996,1011,train
28411266,15,p.A1369S,SequenceVariant,rs757110,1276,1284,train
28411266,16,coronary heart disease,DiseaseOrPhenotypicFeature,D003324,1323,1345,train
28411266,17,sulfonylurea,ChemicalEntity,D013453,1483,1495,train
28411266,18,coronary heart disease,DiseaseOrPhenotypicFeature,D003324,1527,1549,train
28428256,0,inflammatory,DiseaseOrPhenotypicFeature,D007249,48,60,train
28428256,1,prostaglandin A2,ChemicalEntity,C100008,74,90,train
28428256,2,EP4 receptor,GeneOrGeneProduct,19219,100,112,train
28428256,3,prostaglandin A2,ChemicalEntity,C100008,126,142,train
28428256,4,PGA2,ChemicalEntity,C100008,144,148,train
28428256,5,PGA2,ChemicalEntity,C100008,236,240,train
28428256,6,inflammatory,DiseaseOrPhenotypicFeature,D007249,293,305,train
28428256,7,PGA2,ChemicalEntity,C100008,368,372,train
28428256,8,thrombin,GeneOrGeneProduct,14061,468,476,train
28428256,9,proinflammatory,DiseaseOrPhenotypicFeature,D007249,481,496,train
28428256,10,lipopolysaccharide,ChemicalEntity,D008070,512,530,train
28428256,11,LPS,ChemicalEntity,D008070,532,535,train
28428256,12,EP4,GeneOrGeneProduct,5734,626,629,train
28428256,13,PGA2 receptor,GeneOrGeneProduct,5734,641,654,train
28428256,14,EP4,GeneOrGeneProduct,5734,656,659,train
28428256,15,PGA2,ChemicalEntity,C100008,699,703,train
28428256,16,Rap1/Rac1 GTPase,GeneOrGeneProduct,"5879,5906",718,734,train
28428256,17,protein kinase A,GeneOrGeneProduct,5566,739,755,train
28428256,18,VE-cadherin,GeneOrGeneProduct,1003,800,811,train
28428256,19,p120-catenin,GeneOrGeneProduct,1500,813,825,train
28428256,20,ZO-1,GeneOrGeneProduct,7082,827,831,train
28428256,21,cortactin,GeneOrGeneProduct,2017,833,842,train
28428256,22,VASP,GeneOrGeneProduct,7408,848,852,train
28428256,23,PGA2,ChemicalEntity,C100008,854,858,train
28428256,24,LPS,ChemicalEntity,D008070,875,878,train
28428256,25,inflammatory,DiseaseOrPhenotypicFeature,D007249,887,899,train
28428256,26,NFkB,GeneOrGeneProduct,19697,928,932,train
28428256,27,EC adhesion molecules,GeneOrGeneProduct,"3383,7412",959,980,train
28428256,28,ICAM1,GeneOrGeneProduct,3383,981,986,train
28428256,29,VCAM1,GeneOrGeneProduct,7412,991,996,train
28428256,30,EP4,GeneOrGeneProduct,5734,1073,1076,train
28428256,31,PGA2,ChemicalEntity,C100008,1087,1091,train
28428256,32,acute lung injury,DiseaseOrPhenotypicFeature,D055371,1133,1150,train
28428256,33,ALI,DiseaseOrPhenotypicFeature,D055371,1152,1155,train
28428256,34,LPS,ChemicalEntity,D008070,1158,1161,train
28428256,35,inflammatory injury,DiseaseOrPhenotypicFeature,D007249,1170,1189,train
28428256,36,ALI,DiseaseOrPhenotypicFeature,D055371,1202,1205,train
28428256,37,thrombin receptor,GeneOrGeneProduct,14062,1267,1284,train
28428256,38,mice,OrganismTaxon,10090,1348,1352,train
28428256,39,EP4,GeneOrGeneProduct,19219,1379,1382,train
28428256,40,PGA2,ChemicalEntity,C100008,1434,1438,train
28428256,41,EP4,GeneOrGeneProduct,5734,1439,1442,train
28428256,42,inflammation,DiseaseOrPhenotypicFeature,D007249,1577,1589,train
28487437,0,Ghrelin,GeneOrGeneProduct,58991,32,39,train
28487437,1,Glucagon Receptor,GeneOrGeneProduct,14527,44,61,train
28487437,2,Glucagon receptor,GeneOrGeneProduct,2642,72,89,train
28487437,3,GcgR,GeneOrGeneProduct,2642,91,95,train
28487437,4,insulin,GeneOrGeneProduct,3630,145,152,train
28487437,5,type 1 diabetes,DiseaseOrPhenotypicFeature,D003922,178,193,train
28487437,6,GcgRs,GeneOrGeneProduct,2642,226,231,train
28487437,7,hyperglycemia,DiseaseOrPhenotypicFeature,D006943,241,254,train
28487437,8,diabetes,DiseaseOrPhenotypicFeature,D003920,268,276,train
28487437,9,glycemia,ChemicalEntity,D001786,301,309,train
28487437,10,insulin,GeneOrGeneProduct,3630,333,340,train
28487437,11,glucagon,GeneOrGeneProduct,2641,345,353,train
28487437,12,ghrelin,GeneOrGeneProduct,51738,406,413,train
28487437,13,ghrelin,GeneOrGeneProduct,51738,427,434,train
28487437,14,glucose,ChemicalEntity,D005947,457,464,train
28487437,15,ghrelin,GeneOrGeneProduct,51738,474,481,train
28487437,16,blood glucose,ChemicalEntity,D001786,533,546,train
28487437,17,ghrelin,GeneOrGeneProduct,58991,590,597,train
28487437,18,hypoglycemia,DiseaseOrPhenotypicFeature,D007003,615,627,train
28487437,19,glucagon,GeneOrGeneProduct,14526,646,654,train
28487437,20,GcgR,GeneOrGeneProduct,14527,670,674,train
28487437,21,Gcgr,GeneOrGeneProduct,14527,685,689,train
28487437,22,mice,OrganismTaxon,10090,696,700,train
28487437,23,mice,OrganismTaxon,10090,711,715,train
28487437,24,GcgR,GeneOrGeneProduct,14527,739,743,train
28487437,25,blood glucose,ChemicalEntity,D001786,780,793,train
28487437,26,ghrelin,GeneOrGeneProduct,58991,832,839,train
28487437,27,streptozotocin,ChemicalEntity,D013311,900,914,train
28487437,28,hyperglycemia,DiseaseOrPhenotypicFeature,D006943,923,936,train
28487437,29,ghrelin,GeneOrGeneProduct,58991,955,962,train
28487437,30,mice,OrganismTaxon,10090,983,987,train
28487437,31,hyperglycemia,DiseaseOrPhenotypicFeature,D006943,989,1002,train
28487437,32,Gcgr,GeneOrGeneProduct,14527,1036,1040,train
28487437,33,mice,OrganismTaxon,10090,1046,1050,train
28487437,34,ghrelin,GeneOrGeneProduct,58991,1066,1073,train
28487437,35,ghrelin receptor,GeneOrGeneProduct,208188,1132,1148,train
28487437,36,blood glucose,ChemicalEntity,D001786,1176,1189,train
28487437,37,streptozotocin,ChemicalEntity,D013311,1255,1269,train
28487437,38,Gcgr,GeneOrGeneProduct,14527,1278,1282,train
28487437,39,mice,OrganismTaxon,10090,1288,1292,train
28487437,40,blood glucose,ChemicalEntity,D001786,1304,1317,train
28487437,41,streptozotocin,ChemicalEntity,D013311,1363,1377,train
28487437,42,ghrelin receptor,GeneOrGeneProduct,208188,1386,1402,train
28487437,43,mice,OrganismTaxon,10090,1408,1412,train
28487437,44,GcgR,GeneOrGeneProduct,14527,1436,1440,train
28487437,45,glucagon,GeneOrGeneProduct,14526,1491,1499,train
28487437,46,type 1 diabetes,DiseaseOrPhenotypicFeature,D003922,1538,1553,train
28487437,47,ghrelin,GeneOrGeneProduct,58991,1566,1573,train
28487437,48,hypoglycemia,DiseaseOrPhenotypicFeature,D007003,1598,1610,train
28777492,0,Gankyrin,GeneOrGeneProduct,53380,0,8,train
28777492,1,STAT3,GeneOrGeneProduct,20848,17,22,train
28777492,2,tumor,DiseaseOrPhenotypicFeature,D009369,37,42,train
28777492,3,sorafenib,ChemicalEntity,D000077157,64,73,train
28777492,4,hepatocellular carcinoma,DiseaseOrPhenotypicFeature,D006528,88,112,train
28777492,5,hepatocellular carcinomas,DiseaseOrPhenotypicFeature,D006528,119,144,train
28777492,6,HCC,DiseaseOrPhenotypicFeature,D006528,146,149,train
28777492,7,chronic liver inflammation,DiseaseOrPhenotypicFeature,D007249,174,200,train
28777492,8,oncoprotein,GeneOrGeneProduct,53380,225,236,train
28777492,9,gankyrin,GeneOrGeneProduct,53380,237,245,train
28777492,10,inflammation,DiseaseOrPhenotypicFeature,D007249,262,274,train
28777492,11,tumorigenesis,DiseaseOrPhenotypicFeature,D009369,283,296,train
28777492,12,gankyrin,GeneOrGeneProduct,5716,345,353,train
28777492,13,gankyrin,GeneOrGeneProduct,53380,442,450,train
28777492,14,tumor,DiseaseOrPhenotypicFeature,D009369,458,463,train
28777492,15,mice,OrganismTaxon,10090,484,488,train
28777492,16,gankyrin,GeneOrGeneProduct,53380,526,534,train
28777492,17,Alb,GeneOrGeneProduct,11657,545,548,train
28777492,18,gankyrin,GeneOrGeneProduct,53380,553,561,train
28777492,19,gankyrin,GeneOrGeneProduct,53380,573,581,train
28777492,20,Mx1,GeneOrGeneProduct,17857,644,647,train
28777492,21,gankyrin,GeneOrGeneProduct,53380,652,660,train
28777492,22,Gankyrin,GeneOrGeneProduct,5716,669,677,train
28777492,23,vascular endothelial growth factor,GeneOrGeneProduct,22339,690,724,train
28777492,24,tumor,DiseaseOrPhenotypicFeature,D009369,739,744,train
28777492,25,Gankyrin,GeneOrGeneProduct,53380,752,760,train
28777492,26,Src homology 2 domain-containing protein tyrosine phosphatase-1,GeneOrGeneProduct,15170,770,833,train
28777492,27,SHP-1,GeneOrGeneProduct,15170,835,840,train
28777492,28,signal transducer and activator of transcription 3,GeneOrGeneProduct,20848,939,989,train
28777492,29,STAT3,GeneOrGeneProduct,20848,991,996,train
28777492,30,Gankyrin,GeneOrGeneProduct,53380,999,1007,train
28777492,31,STAT3,GeneOrGeneProduct,20848,1083,1088,train
28777492,32,interleukin (IL)-6,GeneOrGeneProduct,16193,1099,1117,train
28777492,33,cancer,DiseaseOrPhenotypicFeature,D009369,1134,1140,train
28777492,34,Bmi1,GeneOrGeneProduct,12151,1159,1163,train
28777492,35,epithelial cell adhesion molecule,GeneOrGeneProduct,17075,1168,1201,train
28777492,36,EpCAM,GeneOrGeneProduct,17075,1203,1208,train
28777492,37,tumorigenic,DiseaseOrPhenotypicFeature,D009369,1245,1256,train
28777492,38,Chronic inflammation,DiseaseOrPhenotypicFeature,D007249,1268,1288,train
28777492,39,gankyrin,GeneOrGeneProduct,5716,1298,1306,train
28777492,40,human,OrganismTaxon,9606,1325,1330,train
28777492,41,Gankyrin,GeneOrGeneProduct,5716,1338,1346,train
28777492,42,tumor,DiseaseOrPhenotypicFeature,D009369,1365,1370,train
28777492,43,patients,OrganismTaxon,9606,1447,1455,train
28777492,44,sorafenib,ChemicalEntity,D000077157,1467,1476,train
28777492,45,HCC,DiseaseOrPhenotypicFeature,D006528,1491,1494,train
28777492,46,gankyrin,GeneOrGeneProduct,53380,1502,1510,train
28777492,47,tumor,DiseaseOrPhenotypicFeature,D009369,1560,1565,train
28777492,48,HCC,DiseaseOrPhenotypicFeature,D006528,1674,1677,train
7018927,0,luteinizing hormone-releasing hormone,GeneOrGeneProduct,2796,22,59,train
7018927,1,haloperidol,ChemicalEntity,D006220,67,78,train
7018927,2,hyperprolactinemia,DiseaseOrPhenotypicFeature,D006966,87,105,train
7018927,3,haloperidol,ChemicalEntity,D006220,145,156,train
7018927,4,prolactin,GeneOrGeneProduct,5617,166,175,train
7018927,5,luteinizing hormone,GeneOrGeneProduct,1081,180,199,train
7018927,6,LH,GeneOrGeneProduct,1081,201,203,train
7018927,7,LH-releasing hormone,GeneOrGeneProduct,2796,332,352,train
7018927,8,LH-RH,GeneOrGeneProduct,2796,354,359,train
7018927,9,patients,OrganismTaxon,9606,386,394,train
7018927,10,NaCl,ChemicalEntity,D012965,422,426,train
7018927,11,haloperidol,ChemicalEntity,D006220,458,469,train
7018927,12,hyperprolactinemia,DiseaseOrPhenotypicFeature,D006966,493,511,train
7018927,13,LH-RH,GeneOrGeneProduct,2796,572,577,train
7468724,0,Cardiovascular complications,DiseaseOrPhenotypicFeature,D002318,0,28,train
7468724,1,terbutaline,ChemicalEntity,D013726,45,56,train
7468724,2,preterm labor,DiseaseOrPhenotypicFeature,D007752,71,84,train
7468724,3,cardiovascular complications,DiseaseOrPhenotypicFeature,D002318,93,121,train
7468724,4,patients,OrganismTaxon,9606,147,155,train
7468724,5,terbutaline,ChemicalEntity,D013726,169,180,train
7468724,6,preterm labor,DiseaseOrPhenotypicFeature,D007752,185,198,train
7468724,7,corticosteroid,ChemicalEntity,D000305,211,225,train
7668252,0,human,OrganismTaxon,9606,11,16,train
7668252,1,very-long-chain acyl-coenzyme A dehydrogenase,GeneOrGeneProduct,37,17,62,train
7668252,2,patients,OrganismTaxon,9606,119,127,train
7668252,3,human,OrganismTaxon,9606,220,225,train
7668252,4,very-long-chain acyl-coenzyme A dehydrogenase,GeneOrGeneProduct,37,240,285,train
7668252,5,VLCAD,GeneOrGeneProduct,37,287,292,train
7668252,6,VLCAD,GeneOrGeneProduct,37,543,548,train
7668252,7,VLCAD-deficient,DiseaseOrPhenotypicFeature,C536353,603,618,train
7668252,8,patients,OrganismTaxon,9606,619,627,train
7668252,9,patients,OrganismTaxon,9606,637,645,train
7668252,10,105-bp deletion encompassing bases 1078-1182,SequenceVariant,c|DEL|1078-1182|,649,693,train
7668252,11,VLCAD,GeneOrGeneProduct,37,697,702,train
7668252,12,VLCAD,GeneOrGeneProduct,37,794,799,train
7668252,13,VLCAD deficiency,DiseaseOrPhenotypicFeature,C536353,864,880,train
7668252,14,human,OrganismTaxon,9606,921,926,train
7668252,15,VLCAD,GeneOrGeneProduct,37,927,932,train
7668252,16,patients,OrganismTaxon,9606,954,962,train
7668252,17,deficiency of the normal VLCAD protein,DiseaseOrPhenotypicFeature,C536353,1033,1071,train
7668252,18,long-chain fatty acid,ChemicalEntity,D005227,1088,1109,train
7668252,19,patients,OrganismTaxon,9606,1141,1149,train
7668252,20,patient,OrganismTaxon,9606,1166,1173,train
7668252,21,VLCAD,GeneOrGeneProduct,37,1195,1200,train
7668252,22,palmitic acid,ChemicalEntity,D019308,1276,1289,train
7668252,23,VLCAD deficiency,DiseaseOrPhenotypicFeature,C536353,1450,1466,train
7905839,0,Human,OrganismTaxon,9606,0,5,train
7905839,1,mu opiate receptor,GeneOrGeneProduct,4988,6,24,train
7905839,2,human,OrganismTaxon,9606,112,117,train
7905839,3,mu opiate receptor,GeneOrGeneProduct,4988,118,136,train
7905839,4,rat,OrganismTaxon,10116,225,228,train
7905839,5,mu opiate receptor,GeneOrGeneProduct,25601,229,247,train
7905839,6,human,OrganismTaxon,9606,258,263,train
7905839,7,mu opiate receptor,GeneOrGeneProduct,4988,264,282,train
7905839,8,h mu OR1,GeneOrGeneProduct,4988,284,292,train
7905839,9,rat,OrganismTaxon,10116,334,337,train
7905839,10,mu OR1,GeneOrGeneProduct,25601,362,368,train
7905839,11,opiate,ChemicalEntity,D053610,387,393,train
7905839,12,opioid peptides,ChemicalEntity,D018847,404,419,train
7905839,13,sodium,ChemicalEntity,D012964,425,431,train
7905839,14,GTP,ChemicalEntity,D006160,437,440,train
7905839,15,rat,OrganismTaxon,10116,521,524,train
7905839,16,mu opiate receptor,GeneOrGeneProduct,25601,525,543,train
7905839,17,cyclic AMP,ChemicalEntity,D000242,556,566,train
7905839,18,rat,OrganismTaxon,10116,602,605,train
7905839,19,mu opiate receptor,GeneOrGeneProduct,25601,606,624,train
7905839,20,h mu OR1,GeneOrGeneProduct,4988,670,678,train
7905839,21,human,OrganismTaxon,9606,815,820,train
7905839,22,neuropsychiatric disorders,DiseaseOrPhenotypicFeature,D001523,1030,1056,train
8002973,0,Adrenoleukodystrophy gene,GeneOrGeneProduct,215,0,25,train
8002973,1,X-linked adrenoleukodystrophy,DiseaseOrPhenotypicFeature,D000326,166,195,train
8002973,2,ALD,DiseaseOrPhenotypicFeature,D000326,197,200,train
8002973,3,ALD,GeneOrGeneProduct,215,250,253,train
8002973,4,patient,OrganismTaxon,9606,389,396,train
8002973,5,ALD,DiseaseOrPhenotypicFeature,D000326,402,405,train
8002973,6,ALD,GeneOrGeneProduct,215,436,439,train
8002973,7,293T,CellLine,CVCL_0063,499,503,train
8002973,8,ALD,GeneOrGeneProduct,215,834,837,train
8755918,0,ataxia-telangiectasia,DiseaseOrPhenotypicFeature,D001260,48,69,train
8755918,1,ataxia-telangiectasia,DiseaseOrPhenotypicFeature,D001260,107,128,train
8755918,2,A-T,DiseaseOrPhenotypicFeature,D001260,130,133,train
8755918,3,ATM,GeneOrGeneProduct,472,160,163,train
8755918,4,A-T,DiseaseOrPhenotypicFeature,D001260,261,264,train
8755918,5,137-bp insertion,SequenceVariant,c|INS||137,361,377,train
8755918,6,A-T,DiseaseOrPhenotypicFeature,D001260,476,479,train
8755918,7,patient,OrganismTaxon,9606,520,527,train
8755918,8,patients,OrganismTaxon,9606,577,585,train
8755918,9,patients,OrganismTaxon,9606,787,795,train
8755918,10,cerebellar ataxia,DiseaseOrPhenotypicFeature,D002524,824,841,train
8755918,11,A-T,DiseaseOrPhenotypicFeature,D001260,1004,1007,train
8755918,12,patients,OrganismTaxon,9606,1008,1016,train
8755918,13,A-T,DiseaseOrPhenotypicFeature,D001260,1095,1098,train
8755918,14,ATM,GeneOrGeneProduct,472,1298,1301,train
9294109,0,Myotonic dystrophy protein kinase,GeneOrGeneProduct,13400,0,33,train
9294109,1,Ca2+,ChemicalEntity,D002118,71,75,train
9294109,2,Myotonic dystrophy,DiseaseOrPhenotypicFeature,D009223,114,132,train
9294109,3,DM,DiseaseOrPhenotypicFeature,D009223,134,136,train
9294109,4,muscular disorder,DiseaseOrPhenotypicFeature,D009135,158,175,train
9294109,5,DM protein kinase,GeneOrGeneProduct,13400,262,279,train
9294109,6,DMPK,GeneOrGeneProduct,13400,281,285,train
9294109,7,DMPK,GeneOrGeneProduct,13400,398,402,train
9294109,8,Ca2 +,ChemicalEntity,D002118,462,467,train
9294109,9,Ca2 +,ChemicalEntity,D002118,522,527,train
9294109,10,ATP,ChemicalEntity,D000255,559,562,train
9294109,11,DMPK,GeneOrGeneProduct,13400,631,635,train
9294109,12,mice,OrganismTaxon,10090,651,655,train
9294109,13,DMPK,GeneOrGeneProduct,13400,681,685,train
9294109,14,Ca2 +,ChemicalEntity,D002118,727,732,train
9294109,15,Ca2 +,ChemicalEntity,D002118,830,835,train
9294109,16,Na +,ChemicalEntity,D012964,840,844,train
9294109,17,Ca2 +,ChemicalEntity,D002118,902,907,train
9294109,18,acetylcholine,ChemicalEntity,D000109,937,950,train
9294109,19,K +,ChemicalEntity,D011188,968,971,train
9294109,20,Ca2 +,ChemicalEntity,D002118,1009,1014,train
9294109,21,Ca2 +,ChemicalEntity,D002118,1075,1080,train
9294109,22,Ca2 +,ChemicalEntity,D002118,1100,1105,train
9294109,23,Na +/K + ATPase,ChemicalEntity,-,1155,1170,train
9294109,24,sarcoplasmic reticulum Ca2 + -ATPase,ChemicalEntity,D053498,1175,1211,train
9294109,25,DMPK,GeneOrGeneProduct,13400,1228,1232,train
9294109,26,DMPK,GeneOrGeneProduct,13400,1279,1283,train
9647766,0,human,OrganismTaxon,9606,66,71,train
9647766,1,nuclear encoded iron sulphur protein (IP) subunits of complex I,GeneOrGeneProduct,"4720,4722,4726",72,135,train
9647766,2,human,OrganismTaxon,9606,141,146,train
9647766,3,IP,GeneOrGeneProduct,"4720,4722,4726",147,149,train
9647766,4,NADH:ubiquinone oxidoreductase (complex I),GeneOrGeneProduct,"4720,4722,4726",173,215,train
9647766,5,flavoprotein,GeneOrGeneProduct,-,278,290,train
9647766,6,FP,GeneOrGeneProduct,-,292,294,train
9647766,7,iron-sulfur protein,GeneOrGeneProduct,"4720,4722,4726",297,316,train
9647766,8,IP,GeneOrGeneProduct,"4720,4722,4726",318,320,train
9647766,9,hydrophobic protein,GeneOrGeneProduct,-,327,346,train
9647766,10,HP,GeneOrGeneProduct,-,348,350,train
9647766,11,IP,GeneOrGeneProduct,"4720,4722,4726",369,371,train
9647766,12,human,OrganismTaxon,9606,535,540,train
9647766,13,NADH:ubiquinone oxidoreductase subunits,GeneOrGeneProduct,"4720,4722,4726",541,580,train
9647766,14,IP,GeneOrGeneProduct,"4720,4722,4726",589,591,train
9647766,15,NDUFS2,GeneOrGeneProduct,4720,606,612,train
9647766,16,NDUFS3,GeneOrGeneProduct,4722,623,629,train
9647766,17,NDUFS6,GeneOrGeneProduct,4726,644,650,train
9647766,18,bovine,OrganismTaxon,9913,905,911,train
9647766,19,human,OrganismTaxon,9606,1068,1073,train
9647766,20,human,OrganismTaxon,9606,1113,1118,train
9647766,21,human,OrganismTaxon,9606,1150,1155,train
9647766,22,NDUFS2,GeneOrGeneProduct,4720,1189,1195,train
9647766,23,NDUFS3,GeneOrGeneProduct,4722,1200,1206,train
9647766,24,NDUFS6,GeneOrGeneProduct,4726,1274,1280,train
9647766,25,NDUFS2,GeneOrGeneProduct,4720,1390,1396,train
9647766,26,protein kinase C,GeneOrGeneProduct,5578,1425,1441,train
9647766,27,NDUFS3,GeneOrGeneProduct,4722,1471,1477,train
9647766,28,casein kinase II,GeneOrGeneProduct,1457,1514,1530,train
9647766,29,enzymatic complex I-deficient,DiseaseOrPhenotypicFeature,C537475,1627,1656,train
9647766,30,patients,OrganismTaxon,9606,1657,1665,train
9746003,0,carbamazepine,ChemicalEntity,D002220,21,34,train
9746003,1,vigabatrin,ChemicalEntity,D020888,39,49,train
9746003,2,absence seizures,DiseaseOrPhenotypicFeature,D004832,61,77,train
9746003,3,Carbamazepine,ChemicalEntity,D002220,79,92,train
9746003,4,vigabatrin,ChemicalEntity,D020888,97,107,train
9746003,5,absence seizures,DiseaseOrPhenotypicFeature,D004832,139,155,train
9746003,6,carbamazepine,ChemicalEntity,D002220,271,284,train
9746003,7,Vigabatrin,ChemicalEntity,D020888,324,334,train
9746003,8,carbamazepine,ChemicalEntity,D002220,445,458,train
9746003,9,myoclonic jerks,DiseaseOrPhenotypicFeature,D009207,486,501,train
9746003,10,carbamazepine,ChemicalEntity,D002220,535,548,train
9746003,11,vigabatrin,ChemicalEntity,D020888,595,605,train
9746003,12,sodium valproate,ChemicalEntity,D014635,694,710,train
9746003,13,lamotrigine,ChemicalEntity,D000077213,712,723,train
9746003,14,ethosuximide,ChemicalEntity,D005013,728,740,train
15459183,0,CD72,GeneOrGeneProduct,971,0,4,train
15459183,1,human,OrganismTaxon,9606,81,86,train
15459183,2,systemic lupus erythematosus,DiseaseOrPhenotypicFeature,D008180,87,115,train
15459183,3,FCGR2B,GeneOrGeneProduct,2213,151,157,train
15459183,4,FCGR2B,GeneOrGeneProduct,2213,197,203,train
15459183,5,Ile232Thr,SequenceVariant,rs1050501,204,213,train
15459183,6,systemic lupus erythematosus,DiseaseOrPhenotypicFeature,D008180,219,247,train
15459183,7,SLE,DiseaseOrPhenotypicFeature,D008180,249,252,train
15459183,8,CD72,GeneOrGeneProduct,12517,306,310,train
15459183,9,murine,OrganismTaxon,10090,372,378,train
15459183,10,SLE,DiseaseOrPhenotypicFeature,D008180,379,382,train
15459183,11,human,OrganismTaxon,9606,398,403,train
15459183,12,CD72,GeneOrGeneProduct,971,404,408,train
15459183,13,SLE,DiseaseOrPhenotypicFeature,D008180,454,457,train
15459183,14,FCGR2B,GeneOrGeneProduct,2213,496,502,train
15459183,15,SLE,DiseaseOrPhenotypicFeature,D008180,524,527,train
15459183,16,SLE,DiseaseOrPhenotypicFeature,D008180,554,557,train
15459183,17,SLE,DiseaseOrPhenotypicFeature,D008180,612,615,train
15459183,18,SLE,DiseaseOrPhenotypicFeature,D008180,877,880,train
15459183,19,nephritis,DiseaseOrPhenotypicFeature,D009393,947,956,train
15459183,20,patients,OrganismTaxon,9606,976,984,train
15459183,21,COS-7,CellLine,CVCL_0224,1103,1108,train
15459183,22,FCGR2B,GeneOrGeneProduct,2213,1341,1347,train
15459183,23,232Thr,SequenceVariant,rs1050501,1348,1354,train
15459183,24,SLE,DiseaseOrPhenotypicFeature,D008180,1364,1367,train
15459183,25,CD72,GeneOrGeneProduct,971,1405,1409,train
15459183,26,FCGR2B,GeneOrGeneProduct,2213,1468,1474,train
15459183,27,232Ile,SequenceVariant,rs1050501,1475,1481,train
15459183,28,CD72,GeneOrGeneProduct,971,1491,1495,train
15459183,29,CD72,GeneOrGeneProduct,12517,1844,1848,train
15459183,30,murine,OrganismTaxon,10090,1875,1881,train
15459183,31,SLE,DiseaseOrPhenotypicFeature,D008180,1882,1885,train
15459183,32,CD72,GeneOrGeneProduct,971,1932,1936,train
15459183,33,human,OrganismTaxon,9606,1966,1971,train
15459183,34,SLE,DiseaseOrPhenotypicFeature,D008180,1972,1975,train
15459183,35,FCGR2B,GeneOrGeneProduct,2213,1989,1995,train
15459183,36,232Thr,SequenceVariant,rs1050501,1996,2002,train
15459183,37,CD72,GeneOrGeneProduct,971,2045,2049,train
15599941,0,prostate specific antigen,GeneOrGeneProduct,354,21,46,train
15599941,1,androgen receptor,GeneOrGeneProduct,367,74,91,train
15599941,2,prostate cancer,DiseaseOrPhenotypicFeature,D011471,117,132,train
15599941,3,prostate specific antigen,GeneOrGeneProduct,354,198,223,train
15599941,4,PSA,GeneOrGeneProduct,354,225,228,train
15599941,5,prostate cancer,DiseaseOrPhenotypicFeature,D011471,243,258,train
15599941,6,PC,DiseaseOrPhenotypicFeature,D011471,260,262,train
15599941,7,PSA,GeneOrGeneProduct,354,274,277,train
15599941,8,G/A,SequenceVariant,c|SUB|G||A,294,297,train
15599941,9,androgen,ChemicalEntity,D000728,318,326,train
15599941,10,androgen receptor,GeneOrGeneProduct,367,364,381,train
15599941,11,AR,GeneOrGeneProduct,367,383,385,train
15599941,12,PC,DiseaseOrPhenotypicFeature,D011471,518,520,train
15599941,13,PC,DiseaseOrPhenotypicFeature,D011471,541,543,train
15599941,14,PSA,GeneOrGeneProduct,354,555,558,train
15599941,15,AR,GeneOrGeneProduct,367,608,610,train
15599941,16,PC,DiseaseOrPhenotypicFeature,D011471,666,668,train
15599941,17,patients,OrganismTaxon,9606,669,677,train
15599941,18,benign prostate hyperplasia,DiseaseOrPhenotypicFeature,D011470,710,737,train
15599941,19,PSA,GeneOrGeneProduct,354,826,829,train
15599941,20,Nhe 1,GeneOrGeneProduct,6548,895,900,train
15599941,21,G/A,SequenceVariant,c|SUB|G||A,935,938,train
15599941,22,AR,GeneOrGeneProduct,367,948,950,train
15599941,23,CAG and GGC repeat,SequenceVariant,c|DUP||CAG_GGC|,951,969,train
15599941,24,PSA,GeneOrGeneProduct,354,1076,1079,train
15599941,25,PC,DiseaseOrPhenotypicFeature,D011471,1099,1101,train
15599941,26,benign prostatic hyperplasia,DiseaseOrPhenotypicFeature,D011470,1120,1148,train
15599941,27,BPH,DiseaseOrPhenotypicFeature,D011470,1150,1153,train
15599941,28,men,OrganismTaxon,9606,1276,1279,train
15599941,29,PSA,GeneOrGeneProduct,354,1329,1332,train
15599941,30,CAG repeat,SequenceVariant,c|DUP||CAG|,1368,1378,train
15599941,31,BPH,DiseaseOrPhenotypicFeature,D011470,1415,1418,train
15599941,32,PSA,GeneOrGeneProduct,354,1552,1555,train
15599941,33,PC,DiseaseOrPhenotypicFeature,D011471,1601,1603,train
15599941,34,men,OrganismTaxon,9606,1629,1632,train
15599941,35,glutamine repeat,SequenceVariant,c|DUP||G|,1685,1701,train
15599941,36,malignant disease,DiseaseOrPhenotypicFeature,D009369,1770,1787,train
15609295,0,Asn45Ser,SequenceVariant,rs5030764,69,77,train
15609295,1,glycoprotein IX,GeneOrGeneProduct,2815,103,118,train
15609295,2,patient,OrganismTaxon,9606,129,136,train
15609295,3,Bernard-Soulier syndrome,DiseaseOrPhenotypicFeature,D001606,142,166,train
15609295,4,Bernard-Soulier syndrome,DiseaseOrPhenotypicFeature,D001606,168,192,train
15609295,5,BSS,DiseaseOrPhenotypicFeature,D001606,194,197,train
15609295,6,inherited bleeding disorder,DiseaseOrPhenotypicFeature,D025861,209,236,train
15609295,7,glycoprotein (GP) Ib/IX/V,GeneOrGeneProduct,"2811,2814,2815",302,327,train
15609295,8,von Willebrand factor,GeneOrGeneProduct,7450,347,368,train
15609295,9,GPV,GeneOrGeneProduct,2814,524,527,train
15609295,10,BSS,DiseaseOrPhenotypicFeature,D001606,543,546,train
15609295,11,BSS,DiseaseOrPhenotypicFeature,D001606,615,618,train
15609295,12,patient,OrganismTaxon,9606,652,659,train
15609295,13,glycoproteins,GeneOrGeneProduct,"2811,2814,2815",730,743,train
15609295,14,GPIb/IX/V,GeneOrGeneProduct,"2811,2814,2815",751,760,train
15609295,15,patient,OrganismTaxon,9606,805,812,train
15609295,16,GPIX,GeneOrGeneProduct,2815,868,872,train
15609295,17,nine-nucleotide deletion starting at position 1952,SequenceVariant,c|DEL|1952|9,887,937,train
15609295,18,"changes asparagine 86 for alanine and eliminates amino acids 87, 88, and 89 (arginine, threonine, and proline)",SequenceVariant,p|SUB|NRTP|86_89|A,955,1065,train
15609295,19,asparagine (AAC) for serine (AGC) at residue 45,SequenceVariant,rs5030764,1130,1177,train
15609295,20,Asn45Ser,SequenceVariant,rs5030764,1215,1223,train
15609295,21,GPIX,GeneOrGeneProduct,2815,1356,1360,train
15609295,22,BSS,DiseaseOrPhenotypicFeature,D001606,1390,1393,train
15609295,23,patient,OrganismTaxon,9606,1411,1418,train
16288197,0,congenital microcoria,DiseaseOrPhenotypicFeature,C537550,34,55,train
16288197,1,Congenital microcoria,DiseaseOrPhenotypicFeature,C537550,99,120,train
16288197,2,autosomal dominant developmental disorder of the iris,DiseaseOrPhenotypicFeature,D007499,131,184,train
16288197,3,myopia,DiseaseOrPhenotypicFeature,D009216,201,207,train
16288197,4,juvenile open angle glaucoma,DiseaseOrPhenotypicFeature,D005902,212,240,train
16288197,5,congenital microcoria,DiseaseOrPhenotypicFeature,C537550,409,430,train
16288197,6,DCT,GeneOrGeneProduct,1638,1014,1017,train
16288197,7,congenital microcoria,DiseaseOrPhenotypicFeature,C537550,1182,1203,train
16288197,8,microcoria,DiseaseOrPhenotypicFeature,C537550,1286,1296,train
16288197,9,glaucoma,DiseaseOrPhenotypicFeature,D005901,1301,1309,train
16288197,10,glaucoma,DiseaseOrPhenotypicFeature,D005901,1328,1336,train
16288197,11,myocilin,GeneOrGeneProduct,4653,1344,1352,train
16288197,12,MYOC,GeneOrGeneProduct,4653,1354,1358,train
16288197,13,optineurin,GeneOrGeneProduct,10133,1361,1371,train
16288197,14,OPTN,GeneOrGeneProduct,10133,1373,1377,train
16288197,15,CYP1B1,GeneOrGeneProduct,1545,1383,1389,train
16288197,16,144 G>A,SequenceVariant,rs74315339,1433,1440,train
16288197,17,Q48H,SequenceVariant,rs74315339,1457,1461,train
16288197,18,MYOC,GeneOrGeneProduct,4653,1492,1496,train
16288197,19,glaucoma,DiseaseOrPhenotypicFeature,D005901,1536,1544,train
16288197,20,patients,OrganismTaxon,9606,1545,1553,train
16288197,21,congenital microcoria,DiseaseOrPhenotypicFeature,C537550,1675,1696,train
16288197,22,MCOR,GeneOrGeneProduct,8104,1704,1708,train
16288197,23,MCOR,GeneOrGeneProduct,8104,1946,1950,train
16288197,24,DCT,GeneOrGeneProduct,1638,2010,2013,train
16288197,25,tyrosinase,GeneOrGeneProduct,7299,2037,2047,train
16288197,26,pigmentation,DiseaseOrPhenotypicFeature,D010859,2067,2079,train
16288197,27,congenital microcoria,DiseaseOrPhenotypicFeature,C537550,2155,2176,train
16288197,28,glaucoma,DiseaseOrPhenotypicFeature,D005901,2208,2216,train
16288197,29,MYOC,GeneOrGeneProduct,4653,2289,2293,train
16288197,30,Q48H,SequenceVariant,rs74315339,2294,2298,train
16288197,31,glaucoma,DiseaseOrPhenotypicFeature,D005901,2354,2362,train
16288197,32,micocoria,GeneOrGeneProduct,8104,2462,2471,train
16288197,33,microcoria,DiseaseOrPhenotypicFeature,C537550,2516,2526,train
16288197,34,glaucoma,DiseaseOrPhenotypicFeature,D005901,2531,2539,train
16288197,35,microcoria,DiseaseOrPhenotypicFeature,C537550,2576,2586,train
16288197,36,glaucoma,DiseaseOrPhenotypicFeature,D005901,2588,2596,train
16288197,37,MYOC,GeneOrGeneProduct,4653,2606,2610,train
16288197,38,Q48H,SequenceVariant,rs74315339,2611,2615,train
17177139,0,E333D,SequenceVariant,p|SUB|E|333|D,18,23,train
17177139,1,thyroid hormone beta receptor,GeneOrGeneProduct,6955,32,61,train
17177139,2,resistance to thyroid hormone syndrome,DiseaseOrPhenotypicFeature,D018382,70,108,train
17177139,3,Resistance to thyroid hormone,DiseaseOrPhenotypicFeature,D018382,110,139,train
17177139,4,RTH,DiseaseOrPhenotypicFeature,D018382,141,144,train
17177139,5,thyroid hormones,ChemicalEntity,D013963,203,219,train
17177139,6,TH,ChemicalEntity,D013963,221,223,train
17177139,7,thyroid stimulating hormone,GeneOrGeneProduct,1081,256,283,train
17177139,8,TSH,GeneOrGeneProduct,1081,285,288,train
17177139,9,TH,ChemicalEntity,D013963,350,352,train
17177139,10,thyroid hormone beta receptor,GeneOrGeneProduct,6955,411,440,train
17177139,11,TRbeta,GeneOrGeneProduct,6955,442,448,train
17177139,12,RTH,DiseaseOrPhenotypicFeature,D018382,483,486,train
17177139,13,E333D,SequenceVariant,p|SUB|E|333|D,497,502,train
17177139,14,TRbeta,GeneOrGeneProduct,6955,567,573,train
17177139,15,woman,OrganismTaxon,9606,627,632,train
17177139,16,overweight,DiseaseOrPhenotypicFeature,D050177,686,696,train
17177139,17,thyroxine,ChemicalEntity,D013974,737,746,train
17177139,18,T4,ChemicalEntity,D013974,748,750,train
17177139,19,triiodothyronine,ChemicalEntity,D014284,785,801,train
17177139,20,T3,ChemicalEntity,D014284,803,805,train
17177139,21,TSH,GeneOrGeneProduct,1081,895,898,train
17177139,22,RTH,DiseaseOrPhenotypicFeature,D018382,1030,1033,train
17177139,23,TRbeta,GeneOrGeneProduct,6955,1060,1066,train
17177139,24,1284A>C,SequenceVariant,c|SUB|A|1284|C,1107,1114,train
17177139,25,glutamic acid 333 by aspartic acid,SequenceVariant,p|SUB|E|333|D,1154,1188,train
17177139,26,E333D,SequenceVariant,p|SUB|E|333|D,1198,1203,train
17177139,27,TRbeta,GeneOrGeneProduct,6955,1247,1253,train
17177139,28,E333D,SequenceVariant,p|SUB|E|333|D,1295,1300,train
17177139,29,T3,ChemicalEntity,D014284,1374,1376,train
17177139,30,retinoid X receptor,GeneOrGeneProduct,6256,1417,1436,train
17177139,31,RXR,GeneOrGeneProduct,6256,1438,1441,train
17177139,32,E333D,SequenceVariant,p|SUB|E|333|D,1509,1514,train
17177139,33,TRbeta,GeneOrGeneProduct,6955,1515,1521,train
17177139,34,human,OrganismTaxon,9606,1696,1701,train
17177139,35,TSHalpha,GeneOrGeneProduct,1081,1702,1710,train
17177139,36,TRbeta,GeneOrGeneProduct,6955,1770,1776,train
17177139,37,TSHalpha,GeneOrGeneProduct,1081,1871,1879,train
17177139,38,E333D,SequenceVariant,p|SUB|E|333|D,1931,1936,train
17177139,39,TRbeta,GeneOrGeneProduct,6955,1937,1943,train
17177139,40,RTH,DiseaseOrPhenotypicFeature,D018382,1976,1979,train
17634480,0,breast cancer,DiseaseOrPhenotypicFeature,D001943,95,108,train
17634480,1,breast cancer,DiseaseOrPhenotypicFeature,D001943,136,149,train
17634480,2,reactive oxygen species,ChemicalEntity,D017382,315,338,train
17634480,3,ROS,ChemicalEntity,D017382,340,343,train
17634480,4,ROS,ChemicalEntity,D017382,353,356,train
17634480,5,cancer,DiseaseOrPhenotypicFeature,D009369,427,433,train
17634480,6,PATIENTS,OrganismTaxon,9606,435,443,train
17634480,7,CAT,GeneOrGeneProduct,847,623,626,train
17634480,8,SOD1,GeneOrGeneProduct,6647,628,632,train
17634480,9,SOD2,GeneOrGeneProduct,6648,634,638,train
17634480,10,GPX1,GeneOrGeneProduct,2876,640,644,train
17634480,11,GPX4,GeneOrGeneProduct,2879,646,650,train
17634480,12,GSR,GeneOrGeneProduct,2936,652,655,train
17634480,13,TXN,GeneOrGeneProduct,7295,657,660,train
17634480,14,TXN2,GeneOrGeneProduct,25828,662,666,train
17634480,15,TXNRD1,GeneOrGeneProduct,7296,668,674,train
17634480,16,TXNRD2,GeneOrGeneProduct,10587,680,686,train
17634480,17,women,OrganismTaxon,9606,710,715,train
17634480,18,breast cancer,DiseaseOrPhenotypicFeature,D001943,721,734,train
17634480,19,GPX4,GeneOrGeneProduct,2879,791,795,train
17634480,20,rs713041,SequenceVariant,rs713041,797,805,train
17634480,21,rs757229,SequenceVariant,rs757229,810,818,train
17634480,22,GPX4,GeneOrGeneProduct,2879,1005,1009,train
17634480,23,rs713041,SequenceVariant,rs713041,1010,1018,train
17634480,24,selenocysteine,ChemicalEntity,D017279,1039,1053,train
17634480,25,GPX4,GeneOrGeneProduct,2879,1088,1092,train
17634480,26,death,DiseaseOrPhenotypicFeature,D003643,1189,1194,train
17634480,27,tumor,DiseaseOrPhenotypicFeature,D009369,1324,1329,train
17634480,28,estrogen receptor,GeneOrGeneProduct,2099,1347,1364,train
17634480,29,breast tumors,DiseaseOrPhenotypicFeature,D001943,1475,1488,train
17634480,30,GPX4,GeneOrGeneProduct,2879,1569,1573,train
17634480,31,GPX4,GeneOrGeneProduct,2879,1687,1691,train
17634480,32,breast cancer,DiseaseOrPhenotypicFeature,D001943,1742,1755,train
18699851,0,mantle cell lymphoma,DiseaseOrPhenotypicFeature,D020522,47,67,train
18699851,1,Mantle cell lymphoma,DiseaseOrPhenotypicFeature,D020522,126,146,train
18699851,2,MCL,DiseaseOrPhenotypicFeature,D020522,148,151,train
18699851,3,MCL,DiseaseOrPhenotypicFeature,D020522,554,557,train
18699851,4,MCL tumours,DiseaseOrPhenotypicFeature,D020522,655,666,train
18699851,5,MCL,DiseaseOrPhenotypicFeature,D020522,1019,1022,train
18699851,6,cyclic adenosine monophosphate,ChemicalEntity,D000242,1155,1185,train
18699851,7,PRKACB,GeneOrGeneProduct,5567,1206,1212,train
18699851,8,ATM,GeneOrGeneProduct,472,1303,1306,train
18699851,9,ERCC5,GeneOrGeneProduct,2073,1308,1313,train
18699851,10,FBXO5,GeneOrGeneProduct,26271,1315,1320,train
18699851,11,ARHGAP29,GeneOrGeneProduct,9411,1465,1473,train
18699851,12,MCL tumour,DiseaseOrPhenotypicFeature,D020522,1576,1586,train
20086182,0,CASP8,GeneOrGeneProduct,841,53,58,train
20086182,1,squamous cell carcinoma of the head and neck,DiseaseOrPhenotypicFeature,D000077195,112,156,train
20086182,2,Caspase 8,GeneOrGeneProduct,841,158,167,train
20086182,3,CASP8,GeneOrGeneProduct,841,169,174,train
20086182,4,CASP8,GeneOrGeneProduct,841,301,306,train
20086182,5,-652 6N ins/del,SequenceVariant,c|INDEL|-652|6,358,373,train
20086182,6,D302H,SequenceVariant,rs1045485,403,408,train
20086182,7,cancer,DiseaseOrPhenotypicFeature,D009369,450,456,train
20086182,8,head and neck cancer,DiseaseOrPhenotypicFeature,D006258,563,583,train
20086182,9,CASP8,GeneOrGeneProduct,841,648,653,train
20086182,10,-652 6N del,SequenceVariant,c|DEL|-652|6,654,665,train
20086182,11,302H,SequenceVariant,rs1045485,670,674,train
20086182,12,patients,OrganismTaxon,9606,693,701,train
20086182,13,squamous cell carcinoma of the head and neck,DiseaseOrPhenotypicFeature,D000077195,707,751,train
20086182,14,SCCHN,DiseaseOrPhenotypicFeature,D000077195,753,758,train
20086182,15,CASP8,GeneOrGeneProduct,841,929,934,train
20086182,16,-652 6N del,SequenceVariant,c|DEL|-652|6,935,946,train
20086182,17,SCCHN,DiseaseOrPhenotypicFeature,D000077195,1010,1015,train
20086182,18,CASP8,GeneOrGeneProduct,841,1259,1264,train
20086182,19,-652 6N del,SequenceVariant,c|DEL|-652|6,1265,1276,train
20086182,20,302H,SequenceVariant,rs1045485,1286,1290,train
20086182,21,camptothecin,ChemicalEntity,D002166,1352,1364,train
20086182,22,p53,GeneOrGeneProduct,7157,1373,1376,train
20086182,23,CASP8,GeneOrGeneProduct,841,1466,1471,train
20086182,24,-652 6N del,SequenceVariant,c|DEL|-652|6,1472,1483,train
20086182,25,SCCHN,DiseaseOrPhenotypicFeature,D000077195,1540,1545,train
24914936,0,Thyroid hormone receptor a,GeneOrGeneProduct,21833,0,26,train
24914936,1,thyroxine,ChemicalEntity,D013974,56,65,train
24914936,2,skeletal dysplasia,DiseaseOrPhenotypicFeature,D001848,76,94,train
24914936,3,mice,OrganismTaxon,10090,105,109,train
24914936,4,THRA,GeneOrGeneProduct,7067,184,188,train
24914936,5,thyroid hormone receptor a1,GeneOrGeneProduct,7067,199,226,train
24914936,6,TRa1,GeneOrGeneProduct,7067,228,232,train
24914936,7,T3,ChemicalEntity,D014284,271,273,train
24914936,8,T4,ChemicalEntity,D013974,274,276,train
24914936,9,intellectual deficit,DiseaseOrPhenotypicFeature,D008607,307,327,train
24914936,10,constipation,DiseaseOrPhenotypicFeature,D003248,332,344,train
24914936,11,skeletal dysplasia,DiseaseOrPhenotypicFeature,D001848,379,397,train
24914936,12,developmental delay,DiseaseOrPhenotypicFeature,D002658,424,443,train
24914936,13,hypothyroidism,DiseaseOrPhenotypicFeature,D007037,470,484,train
24914936,14,patients,OrganismTaxon,9606,486,494,train
24914936,15,T4,ChemicalEntity,D013974,540,542,train
24914936,16,Thra1,GeneOrGeneProduct,21833,599,604,train
24914936,17,mice,OrganismTaxon,10090,611,615,train
24914936,18,TRa1,GeneOrGeneProduct,21833,666,670,train
24914936,19,Thra1,GeneOrGeneProduct,21833,764,769,train
24914936,20,mice,OrganismTaxon,10090,776,780,train
24914936,21,human,OrganismTaxon,9606,830,835,train
24914936,22,THRA,GeneOrGeneProduct,7067,836,840,train
24914936,23,T4,ChemicalEntity,D013974,927,929,train
24914936,24,skeletal abnormalities,DiseaseOrPhenotypicFeature,D001847,946,968,train
24914936,25,Thra1,GeneOrGeneProduct,21833,983,988,train
24914936,26,mice,OrganismTaxon,10090,995,999,train
24914936,27,short stature,DiseaseOrPhenotypicFeature,D006130,1004,1017,train
24914936,28,T4,ChemicalEntity,D013974,1110,1112,train
24914936,29,TSH,GeneOrGeneProduct,"12640,22094",1134,1137,train
24914936,30,resistance to thyroid hormone,DiseaseOrPhenotypicFeature,D018382,1264,1293,train
24914936,31,T4,ChemicalEntity,D013974,1319,1321,train
24914936,32,TRa1,GeneOrGeneProduct,7067,1481,1485,train
24914936,33,patients,OrganismTaxon,9606,1562,1570,train
24914936,34,THRA,GeneOrGeneProduct,7067,1586,1590,train
24914936,35,T4,ChemicalEntity,D013974,1636,1638,train
27014915,0,NF-kB,GeneOrGeneProduct,4790,0,5,train
27014915,1,tumor,DiseaseOrPhenotypicFeature,D009369,44,49,train
27014915,2,tumor,DiseaseOrPhenotypicFeature,D009369,83,88,train
27014915,3,tumor,DiseaseOrPhenotypicFeature,D009369,134,139,train
27014915,4,tumor,DiseaseOrPhenotypicFeature,D009369,178,183,train
27014915,5,tumor,DiseaseOrPhenotypicFeature,D009369,214,219,train
27014915,6,tumor,DiseaseOrPhenotypicFeature,D009369,255,260,train
27014915,7,tumor,DiseaseOrPhenotypicFeature,D009369,313,318,train
27014915,8,tumor,DiseaseOrPhenotypicFeature,D009369,374,379,train
27014915,9,tumor,DiseaseOrPhenotypicFeature,D009369,408,413,train
27014915,10,p65,GeneOrGeneProduct,5970,513,516,train
27014915,11,p50,GeneOrGeneProduct,4790,517,520,train
27014915,12,p50,GeneOrGeneProduct,4790,525,528,train
27014915,13,p50,GeneOrGeneProduct,4790,529,532,train
27014915,14,NF-kB,GeneOrGeneProduct,4790,533,538,train
27014915,15,human,OrganismTaxon,9606,552,557,train
27014915,16,soft tissue sarcoma,DiseaseOrPhenotypicFeature,D012509,558,577,train
27014915,17,STS,DiseaseOrPhenotypicFeature,D012509,579,582,train
27014915,18,p65,GeneOrGeneProduct,5970,611,614,train
27014915,19,p50,GeneOrGeneProduct,4790,615,618,train
27014915,20,p50,GeneOrGeneProduct,4790,623,626,train
27014915,21,p50,GeneOrGeneProduct,4790,627,630,train
27014915,22,TNFa,GeneOrGeneProduct,7124,643,647,train
27014915,23,STS,DiseaseOrPhenotypicFeature,D012509,690,693,train
27014915,24,TNFa,GeneOrGeneProduct,7124,719,723,train
27014915,25,tumor,DiseaseOrPhenotypicFeature,D009369,732,737,train
27014915,26,Smac,GeneOrGeneProduct,56616,793,797,train
27014915,27,BV6,ChemicalEntity,C582180,806,809,train
27014915,28,cIAP1,GeneOrGeneProduct,329,818,823,train
27014915,29,cIAP2,GeneOrGeneProduct,330,828,833,train
27014915,30,tumor,DiseaseOrPhenotypicFeature,D009369,858,863,train
27014915,31,STS,DiseaseOrPhenotypicFeature,D012509,971,974,train
27014915,32,caspases,GeneOrGeneProduct,836,1009,1017,train
27014915,33,RIP1,GeneOrGeneProduct,8737,1019,1023,train
27014915,34,RIP3,GeneOrGeneProduct,11035,1028,1032,train
27014915,35,TNFa,GeneOrGeneProduct,7124,1050,1054,train
27014915,36,RIP1,GeneOrGeneProduct,8737,1097,1101,train
27014915,37,TNFa,GeneOrGeneProduct,7124,1109,1113,train
27014915,38,caspase,GeneOrGeneProduct,836,1122,1129,train
27014915,39,caspases,GeneOrGeneProduct,836,1158,1166,train
27014915,40,RIP1,GeneOrGeneProduct,8737,1171,1175,train
27014915,41,sarcoma,DiseaseOrPhenotypicFeature,D012509,1288,1295,train
27014915,42,mouse,OrganismTaxon,10090,1296,1301,train
27014915,43,IRF3,GeneOrGeneProduct,54131,1336,1340,train
27014915,44,IFNb,GeneOrGeneProduct,15977,1342,1346,train
27014915,45,chemokines,GeneOrGeneProduct,"20296,20304",1363,1373,train
27014915,46,CCL2,GeneOrGeneProduct,20296,1374,1378,train
27014915,47,CCL5,GeneOrGeneProduct,20304,1383,1387,train
27014915,48,tumor,DiseaseOrPhenotypicFeature,D009369,1395,1400,train
27014915,49,tumor,DiseaseOrPhenotypicFeature,D009369,1509,1514,train
27014915,50,tumor,DiseaseOrPhenotypicFeature,D009369,1543,1548,train
27014915,51,perforin,GeneOrGeneProduct,18646,1610,1618,train
27014915,52,FasL,GeneOrGeneProduct,14103,1623,1627,train
27014915,53,tumor,DiseaseOrPhenotypicFeature,D009369,1665,1670,train
27014915,54,BV6,ChemicalEntity,C582180,1703,1706,train
27014915,55,tumor,DiseaseOrPhenotypicFeature,D009369,1743,1748,train
27014915,56,NF-kB,GeneOrGeneProduct,4790,1794,1799,train
27014915,57,tumor,DiseaseOrPhenotypicFeature,D009369,1838,1843,train
27014915,58,tumor,DiseaseOrPhenotypicFeature,D009369,1874,1879,train
27014915,59,tumor,DiseaseOrPhenotypicFeature,D009369,1920,1925,train
27959382,0,Bach1,GeneOrGeneProduct,12013,0,5,train
27959382,1,bleomycin,ChemicalEntity,D001761,23,32,train
27959382,2,pulmonary fibrosis,DiseaseOrPhenotypicFeature,D011658,41,59,train
27959382,3,mice,OrganismTaxon,10090,94,98,train
27959382,4,inflammation,DiseaseOrPhenotypicFeature,D007249,144,156,train
27959382,5,fibrosis,DiseaseOrPhenotypicFeature,D005355,161,169,train
27959382,6,Bach1,GeneOrGeneProduct,12013,171,176,train
27959382,7,pulmonary fibrosis,DiseaseOrPhenotypicFeature,D011658,314,332,train
27959382,8,PF,DiseaseOrPhenotypicFeature,D011658,334,336,train
27959382,9,Bach1,GeneOrGeneProduct,12013,370,375,train
27959382,10,Bach1,GeneOrGeneProduct,12013,464,469,train
27959382,11,mice,OrganismTaxon,10090,516,520,train
27959382,12,bleomycin,ChemicalEntity,D001761,526,535,train
27959382,13,BLM,ChemicalEntity,D001761,537,540,train
27959382,14,PF,DiseaseOrPhenotypicFeature,D011658,550,552,train
27959382,15,Mouse,OrganismTaxon,10090,554,559,train
27959382,16,transforming growth factor (TGF)-b1,GeneOrGeneProduct,21803,604,639,train
27959382,17,Bach1,GeneOrGeneProduct,12013,708,713,train
27959382,18,Bach1,GeneOrGeneProduct,12013,725,730,train
27959382,19,Bach1,GeneOrGeneProduct,12013,819,824,train
27959382,20,mouse,OrganismTaxon,10090,906,911,train
27959382,21,BLM,ChemicalEntity,D001761,921,924,train
27959382,22,PF,DiseaseOrPhenotypicFeature,D011658,933,935,train
27959382,23,Bach1,GeneOrGeneProduct,12013,957,962,train
27959382,24,mice,OrganismTaxon,10090,1005,1009,train
27959382,25,Bach1,GeneOrGeneProduct,12013,1059,1064,train
27959382,26,Bach1,GeneOrGeneProduct,12013,1125,1130,train
27959382,27,Bach1,GeneOrGeneProduct,12013,1174,1179,train
27959382,28,heme oxygenase-1,GeneOrGeneProduct,15368,1244,1260,train
27959382,29,glutathione peroxidase 1,GeneOrGeneProduct,14775,1265,1289,train
27959382,30,TGF-b1,GeneOrGeneProduct,21803,1315,1321,train
27959382,31,interleukin-6,GeneOrGeneProduct,16193,1326,1339,train
27959382,32,TGF-b1,GeneOrGeneProduct,21803,1400,1406,train
27959382,33,Bach1,GeneOrGeneProduct,12013,1414,1419,train
27959382,34,antioxidant factors,GeneOrGeneProduct,"14775,15368",1471,1490,train
27959382,35,fibrosis,DiseaseOrPhenotypicFeature,D005355,1515,1523,train
27959382,36,mice,OrganismTaxon,10090,1545,1549,train
27959382,37,BLM,ChemicalEntity,D001761,1568,1571,train
27959382,38,inflammatory,DiseaseOrPhenotypicFeature,D007249,1592,1604,train
27959382,39,Bach1,GeneOrGeneProduct,12013,1746,1751,train
27959382,40,BLM,ChemicalEntity,D001761,1785,1788,train
27959382,41,Bach1,GeneOrGeneProduct,12013,1840,1845,train
27959382,42,BLM,ChemicalEntity,D001761,1886,1889,train
27959382,43,PF,DiseaseOrPhenotypicFeature,D011658,1898,1900,train
27959382,44,mice,OrganismTaxon,10090,1904,1908,train
27959382,45,PF,DiseaseOrPhenotypicFeature,D011658,2006,2008,train
28368537,0,LIF Receptor,GeneOrGeneProduct,16880,32,44,train
28368537,1,Murine,OrganismTaxon,10090,52,58,train
28368537,2,leukemia inhibitory factor,GeneOrGeneProduct,16878,124,150,train
28368537,3,LIF,GeneOrGeneProduct,16878,152,155,train
28368537,4,mice,OrganismTaxon,10090,237,241,train
28368537,5,LIF receptor,GeneOrGeneProduct,16880,243,255,train
28368537,6,LIFR,GeneOrGeneProduct,16880,268,272,train
28368537,7,LIF,GeneOrGeneProduct,16878,336,339,train
28368537,8,LIFR,GeneOrGeneProduct,16880,398,402,train
28368537,9,Janus kinase,GeneOrGeneProduct,16452,419,431,train
28368537,10,signal transducer and activation of transcription (STAT) 3,GeneOrGeneProduct,20848,432,490,train
28368537,11,Jak,GeneOrGeneProduct,16452,492,495,train
28368537,12,Stat3,GeneOrGeneProduct,20848,496,501,train
28368537,13,JAK,GeneOrGeneProduct,16452,532,535,train
28368537,14,STAT,GeneOrGeneProduct,20848,536,540,train
28368537,15,LIFR,GeneOrGeneProduct,16880,665,669,train
28368537,16,mice,OrganismTaxon,10090,702,706,train
28368537,17,lactoferrin,GeneOrGeneProduct,17002,765,776,train
28368537,18,Ltf,GeneOrGeneProduct,16878,783,786,train
28368537,19,Lactoferrin,GeneOrGeneProduct,17002,793,804,train
28368537,20,LIFR,GeneOrGeneProduct,16880,961,965,train
28368537,21,mouse,OrganismTaxon,10090,1008,1013,train
28368537,22,Lifr,GeneOrGeneProduct,16880,1051,1055,train
28368537,23,Ltf,GeneOrGeneProduct,16878,1079,1082,train
28368537,24,mice,OrganismTaxon,10090,1087,1091,train
28368537,25,Lifr,GeneOrGeneProduct,16880,1097,1101,train
28368537,26,mice,OrganismTaxon,10090,1110,1114,train
28368537,27,Lifr,GeneOrGeneProduct,16880,1125,1129,train
28368537,28,Ltf,GeneOrGeneProduct,16878,1136,1139,train
28368537,29,Lifr,GeneOrGeneProduct,16880,1316,1320,train
28368537,30,Ltf,GeneOrGeneProduct,16878,1327,1330,train
28368537,31,Lifr,GeneOrGeneProduct,16880,1510,1514,train
28368537,32,STAT3,GeneOrGeneProduct,20848,1547,1552,train
28368537,33,LIF,GeneOrGeneProduct,16878,1626,1629,train
28368537,34,Msx1,GeneOrGeneProduct,17701,1645,1649,train
28368537,35,LIFR,GeneOrGeneProduct,16880,1738,1742,train
28368537,36,LIF,GeneOrGeneProduct,16878,1821,1824,train
28650467,0,opioid receptor u1,GeneOrGeneProduct,4988,58,76,train
28650467,1,L-asparaginase,ChemicalEntity,D001215,99,113,train
28650467,2,acute lymphoblastic leukemia,DiseaseOrPhenotypicFeature,D054198,138,166,train
28650467,3,L-asparaginase,ChemicalEntity,D001215,168,182,train
28650467,4,acute lymphoblastic leukemia,DiseaseOrPhenotypicFeature,D054198,224,252,train
28650467,5,ALL,DiseaseOrPhenotypicFeature,D054198,254,257,train
28650467,6,asparagine,ChemicalEntity,D001216,281,291,train
28650467,7,aspartate,ChemicalEntity,D001224,297,306,train
28650467,8,NH3,ChemicalEntity,D000641,311,314,train
28650467,9,asparagine deficit,DiseaseOrPhenotypicFeature,OMIM:615574,324,342,train
28650467,10,leukemic,DiseaseOrPhenotypicFeature,D007938,395,403,train
28650467,11,patient,OrganismTaxon,9606,425,432,train
28650467,12,ALL,DiseaseOrPhenotypicFeature,D054198,521,524,train
28650467,13,L-asparaginase,ChemicalEntity,D001215,553,567,train
28650467,14,L-asparaginase,ChemicalEntity,D001215,640,654,train
28650467,15,leukemic,DiseaseOrPhenotypicFeature,D007938,677,685,train
28650467,16,ALL,DiseaseOrPhenotypicFeature,D054198,766,769,train
28650467,17,opioid receptor mu 1,GeneOrGeneProduct,4988,796,816,train
28650467,18,oprm1,GeneOrGeneProduct,4988,818,823,train
28650467,19,carbonic anhydrase 1,GeneOrGeneProduct,759,844,864,train
28650467,20,ca1,GeneOrGeneProduct,759,866,869,train
28650467,21,ubiquitin-conjugating enzyme E2C,GeneOrGeneProduct,11065,901,933,train
28650467,22,ube2c,GeneOrGeneProduct,11065,935,940,train
28650467,23,OPRM1,GeneOrGeneProduct,4988,962,967,train
28650467,24,leukemic,DiseaseOrPhenotypicFeature,D007938,988,996,train
28650467,25,OPRM1,GeneOrGeneProduct,4988,1033,1038,train
28650467,26,L-asparaginase,ChemicalEntity,D001215,1047,1061,train
28650467,27,Methadone,ChemicalEntity,D008691,1142,1151,train
28650467,28,OPRM1,GeneOrGeneProduct,4988,1167,1172,train
28650467,29,leukemic,DiseaseOrPhenotypicFeature,D007938,1211,1219,train
28650467,30,OPRM1,GeneOrGeneProduct,4988,1235,1240,train
28650467,31,L-asparaginase,ChemicalEntity,D001215,1260,1274,train
28650467,32,OPRM1,GeneOrGeneProduct,4988,1302,1307,train
28650467,33,L-asparaginase,ChemicalEntity,D001215,1350,1364,train
28650467,34,methadone,ChemicalEntity,D008691,1369,1378,train
28650467,35,OPRM1,GeneOrGeneProduct,4988,1389,1394,train
28650467,36,leukemic,DiseaseOrPhenotypicFeature,D007938,1409,1417,train
28650467,37,OPRM1,GeneOrGeneProduct,4988,1469,1474,train
28650467,38,patient,OrganismTaxon,9606,1533,1540,train
28650467,39,leukemic,DiseaseOrPhenotypicFeature,D007938,1541,1549,train
28650467,40,OPRM1,GeneOrGeneProduct,4988,1587,1592,train
28650467,41,L-asparaginase,ChemicalEntity,D001215,1615,1629,train
28650467,42,OPRM1,GeneOrGeneProduct,4988,1652,1657,train
28650467,43,leukemic,DiseaseOrPhenotypicFeature,D007938,1667,1675,train
28650467,44,OPRM1,GeneOrGeneProduct,4988,1707,1712,train
28650467,45,L-asparaginase,ChemicalEntity,D001215,1740,1754,train
28650467,46,leukemic,DiseaseOrPhenotypicFeature,D007938,1769,1777,train
28650467,47,patients,OrganismTaxon,9606,1778,1786,train
28650467,48,OPRM1,GeneOrGeneProduct,4988,1845,1850,train
28650467,49,L-asparaginase,ChemicalEntity,D001215,1874,1888,train
28650467,50,ALL,DiseaseOrPhenotypicFeature,D054198,1903,1906,train
28650467,51,OPRM1,GeneOrGeneProduct,4988,1923,1928,train
28650467,52,Oprm1,GeneOrGeneProduct,4988,2045,2050,train
28650467,53,L-asparaginase,ChemicalEntity,D001215,2099,2113,train
28650467,54,ALL,DiseaseOrPhenotypicFeature,D054198,2124,2127,train
15748645,0,human,OrganismTaxon,9606,185,190,train
15748645,1,basal and squamous cell cancers,DiseaseOrPhenotypicFeature,"D002294,D018295",253,284,train
15748645,2,melanoma,DiseaseOrPhenotypicFeature,D008545,286,294,train
15748645,3,cataracts,DiseaseOrPhenotypicFeature,D002386,296,305,train
15748645,4,skin cancer,DiseaseOrPhenotypicFeature,D012878,410,421,train
15748645,5,skin cancer,DiseaseOrPhenotypicFeature,D012878,633,644,train
15748645,6,skin cancer,DiseaseOrPhenotypicFeature,D012878,665,676,train
15748645,7,carcinogenesis,DiseaseOrPhenotypicFeature,D009369,945,959,train
15748645,8,Tumor,DiseaseOrPhenotypicFeature,D009369,1116,1121,train
15748645,9,cancer,DiseaseOrPhenotypicFeature,D009369,1160,1166,train
15748645,10,Tumor,DiseaseOrPhenotypicFeature,D009369,1345,1350,train
15748645,11,tumor,DiseaseOrPhenotypicFeature,D009369,1480,1485,train
15748645,12,skin cancer,DiseaseOrPhenotypicFeature,D012878,1511,1522,train
15748645,13,inflammation,DiseaseOrPhenotypicFeature,D007249,1603,1615,train
15748645,14,epidermal hyperplasia,DiseaseOrPhenotypicFeature,D006965,1636,1657,train
15748645,15,antioxidant,ChemicalEntity,D000975,1698,1709,train
15748645,16,cyclooxygenase,GeneOrGeneProduct,5742,1777,1791,train
15748645,17,prostaglandin,ChemicalEntity,D011453,1805,1818,train
15748645,18,ornithine decarboxylase,GeneOrGeneProduct,4953,1847,1870,train
15748645,19,skin cancer,DiseaseOrPhenotypicFeature,D012878,1963,1974,train
15748645,20,antioxidants,ChemicalEntity,D000975,2036,2048,train
15748645,21,human,OrganismTaxon,9606,2103,2108,train
15748645,22,human,OrganismTaxon,9606,2190,2195,train
15748645,23,skin cancer,DiseaseOrPhenotypicFeature,D012878,2784,2795,train
15748645,24,humans,OrganismTaxon,9606,2799,2805,train
16543197,0,G1103R,SequenceVariant,rs62636275,2,8,train
16543197,1,CRB1,GeneOrGeneProduct,23418,21,25,train
16543197,2,hyperopia,DiseaseOrPhenotypicFeature,D006956,52,61,train
16543197,3,Leber congenital amaurosis,DiseaseOrPhenotypicFeature,D057130,66,92,train
16543197,4,high hyperopia,DiseaseOrPhenotypicFeature,C565497,161,175,train
16543197,5,Leber congenital amaurosis,DiseaseOrPhenotypicFeature,D057130,180,206,train
16543197,6,LCA,DiseaseOrPhenotypicFeature,D057130,208,211,train
16543197,7,patients,OrganismTaxon,9606,278,286,train
16543197,8,LCA,DiseaseOrPhenotypicFeature,D057130,465,468,train
16543197,9,LCA,DiseaseOrPhenotypicFeature,D057130,559,562,train
16543197,10,hyperopia,DiseaseOrPhenotypicFeature,D006956,586,595,train
16543197,11,CRB1,GeneOrGeneProduct,23418,770,774,train
16543197,12,G1103R,SequenceVariant,rs62636275,791,797,train
16543197,13,CRB1,GeneOrGeneProduct,23418,854,858,train
16543197,14,Drosophila,OrganismTaxon,7227,890,900,train
16543197,15,crumbs,GeneOrGeneProduct,42896,901,907,train
16543197,16,retinitis pigmentosa,DiseaseOrPhenotypicFeature,D012174,1001,1021,train
16543197,17,RP,DiseaseOrPhenotypicFeature,D012174,1023,1025,train
16543197,18,LCA,DiseaseOrPhenotypicFeature,D057130,1030,1033,train
16543197,19,LCA,DiseaseOrPhenotypicFeature,D057130,1129,1132,train
16543197,20,patient,OrganismTaxon,9606,1133,1140,train
16543197,21,hyperopia,DiseaseOrPhenotypicFeature,D006956,1163,1172,train
16543197,22,LCA,DiseaseOrPhenotypicFeature,D057130,1198,1201,train
16543197,23,patients,OrganismTaxon,9606,1249,1257,train
16543197,24,CRB1,GeneOrGeneProduct,23418,1300,1304,train
16543197,25,RP,DiseaseOrPhenotypicFeature,D012174,1345,1347,train
16543197,26,LCA,DiseaseOrPhenotypicFeature,D057130,1351,1354,train
16543197,27,hyperopia,DiseaseOrPhenotypicFeature,D006956,1375,1384,train
16543197,28,LCA,DiseaseOrPhenotypicFeature,D057130,1389,1392,train
16543197,29,CRB1,GeneOrGeneProduct,23418,1418,1422,train
16574712,0,MDMA,ChemicalEntity,D018817,0,4,train
16574712,1,impaired social and emotional judgement processes,DiseaseOrPhenotypicFeature,D003072,85,134,train
16574712,2,memory deficits,DiseaseOrPhenotypicFeature,D008569,160,175,train
16574712,3,MDMA,ChemicalEntity,D018817,207,211,train
16574712,4,"3,4-methylenedioxymethamphetamine",ChemicalEntity,D018817,213,246,train
16574712,5,ecstasy,ChemicalEntity,D018817,248,255,train
16574712,6,MDMA,ChemicalEntity,D018817,306,310,train
16574712,7,ecstasy,ChemicalEntity,D018817,501,508,train
16574712,8,ecstasy,ChemicalEntity,D018817,535,542,train
16574712,9,MDMA,ChemicalEntity,D018817,865,869,train
16574712,10,MDMA,ChemicalEntity,D018817,894,898,train
16574712,11,ecstasy,ChemicalEntity,D018817,1246,1253,train
16575011,0,Tumor,DiseaseOrPhenotypicFeature,D009369,0,5,train
16575011,1,thymidylate synthase,GeneOrGeneProduct,7298,6,26,train
16575011,2,1494del6,SequenceVariant,c|DEL|1494|6,27,35,train
16575011,3,colorectal cancer,DiseaseOrPhenotypicFeature,D015179,71,88,train
16575011,4,patients,OrganismTaxon,9606,89,97,train
16575011,5,fluorouracil,ChemicalEntity,D005472,108,120,train
16575011,6,tumor,DiseaseOrPhenotypicFeature,D009369,223,228,train
16575011,7,thymidylate synthase,GeneOrGeneProduct,7298,229,249,train
16575011,8,TS,GeneOrGeneProduct,7298,251,253,train
16575011,9,colorectal cancer,DiseaseOrPhenotypicFeature,D015179,304,321,train
16575011,10,patients,OrganismTaxon,9606,322,330,train
16575011,11,fluorouracil,ChemicalEntity,D005472,350,362,train
16575011,12,FU,ChemicalEntity,D005472,364,366,train
16575011,13,PATIENTS,OrganismTaxon,9606,386,394,train
16575011,14,colorectal cancer,DiseaseOrPhenotypicFeature,D015179,432,449,train
16575011,15,patients,OrganismTaxon,9606,450,458,train
16575011,16,FU,ChemicalEntity,D005472,486,488,train
16575011,17,levamisole,ChemicalEntity,D007978,494,504,train
16575011,18,leucovorin,ChemicalEntity,D002955,508,518,train
16575011,19,TS,GeneOrGeneProduct,7298,558,560,train
16575011,20,G > C,SequenceVariant,c|SUB|G||C,581,586,train
16575011,21,TS,GeneOrGeneProduct,7298,629,631,train
16575011,22,1494del6,SequenceVariant,c|DEL|1494|6,632,640,train
16575011,23,tumor,DiseaseOrPhenotypicFeature,D009369,708,713,train
16575011,24,TS,GeneOrGeneProduct,7298,738,740,train
16575011,25,tumors,DiseaseOrPhenotypicFeature,D009369,792,798,train
16575011,26,metastases,DiseaseOrPhenotypicFeature,D009362,832,842,train
16575011,27,TS,GeneOrGeneProduct,7298,844,846,train
16575011,28,tumors,DiseaseOrPhenotypicFeature,D009369,912,918,train
16575011,29,Tumor,DiseaseOrPhenotypicFeature,D009369,1009,1014,train
16575011,30,G > C,SequenceVariant,c|SUB|G||C,1214,1219,train
16575011,31,Tumor,DiseaseOrPhenotypicFeature,D009369,1271,1276,train
16575011,32,TS,GeneOrGeneProduct,7298,1277,1279,train
16575011,33,1494del6,SequenceVariant,c|DEL|1494|6,1280,1288,train
16575011,34,TS,GeneOrGeneProduct,7298,1717,1719,train
16575011,35,tumors,DiseaseOrPhenotypicFeature,D009369,1759,1765,train
16575011,36,metastases,DiseaseOrPhenotypicFeature,D009362,1769,1779,train
16575011,37,TS,GeneOrGeneProduct,7298,1781,1783,train
16575011,38,Tumor,DiseaseOrPhenotypicFeature,D009369,1886,1891,train
16575011,39,TS,GeneOrGeneProduct,7298,1892,1894,train
16575011,40,1494del6,SequenceVariant,c|DEL|1494|6,1895,1903,train
16575011,41,FU,ChemicalEntity,D005472,1943,1945,train
16575011,42,colorectal cancer,DiseaseOrPhenotypicFeature,D015179,1974,1991,train
16575011,43,patients,OrganismTaxon,9606,1992,2000,train
17074608,0,Valproate,ChemicalEntity,D014635,0,9,train
17074608,1,chorea,DiseaseOrPhenotypicFeature,D002819,18,24,train
17074608,2,encephalopathy,DiseaseOrPhenotypicFeature,D001927,29,43,train
17074608,3,nonketotic hyperglycinemia,DiseaseOrPhenotypicFeature,D020158,56,82,train
17074608,4,Nonketotic hyperglycinemia,DiseaseOrPhenotypicFeature,D020158,84,110,train
17074608,5,disorder of amino acid metabolism,DiseaseOrPhenotypicFeature,D000592,116,149,train
17074608,6,glycine,ChemicalEntity,D005998,175,182,train
17074608,7,glycine,ChemicalEntity,D005998,227,234,train
17074608,8,apnea,DiseaseOrPhenotypicFeature,D001049,323,328,train
17074608,9,seizures,DiseaseOrPhenotypicFeature,D012640,342,350,train
17074608,10,hypotonia,DiseaseOrPhenotypicFeature,D009123,356,365,train
17074608,11,psychomotor retardation,DiseaseOrPhenotypicFeature,D011596,391,414,train
17074608,12,nonketotic hyperglycinemia,DiseaseOrPhenotypicFeature,D020158,453,479,train
17074608,13,patient,OrganismTaxon,9606,565,572,train
17074608,14,language delay,DiseaseOrPhenotypicFeature,D007805,583,597,train
17074608,15,mental retardation,DiseaseOrPhenotypicFeature,D008607,602,620,train
17074608,16,nonketotic hyperglycinemia,DiseaseOrPhenotypicFeature,D020158,644,670,train
17074608,17,encephalopathy,DiseaseOrPhenotypicFeature,D001927,709,723,train
17074608,18,chorea,DiseaseOrPhenotypicFeature,D002819,728,734,train
17074608,19,valproate,ChemicalEntity,D014635,763,772,train
18310445,0,Bone morphogenetic protein-4,GeneOrGeneProduct,652,0,28,train
18310445,1,activin,GeneOrGeneProduct,"3624,83729",44,51,train
18310445,2,GnRH,GeneOrGeneProduct,14714,56,60,train
18310445,3,gonadotrophin,GeneOrGeneProduct,"12640,14308",73,86,train
18310445,4,LbetaT2,CellLine,CVCL_0398,100,107,train
18310445,5,sheep,OrganismTaxon,9940,156,161,train
18310445,6,bone morphogenetic proteins (BMP)-4,GeneOrGeneProduct,443502,187,222,train
18310445,7,FSHbeta,GeneOrGeneProduct,443387,232,239,train
18310445,8,FSH,GeneOrGeneProduct,"443387,443538",260,263,train
18310445,9,mouse,OrganismTaxon,10090,289,294,train
18310445,10,LbetaT2,CellLine,CVCL_0398,295,302,train
18310445,11,BMPs,GeneOrGeneProduct,652,359,363,train
18310445,12,activin,GeneOrGeneProduct,16323,376,383,train
18310445,13,FSHbeta,GeneOrGeneProduct,14308,395,402,train
18310445,14,LbetaT2,CellLine,CVCL_0398,493,500,train
18310445,15,BMP-4,GeneOrGeneProduct,652,537,542,train
18310445,16,gonadotrophin,GeneOrGeneProduct,"12640,14308",546,559,train
18310445,17,activin,GeneOrGeneProduct,16323,592,599,train
18310445,18,GnRH,GeneOrGeneProduct,14714,604,608,train
18310445,19,BMP-4,GeneOrGeneProduct,652,610,615,train
18310445,20,FSH,GeneOrGeneProduct,"443387,443538",639,642,train
18310445,21,activin,GeneOrGeneProduct,16323,672,679,train
18310445,22,GnRH,GeneOrGeneProduct,14714,680,684,train
18310445,23,FSHbeta,GeneOrGeneProduct,14308,708,715,train
18310445,24,FSH,GeneOrGeneProduct,"443387,443538",725,728,train
18310445,25,follistatin,GeneOrGeneProduct,14313,762,773,train
18310445,26,BMP-4,GeneOrGeneProduct,652,780,785,train
18310445,27,LHbeta,GeneOrGeneProduct,16866,794,800,train
18310445,28,GnRH,GeneOrGeneProduct,14714,835,839,train
18310445,29,activin,GeneOrGeneProduct,16323,844,851,train
18310445,30,GnRH receptor,GeneOrGeneProduct,14715,867,880,train
18310445,31,FSH,GeneOrGeneProduct,"443387,443538",912,915,train
18310445,32,LH,GeneOrGeneProduct,"12640,16866",929,931,train
18310445,33,sheep,OrganismTaxon,9940,973,978,train
18310445,34,BMP receptor types IA (BMPRIA) and II (BMPRII),GeneOrGeneProduct,"101103793,101112282",1022,1068,train
18310445,35,LbetaT2,CellLine,CVCL_0398,1070,1077,train
18310445,36,BMPRIB,GeneOrGeneProduct,12167,1097,1103,train
18310445,37,Smad1/5,GeneOrGeneProduct,"17125,17129",1105,1112,train
18310445,38,BMP-4,GeneOrGeneProduct,652,1140,1145,train
18310445,39,BMP,GeneOrGeneProduct,12159,1172,1175,train
18310445,40,BMP-4,GeneOrGeneProduct,652,1209,1214,train
18310445,41,activin,GeneOrGeneProduct,16323,1247,1254,train
18310445,42,GnRH,GeneOrGeneProduct,14714,1257,1261,train
18310445,43,activin,GeneOrGeneProduct,16323,1284,1291,train
18310445,44,GnRH,GeneOrGeneProduct,14714,1299,1303,train
18310445,45,BMP-4,GeneOrGeneProduct,652,1333,1338,train
18310445,46,activin,GeneOrGeneProduct,16323,1356,1363,train
18310445,47,Smad2/3,GeneOrGeneProduct,"17126,17127",1394,1401,train
18310445,48,GnRH,GeneOrGeneProduct,14714,1410,1414,train
18310445,49,ERK1/2,GeneOrGeneProduct,"26413,26417",1423,1429,train
18310445,50,cAMP response element-binding,GeneOrGeneProduct,12912,1433,1462,train
18310445,51,GnRH,GeneOrGeneProduct,14714,1507,1511,train
18310445,52,p38 MAPK,GeneOrGeneProduct,26416,1534,1542,train
18310445,53,BMP-4,GeneOrGeneProduct,652,1560,1565,train
18310445,54,FSHbeta,GeneOrGeneProduct,14308,1602,1609,train
18310445,55,FSH,GeneOrGeneProduct,"443387,443538",1626,1629,train
18310445,56,LHbeta,GeneOrGeneProduct,16866,1655,1661,train
18310445,57,BMPs,GeneOrGeneProduct,652,1700,1704,train
18310445,58,activin,GeneOrGeneProduct,16323,1732,1739,train
18310445,59,GnRH,GeneOrGeneProduct,14714,1747,1751,train
18310445,60,gonadotrophin,GeneOrGeneProduct,"12640,14308",1763,1776,train
18310445,61,BMP receptor,GeneOrGeneProduct,"101103793,101112282,12167",1891,1903,train
19082493,0,thymidylate synthase,GeneOrGeneProduct,7298,70,90,train
19082493,1,5 fluorouracil,ChemicalEntity,D005472,118,132,train
19082493,2,colorectal cancer,DiseaseOrPhenotypicFeature,D015179,141,158,train
19082493,3,patients,OrganismTaxon,9606,159,167,train
19082493,4,TS,GeneOrGeneProduct,7298,243,245,train
19082493,5,colorectal cancer,DiseaseOrPhenotypicFeature,D015179,296,313,train
19082493,6,CRC,DiseaseOrPhenotypicFeature,D015179,315,318,train
19082493,7,patients,OrganismTaxon,9606,320,328,train
19082493,8,5FU,ChemicalEntity,D005472,342,345,train
19082493,9,28 bp variable number of tandem repeats,SequenceVariant,c|DUP||28,362,401,train
19082493,10,G/C,SequenceVariant,c|SUB|G||C,412,415,train
19082493,11,deletion of 6 bp at position 1494,SequenceVariant,c|DEL|194|6,460,493,train
19082493,12,patients,OrganismTaxon,9606,591,599,train
19082493,13,paraffin,ChemicalEntity,D010232,661,669,train
19082493,14,patients,OrganismTaxon,9606,697,705,train
19082493,15,CRC,DiseaseOrPhenotypicFeature,D015179,728,731,train
19082493,16,TS,GeneOrGeneProduct,7298,733,735,train
19082493,17,ins/del 6 bp,SequenceVariant,c|INDEL||6,886,898,train
19082493,18,TS,GeneOrGeneProduct,7298,932,934,train
19082493,19,ins/del 6 bp,SequenceVariant,c|INDEL||6,1040,1052,train
19082493,20,ins/del 6 bp,SequenceVariant,c|INDEL||6,1119,1131,train
19082493,21,tumour,DiseaseOrPhenotypicFeature,D009369,1154,1160,train
19082493,22,tumours,DiseaseOrPhenotypicFeature,D009369,1216,1223,train
19082493,23,rectal cancers,DiseaseOrPhenotypicFeature,D012004,1268,1282,train
19082493,24,patients,OrganismTaxon,9606,1362,1370,train
19082493,25,tumours,DiseaseOrPhenotypicFeature,D009369,1388,1395,train
19082493,26,tumours,DiseaseOrPhenotypicFeature,D009369,1498,1505,train
19082493,27,tumours,DiseaseOrPhenotypicFeature,D009369,1964,1971,train
19082493,28,patients,OrganismTaxon,9606,2008,2016,train
19082493,29,TS,GeneOrGeneProduct,7298,2097,2099,train
19082493,30,CRC,DiseaseOrPhenotypicFeature,D015179,2168,2171,train
19082493,31,patients,OrganismTaxon,9606,2172,2180,train
19082493,32,5FU,ChemicalEntity,D005472,2194,2197,train
19218574,0,Phosphatidylinositol 3-kinase,GeneOrGeneProduct,5295,0,29,train
19218574,1,p85alpha,GeneOrGeneProduct,5295,30,38,train
19218574,2,Met326Ile,SequenceVariant,rs3730089,63,72,train
19218574,3,women,OrganismTaxon,9606,89,94,train
19218574,4,polycystic ovary syndrome,DiseaseOrPhenotypicFeature,D011085,100,125,train
19218574,5,Insulin resistance,DiseaseOrPhenotypicFeature,D007333,139,157,train
19218574,6,polycystic ovary syndrome,DiseaseOrPhenotypicFeature,D011085,179,204,train
19218574,7,PCOS,DiseaseOrPhenotypicFeature,D011085,206,210,train
19218574,8,Phosphatidylinositol (PI) 3-kinase,GeneOrGeneProduct,5295,213,247,train
19218574,9,insulin,GeneOrGeneProduct,3630,284,291,train
19218574,10,insulin,GeneOrGeneProduct,3630,334,341,train
19218574,11,glucose,ChemicalEntity,D005947,351,358,train
19218574,12,p85alpha,GeneOrGeneProduct,5295,397,405,train
19218574,13,Met326Ile,SequenceVariant,rs3730089,454,463,train
19218574,14,p85alpha,GeneOrGeneProduct,5295,538,546,train
19218574,15,PI3-kinase,GeneOrGeneProduct,5295,570,580,train
19218574,16,Met326Ile,SequenceVariant,rs3730089,607,616,train
19218574,17,PCOS,DiseaseOrPhenotypicFeature,D011085,670,674,train
19218574,18,patients,OrganismTaxon,9606,675,683,train
19218574,19,Met326Ile,SequenceVariant,rs3730089,814,823,train
19218574,20,PCOS,DiseaseOrPhenotypicFeature,D011085,844,848,train
19218574,21,Met326Met,SequenceVariant,rs3730089,900,909,train
19218574,22,Met326Ile,SequenceVariant,rs3730089,910,919,train
19218574,23,Ile326Ile,SequenceVariant,rs3730089,920,929,train
19218574,24,PCOS,DiseaseOrPhenotypicFeature,D011085,987,991,train
19218574,25,PCOS,DiseaseOrPhenotypicFeature,D011085,1041,1045,train
19218574,26,326Ile,SequenceVariant,rs3730089,1124,1130,train
19218574,27,326Ile,SequenceVariant,rs3730089,1189,1195,train
19218574,28,Met326Met,SequenceVariant,rs3730089,1222,1231,train
19218574,29,17-hydroxyprogesterone,ChemicalEntity,D019326,1258,1280,train
19218574,30,17-OHP,ChemicalEntity,D019326,1282,1288,train
19218574,31,Met326Met,SequenceVariant,rs3730089,1358,1367,train
19218574,32,Ile326Ile,SequenceVariant,rs3730089,1425,1434,train
19218574,33,Met326Ile,SequenceVariant,rs3730089,1439,1448,train
19218574,34,testosterone,ChemicalEntity,D013739,1481,1493,train
19218574,35,Met326Met,SequenceVariant,rs3730089,1533,1542,train
19218574,36,Ile326Ile,SequenceVariant,rs3730089,1590,1599,train
19218574,37,Met326Ile,SequenceVariant,rs3730089,1604,1613,train
19218574,38,PI3-kinase,GeneOrGeneProduct,5295,1679,1689,train
19218574,39,Met326Ile,SequenceVariant,rs3730089,1695,1704,train
19218574,40,PCOS,DiseaseOrPhenotypicFeature,D011085,1772,1776,train
19218574,41,17-OHP,ChemicalEntity,D019326,1826,1832,train
19218574,42,testosterone,ChemicalEntity,D013739,1841,1853,train
19218574,43,PCOS,DiseaseOrPhenotypicFeature,D011085,1857,1861,train
19218574,44,patients,OrganismTaxon,9606,1862,1870,train
19996135,0,tranexamic Acid,ChemicalEntity,D014148,10,25,train
19996135,1,seizures,DiseaseOrPhenotypicFeature,D012640,66,74,train
19996135,2,patients,OrganismTaxon,9606,95,103,train
19996135,3,convulsive seizures,DiseaseOrPhenotypicFeature,D012640,205,224,train
19996135,4,patients,OrganismTaxon,9606,246,254,train
19996135,5,tranexamic acid,ChemicalEntity,D014148,381,396,train
19996135,6,TXA,ChemicalEntity,D014148,398,401,train
19996135,7,TXA,ChemicalEntity,D014148,585,588,train
19996135,8,seizures,DiseaseOrPhenotypicFeature,D012640,599,607,train
19996135,9,patients,OrganismTaxon,9606,690,698,train
19996135,10,seizures,DiseaseOrPhenotypicFeature,D012640,727,735,train
19996135,11,patients,OrganismTaxon,9606,798,806,train
19996135,12,patients,OrganismTaxon,9606,816,824,train
19996135,13,patients,OrganismTaxon,9606,919,927,train
19996135,14,cerebral ischemic injury,DiseaseOrPhenotypicFeature,D001930,957,981,train
19996135,15,seizures,DiseaseOrPhenotypicFeature,D012640,987,995,train
19996135,16,ischemic brain injury,DiseaseOrPhenotypicFeature,D001930,1015,1036,train
19996135,17,patients,OrganismTaxon,9606,1042,1050,train
19996135,18,patients,OrganismTaxon,9606,1056,1064,train
19996135,19,seizures,DiseaseOrPhenotypicFeature,D012640,1070,1078,train
19996135,20,neurological abnormalities,DiseaseOrPhenotypicFeature,D009422,1102,1128,train
19996135,21,patients,OrganismTaxon,9606,1137,1145,train
19996135,22,seizures,DiseaseOrPhenotypicFeature,D012640,1151,1159,train
19996135,23,TXA,ChemicalEntity,D014148,1183,1186,train
19996135,24,patient,OrganismTaxon,9606,1356,1363,train
19996135,25,brain ischemic,DiseaseOrPhenotypicFeature,D002546,1422,1436,train
19996135,26,hyperthermia,DiseaseOrPhenotypicFeature,D005334,1452,1464,train
19996135,27,seizures,DiseaseOrPhenotypicFeature,D012640,1490,1498,train
19996135,28,TXA,ChemicalEntity,D014148,1567,1570,train
19996135,29,patients,OrganismTaxon,9606,1580,1588,train
19996135,30,seizures,DiseaseOrPhenotypicFeature,D012640,1693,1701,train
19996135,31,patients,OrganismTaxon,9606,1717,1725,train
20477932,0,Cocaine,ChemicalEntity,D003042,0,7,train
20477932,1,memory and learning impairments,DiseaseOrPhenotypicFeature,"D007859,D008569",15,46,train
20477932,2,rats,OrganismTaxon,10116,50,54,train
20477932,3,nuclear factor kappa B,GeneOrGeneProduct,81736,71,93,train
20477932,4,topiramate,ChemicalEntity,D000077236,134,144,train
20477932,5,cocaine,ChemicalEntity,D003042,191,198,train
20477932,6,toxicity,DiseaseOrPhenotypicFeature,D064420,199,207,train
20477932,7,cocaine,ChemicalEntity,D003042,312,319,train
20477932,8,Nuclear factor kappa B,GeneOrGeneProduct,81736,360,382,train
20477932,9,NFkappaB,GeneOrGeneProduct,81736,384,392,train
20477932,10,toxicity,DiseaseOrPhenotypicFeature,D064420,494,502,train
20477932,11,NFkappaB,GeneOrGeneProduct,81736,539,547,train
20477932,12,neuronal nitric oxide synthase,GeneOrGeneProduct,24598,576,606,train
20477932,13,nNOS,GeneOrGeneProduct,24598,608,612,train
20477932,14,topiramate,ChemicalEntity,D000077236,677,687,train
20477932,15,cocaine addiction,DiseaseOrPhenotypicFeature,D019970,723,740,train
20477932,16,cocaine,ChemicalEntity,D003042,785,792,train
20477932,17,rats,OrganismTaxon,10116,811,815,train
20477932,18,NFkappaB,GeneOrGeneProduct,81736,817,825,train
20477932,19,cocaine,ChemicalEntity,D003042,874,881,train
20477932,20,rats,OrganismTaxon,10116,890,894,train
20477932,21,GSH,ChemicalEntity,D005978,907,910,train
20477932,22,glutathione peroxidase,GeneOrGeneProduct,2876,929,951,train
20477932,23,nNOS,GeneOrGeneProduct,24598,989,993,train
20477932,24,cocaine,ChemicalEntity,D003042,1087,1094,train
20477932,25,NFkappaB,GeneOrGeneProduct,81736,1154,1162,train
20477932,26,nNOS,GeneOrGeneProduct,24598,1279,1283,train
20477932,27,glutathione peroxidase,GeneOrGeneProduct,2876,1313,1335,train
20477932,28,NFkappaB,GeneOrGeneProduct,81736,1440,1448,train
20477932,29,cocaine,ChemicalEntity,D003042,1479,1486,train
20477932,30,Topiramate,ChemicalEntity,D000077236,1488,1498,train
24587916,0,Antioxidant,ChemicalEntity,D000975,0,11,train
24587916,1,bovine,OrganismTaxon,9913,23,29,train
24587916,2,lactoferrin,GeneOrGeneProduct,301034,30,41,train
24587916,3,dexamethasone,ChemicalEntity,D003907,45,58,train
24587916,4,hypertension,DiseaseOrPhenotypicFeature,D006973,67,79,train
24587916,5,rat,OrganismTaxon,10116,83,86,train
24587916,6,Dexamethasone,ChemicalEntity,D003907,88,101,train
24587916,7,Dex,ChemicalEntity,D003907,104,107,train
24587916,8,hypertension,DiseaseOrPhenotypicFeature,D006973,118,130,train
24587916,9,Lactoferrin,GeneOrGeneProduct,301034,177,188,train
24587916,10,LF,GeneOrGeneProduct,301034,190,192,train
24587916,11,iron,ChemicalEntity,D007501,200,204,train
24587916,12,glycoprotein,GeneOrGeneProduct,11820,213,225,train
24587916,13,LF,GeneOrGeneProduct,301034,331,333,train
24587916,14,hypertension,DiseaseOrPhenotypicFeature,D006973,358,370,train
24587916,15,Dex,ChemicalEntity,D003907,376,379,train
24587916,16,rats,OrganismTaxon,10116,408,412,train
24587916,17,Dex,ChemicalEntity,D003907,429,432,train
24587916,18,bovine,OrganismTaxon,9913,493,499,train
24587916,19,LF,GeneOrGeneProduct,301034,500,502,train
24587916,20,rats,OrganismTaxon,10116,595,599,train
24587916,21,LF,GeneOrGeneProduct,301034,619,621,train
24587916,22,Dex,ChemicalEntity,D003907,644,647,train
24587916,23,glucocorticoid,ChemicalEntity,D005938,791,805,train
24587916,24,hydrogen peroxide,ChemicalEntity,D006861,823,840,train
24587916,25,H2O2,ChemicalEntity,D006861,842,846,train
24587916,26,ferric,ChemicalEntity,D007501,866,872,train
24587916,27,Dexamethasone,ChemicalEntity,D003907,930,943,train
24587916,28,H2O2,ChemicalEntity,D006861,983,987,train
24587916,29,LF,GeneOrGeneProduct,301034,1033,1035,train
24587916,30,Dex,ChemicalEntity,D003907,1098,1101,train
24587916,31,hypertension,DiseaseOrPhenotypicFeature,D006973,1110,1122,train
24587916,32,LF,GeneOrGeneProduct,301034,1124,1126,train
24587916,33,weight loss,DiseaseOrPhenotypicFeature,D015431,1142,1153,train
24587916,34,H2O2,ChemicalEntity,D006861,1200,1204,train
24587916,35,LF,GeneOrGeneProduct,301034,1258,1260,train
24587916,36,ROS,ChemicalEntity,D017382,1315,1318,train
24587916,37,Dex,ChemicalEntity,D003907,1356,1359,train
24587916,38,hypertension,DiseaseOrPhenotypicFeature,D006973,1368,1380,train
24587916,39,LF,GeneOrGeneProduct,301034,1487,1489,train
24743235,0,IL-3,GeneOrGeneProduct,16187,0,4,train
24743235,1,CSF-1,GeneOrGeneProduct,12977,9,14,train
24743235,2,CD11c,GeneOrGeneProduct,16411,49,54,train
24743235,3,IL-10,GeneOrGeneProduct,16153,56,61,train
24743235,4,IL-3,GeneOrGeneProduct,16187,195,199,train
24743235,5,CSF-1,GeneOrGeneProduct,12977,263,268,train
24743235,6,CSF-1,GeneOrGeneProduct,12977,377,382,train
24743235,7,IL-3,GeneOrGeneProduct,16187,386,390,train
24743235,8,CSF-1,GeneOrGeneProduct,12977,415,420,train
24743235,9,IL-3,GeneOrGeneProduct,16187,444,448,train
24743235,10,CD11c,GeneOrGeneProduct,16411,456,461,train
24743235,11,C57BL/6,CellLine,CVCL_5746,530,537,train
24743235,12,CSF-1,GeneOrGeneProduct,12977,586,591,train
24743235,13,CSF-1R,GeneOrGeneProduct,12978,592,598,train
24743235,14,IL-3,GeneOrGeneProduct,16187,633,637,train
24743235,15,CD11c,GeneOrGeneProduct,16411,646,651,train
24743235,16,c-Fos,GeneOrGeneProduct,14281,687,692,train
24743235,17,CD11c,GeneOrGeneProduct,16411,717,722,train
24743235,18,IL-3,GeneOrGeneProduct,16187,741,745,train
24743235,19,IL-3,GeneOrGeneProduct,16187,749,753,train
24743235,20,CSF-1,GeneOrGeneProduct,12977,754,759,train
24743235,21,IL-3,GeneOrGeneProduct,16187,820,824,train
24743235,22,IL-3,GeneOrGeneProduct,16187,829,833,train
24743235,23,CSF-1,GeneOrGeneProduct,12977,834,839,train
24743235,24,IL-10,GeneOrGeneProduct,16153,972,977,train
24743235,25,IL-1,GeneOrGeneProduct,111343,994,998,train
24743235,26,IL-6,GeneOrGeneProduct,16193,1000,1004,train
24743235,27,TNFa,GeneOrGeneProduct,21926,1009,1013,train
24743235,28,LPS,ChemicalEntity,D008070,1030,1033,train
24743235,29,CSF-1,GeneOrGeneProduct,12977,1127,1132,train
24743235,30,IL-3,GeneOrGeneProduct,16187,1150,1154,train
24743235,31,CD11c,GeneOrGeneProduct,16411,1227,1232,train
28348168,0,FGFR2,GeneOrGeneProduct,14183,0,5,train
28348168,1,cancer,DiseaseOrPhenotypicFeature,D009369,287,293,train
28348168,2,degenerative disease,DiseaseOrPhenotypicFeature,D019636,297,317,train
28348168,3,FGF receptor 2,GeneOrGeneProduct,14183,398,412,train
28348168,4,FGFR2,GeneOrGeneProduct,14183,414,419,train
28348168,5,mouse,OrganismTaxon,10090,430,435,train
28348168,6,FGFR2,GeneOrGeneProduct,14183,524,529,train
28348168,7,SOX2,GeneOrGeneProduct,20674,662,666,train
28348168,8,receptor tyrosine kinase,GeneOrGeneProduct,14183,731,755,train
28348168,9,cancer,DiseaseOrPhenotypicFeature,D009369,863,869,train
28398555,0,hippocalcin,GeneOrGeneProduct,3208,47,58,train
28398555,1,human,OrganismTaxon,9606,83,88,train
28398555,2,dystonia,DiseaseOrPhenotypicFeature,D004421,89,97,train
28398555,3,Dystonia,DiseaseOrPhenotypicFeature,D004421,99,107,train
28398555,4,neurological movement disorder,DiseaseOrPhenotypicFeature,D009069,113,143,train
28398555,5,T71N,SequenceVariant,rs775863165,326,330,train
28398555,6,A190T,SequenceVariant,rs550921485,335,340,train
28398555,7,neuronal calcium sensor,GeneOrGeneProduct,3208,348,371,train
28398555,8,NCS,GeneOrGeneProduct,3208,373,376,train
28398555,9,hippocalcin,GeneOrGeneProduct,3208,378,389,train
28398555,10,primary isolated dystonia,DiseaseOrPhenotypicFeature,D004421,430,455,train
28398555,11,DYT2,GeneOrGeneProduct,3208,457,461,train
28398555,12,dystonia,DiseaseOrPhenotypicFeature,D004421,462,470,train
28398555,13,hippocalcin,GeneOrGeneProduct,3208,541,552,train
28398555,14,hippocalcin,GeneOrGeneProduct,3208,639,650,train
28398555,15,calcium,ChemicalEntity,D002118,669,676,train
28398555,16,voltage-gated calcium channels,GeneOrGeneProduct,783,707,737,train
28398555,17,T71N,SequenceVariant,rs775863165,749,753,train
28398555,18,A190T,SequenceVariant,rs550921485,758,763,train
28398555,19,hippocalcin,GeneOrGeneProduct,3208,767,778,train
28398555,20,calcium,ChemicalEntity,D002118,805,812,train
28398555,21,Ca2+,ChemicalEntity,D000069285,870,874,train
28398555,22,hippocalcin,GeneOrGeneProduct,3208,937,948,train
28398555,23,NCS,GeneOrGeneProduct,3208,974,977,train
28398555,24,calcium,ChemicalEntity,D002118,1324,1331,train
28398555,25,KCl,ChemicalEntity,D011189,1342,1345,train
28398555,26,hippocalcin,GeneOrGeneProduct,3208,1383,1394,train
28398555,27,N-type voltage-gated calcium channels,GeneOrGeneProduct,774,1413,1450,train
28398555,28,dystonia,DiseaseOrPhenotypicFeature,D004421,1482,1490,train
28398555,29,hippocalcin,GeneOrGeneProduct,3208,1525,1536,train
28398555,30,calcium,ChemicalEntity,D002118,1599,1606,train
28398555,31,DYT2,GeneOrGeneProduct,3208,1621,1625,train
28398555,32,dystonia,DiseaseOrPhenotypicFeature,D004421,1626,1634,train
30442153,0,Ca2+,ChemicalEntity,D002118,0,4,train
30442153,1,astrogliosis,DiseaseOrPhenotypicFeature,D005911,61,73,train
30442153,2,KCa3.1,GeneOrGeneProduct,"16534,3783",99,105,train
30442153,3,AKT,GeneOrGeneProduct,"11651,207",124,127,train
30442153,4,mTOR,GeneOrGeneProduct,"2475,56717",128,132,train
30442153,5,intermediate-conductance Ca2+-activated K+ channel,GeneOrGeneProduct,"16534,3783",160,210,train
30442153,6,KCa3.1,GeneOrGeneProduct,16534,211,217,train
30442153,7,reactive astrogliosis,DiseaseOrPhenotypicFeature,D005911,272,293,train
30442153,8,RA,DiseaseOrPhenotypicFeature,D005911,295,297,train
30442153,9,Alzheimer's disease,DiseaseOrPhenotypicFeature,D000544,302,321,train
30442153,10,AD,DiseaseOrPhenotypicFeature,D000544,323,325,train
30442153,11,KCa3.1,GeneOrGeneProduct,"16534,3783",337,343,train
30442153,12,AD,DiseaseOrPhenotypicFeature,D000544,403,405,train
30442153,13,patients,OrganismTaxon,9606,406,414,train
30442153,14,APP,GeneOrGeneProduct,"11820,351",419,422,train
30442153,15,PS1,GeneOrGeneProduct,5663,423,426,train
30442153,16,mice,OrganismTaxon,10090,427,431,train
30442153,17,APP,GeneOrGeneProduct,"11820,351",490,493,train
30442153,18,PS1,GeneOrGeneProduct,5663,494,497,train
30442153,19,mice,OrganismTaxon,10090,498,502,train
30442153,20,KCa3.1,GeneOrGeneProduct,16534,507,513,train
30442153,21,APP,GeneOrGeneProduct,"11820,351",517,520,train
30442153,22,PS1,GeneOrGeneProduct,5663,521,524,train
30442153,23,mice,OrganismTaxon,10090,525,529,train
30442153,24,memory deficits,DiseaseOrPhenotypicFeature,D008569,595,610,train
30442153,25,neuron loss,DiseaseOrPhenotypicFeature,D009422,632,643,train
30442153,26,Fluo-4AM,ChemicalEntity,C409648,676,684,train
30442153,27,Ca2+,ChemicalEntity,D000069285,715,719,train
30442153,28,beta-amyloid,GeneOrGeneProduct,351,729,741,train
30442153,29,Abeta,GeneOrGeneProduct,351,743,748,train
30442153,30,KCa3.1,GeneOrGeneProduct,"16534,3783",797,803,train
30442153,31,Abeta,GeneOrGeneProduct,"11820,351",922,927,train
30442153,32,AD,DiseaseOrPhenotypicFeature,D000544,979,981,train
30442153,33,patients,OrganismTaxon,9606,982,990,train
30442153,34,APP,GeneOrGeneProduct,"11820,351",995,998,train
30442153,35,PS1,GeneOrGeneProduct,5663,999,1002,train
30442153,36,AD,DiseaseOrPhenotypicFeature,D000544,1003,1005,train
30442153,37,mice,OrganismTaxon,10090,1006,1010,train
30442153,38,KCa3.1,GeneOrGeneProduct,16534,1016,1022,train
30442153,39,Ca2+,ChemicalEntity,D000069285,1068,1072,train
30442153,40,Ca2+,ChemicalEntity,D002118,1118,1122,train
30442153,41,Orai1,GeneOrGeneProduct,109305,1131,1136,train
30442153,42,KCa3.1,GeneOrGeneProduct,16534,1205,1211,train
30442153,43,Ca2+,ChemicalEntity,D000069285,1243,1247,train
30442153,44,protein kinase B,GeneOrGeneProduct,11651,1279,1295,train
30442153,45,AKT,GeneOrGeneProduct,11651,1297,1300,train
30442153,46,KCa3.1,GeneOrGeneProduct,16534,1377,1383,train
30442153,47,AKT,GeneOrGeneProduct,11651,1393,1396,train
30442153,48,mechanistic target of rapamycin,GeneOrGeneProduct,56717,1397,1428,train
30442153,49,78-kDa glucose-regulated protein,GeneOrGeneProduct,14828,1546,1578,train
30442153,50,CCAAT/enhancer-binding protein homologous protein,GeneOrGeneProduct,13198,1583,1632,train
30442153,51,RA,DiseaseOrPhenotypicFeature,D005911,1657,1659,train
30442153,52,glial fibrillary acidic protein,GeneOrGeneProduct,14580,1667,1698,train
30442153,53,APP,GeneOrGeneProduct,"11820,351",1717,1720,train
30442153,54,PS1,GeneOrGeneProduct,5663,1721,1724,train
30442153,55,AD,DiseaseOrPhenotypicFeature,D000544,1725,1727,train
30442153,56,mouse,OrganismTaxon,10090,1728,1733,train
30442153,57,KCa3.1,GeneOrGeneProduct,16534,1756,1762,train
30442153,58,KCa3.1,GeneOrGeneProduct,16534,1766,1772,train
30442153,59,APP,GeneOrGeneProduct,"11820,351",1776,1779,train
30442153,60,PS1,GeneOrGeneProduct,5663,1780,1783,train
30442153,61,mice,OrganismTaxon,10090,1784,1788,train
30442153,62,neuroinflammation,DiseaseOrPhenotypicFeature,D007249,1856,1873,train
30442153,63,KCa3.1,GeneOrGeneProduct,16534,1911,1917,train
30442153,64,APP,GeneOrGeneProduct,"11820,351",1921,1924,train
30442153,65,PS1,GeneOrGeneProduct,5663,1925,1928,train
30442153,66,mice,OrganismTaxon,10090,1929,1933,train
30442153,67,APP,GeneOrGeneProduct,"11820,351",1952,1955,train
30442153,68,PS1,GeneOrGeneProduct,5663,1956,1959,train
30442153,69,mice,OrganismTaxon,10090,1960,1964,train
30442153,70,memory deficits,DiseaseOrPhenotypicFeature,D008569,1979,1994,train
30442153,71,neuronal loss,DiseaseOrPhenotypicFeature,D009422,1999,2012,train
30442153,72,APP,GeneOrGeneProduct,"11820,351",2016,2019,train
30442153,73,PS1,GeneOrGeneProduct,5663,2020,2023,train
30442153,74,mice,OrganismTaxon,10090,2024,2028,train
30442153,75,KCa3.1,GeneOrGeneProduct,16534,2046,2052,train
30442153,76,APP,GeneOrGeneProduct,"11820,351",2056,2059,train
30442153,77,PS1,GeneOrGeneProduct,5663,2060,2063,train
30442153,78,mice,OrganismTaxon,10090,2064,2068,train
30442153,79,KCa3.1,GeneOrGeneProduct,"16534,3783",2119,2125,train
30442153,80,Ca2+,ChemicalEntity,D000069285,2159,2163,train
30442153,81,memory deficits,DiseaseOrPhenotypicFeature,D008569,2253,2268,train
30442153,82,neuronal loss,DiseaseOrPhenotypicFeature,D009422,2273,2286,train
15461822,0,dengue virus type 2,OrganismTaxon,11060,86,105,train
15461822,1,dengue virus type 2,OrganismTaxon,11060,121,140,train
15461822,2,DEN-2,OrganismTaxon,11060,142,147,train
15461822,3,DEN-2,OrganismTaxon,11060,262,267,train
15461822,4,30 nucleotide deletion,SequenceVariant,c|DEL||30,332,354,train
15461822,5,Delta30,SequenceVariant,c|DEL||30,356,363,train
15461822,6,DEN-4,OrganismTaxon,11070,398,403,train
15461822,7,DEN-2,OrganismTaxon,11060,433,438,train
15461822,8,DEN-2,OrganismTaxon,11060,505,510,train
15461822,9,DEN-2,OrganismTaxon,11060,549,554,train
15461822,10,rDEN-2,OrganismTaxon,11060,556,562,train
15461822,11,rDEN2,OrganismTaxon,11060,568,573,train
15461822,12,Delta30,SequenceVariant,c|DEL||30,573,580,train
15461822,13,mice,OrganismTaxon,10090,629,633,train
15461822,14,human,OrganismTaxon,9606,652,657,train
15461822,15,hepatoma,DiseaseOrPhenotypicFeature,D006528,658,666,train
15461822,16,SCID-HuH-7,CellLine,CVCL_0336,674,684,train
15461822,17,mice,OrganismTaxon,10090,685,689,train
15461822,18,rhesus monkeys,OrganismTaxon,9544,714,728,train
15461822,19,rhesus monkeys,OrganismTaxon,9544,808,822,train
15461822,20,rDEN2,OrganismTaxon,11060,837,842,train
15461822,21,Delta30,SequenceVariant,c|DEL||30,842,849,train
15461822,22,SCID-HuH-7,CellLine,CVCL_0336,895,905,train
15461822,23,mice,OrganismTaxon,10090,906,910,train
15461822,24,rDEN-2,OrganismTaxon,11060,950,956,train
15461822,25,Aedes mosquitoes,OrganismTaxon,1245352,989,1005,train
15461822,26,Toxorynchites mosquitoes,OrganismTaxon,2498889,1033,1057,train
15461822,27,rhesus monkeys,OrganismTaxon,9544,1062,1076,train
15461822,28,rDEN2,OrganismTaxon,11060,1078,1083,train
15461822,29,Delta30,SequenceVariant,c|DEL||30,1083,1090,train
15461822,30,viremia,DiseaseOrPhenotypicFeature,D014766,1196,1203,train
15461822,31,rDEN2,OrganismTaxon,11060,1257,1262,train
15461822,32,Delta30,SequenceVariant,c|DEL||30,1262,1269,train
15461822,33,rDEN2,OrganismTaxon,11060,1282,1287,train
15461822,34,Delta30-4995,SequenceVariant,c|DEL|4995|30,1287,1299,train
15461822,35,NS3,GeneOrGeneProduct,5130010,1381,1384,train
15461822,36,DEN-4,OrganismTaxon,11070,1393,1398,train
15461822,37,rDEN2,OrganismTaxon,11060,1440,1445,train
15461822,38,Delta30,SequenceVariant,c|DEL||30,1445,1452,train
15461822,39,SCID-HuH-7,CellLine,CVCL_0336,1456,1466,train
15461822,40,mice,OrganismTaxon,10090,1467,1471,train
15461822,41,rDEN2,OrganismTaxon,11060,1490,1495,train
15461822,42,Delta30,SequenceVariant,c|DEL||30,1495,1502,train
15461822,43,rDEN2,OrganismTaxon,11060,1507,1512,train
15461822,44,Delta30-4995,SequenceVariant,c|DEL|4995|30,1512,1524,train
15461822,45,humans,OrganismTaxon,9606,1569,1575,train
15461822,46,dengue,DiseaseOrPhenotypicFeature,D003715,1611,1617,train
16418600,0,TSPYL1,GeneOrGeneProduct,7259,29,35,train
16418600,1,sudden infant death syndrome,DiseaseOrPhenotypicFeature,D013398,44,72,train
16418600,2,Sudden infant death syndrome,DiseaseOrPhenotypicFeature,D013398,86,114,train
16418600,3,SIDS,DiseaseOrPhenotypicFeature,D013398,116,120,train
16418600,4,death,DiseaseOrPhenotypicFeature,D003643,161,166,train
16418600,5,sudden infant death with dysgenesis of the testes syndrome,DiseaseOrPhenotypicFeature,C563856,253,311,train
16418600,6,SIDDT,DiseaseOrPhenotypicFeature,C563856,313,318,train
16418600,7,TSPYL1,GeneOrGeneProduct,7259,385,391,train
16418600,8,TSPYL1,GeneOrGeneProduct,7259,460,466,train
16418600,9,SIDS,DiseaseOrPhenotypicFeature,D013398,470,474,train
16418600,10,SIDS,DiseaseOrPhenotypicFeature,D013398,504,508,train
16418600,11,patients,OrganismTaxon,9606,737,745,train
16418600,12,patient,OrganismTaxon,9606,806,813,train
16418600,13,p.F366L,SequenceVariant,rs140756663,816,823,train
16418600,14,SIDDT,DiseaseOrPhenotypicFeature,C563856,1045,1050,train
16418600,15,TSPYL1,GeneOrGeneProduct,7259,1079,1085,train
16418600,16,sudden death,DiseaseOrPhenotypicFeature,D003645,1150,1162,train
16418600,17,SIDDT,DiseaseOrPhenotypicFeature,C563856,1216,1221,train
16418600,18,457_458insG,SequenceVariant,c|INS|457_458|G,1223,1234,train
16418600,19,TSPYL1,GeneOrGeneProduct,7259,1327,1333,train
16418600,20,SIDS,DiseaseOrPhenotypicFeature,D013398,1343,1347,train
16418600,21,TSPYL1,GeneOrGeneProduct,7259,1403,1409,train
16418600,22,SIDS,DiseaseOrPhenotypicFeature,D013398,1479,1483,train
16418600,23,dysgenesis of the testes,DiseaseOrPhenotypicFeature,D013733,1492,1516,train
16720068,0,neuroleptic malignant syndrome,DiseaseOrPhenotypicFeature,D009459,9,39,train
16720068,1,paroxetine,ChemicalEntity,D017374,78,88,train
16720068,2,alprazolam,ChemicalEntity,D000525,93,103,train
16720068,3,man,OrganismTaxon,9606,119,122,train
16720068,4,depressive symptoms,DiseaseOrPhenotypicFeature,D003866,128,147,train
16720068,5,psychiatric,DiseaseOrPhenotypicFeature,D001523,166,177,train
16720068,6,insomnia,DiseaseOrPhenotypicFeature,D007319,194,202,train
16720068,7,loss of appetite,DiseaseOrPhenotypicFeature,D001068,204,220,train
16720068,8,agitation,DiseaseOrPhenotypicFeature,D011595,238,247,train
16720068,9,paroxetine,ChemicalEntity,D017374,306,316,train
16720068,10,alprazolam,ChemicalEntity,D000525,328,338,train
16720068,11,paroxetine,ChemicalEntity,D017374,359,369,train
16720068,12,alprazolam,ChemicalEntity,D000525,374,384,train
16720068,13,patient,OrganismTaxon,9606,400,407,train
16720068,14,psychomotor retardation,DiseaseOrPhenotypicFeature,D011596,425,448,train
16720068,15,muscle rigidity,DiseaseOrPhenotypicFeature,D009127,477,492,train
16720068,16,tremors,DiseaseOrPhenotypicFeature,D014202,498,505,train
16720068,17,patient,OrganismTaxon,9606,511,518,train
16720068,18,fever,DiseaseOrPhenotypicFeature,D005334,525,530,train
16720068,19,extrapyramidal symptoms,DiseaseOrPhenotypicFeature,D001480,625,648,train
16720068,20,creatine phosphokinase,ChemicalEntity,D003402,690,712,train
16720068,21,aspartate aminotransferase,ChemicalEntity,D001219,726,752,train
16720068,22,alanine aminotransferase,ChemicalEntity,D000410,765,789,train
16720068,23,patient,OrganismTaxon,9606,834,841,train
16720068,24,bromocriptine,ChemicalEntity,D001971,851,864,train
16720068,25,diazepam,ChemicalEntity,D003975,869,877,train
16720068,26,fever,DiseaseOrPhenotypicFeature,D005334,919,924,train
16720068,27,patient,OrganismTaxon,9606,945,952,train
16720068,28,CPK,ChemicalEntity,D003402,961,964,train
16720068,29,patient,OrganismTaxon,9606,1005,1012,train
16720068,30,neuroleptic malignant syndrome,DiseaseOrPhenotypicFeature,D009459,1040,1070,train
16720068,31,NMS,DiseaseOrPhenotypicFeature,D009459,1072,1075,train
16720068,32,NMS,DiseaseOrPhenotypicFeature,D009459,1102,1105,train
16720068,33,paroxetine,ChemicalEntity,D017374,1145,1155,train
16720068,34,alprazolam,ChemicalEntity,D000525,1160,1170,train
16720068,35,patient,OrganismTaxon,9606,1314,1321,train
16720068,36,NMS,DiseaseOrPhenotypicFeature,D009459,1324,1327,train
16720068,37,patient,OrganismTaxon,9606,1470,1477,train
16720068,38,NMS,DiseaseOrPhenotypicFeature,D009459,1518,1521,train
16720068,39,depressive,DiseaseOrPhenotypicFeature,D003866,1549,1559,train
16720068,40,patients,OrganismTaxon,9606,1560,1568,train
16720068,41,dehydration,DiseaseOrPhenotypicFeature,D003681,1598,1609,train
16720068,42,agitation,DiseaseOrPhenotypicFeature,D011595,1611,1620,train
16720068,43,malnutrition,DiseaseOrPhenotypicFeature,D044342,1622,1634,train
16720068,44,patients,OrganismTaxon,9606,1725,1733,train
16720068,45,depression,DiseaseOrPhenotypicFeature,D003866,1750,1760,train
16904497,0,Cauda equina syndrome,DiseaseOrPhenotypicFeature,D011128,0,21,train
16904497,1,steroid,ChemicalEntity,D013256,37,44,train
16904497,2,radiculopathy,DiseaseOrPhenotypicFeature,D011843,128,141,train
16904497,3,steroid,ChemicalEntity,D013256,173,180,train
16904497,4,Cauda equina syndrome,DiseaseOrPhenotypicFeature,D011128,244,265,train
16904497,5,cauda equina syndrome,DiseaseOrPhenotypicFeature,D011128,347,368,train
16904497,6,triamcinolone,ChemicalEntity,D014221,410,423,train
16904497,7,bupivacaine,ChemicalEntity,D002045,428,439,train
16904497,8,woman,OrganismTaxon,9606,474,479,train
16904497,9,low back and right leg pain,DiseaseOrPhenotypicFeature,"D010146,D017116",485,512,train
16904497,10,steroid,ChemicalEntity,D013256,540,547,train
16904497,11,bupivacaine,ChemicalEntity,D002045,808,819,train
16904497,12,triamcinolone diacetate,ChemicalEntity,C030262,824,847,train
16904497,13,numbness,DiseaseOrPhenotypicFeature,D006987,975,983,train
16904497,14,lower extremity weakness,DiseaseOrPhenotypicFeature,D020335,988,1012,train
16904497,15,loss of sensation,DiseaseOrPhenotypicFeature,D006987,1049,1066,train
16904497,16,patient,OrganismTaxon,9606,1275,1282,train
16904497,17,steroid,ChemicalEntity,D013256,1538,1545,train
16904497,18,neurologic deterioration,DiseaseOrPhenotypicFeature,D009422,1616,1640,train
16904497,19,steroid,ChemicalEntity,D013256,1656,1663,train
17083016,0,surfactant protein-A2,GeneOrGeneProduct,729238,46,67,train
17083016,1,meningococcal disease,DiseaseOrPhenotypicFeature,D008589,96,117,train
17083016,2,Meningococcal disease,DiseaseOrPhenotypicFeature,D008589,131,152,train
17083016,3,Neisseria meningitidis,DiseaseOrPhenotypicFeature,D006069,203,225,train
17083016,4,Surfactant protein (SP)-A,GeneOrGeneProduct,"653509,729238",227,252,train
17083016,5,SP-D,GeneOrGeneProduct,6441,257,261,train
17083016,6,inflammatory,DiseaseOrPhenotypicFeature,D007249,335,347,train
17083016,7,sugars,ChemicalEntity,D000073893,399,405,train
17083016,8,SP-A1,GeneOrGeneProduct,653509,544,549,train
17083016,9,SP-A2,GeneOrGeneProduct,729238,551,556,train
17083016,10,SP-D,GeneOrGeneProduct,6441,562,566,train
17083016,11,patients,OrganismTaxon,9606,619,627,train
17083016,12,meningococcal disease,DiseaseOrPhenotypicFeature,D008589,658,679,train
17083016,13,patients,OrganismTaxon,9606,694,702,train
17083016,14,died,DiseaseOrPhenotypicFeature,D003643,707,711,train
17083016,15,SP-A2,GeneOrGeneProduct,729238,786,791,train
17083016,16,meningococcal disease,DiseaseOrPhenotypicFeature,D008589,814,835,train
17083016,17,SP-A,GeneOrGeneProduct,"653509,729238",1025,1029,train
17083016,18,lysine (in 1A1) rather than glutamine (in 1A5) at amino acid 223,SequenceVariant,c|SUB|Q|223|K,1082,1146,train
17083016,19,carbohydrate,ChemicalEntity,D002241,1154,1166,train
17083016,20,meningococcal disease,DiseaseOrPhenotypicFeature,D008589,1227,1248,train
17083016,21,lysine at residue 223,SequenceVariant,c|Allele|K|223,1307,1328,train
17083016,22,patients,OrganismTaxon,9606,1349,1357,train
17083016,23,died,DiseaseOrPhenotypicFeature,D003643,1362,1366,train
17083016,24,SP-A1,GeneOrGeneProduct,653509,1474,1479,train
17083016,25,SP-D,GeneOrGeneProduct,6441,1484,1488,train
17083016,26,meningococcal disease,DiseaseOrPhenotypicFeature,D008589,1513,1534,train
17083016,27,glutamine with lysine at residue 223,SequenceVariant,c|SUB|Q|223|K,1600,1636,train
17083016,28,carbohydrate,ChemicalEntity,D002241,1644,1656,train
17083016,29,SP-A2,GeneOrGeneProduct,729238,1679,1684,train
17083016,30,meningococcal disease,DiseaseOrPhenotypicFeature,D008589,1713,1734,train
17083016,31,death,DiseaseOrPhenotypicFeature,D003643,1759,1764,train
17910065,0,human,OrganismTaxon,9606,50,55,train
17910065,1,PAX9,GeneOrGeneProduct,5083,56,60,train
17910065,2,oligodontia,DiseaseOrPhenotypicFeature,C538049,68,79,train
17910065,3,PAX9,GeneOrGeneProduct,5083,81,85,train
17910065,4,MSX1,GeneOrGeneProduct,4487,90,94,train
17910065,5,humans,OrganismTaxon,9606,188,194,train
17910065,6,nonsyndromic and syndromic oligodontia,DiseaseOrPhenotypicFeature,C538049,240,278,train
17910065,7,nonsyndromic oligodontia,DiseaseOrPhenotypicFeature,C538049,322,346,train
17910065,8,PAX9,GeneOrGeneProduct,5083,364,368,train
17910065,9,MSX1,GeneOrGeneProduct,4487,373,377,train
17910065,10,C139T,SequenceVariant,rs121917720,484,489,train
17910065,11,PAX9,GeneOrGeneProduct,5083,504,508,train
17910065,12,MSX1,GeneOrGeneProduct,4487,614,618,train
17910065,13,C139T,SequenceVariant,rs121917720,624,629,train
17910065,14,arginine by a tryptophan,SequenceVariant,rs121917720,686,710,train
17910065,15,R47W,SequenceVariant,rs121917720,712,716,train
17910065,16,PAX9,GeneOrGeneProduct,5083,782,786,train
17910065,17,oligodontia phenotype,DiseaseOrPhenotypicFeature,C538049,850,871,train
17910065,18,PAX9,GeneOrGeneProduct,5083,945,949,train
17910065,19,R47W,SequenceVariant,rs121917720,1008,1012,train
18366737,0,FH,GeneOrGeneProduct,2271,4,6,train
18366737,1,fumarate hydratase,GeneOrGeneProduct,2271,48,66,train
18366737,2,MCUL,DiseaseOrPhenotypicFeature,C535516,93,97,train
18366737,3,HLRCC,DiseaseOrPhenotypicFeature,C535516,99,104,train
18366737,4,tumor syndrome,DiseaseOrPhenotypicFeature,D009369,106,120,train
18366737,5,fumarase deficiency,DiseaseOrPhenotypicFeature,C538191,136,155,train
18366737,6,Fumarate hydratase,GeneOrGeneProduct,2271,169,187,train
18366737,7,FH,GeneOrGeneProduct,2271,217,219,train
18366737,8,fumarase,GeneOrGeneProduct,2271,236,244,train
18366737,9,tricarboxylic acid,ChemicalEntity,D014233,266,284,train
18366737,10,TCA,ChemicalEntity,D014233,286,289,train
18366737,11,deficiency of FH,DiseaseOrPhenotypicFeature,C538191,389,405,train
18366737,12,encephalopathy,DiseaseOrPhenotypicFeature,D001927,437,451,train
18366737,13,Leiomyoma,DiseaseOrPhenotypicFeature,D007889,475,484,train
18366737,14,FH,GeneOrGeneProduct,2271,542,544,train
18366737,15,patients,OrganismTaxon,9606,548,556,train
18366737,16,multiple cutaneous and uterine leiomyomas,DiseaseOrPhenotypicFeature,C535516,562,603,train
18366737,17,MCUL,DiseaseOrPhenotypicFeature,C535516,606,610,train
18366737,18,OMIM 150800,DiseaseOrPhenotypicFeature,C535516,612,623,train
18366737,19,renal cell cancer,DiseaseOrPhenotypicFeature,D002292,643,660,train
18366737,20,hereditary leiomyomatosis and renal cell cancer,DiseaseOrPhenotypicFeature,C535516,733,780,train
18366737,21,HLRCC,DiseaseOrPhenotypicFeature,C535516,782,787,train
18366737,22,OMIM 605839,DiseaseOrPhenotypicFeature,C535516,789,800,train
18366737,23,FH,GeneOrGeneProduct,2271,825,827,train
18366737,24,tumor,DiseaseOrPhenotypicFeature,D009369,833,838,train
18366737,25,tumorigenesis,DiseaseOrPhenotypicFeature,D009369,1060,1073,train
18366737,26,FH,GeneOrGeneProduct,2271,1092,1094,train
18366737,27,TCA,ChemicalEntity,D014233,1130,1133,train
18366737,28,FH,GeneOrGeneProduct,2271,1444,1446,train
18366737,29,FH,GeneOrGeneProduct,2271,1655,1657,train
18366737,30,FH deficiency,DiseaseOrPhenotypicFeature,C538191,1723,1736,train
18366737,31,patients,OrganismTaxon,9606,1737,1745,train
18366737,32,patients,OrganismTaxon,9606,1750,1758,train
18366737,33,MCUL,DiseaseOrPhenotypicFeature,C535516,1764,1768,train
18366737,34,HLRRC,DiseaseOrPhenotypicFeature,C535516,1769,1774,train
18366737,35,FH,GeneOrGeneProduct,2271,2052,2054,train
18366737,36,FH,GeneOrGeneProduct,2271,2090,2092,train
18366737,37,FH,GeneOrGeneProduct,2271,2176,2178,train
18366737,38,patients,OrganismTaxon,9606,2291,2299,train
18366737,39,FH,GeneOrGeneProduct,2271,2447,2449,train
18827003,0,human,OrganismTaxon,9606,59,64,train
18827003,1,glucocorticoid receptor,GeneOrGeneProduct,2908,65,88,train
18827003,2,hGR,GeneOrGeneProduct,2908,90,93,train
18827003,3,hGR,GeneOrGeneProduct,2908,110,113,train
18827003,4,glucocorticoid,ChemicalEntity,D005938,179,193,train
18827003,5,cortisol,ChemicalEntity,D006854,250,258,train
18827003,6,human,OrganismTaxon,9606,332,337,train
18827003,7,glucocorticoid receptor,GeneOrGeneProduct,2908,338,361,train
18827003,8,hGR,GeneOrGeneProduct,2908,363,366,train
18827003,9,glucocorticoid,ChemicalEntity,D005938,472,486,train
18827003,10,hypersensitivity,DiseaseOrPhenotypicFeature,D004342,487,503,train
18827003,11,(G --> C) substitution at position 1201,SequenceVariant,c|SUB|G|1201|C,558,597,train
18827003,12,hGR,GeneOrGeneProduct,2908,614,617,train
18827003,13,aspartic acid to histidine substitution at amino acid position 401,SequenceVariant,p|SUB|D|401|H,642,708,train
18827003,14,hGRalpha,GeneOrGeneProduct,2908,745,753,train
18827003,15,hGRalpha,GeneOrGeneProduct,2908,837,845,train
18827003,16,D401H,SequenceVariant,p|SUB|D|401|H,845,850,train
18827003,17,hGRalpha,GeneOrGeneProduct,2908,897,905,train
18827003,18,hGRalpha,GeneOrGeneProduct,2908,927,935,train
18827003,19,D401H,SequenceVariant,p|SUB|D|401|H,935,940,train
18827003,20,glucocorticoid,ChemicalEntity,D005938,1010,1024,train
18827003,21,mouse mammary tumor virus,OrganismTaxon,11757,1035,1060,train
18827003,22,dexamethasone,ChemicalEntity,D003907,1085,1098,train
18827003,23,hGRalpha,GeneOrGeneProduct,2908,1291,1299,train
18827003,24,D401H,SequenceVariant,p|SUB|D|401|H,1299,1304,train
18827003,25,glucocorticoid,ChemicalEntity,D005938,1423,1437,train
18827003,26,glucocorticoid receptor-interacting protein 1,GeneOrGeneProduct,23426,1501,1546,train
18827003,27,hGRalpha,GeneOrGeneProduct,2908,1593,1601,train
18827003,28,D401H,SequenceVariant,p|SUB|D|401|H,1601,1606,train
18827003,29,glucocorticoid-responsive genes,GeneOrGeneProduct,2908,1648,1679,train
18827003,30,D401H,SequenceVariant,p|SUB|D|401|H,1701,1706,train
18827003,31,obesity,DiseaseOrPhenotypicFeature,D009765,1743,1750,train
18827003,32,hypertension,DiseaseOrPhenotypicFeature,D006973,1752,1764,train
18827003,33,metabolic syndrome,DiseaseOrPhenotypicFeature,D008659,1798,1816,train
20105280,0,Ras,GeneOrGeneProduct,3265,10,13,train
20105280,1,Ras,GeneOrGeneProduct,3265,122,125,train
20105280,2,human,OrganismTaxon,9606,242,247,train
20105280,3,cancers,DiseaseOrPhenotypicFeature,D009369,248,255,train
20105280,4,Tumor,DiseaseOrPhenotypicFeature,D009369,257,262,train
20105280,5,Ras,GeneOrGeneProduct,3265,290,293,train
20105280,6,murine,OrganismTaxon,10090,410,416,train
20105280,7,fibroblast growth factor,GeneOrGeneProduct,64654,539,563,train
20105280,8,FGF,GeneOrGeneProduct,64654,565,568,train
20105280,9,mice,OrganismTaxon,10090,841,845,train
20105280,10,human,OrganismTaxon,9606,894,899,train
20105280,11,H-Ras,GeneOrGeneProduct,3265,900,905,train
20105280,12,Ras,GeneOrGeneProduct,3265,944,947,train
20105280,13,cyclin D1 and D2,GeneOrGeneProduct,"12443,12444",1056,1072,train
20105280,14,cdk,GeneOrGeneProduct,12575,1205,1208,train
20105280,15,p27Kip1,GeneOrGeneProduct,12576,1220,1227,train
20105280,16,p57Kip2,GeneOrGeneProduct,12577,1232,1239,train
20105280,17,Ras,GeneOrGeneProduct,3265,1264,1267,train
20105280,18,Erk1,GeneOrGeneProduct,26417,1318,1322,train
20105280,19,Erk2,GeneOrGeneProduct,26413,1327,1331,train
20105280,20,Spry 1,GeneOrGeneProduct,24063,1391,1397,train
20105280,21,Spry 2,GeneOrGeneProduct,24064,1402,1408,train
20105280,22,Ras,GeneOrGeneProduct,3265,1433,1436,train
20105280,23,Raf,GeneOrGeneProduct,109880,1437,1440,train
20105280,24,Erk,GeneOrGeneProduct,"26413,26417",1441,1444,train
20105280,25,Ras,GeneOrGeneProduct,3265,1593,1596,train
20105280,26,Ras,GeneOrGeneProduct,3265,1609,1612,train
20105280,27,Ras,GeneOrGeneProduct,3265,1701,1704,train
20105280,28,Prox1,GeneOrGeneProduct,19130,1755,1760,train
20105280,29,Keratin 12,GeneOrGeneProduct,268482,1936,1946,train
20105280,30,Ras,GeneOrGeneProduct,3265,2015,2018,train
20105280,31,Ras,GeneOrGeneProduct,3265,2093,2096,train
20846357,0,connexin 26,GeneOrGeneProduct,2706,24,35,train
20846357,1,GJB2,GeneOrGeneProduct,2706,42,46,train
20846357,2,keratitis-ichthyosis-deafness (KID) syndrome,DiseaseOrPhenotypicFeature,C536168,102,146,train
20846357,3,Keratitis-ichthyosis-deafness (KID) syndrome,DiseaseOrPhenotypicFeature,C536168,160,204,train
20846357,4,congenital ectodermal disorder,DiseaseOrPhenotypicFeature,D004476,215,245,train
20846357,5,GJB2,GeneOrGeneProduct,2706,291,295,train
20846357,6,connexin 26,GeneOrGeneProduct,2706,331,342,train
20846357,7,p.Asp50Asn,SequenceVariant,rs28931594,374,384,train
20846357,8,KID syndrome,DiseaseOrPhenotypicFeature,C536168,611,623,train
20846357,9,GJB2,GeneOrGeneProduct,2706,720,724,train
20846357,10,hearing impairment,DiseaseOrPhenotypicFeature,D034381,821,839,train
20846357,11,ichthyosiform erythroderma,DiseaseOrPhenotypicFeature,D016113,841,867,train
20846357,12,palmoplantar keratoderma,DiseaseOrPhenotypicFeature,D007645,897,921,train
20846357,13,alopecia of the scalp and eyelashes,DiseaseOrPhenotypicFeature,D000505,923,958,train
20846357,14,KID syndrome,DiseaseOrPhenotypicFeature,C536168,1068,1080,train
20846357,15,acanthosis,DiseaseOrPhenotypicFeature,D000052,1090,1100,train
20846357,16,papillomatosis,DiseaseOrPhenotypicFeature,D010212,1105,1119,train
20846357,17,hyperkeratosis,DiseaseOrPhenotypicFeature,D017488,1155,1169,train
20846357,18,acitretin,ChemicalEntity,D017255,1231,1240,train
20846357,19,intraventricular and intracerebral haemorrhage,DiseaseOrPhenotypicFeature,"D000074042,D002543",1270,1316,train
20846357,20,hydrocephalus,DiseaseOrPhenotypicFeature,D006849,1329,1342,train
20846357,21,septicaemia,DiseaseOrPhenotypicFeature,D018805,1385,1396,train
20846357,22,meningitis,DiseaseOrPhenotypicFeature,D008581,1401,1411,train
20846357,23,infection,DiseaseOrPhenotypicFeature,D007239,1422,1431,train
20846357,24,Klebsiella pneumoniae,DiseaseOrPhenotypicFeature,D007710,1480,1501,train
20846357,25,respiratory failure,DiseaseOrPhenotypicFeature,D012131,1510,1529,train
20846357,26,GJB2,GeneOrGeneProduct,2706,1632,1636,train
20846357,27,c.263C>T,SequenceVariant,c|SUB|C|263|T,1712,1720,train
20846357,28,alanine for valine at position 88,SequenceVariant,p|SUB|A|88|V,1762,1795,train
20846357,29,p.Ala88Val,SequenceVariant,p|SUB|A|88|V,1797,1807,train
20846357,30,Cx26,GeneOrGeneProduct,2706,1892,1896,train
20846357,31,c.263C>T,SequenceVariant,c|SUB|C|263|T,1903,1911,train
20846357,32,p.Ala88Val,SequenceVariant,p|SUB|A|88|V,1913,1923,train
20846357,33,KID syndrome,DiseaseOrPhenotypicFeature,C536168,1936,1948,train
25622904,0,Sag,GeneOrGeneProduct,19823,16,19,train
25622904,1,Rbx2,GeneOrGeneProduct,19823,20,24,train
25622904,2,Roc2,GeneOrGeneProduct,19823,25,29,train
25622904,3,e3 ubiquitin ligase,GeneOrGeneProduct,19823,30,49,train
25622904,4,kras,GeneOrGeneProduct,16653,83,87,train
25622904,5,SAG,GeneOrGeneProduct,19823,142,145,train
25622904,6,RBX2,GeneOrGeneProduct,19823,146,150,train
25622904,7,E3 ubiquitin ligase,GeneOrGeneProduct,19823,151,170,train
25622904,8,NOXA,GeneOrGeneProduct,58801,238,242,train
25622904,9,NF1,GeneOrGeneProduct,18015,247,250,train
25622904,10,Kras,GeneOrGeneProduct,16653,273,277,train
25622904,11,lung tumorigenesis,DiseaseOrPhenotypicFeature,D008175,289,307,train
25622904,12,NFkappaB,GeneOrGeneProduct,18033,322,330,train
25622904,13,mTOR,GeneOrGeneProduct,56717,335,339,train
25622904,14,tumor,DiseaseOrPhenotypicFeature,D009369,377,382,train
25622904,15,IkappaB,GeneOrGeneProduct,18033,416,423,train
25622904,16,DEPTOR,GeneOrGeneProduct,97998,425,431,train
25622904,17,p21,GeneOrGeneProduct,12575,433,436,train
25622904,18,p27,GeneOrGeneProduct,12576,441,444,train
25622904,19,Sag,GeneOrGeneProduct,19823,479,482,train
25622904,20,Rbx2,GeneOrGeneProduct,19823,483,487,train
25622904,21,E3 ligase,GeneOrGeneProduct,19823,488,497,train
25622904,22,mouse,OrganismTaxon,10090,544,549,train
25622904,23,Sag,GeneOrGeneProduct,19823,595,598,train
25622904,24,Kras,GeneOrGeneProduct,16653,645,649,train
25622904,25,G12D,SequenceVariant,rs121913529,650,654,train
25622904,26,Sag,GeneOrGeneProduct,19823,681,684,train
25622904,27,p16,GeneOrGeneProduct,12578,824,827,train
25622904,28,p53,GeneOrGeneProduct,22059,837,840,train
25622904,29,Sag,GeneOrGeneProduct,19823,859,862,train
25622904,30,Jun-B,GeneOrGeneProduct,16477,895,900,train
25622904,31,Sag,GeneOrGeneProduct,19823,917,920,train
25622904,32,Fbxw7,GeneOrGeneProduct,50754,921,926,train
25622904,33,E3 ligase,GeneOrGeneProduct,19823,927,936,train
25622904,34,p16,GeneOrGeneProduct,12578,976,979,train
25622904,35,Sag,GeneOrGeneProduct,19823,1032,1035,train
25622904,36,Cdkn2a,GeneOrGeneProduct,12578,1096,1102,train
25622904,37,p16,GeneOrGeneProduct,12578,1108,1111,train
25622904,38,Kras,GeneOrGeneProduct,16653,1168,1172,train
25622904,39,G12D,SequenceVariant,rs121913529,1173,1177,train
25622904,40,Sag,GeneOrGeneProduct,19823,1228,1231,train
25622904,41,Cdkn2a,GeneOrGeneProduct,12578,1318,1324,train
25622904,42,Sag,GeneOrGeneProduct,19823,1349,1352,train
25622904,43,Kras,GeneOrGeneProduct,16653,1374,1378,train
25622904,44,G12D,SequenceVariant,rs121913529,1379,1383,train
25622904,45,MAPK,GeneOrGeneProduct,26413,1408,1412,train
25622904,46,p16,GeneOrGeneProduct,12578,1458,1461,train
25622904,47,Sag,GeneOrGeneProduct,19823,1531,1534,train
25622904,48,Kras,GeneOrGeneProduct,16653,1540,1544,train
25622904,49,G12D,SequenceVariant,rs121913529,1545,1549,train
25622904,50,Kras,GeneOrGeneProduct,16653,1585,1589,train
25622904,51,G12D,SequenceVariant,rs121913529,1590,1594,train
25622904,52,SAG,GeneOrGeneProduct,19823,1654,1657,train
25622904,53,SCF,GeneOrGeneProduct,50754,1658,1661,train
25622904,54,E3 ligase,GeneOrGeneProduct,19823,1662,1671,train
25622904,55,cancer,DiseaseOrPhenotypicFeature,D009369,1732,1738,train
26115410,0,Arsenic,ChemicalEntity,D001151,69,76,train
26115410,1,inorganic arsenic,ChemicalEntity,D001152,269,286,train
26115410,2,iAs,ChemicalEntity,D001152,288,291,train
26115410,3,Inorganic As,ChemicalEntity,D001152,318,330,train
26115410,4,iAs,ChemicalEntity,D001152,569,572,train
26115410,5,cancer,DiseaseOrPhenotypicFeature,D009369,659,665,train
26115410,6,cancer,DiseaseOrPhenotypicFeature,D009369,773,779,train
26115410,7,iAs,ChemicalEntity,D001152,840,843,train
26115410,8,cancer,DiseaseOrPhenotypicFeature,D009369,962,968,train
26115410,9,iAs,ChemicalEntity,D001152,1058,1061,train
26115410,10,carcinogenic,DiseaseOrPhenotypicFeature,D009369,1086,1098,train
26115410,11,iAs,ChemicalEntity,D001152,1166,1169,train
26115410,12,cancer,DiseaseOrPhenotypicFeature,D009369,1183,1189,train
26115410,13,human,OrganismTaxon,9606,1314,1319,train
28098423,0,Brain-derived neurotrophic factor,GeneOrGeneProduct,24225,0,33,train
28098423,1,doxorubicin,ChemicalEntity,D004317,45,56,train
28098423,2,cardiac dysfunction,DiseaseOrPhenotypicFeature,D006331,65,84,train
28098423,3,Akt,GeneOrGeneProduct,24185,104,107,train
28098423,4,rats,OrganismTaxon,10116,122,126,train
28098423,5,doxorubicin,ChemicalEntity,D004317,156,167,train
28098423,6,Dox,ChemicalEntity,D004317,169,172,train
28098423,7,cardiotoxicity,DiseaseOrPhenotypicFeature,D066126,210,224,train
28098423,8,brain-derived neurotrophic factor,GeneOrGeneProduct,24225,289,322,train
28098423,9,BDNF,GeneOrGeneProduct,24225,324,328,train
28098423,10,BDNF,GeneOrGeneProduct,24225,351,355,train
28098423,11,Dox,ChemicalEntity,D004317,378,381,train
28098423,12,cardiotoxicity,DiseaseOrPhenotypicFeature,D066126,390,404,train
28098423,13,rats,OrganismTaxon,10116,421,425,train
28098423,14,Dox,ChemicalEntity,D004317,445,448,train
28098423,15,BDNF,GeneOrGeneProduct,24225,524,528,train
28098423,16,H9c2,CellLine,CVCL_0286,560,564,train
28098423,17,Dox,ChemicalEntity,D004317,589,592,train
28098423,18,BDNF,GeneOrGeneProduct,24225,607,611,train
28098423,19,BDNF,GeneOrGeneProduct,24225,656,660,train
28098423,20,Dox,ChemicalEntity,D004317,669,672,train
28098423,21,cardiac injury,DiseaseOrPhenotypicFeature,D006331,681,695,train
28098423,22,BDNF,GeneOrGeneProduct,24225,754,758,train
28098423,23,Dox,ChemicalEntity,D004317,774,777,train
28098423,24,rat,OrganismTaxon,10116,786,789,train
28098423,25,BDNF,GeneOrGeneProduct,24225,810,814,train
28098423,26,tropomyosin-related kinase B,GeneOrGeneProduct,25054,832,860,train
28098423,27,TrkB,GeneOrGeneProduct,25054,862,866,train
28098423,28,BDNF,GeneOrGeneProduct,24225,901,905,train
28098423,29,Brain-derived neurotrophic factor,GeneOrGeneProduct,24225,922,955,train
28098423,30,Dox,ChemicalEntity,D004317,980,983,train
28098423,31,cardiac dysfunction,DiseaseOrPhenotypicFeature,D006331,1038,1057,train
28098423,32,rats,OrganismTaxon,10116,1061,1065,train
28098423,33,BDNF,GeneOrGeneProduct,24225,1078,1082,train
28098423,34,Dox,ChemicalEntity,D004317,1147,1150,train
28098423,35,H9c2,CellLine,CVCL_0286,1159,1163,train
28098423,36,BDNF,GeneOrGeneProduct,24225,1229,1233,train
28098423,37,Akt,GeneOrGeneProduct,24185,1244,1247,train
28098423,38,mammalian target of rapamycin,GeneOrGeneProduct,56718,1281,1310,train
28098423,39,Bad,GeneOrGeneProduct,64639,1315,1318,train
28098423,40,p38 mitogen-activated protein kinase,GeneOrGeneProduct,81649,1337,1373,train
28098423,41,extracellular regulated protein kinase,GeneOrGeneProduct,116590,1378,1416,train
28098423,42,BDNF,GeneOrGeneProduct,24225,1465,1469,train
28098423,43,BDNF,GeneOrGeneProduct,24225,1487,1491,train
28098423,44,TrkB,GeneOrGeneProduct,25054,1502,1506,train
28098423,45,Akt,GeneOrGeneProduct,24185,1513,1516,train
28098423,46,BDNF,GeneOrGeneProduct,24225,1591,1595,train
28098423,47,Dox,ChemicalEntity,D004317,1604,1607,train
28098423,48,cardiotoxicity,DiseaseOrPhenotypicFeature,D066126,1616,1630,train
28098423,49,Akt,GeneOrGeneProduct,24185,1645,1648,train
28098423,50,Dox,ChemicalEntity,D004317,1698,1701,train
28098423,51,cancer,DiseaseOrPhenotypicFeature,D009369,1705,1711,train
15042318,0,Atrial fibrillation,DiseaseOrPhenotypicFeature,D001281,0,19,train
15042318,1,gastric lymphoma,DiseaseOrPhenotypicFeature,C535648,79,95,train
15042318,2,patient,OrganismTaxon,9606,101,108,train
15042318,3,myotonic dystrophy,DiseaseOrPhenotypicFeature,D009223,114,132,train
15042318,4,Steinert's disease,DiseaseOrPhenotypicFeature,D009223,134,152,train
15042318,5,gastric lymphoma,DiseaseOrPhenotypicFeature,C535648,223,239,train
15042318,6,myotonic dystrophy,DiseaseOrPhenotypicFeature,D009223,244,262,train
15042318,7,muscular dystrophy,DiseaseOrPhenotypicFeature,D009136,294,312,train
15042318,8,atrial fibrillation,DiseaseOrPhenotypicFeature,D001281,325,344,train
15042318,9,doxorubicin,ChemicalEntity,D004317,368,379,train
15042318,10,patient,OrganismTaxon,9606,411,418,train
15042318,11,Atrial fibrillation,DiseaseOrPhenotypicFeature,D001281,420,439,train
15042318,12,cardiac arrhythmias,DiseaseOrPhenotypicFeature,D001145,449,468,train
15042318,13,patients,OrganismTaxon,9606,498,506,train
15042318,14,cardiac toxicity,DiseaseOrPhenotypicFeature,D066126,538,554,train
15042318,15,arrhythmia,DiseaseOrPhenotypicFeature,D001145,668,678,train
15042318,16,patient,OrganismTaxon,9606,717,724,train
15184369,0,Ca2+,ChemicalEntity,D002118,0,4,train
15184369,1,Ca2+,ChemicalEntity,D002118,23,27,train
15184369,2,TRPV6,GeneOrGeneProduct,55503,38,43,train
15184369,3,TRPV6,GeneOrGeneProduct,55503,116,121,train
15184369,4,HEK,CellLine,CVCL_M624,133,136,train
15184369,5,Ca(2+),ChemicalEntity,D002118,169,175,train
15184369,6,Ca(2+),ChemicalEntity,D002118,184,190,train
15184369,7,fura-2,ChemicalEntity,D016257,250,256,train
15184369,8,Ca(2+),ChemicalEntity,D002118,292,298,train
15184369,9,Ca(2+),ChemicalEntity,D002118,399,405,train
15184369,10,EGTA,ChemicalEntity,D004533,422,426,train
15184369,11,HEK,CellLine,CVCL_M624,471,474,train
15184369,12,human,OrganismTaxon,9606,502,507,train
15184369,13,TRPV6,GeneOrGeneProduct,55503,508,513,train
15184369,14,EGTA,ChemicalEntity,D004533,629,633,train
15184369,15,Ca(2+),ChemicalEntity,D002118,669,675,train
15184369,16,TRPV6,GeneOrGeneProduct,55503,773,778,train
15184369,17,Ca(2+),ChemicalEntity,D002118,817,823,train
15184369,18,TRPV6,GeneOrGeneProduct,55503,860,865,train
15184369,19,Ca(2+),ChemicalEntity,D002118,902,908,train
15184369,20,TRPV6,GeneOrGeneProduct,55503,972,977,train
15184369,21,EGTA,ChemicalEntity,D004533,1137,1141,train
15184369,22,TRPV6,GeneOrGeneProduct,55503,1147,1152,train
15184369,23,Ca(2+),ChemicalEntity,D002118,1188,1194,train
15184369,24,TRPV6,GeneOrGeneProduct,55503,1310,1315,train
15184369,25,Ca(2+),ChemicalEntity,D002118,1351,1357,train
15184369,26,TRPV6,GeneOrGeneProduct,55503,1424,1429,train
15184369,27,human,OrganismTaxon,9606,1473,1478,train
15184369,28,TRPV6,GeneOrGeneProduct,55503,1479,1484,train
15184369,29,human,OrganismTaxon,9606,1500,1505,train
15184369,30,TRPV6,GeneOrGeneProduct,55503,1506,1511,train
15184369,31,Delta695-725,SequenceVariant,p|DEL|695-725|,1512,1524,train
15184369,32,Ca(2+),ChemicalEntity,D002118,1574,1580,train
15184369,33,human,OrganismTaxon,9606,1657,1662,train
15184369,34,TRPV6,GeneOrGeneProduct,55503,1663,1668,train
15184369,35,D542A,SequenceVariant,p|SUB|D|542|A,1669,1674,train
15184369,36,TRPV6,GeneOrGeneProduct,55503,1797,1802,train
15184369,37,HEK,CellLine,CVCL_M624,1870,1873,train
15807692,0,VII collagen,GeneOrGeneProduct,1294,29,41,train
15807692,1,recessive dystrophic epidermolysis bullosa,DiseaseOrPhenotypicFeature,D016108,77,119,train
15807692,2,VII collagen,GeneOrGeneProduct,1294,267,279,train
15807692,3,recessive dystrophic epidermolysis bullosa,DiseaseOrPhenotypicFeature,D016108,296,338,train
15807692,4,Hallopeau-Siemens,DiseaseOrPhenotypicFeature,D016108,340,357,train
15807692,5,HS-RDEB,DiseaseOrPhenotypicFeature,D016108,367,374,train
15807692,6,single base pair deletion of a cytosine nucleotide,SequenceVariant,c|DEL||C,404,454,train
15807692,7,3472delC,SequenceVariant,c|DEL|3472|C,478,486,train
15807692,8,G-->A,SequenceVariant,c|SUB|G||A,648,653,train
15807692,9,IVS51 + 1G-->A,SequenceVariant,c|SUB|G|IVS51+1|A,730,744,train
15807692,10,HS-RDEB,DiseaseOrPhenotypicFeature,D016108,1129,1136,train
16157158,0,Cys 23-Ser 23,SequenceVariant,rs6318,2,15,train
16157158,1,5-HT(2C) receptor,GeneOrGeneProduct,3358,36,53,train
16157158,2,seasonal affective disorder,DiseaseOrPhenotypicFeature,D016574,109,136,train
16157158,3,seasonal affective disorder,DiseaseOrPhenotypicFeature,D016574,198,225,train
16157158,4,SAD,DiseaseOrPhenotypicFeature,D016574,227,230,train
16157158,5,weight gain when depressed,DiseaseOrPhenotypicFeature,D015430,293,319,train
16157158,6,serotonin 2C receptor,GeneOrGeneProduct,3358,325,346,train
16157158,7,5-HT(2C),GeneOrGeneProduct,3358,348,356,train
16157158,8,5-HT(2C),GeneOrGeneProduct,3358,413,421,train
16157158,9,Cys 23 Ser,SequenceVariant,rs6318,422,432,train
16157158,10,Cys 23 Ser,SequenceVariant,rs6318,494,504,train
16157158,11,5-HT(2C),GeneOrGeneProduct,3358,517,525,train
16157158,12,5-HT(2C),GeneOrGeneProduct,3358,560,568,train
16157158,13,Cys 23 Ser,SequenceVariant,rs6318,600,610,train
16157158,14,SAD,DiseaseOrPhenotypicFeature,D016574,656,659,train
16157158,15,SAD,DiseaseOrPhenotypicFeature,D016574,716,719,train
16157158,16,SAD,DiseaseOrPhenotypicFeature,D016574,764,767,train
16157158,17,Cys 23 Ser,SequenceVariant,rs6318,801,811,train
16157158,18,patients,OrganismTaxon,9606,864,872,train
16157158,19,patients,OrganismTaxon,9606,950,958,train
16157158,20,Cys 23 Ser,SequenceVariant,rs6318,986,996,train
16157158,21,patients,OrganismTaxon,9606,1212,1220,train
16157158,22,Cys 23 Ser,SequenceVariant,rs6318,1222,1232,train
16157158,23,Cys 23 Ser,SequenceVariant,rs6318,1356,1366,train
16157158,24,SAD,DiseaseOrPhenotypicFeature,D016574,1435,1438,train
16157158,25,Cys 23 Ser,SequenceVariant,rs6318,1518,1528,train
17192049,0,Cytochrome p4501A1,GeneOrGeneProduct,1543,0,18,train
17192049,1,prostate cancer,DiseaseOrPhenotypicFeature,D011471,62,77,train
17192049,2,CYP1A1,GeneOrGeneProduct,1543,79,85,train
17192049,3,prostate cancer,DiseaseOrPhenotypicFeature,D011471,232,247,train
17192049,4,A to G,SequenceVariant,rs1048943,339,345,train
17192049,5,Ile462Val,SequenceVariant,rs1048943,401,410,train
17192049,6,T3801C,SequenceVariant,g|SUB|T|3801|C,415,421,train
17192049,7,CYP1A1,GeneOrGeneProduct,1543,435,441,train
17192049,8,prostate cancer,DiseaseOrPhenotypicFeature,D011471,450,465,train
17192049,9,CYP1A1,GeneOrGeneProduct,1543,650,656,train
17192049,10,CYP1A1,GeneOrGeneProduct,1543,714,720,train
17192049,11,Ile/Val,SequenceVariant,rs1048943,721,728,train
17192049,12,prostate cancer,DiseaseOrPhenotypicFeature,D011471,809,824,train
17192049,13,tumor,DiseaseOrPhenotypicFeature,D009369,924,929,train
17192049,14,tumor,DiseaseOrPhenotypicFeature,D009369,1033,1038,train
17192049,15,prostate cancer,DiseaseOrPhenotypicFeature,D011471,1280,1295,train
18356633,0,amikacin,ChemicalEntity,D000583,17,25,train
18356633,1,nephrotoxicity,DiseaseOrPhenotypicFeature,D007674,26,40,train
18356633,2,Amikacin,ChemicalEntity,D000583,80,88,train
18356633,3,aminoglycoside,ChemicalEntity,D000617,95,109,train
18356633,4,febrile neutropenia,DiseaseOrPhenotypicFeature,D009503,180,199,train
18356633,5,infections,DiseaseOrPhenotypicFeature,D007239,220,230,train
18356633,6,amikacin,ChemicalEntity,D000583,460,468,train
18356633,7,nephrotoxicity,DiseaseOrPhenotypicFeature,D007674,480,494,train
18356633,8,patients,OrganismTaxon,9606,646,654,train
18356633,9,hematologic/oncologic disorder,DiseaseOrPhenotypicFeature,"D006402,D009369",690,720,train
18356633,10,aminoglycoside,ChemicalEntity,D000617,753,767,train
18356633,11,amikacin,ChemicalEntity,D000583,828,836,train
18356633,12,nephrotoxicity,DiseaseOrPhenotypicFeature,D007674,856,870,train
18356633,13,creatinine,ChemicalEntity,D003404,904,914,train
18356633,14,amikacin,ChemicalEntity,D000583,946,954,train
18356633,15,nephrotoxicity,DiseaseOrPhenotypicFeature,D007674,1035,1049,train
18356633,16,patients,OrganismTaxon,9606,1161,1169,train
18356633,17,nephrotoxicity,DiseaseOrPhenotypicFeature,D007674,1301,1315,train
19696792,0,ABCG2,GeneOrGeneProduct,9429,34,39,train
19696792,1,irinotecan,ChemicalEntity,D000077146,59,69,train
19696792,2,myelosuppression,DiseaseOrPhenotypicFeature,D001855,85,101,train
19696792,3,Irinotecan,ChemicalEntity,D000077146,103,113,train
19696792,4,colorectal and lung cancers,DiseaseOrPhenotypicFeature,"D008175,D015179",175,202,train
19696792,5,toxicities,DiseaseOrPhenotypicFeature,D064420,221,231,train
19696792,6,myelosuppression,DiseaseOrPhenotypicFeature,D001855,247,263,train
19696792,7,diarrhea,DiseaseOrPhenotypicFeature,D003967,268,276,train
19696792,8,irinotecan,ChemicalEntity,D000077146,353,363,train
19696792,9,myelosuppression,DiseaseOrPhenotypicFeature,D001855,379,395,train
19696792,10,patients,OrganismTaxon,9606,437,445,train
19696792,11,myelosuppression,DiseaseOrPhenotypicFeature,D001855,467,483,train
19696792,12,patients,OrganismTaxon,9606,491,499,train
19696792,13,toxicity,DiseaseOrPhenotypicFeature,D064420,524,532,train
19696792,14,irinotecan,ChemicalEntity,D000077146,650,660,train
19696792,15,myelosuppression,DiseaseOrPhenotypicFeature,D001855,744,760,train
19696792,16,rs2622604,SequenceVariant,rs2622604,882,891,train
19696792,17,ABCG2,GeneOrGeneProduct,9429,896,901,train
19696792,18,myelosuppression,DiseaseOrPhenotypicFeature,D001855,998,1014,train
19696792,19,ABCG2,GeneOrGeneProduct,9429,1182,1187,train
19696792,20,irinotecan,ChemicalEntity,D000077146,1282,1292,train
19696792,21,myelosuppression,DiseaseOrPhenotypicFeature,D001855,1312,1328,train
20226780,0,Zebrafish,OrganismTaxon,7955,0,9,train
20226780,1,chordin-like,GeneOrGeneProduct,563085,10,22,train
20226780,2,chordin,GeneOrGeneProduct,30161,27,34,train
20226780,3,Chordin,GeneOrGeneProduct,30161,113,120,train
20226780,4,cysteine-rich domain-containing proteins,GeneOrGeneProduct,"25884,30161,373985,419054,563085,69121,83453,91851",152,192,train
20226780,5,TGFbeta,GeneOrGeneProduct,359834,237,244,train
20226780,6,Chordin-like 1 and 2,GeneOrGeneProduct,"373985,83453,91851,25884,419054,69121",259,279,train
20226780,7,CHL1 and 2,GeneOrGeneProduct,"373985,83453,91851,25884,419054,69121",281,291,train
20226780,8,human,OrganismTaxon,9606,351,356,train
20226780,9,mouse,OrganismTaxon,10090,358,363,train
20226780,10,chick,OrganismTaxon,9031,369,374,train
20226780,11,CHL1 and 2,GeneOrGeneProduct,"373985,83453,91851,25884,419054,69121",403,413,train
20226780,12,zebrafish,OrganismTaxon,7955,523,532,train
20226780,13,Danio rerio,OrganismTaxon,7955,534,545,train
20226780,14,CHL,GeneOrGeneProduct,563085,547,550,train
20226780,15,Chl,GeneOrGeneProduct,563085,552,555,train
20226780,16,chl,GeneOrGeneProduct,563085,562,565,train
20226780,17,murine,OrganismTaxon,10090,629,635,train
20226780,18,CHL2,GeneOrGeneProduct,69121,661,665,train
20226780,19,zebrafish,OrganismTaxon,7955,705,714,train
20226780,20,CHL1,GeneOrGeneProduct,91851,751,755,train
20226780,21,Chl,GeneOrGeneProduct,563085,775,778,train
20226780,22,zebrafish,OrganismTaxon,7955,798,807,train
20226780,23,CHL1,GeneOrGeneProduct,91851,828,832,train
20226780,24,CHL2,GeneOrGeneProduct,25884,837,841,train
20226780,25,Chl,GeneOrGeneProduct,563085,860,863,train
20226780,26,zebrafish,OrganismTaxon,7955,1022,1031,train
20226780,27,chordin,GeneOrGeneProduct,30161,1032,1039,train
20226780,28,Chd,GeneOrGeneProduct,30161,1041,1044,train
20226780,29,Chl,GeneOrGeneProduct,563085,1140,1143,train
20226780,30,Chd,GeneOrGeneProduct,30161,1150,1153,train
20226780,31,BMP1,GeneOrGeneProduct,30204,1212,1216,train
20226780,32,Chl,GeneOrGeneProduct,563085,1297,1300,train
20226780,33,BMP,GeneOrGeneProduct,30204,1313,1316,train
20226780,34,Chd,GeneOrGeneProduct,30161,1388,1391,train
20579626,0,Osterix,GeneOrGeneProduct,121340,43,50,train
20579626,1,patient,OrganismTaxon,9606,56,63,train
20579626,2,recessive osteogenesis imperfecta,DiseaseOrPhenotypicFeature,D010013,69,102,train
20579626,3,Osteogenesis imperfecta,DiseaseOrPhenotypicFeature,D010013,104,127,train
20579626,4,brittle bone disease,DiseaseOrPhenotypicFeature,D010013,133,153,train
20579626,5,type I collagen,GeneOrGeneProduct,1278,161,176,train
20579626,6,osteoporosis,DiseaseOrPhenotypicFeature,D010024,211,223,train
20579626,7,bone fractures,DiseaseOrPhenotypicFeature,D050723,246,260,train
20579626,8,single base pair deletion,SequenceVariant,rs137853893,367,392,train
20579626,9,c.1052delA,SequenceVariant,rs137853893,394,404,train
20579626,10,SP7,GeneOrGeneProduct,121340,409,412,train
20579626,11,Osterix,GeneOrGeneProduct,121340,413,420,train
20579626,12,OSX,GeneOrGeneProduct,121340,422,425,train
20579626,13,recessive osteogenesis imperfecta,DiseaseOrPhenotypicFeature,D010013,453,486,train
20579626,14,patient,OrganismTaxon,9606,520,527,train
20579626,15,fractures,DiseaseOrPhenotypicFeature,D050723,546,555,train
20579626,16,bone deformities,DiseaseOrPhenotypicFeature,D001847,562,578,train
20579626,17,tooth eruption,DiseaseOrPhenotypicFeature,D014079,588,602,train
20579626,18,OSX,GeneOrGeneProduct,121340,638,641,train
20579626,19,mice,OrganismTaxon,10090,761,765,train
20579626,20,c.1052delA,SequenceVariant,rs137853893,847,857,train
20579626,21,osteogenesis imperfecta,DiseaseOrPhenotypicFeature,D010013,1027,1050,train
20579626,22,SP7,GeneOrGeneProduct,121340,1068,1071,train
20579626,23,OSX,GeneOrGeneProduct,121340,1072,1075,train
20579626,24,human,OrganismTaxon,9606,1101,1106,train
22051099,0,CXCR1,GeneOrGeneProduct,3577,17,22,train
22051099,1,IL8RA,GeneOrGeneProduct,3577,29,34,train
22051099,2,chronic periodontitis,DiseaseOrPhenotypicFeature,D055113,77,98,train
22051099,3,chemokine receptor 1 CXCR-1,GeneOrGeneProduct,3577,116,143,train
22051099,4,IL8R-alpha,GeneOrGeneProduct,3577,148,158,train
22051099,5,interleukin 8,GeneOrGeneProduct,3576,191,204,train
22051099,6,IL-8,GeneOrGeneProduct,3576,206,210,train
22051099,7,inflammatory,DiseaseOrPhenotypicFeature,D007249,287,299,train
22051099,8,rs2234671,SequenceVariant,rs2234671,327,336,train
22051099,9,Ex2+860G>C,SequenceVariant,rs2234671,349,359,train
22051099,10,CXCR1,GeneOrGeneProduct,3577,367,372,train
22051099,11,S276T,SequenceVariant,rs2234671,425,430,train
22051099,12,lung cancer,DiseaseOrPhenotypicFeature,D008175,535,546,train
22051099,13,IL8,GeneOrGeneProduct,3576,622,625,train
22051099,14,CXCR2,GeneOrGeneProduct,3579,637,642,train
22051099,15,chronic periodontitis,DiseaseOrPhenotypicFeature,D055113,681,702,train
22051099,16,rs2234671,SequenceVariant,rs2234671,751,760,train
22051099,17,chronic periodontitis,DiseaseOrPhenotypicFeature,D055113,804,825,train
22051099,18,rs2234671,SequenceVariant,rs2234671,972,981,train
22051099,19,CXCR1,GeneOrGeneProduct,3577,989,994,train
22051099,20,chronic periodontitis,DiseaseOrPhenotypicFeature,D055113,1046,1067,train
22303482,0,TBX21,GeneOrGeneProduct,30009,0,5,train
22303482,1,HLX1,GeneOrGeneProduct,3142,10,14,train
22303482,2,TBX21,GeneOrGeneProduct,30009,80,85,train
22303482,3,T cell specific T-box transcription factor,GeneOrGeneProduct,30009,87,129,train
22303482,4,HLX1,GeneOrGeneProduct,3142,135,139,train
22303482,5,H.20-like homeobox 1,GeneOrGeneProduct,3142,141,161,train
22303482,6,TBX21,GeneOrGeneProduct,30009,377,382,train
22303482,7,HLX1,GeneOrGeneProduct,3142,387,391,train
22303482,8,asthma,DiseaseOrPhenotypicFeature,D001249,487,493,train
22303482,9,TBX21,GeneOrGeneProduct,30009,636,641,train
22303482,10,HLX1,GeneOrGeneProduct,3142,652,656,train
22303482,11,Lipid A,ChemicalEntity,D008050,698,705,train
22303482,12,LpA,ChemicalEntity,D008050,707,710,train
22303482,13,Peptidoglycan,ChemicalEntity,D010457,712,725,train
22303482,14,Ppg,ChemicalEntity,D010457,727,730,train
22303482,15,Dermatophagoides pteronyssinus 1,GeneOrGeneProduct,113791973,767,799,train
22303482,16,Derp1,GeneOrGeneProduct,113791973,801,806,train
22303482,17,phytohemagglutinin,ChemicalEntity,D010835,820,838,train
22303482,18,PHA,ChemicalEntity,D010835,840,843,train
22303482,19,TBX21,GeneOrGeneProduct,30009,1046,1051,train
22303482,20,rs17250932,SequenceVariant,rs17250932,1065,1075,train
22303482,21,HLX1,GeneOrGeneProduct,3142,1080,1084,train
22303482,22,rs2738751,SequenceVariant,rs2738751,1098,1107,train
22303482,23,IL-5,GeneOrGeneProduct,3567,1153,1157,train
22303482,24,IL-13,GeneOrGeneProduct,3596,1159,1164,train
22303482,25,TNF-a,GeneOrGeneProduct,7124,1169,1174,train
22303482,26,LpA,ChemicalEntity,D008050,1191,1194,train
22303482,27,HLX1,GeneOrGeneProduct,3142,1220,1224,train
22303482,28,rs2738751,SequenceVariant,rs2738751,1229,1238,train
22303482,29,IL-13,GeneOrGeneProduct,3596,1249,1254,train
22303482,30,Ppg,ChemicalEntity,D010457,1272,1275,train
22303482,31,HLX1,GeneOrGeneProduct,3142,1312,1316,train
22303482,32,rs12141189,SequenceVariant,rs12141189,1328,1338,train
22303482,33,IL-5,GeneOrGeneProduct,3567,1356,1360,train
22303482,34,LpA,ChemicalEntity,D008050,1362,1365,train
22303482,35,Ppg,ChemicalEntity,D010457,1378,1381,train
22303482,36,IL-13,GeneOrGeneProduct,3596,1414,1419,train
22303482,37,LpA,ChemicalEntity,D008050,1421,1424,train
22303482,38,GM-CSF,GeneOrGeneProduct,1437,1434,1440,train
22303482,39,LpA,ChemicalEntity,D008050,1442,1445,train
22303482,40,Ppg,ChemicalEntity,D010457,1446,1449,train
22303482,41,IFN-g,GeneOrGeneProduct,3458,1483,1488,train
22303482,42,Derp1,GeneOrGeneProduct,113791973,1500,1505,train
22303482,43,LpA,ChemicalEntity,D008050,1506,1509,train
22303482,44,HLX1,GeneOrGeneProduct,3142,1556,1560,train
22303482,45,rs3806325,SequenceVariant,rs3806325,1574,1583,train
22303482,46,IL-13,GeneOrGeneProduct,3596,1601,1606,train
22303482,47,IL-6,GeneOrGeneProduct,3569,1611,1615,train
22303482,48,TBX21,GeneOrGeneProduct,30009,1655,1660,train
22303482,49,rs11079788,SequenceVariant,rs11079788,1674,1684,train
22303482,50,TBX21,GeneOrGeneProduct,30009,1833,1838,train
22303482,51,rs11079788,SequenceVariant,rs11079788,1843,1853,train
22303482,52,atopic dermatitis,DiseaseOrPhenotypicFeature,D003876,1890,1907,train
22303482,53,TBX21,GeneOrGeneProduct,30009,1968,1973,train
22303482,54,HLX1,GeneOrGeneProduct,3142,1978,1982,train
22303482,55,IL-5,GeneOrGeneProduct,3567,2004,2008,train
22303482,56,IL-13,GeneOrGeneProduct,3596,2013,2018,train
22303482,57,LpA,ChemicalEntity,D008050,2035,2038,train
22303482,58,immune-mediated diseases,DiseaseOrPhenotypicFeature,D007154,2320,2344,train
22303482,59,asthma,DiseaseOrPhenotypicFeature,D001249,2363,2369,train
23791840,0,Superoxide dismutase 1,GeneOrGeneProduct,20655,0,22,train
23791840,1,mice,OrganismTaxon,10090,41,45,train
23791840,2,maternal diabetes,DiseaseOrPhenotypicFeature,D016640,56,73,train
23791840,3,diabetic,DiseaseOrPhenotypicFeature,D003920,114,122,train
23791840,4,embryopathy,DiseaseOrPhenotypicFeature,D005315,123,134,train
23791840,5,diabetic,DiseaseOrPhenotypicFeature,D003920,235,243,train
23791840,6,embryopathy,DiseaseOrPhenotypicFeature,D005315,244,255,train
23791840,7,superoxide dismutase 1,GeneOrGeneProduct,20655,343,365,train
23791840,8,SOD1,GeneOrGeneProduct,20655,367,371,train
23791840,9,SOD1,GeneOrGeneProduct,20655,438,442,train
23791840,10,diabetic,DiseaseOrPhenotypicFeature,D003920,463,471,train
23791840,11,SOD1,GeneOrGeneProduct,20655,487,491,train
23791840,12,C/EBP-homologous protein,GeneOrGeneProduct,13198,545,569,train
23791840,13,CHOP,GeneOrGeneProduct,13198,571,575,train
23791840,14,calnexin,GeneOrGeneProduct,12330,578,586,train
23791840,15,eukaryotic initiation factor 2a,GeneOrGeneProduct,229317,588,619,train
23791840,16,eIF2a,GeneOrGeneProduct,229317,621,626,train
23791840,17,protein kinase ribonucleic acid (RNA)-like ER kinase,GeneOrGeneProduct,13666,629,681,train
23791840,18,PERK,GeneOrGeneProduct,13666,683,687,train
23791840,19,binding immunoglobulin protein,GeneOrGeneProduct,14828,690,720,train
23791840,20,protein disulfide isomerase family A member 3,GeneOrGeneProduct,14827,722,767,train
23791840,21,kinases inositol-requiring protein-1a,GeneOrGeneProduct,78943,769,806,train
23791840,22,IRE1a,GeneOrGeneProduct,78943,808,813,train
23791840,23,X-box binding protein,GeneOrGeneProduct,22433,824,845,train
23791840,24,XBP1,GeneOrGeneProduct,22433,847,851,train
23791840,25,Maternal diabetes,DiseaseOrPhenotypicFeature,D016640,893,910,train
23791840,26,CHOP,GeneOrGeneProduct,13198,949,953,train
23791840,27,calnexin,GeneOrGeneProduct,12330,955,963,train
23791840,28,eIF2a,GeneOrGeneProduct,229317,984,989,train
23791840,29,PERK,GeneOrGeneProduct,13666,993,997,train
23791840,30,IRE1a,GeneOrGeneProduct,78943,1005,1010,train
23791840,31,XBP1,GeneOrGeneProduct,22433,1022,1026,train
23791840,32,SOD1,GeneOrGeneProduct,20655,1099,1103,train
23791840,33,diabetes,DiseaseOrPhenotypicFeature,D003920,1133,1141,train
23791840,34,SOD1,GeneOrGeneProduct,20655,1213,1217,train
23791840,35,maternal diabetes,DiseaseOrPhenotypicFeature,D016640,1240,1257,train
26027517,0,autotaxin,GeneOrGeneProduct,84050,4,13,train
26027517,1,LPA2,GeneOrGeneProduct,"498609,53978",14,18,train
26027517,2,GPCR,GeneOrGeneProduct,295589,19,23,train
26027517,3,radiation injury,DiseaseOrPhenotypicFeature,D011832,144,160,train
26027517,4,autotaxin,GeneOrGeneProduct,84050,199,208,train
26027517,5,ATX,GeneOrGeneProduct,84050,210,213,train
26027517,6,LPA2,GeneOrGeneProduct,498609,215,219,train
26027517,7,GPCR,GeneOrGeneProduct,295589,220,224,train
26027517,8,IEC-6,CellLine,CVCL_0343,234,239,train
26027517,9,lpa2,GeneOrGeneProduct,498609,344,348,train
26027517,10,NF-kappaB,GeneOrGeneProduct,81736,420,429,train
26027517,11,lpa2,GeneOrGeneProduct,498609,442,446,train
26027517,12,ATM/ATR kinases,GeneOrGeneProduct,"300711,685055",476,491,train
26027517,13,CGK-733,ChemicalEntity,C512273,497,504,train
26027517,14,lpa2,GeneOrGeneProduct,498609,522,526,train
26027517,15,ATM,GeneOrGeneProduct,300711,572,575,train
26027517,16,NF-kappaB,GeneOrGeneProduct,81736,580,589,train
26027517,17,gamma-H2AX,GeneOrGeneProduct,500987,640,650,train
26027517,18,LPA,GeneOrGeneProduct,53978,654,657,train
26027517,19,IEC-6,CellLine,CVCL_0343,666,671,train
26027517,20,LPA2,GeneOrGeneProduct,498609,782,786,train
26027517,21,gamma-H2AX,GeneOrGeneProduct,500987,813,823,train
26027517,22,LPA2,GeneOrGeneProduct,53978,828,832,train
26027517,23,MEF,CellLine,CVCL_9115,847,850,train
26027517,24,LPA1    '3,GeneOrGeneProduct,"14745,65086",865,875,train
26027517,25,gamma-H2AX,GeneOrGeneProduct,15270,890,900,train
26027517,26,MEF,CellLine,CVCL_9115,938,941,train
26027517,27,ERK1    '2,GeneOrGeneProduct,"26413,26417",990,1000,train
26027517,28,PI3K,GeneOrGeneProduct,18708,1004,1008,train
26027517,29,AKT,GeneOrGeneProduct,11651,1009,1012,train
26027517,30,C311A,SequenceVariant,p|SUB|C|311|A,1054,1059,train
26027517,31,C314A,SequenceVariant,p|SUB|C|314|A,1060,1065,train
26027517,32,L351A,SequenceVariant,p|SUB|L|351|A,1066,1071,train
26027517,33,LPA2,GeneOrGeneProduct,53978,1102,1106,train
26027517,34,LPA,GeneOrGeneProduct,53978,1131,1134,train
26027517,35,LPA2,GeneOrGeneProduct,53978,1150,1154,train
26027517,36,Lin,GeneOrGeneProduct,83557,1170,1173,train
26027517,37,Sca-1,GeneOrGeneProduct,110454,1176,1181,train
26027517,38,c-Kit,GeneOrGeneProduct,16590,1184,1189,train
26027517,39,gamma-H2AX,GeneOrGeneProduct,15270,1365,1375,train
26027517,40,LPA2,GeneOrGeneProduct,53978,1441,1445,train
26027517,41,mice,OrganismTaxon,10090,1449,1453,train
26027517,42,mice,OrganismTaxon,10090,1469,1473,train
26027517,43,ATX,GeneOrGeneProduct,84050,1524,1527,train
26027517,44,LPA,GeneOrGeneProduct,53978,1541,1544,train
26027517,45,TNFalpha,GeneOrGeneProduct,21926,1635,1643,train
26027517,46,ATX,GeneOrGeneProduct,"18606,84050",1669,1672,train
26027517,47,LPA2,GeneOrGeneProduct,"498609,53978",1677,1681,train
28101574,0,NEK2,GeneOrGeneProduct,4751,0,4,train
28101574,1,hepatocellular carcinoma,DiseaseOrPhenotypicFeature,D006528,42,66,train
28101574,2,Never in mitosis gene A (NIMA)-related kinase 2,GeneOrGeneProduct,4751,68,115,train
28101574,3,NEK2,GeneOrGeneProduct,4751,117,121,train
28101574,4,microtubule-associated protein,GeneOrGeneProduct,4130,128,158,train
28101574,5,human,OrganismTaxon,9606,194,199,train
28101574,6,malignancies,DiseaseOrPhenotypicFeature,D009369,238,250,train
28101574,7,NEK2,GeneOrGeneProduct,4751,273,277,train
28101574,8,hepatocellular carcinoma,DiseaseOrPhenotypicFeature,D006528,281,305,train
28101574,9,HCC,DiseaseOrPhenotypicFeature,D006528,307,310,train
28101574,10,HCC,DiseaseOrPhenotypicFeature,D006528,362,365,train
28101574,11,SMMC-7721,CellLine,CVCL_0534,376,385,train
28101574,12,HL-7702,CellLine,CVCL_6926,417,424,train
28101574,13,NEK2,GeneOrGeneProduct,4751,454,458,train
28101574,14,HCC,DiseaseOrPhenotypicFeature,D006528,582,585,train
28101574,15,NEK2,GeneOrGeneProduct,4751,664,668,train
28101574,16,patients,OrganismTaxon,9606,700,708,train
28101574,17,HCC,DiseaseOrPhenotypicFeature,D006528,714,717,train
28101574,18,Cancer,DiseaseOrPhenotypicFeature,D009369,757,763,train
28101574,19,NEK2,GeneOrGeneProduct,4751,849,853,train
28101574,20,AKT,GeneOrGeneProduct,207,863,866,train
28101574,21,MMP-2,GeneOrGeneProduct,4130,871,876,train
28101574,22,HCC,DiseaseOrPhenotypicFeature,D006528,930,933,train
28101574,23,NEK2,GeneOrGeneProduct,4751,1103,1107,train
28101574,24,AKT,GeneOrGeneProduct,207,1121,1124,train
28101574,25,MMP-2,GeneOrGeneProduct,4130,1129,1134,train
28101574,26,HCC,DiseaseOrPhenotypicFeature,D006528,1323,1326,train
28101574,27,NEK2,GeneOrGeneProduct,4751,1328,1332,train
28101574,28,HCC,DiseaseOrPhenotypicFeature,D006528,1431,1434,train
28101574,29,NEK2,GeneOrGeneProduct,4751,1481,1485,train
28101574,30,HCC,DiseaseOrPhenotypicFeature,D006528,1507,1510,train
28101574,31,HCC,DiseaseOrPhenotypicFeature,D006528,1552,1555,train
28101574,32,patients,OrganismTaxon,9606,1556,1564,train
28101574,33,NEK2,GeneOrGeneProduct,4751,1591,1595,train
28101574,34,NEK2,GeneOrGeneProduct,4751,1684,1688,train
28101574,35,HCC,DiseaseOrPhenotypicFeature,D006528,1692,1695,train
28101574,36,tumor,DiseaseOrPhenotypicFeature,D009369,1758,1763,train
28101574,37,NEK2,GeneOrGeneProduct,4751,1814,1818,train
28101574,38,AKT,GeneOrGeneProduct,207,1887,1890,train
28101574,39,MMP-2,GeneOrGeneProduct,4130,1913,1918,train
28101574,40,NEK2,GeneOrGeneProduct,4751,1956,1960,train
28101574,41,patient,OrganismTaxon,9606,2026,2033,train
28101574,42,NEK2,GeneOrGeneProduct,4751,2060,2064,train
28101574,43,HCC,DiseaseOrPhenotypicFeature,D006528,2102,2105,train
28101574,44,NEK2,GeneOrGeneProduct,4751,2121,2125,train
28101574,45,metastasis of HCC,DiseaseOrPhenotypicFeature,"D006528,D009362",2172,2189,train
28101574,46,AKT,GeneOrGeneProduct,207,2229,2232,train
28101574,47,MMP-2,GeneOrGeneProduct,4130,2260,2265,train
15033202,0,Nijmegen breakage syndrome,DiseaseOrPhenotypicFeature,D049932,0,26,train
15033202,1,primary microcephaly,DiseaseOrPhenotypicFeature,D008831,69,89,train
15033202,2,Nijmegen breakage syndrome,DiseaseOrPhenotypicFeature,D049932,95,121,train
15033202,3,autosomal recessive chromosomal instability disorder,DiseaseOrPhenotypicFeature,D043171,132,184,train
15033202,4,growth retardation,DiseaseOrPhenotypicFeature,D006130,208,226,train
15033202,5,congenital microcephaly,DiseaseOrPhenotypicFeature,D008831,228,251,train
15033202,6,immunodeficiency,DiseaseOrPhenotypicFeature,D007153,253,269,train
15033202,7,lymphoreticular malignancies,DiseaseOrPhenotypicFeature,D049932,325,353,train
15033202,8,Nijmegen breakage syndrome,DiseaseOrPhenotypicFeature,D049932,360,386,train
15033202,9,patients,OrganismTaxon,9606,387,395,train
15033202,10,5 nucleotide deletion,SequenceVariant,c|DEL||5,476,497,train
15033202,11,NBS1,GeneOrGeneProduct,4683,505,509,train
15033202,12,Microcephaly,DiseaseOrPhenotypicFeature,D008831,516,528,train
15033202,13,Nijmegen breakage syndrome,DiseaseOrPhenotypicFeature,D049932,552,578,train
15033202,14,patients,OrganismTaxon,9606,579,587,train
15033202,15,Nijmegen breakage syndrome,DiseaseOrPhenotypicFeature,D049932,656,682,train
15033202,16,primary microcephaly,DiseaseOrPhenotypicFeature,D008831,703,723,train
15033202,17,patients,OrganismTaxon,9606,854,862,train
15033202,18,NBS1,GeneOrGeneProduct,4683,958,962,train
15033202,19,Nijmegen breakage syndrome,DiseaseOrPhenotypicFeature,D049932,979,1005,train
15033202,20,Nijmegen breakage syndrome,DiseaseOrPhenotypicFeature,D049932,1101,1127,train
15033202,21,patients,OrganismTaxon,9606,1128,1136,train
15033202,22,Nijmegen breakage syndrome,DiseaseOrPhenotypicFeature,D049932,1353,1379,train
15033202,23,Nijmegen breakage syndrome,DiseaseOrPhenotypicFeature,D049932,1394,1420,train
15033202,24,Nijmegen breakage syndrome,DiseaseOrPhenotypicFeature,D049932,1575,1601,train
15033202,25,Nijmegen breakage syndrome,DiseaseOrPhenotypicFeature,D049932,1748,1774,train
15033202,26,patients,OrganismTaxon,9606,1775,1783,train
15033202,27,Nijmegen breakage syndrome,DiseaseOrPhenotypicFeature,D049932,1925,1951,train
15033202,28,patients,OrganismTaxon,9606,1952,1960,train
15198485,0,Lys198Asn,SequenceVariant,rs5370,18,27,train
15198485,1,-134delA,SequenceVariant,rs1800997,32,40,train
15198485,2,endothelin-1,GeneOrGeneProduct,1906,70,82,train
15198485,3,Endothelin-1,GeneOrGeneProduct,1906,89,101,train
15198485,4,ET-1,GeneOrGeneProduct,1906,103,107,train
15198485,5,ET-1,GeneOrGeneProduct,1906,225,229,train
15198485,6,EDN1,GeneOrGeneProduct,1906,236,240,train
15198485,7,Lys198Asn,SequenceVariant,rs5370,315,324,train
15198485,8,overweight,DiseaseOrPhenotypicFeature,D050177,386,396,train
15198485,9,-134delA,SequenceVariant,rs1800997,440,448,train
15198485,10,Lys198Asn,SequenceVariant,rs5370,542,551,train
15198485,11,ET-1,GeneOrGeneProduct,1906,568,572,train
15198485,12,ET-1,GeneOrGeneProduct,1906,665,669,train
15198485,13,ET-1,GeneOrGeneProduct,1906,748,752,train
15198485,14,ET-1,GeneOrGeneProduct,1906,811,815,train
15198485,15,ET-1,GeneOrGeneProduct,1906,824,828,train
15198485,16,ET-1,GeneOrGeneProduct,1906,910,914,train
15198485,17,ET-1,GeneOrGeneProduct,1906,922,926,train
15198485,18,Asn-type and Lys-type transfectant,SequenceVariant,rs5370,939,973,train
15198485,19,ET-1,GeneOrGeneProduct,1906,1022,1026,train
15198485,20,hypertensive,DiseaseOrPhenotypicFeature,D006973,1033,1045,train
15198485,21,patients,OrganismTaxon,9606,1046,1054,train
15198485,22,Lys to Asn at position 198,SequenceVariant,rs5370,1094,1120,train
15198485,23,hypertensives,DiseaseOrPhenotypicFeature,D006973,1154,1167,train
15198485,24,ET-1,GeneOrGeneProduct,1906,1240,1244,train
15198485,25,Lys198Asn,SequenceVariant,rs5370,1358,1367,train
15198485,26,ET-1,GeneOrGeneProduct,1906,1405,1409,train
15198485,27,ET-1,GeneOrGeneProduct,1906,1418,1422,train
15198485,28,EDN1,GeneOrGeneProduct,1906,1458,1462,train
15198485,29,Lys198Asn,SequenceVariant,rs5370,1503,1512,train
15198485,30,EDN1,GeneOrGeneProduct,1906,1605,1609,train
15198485,31,Lys198Asn,SequenceVariant,rs5370,1610,1619,train
15198485,32,obesity,DiseaseOrPhenotypicFeature,D009765,1659,1666,train
16120104,0,hPER2,GeneOrGeneProduct,8864,70,75,train
16120104,1,PERIOD2,GeneOrGeneProduct,8864,124,131,train
16120104,2,PER2,GeneOrGeneProduct,8864,133,137,train
16120104,3,human,OrganismTaxon,9606,262,267,train
16120104,4,PER2,GeneOrGeneProduct,8864,268,272,train
16120104,5,advanced sleep phase syndrome,DiseaseOrPhenotypicFeature,C565789,308,337,train
16120104,6,ASPS,DiseaseOrPhenotypicFeature,C565789,339,343,train
16120104,7,hPER2,GeneOrGeneProduct,8864,418,423,train
16120104,8,C-1228T,SequenceVariant,c|SUB|C|-1228|T,478,485,train
16120104,9,C111G,SequenceVariant,c|SUB|C|111|G,542,547,train
16120104,10,G3853A,SequenceVariant,c|SUB|G|3853|A,577,583,train
16120104,11,glycine to glutamine,SequenceVariant,p|SUB|G||Q,595,615,train
16120104,12,111G,SequenceVariant,c|Allele|G|111,978,982,train
16120104,13,111G,SequenceVariant,c|Allele|G|111,1226,1230,train
16120104,14,C111G,SequenceVariant,c|SUB|C|111|G,1382,1387,train
16120104,15,PER2,GeneOrGeneProduct,8864,1526,1530,train
16120104,16,111G,SequenceVariant,c|Allele|G|111,1531,1535,train
16120104,17,ASPS,DiseaseOrPhenotypicFeature,C565789,1618,1622,train
17003357,0,PTPN22,GeneOrGeneProduct,26191,34,40,train
17003357,1,type 1 diabetes,DiseaseOrPhenotypicFeature,D003922,50,65,train
17003357,2,type 1 diabetes,DiseaseOrPhenotypicFeature,D003922,117,132,train
17003357,3,PTPN22,GeneOrGeneProduct,26191,150,156,train
17003357,4,lymphoid-specific phosphatase,GeneOrGeneProduct,26191,173,202,train
17003357,5,Lyp,GeneOrGeneProduct,26191,204,207,train
17003357,6,PTPN22,GeneOrGeneProduct,26191,250,256,train
17003357,7,type 1 diabetes,DiseaseOrPhenotypicFeature,D003922,260,275,train
17003357,8,1858C/T,SequenceVariant,rs2476601,359,366,train
17003357,9,PTPN22,GeneOrGeneProduct,26191,421,427,train
17003357,10,type 1 diabetes,DiseaseOrPhenotypicFeature,D003922,510,525,train
17003357,11,1858T,SequenceVariant,rs2476601,553,558,train
17003357,12,type 1 diabetes,DiseaseOrPhenotypicFeature,D003922,641,656,train
17003357,13,type 1 diabetes,DiseaseOrPhenotypicFeature,D003922,791,806,train
17003357,14,PTPN22,GeneOrGeneProduct,26191,854,860,train
17003357,15,2250G/C,SequenceVariant,rs56048322,907,914,train
17003357,16,PTPN22,GeneOrGeneProduct,26191,992,998,train
17003357,17,1858C/T,SequenceVariant,rs2476601,1216,1223,train
17003357,18,type 1 diabetes,DiseaseOrPhenotypicFeature,D003922,1261,1276,train
17003357,19,PTPN22,GeneOrGeneProduct,26191,1284,1290,train
17003357,20,PTPN22,GeneOrGeneProduct,26191,1361,1367,train
17003357,21,type 1 diabetes,DiseaseOrPhenotypicFeature,D003922,1391,1406,train
17277899,0,ACE,GeneOrGeneProduct,1636,94,97,train
17277899,1,TPA25,GeneOrGeneProduct,-,99,104,train
17277899,2,PV92,GeneOrGeneProduct,-,106,110,train
17277899,3,APO,GeneOrGeneProduct,84909,112,115,train
17277899,4,FXIIIB,GeneOrGeneProduct,2165,117,123,train
17277899,5,D1,GeneOrGeneProduct,-,125,127,train
17277899,6,A25,GeneOrGeneProduct,28936,129,132,train
17277899,7,B65,GeneOrGeneProduct,-,137,140,train
17628794,0,Manganese superoxide dismutase,GeneOrGeneProduct,6648,0,30,train
17628794,1,Mn-SOD,GeneOrGeneProduct,6648,32,38,train
17628794,2,urolithiasis,DiseaseOrPhenotypicFeature,D052878,62,74,train
17628794,3,manganese superoxide dismutase,GeneOrGeneProduct,6648,92,122,train
17628794,4,Mn-SOD,GeneOrGeneProduct,6648,129,135,train
17628794,5,urolithiasis,DiseaseOrPhenotypicFeature,D052878,197,209,train
17628794,6,stone formation,DiseaseOrPhenotypicFeature,D002137,266,281,train
17628794,7,MnSOD,GeneOrGeneProduct,6648,303,308,train
17628794,8,valine (Val) to alanine (Ala) substitution at amino acid 16,SequenceVariant,p|SUB|V|16|A,402,461,train
17628794,9,MnSOD,GeneOrGeneProduct,6648,520,525,train
17628794,10,urolithiasis,DiseaseOrPhenotypicFeature,D052878,572,584,train
17628794,11,MnSOD,GeneOrGeneProduct,6648,650,655,train
17628794,12,urolithiasis,DiseaseOrPhenotypicFeature,D052878,691,703,train
17628794,13,MnSOD,GeneOrGeneProduct,6648,725,730,train
17628794,14,stone-forming,DiseaseOrPhenotypicFeature,D002137,737,750,train
17628794,15,agarose,ChemicalEntity,D012685,938,945,train
17628794,16,patients,OrganismTaxon,9606,1079,1087,train
17628794,17,patient,OrganismTaxon,9606,1186,1193,train
17628794,18,patient,OrganismTaxon,9606,1274,1281,train
17628794,19,MnSOD,GeneOrGeneProduct,6648,1351,1356,train
17628794,20,urolithiasis,DiseaseOrPhenotypicFeature,D052878,1442,1454,train
17628794,21,stone formation,DiseaseOrPhenotypicFeature,D002137,1520,1535,train
19160446,0,P2RX7,GeneOrGeneProduct,5027,0,5,train
19160446,1,bipolar and unipolar disorder,DiseaseOrPhenotypicFeature,"D001714,D003866",9,38,train
19160446,2,bipolar disorder,DiseaseOrPhenotypicFeature,D001714,157,173,train
19160446,3,unipolar mood disorder,DiseaseOrPhenotypicFeature,"D003866,D019964",178,200,train
19160446,4,bipolar disorder,DiseaseOrPhenotypicFeature,D001714,253,269,train
19160446,5,Darier's disease,DiseaseOrPhenotypicFeature,D007644,274,290,train
19160446,6,P2RX7,GeneOrGeneProduct,5027,338,343,train
19160446,7,bipolar disorder,DiseaseOrPhenotypicFeature,D001714,442,458,train
19160446,8,unipolar depression,DiseaseOrPhenotypicFeature,D003866,463,482,train
19160446,9,rs2230912,SequenceVariant,rs2230912,507,516,train
19160446,10,Q460R,SequenceVariant,rs2230912,555,560,train
19160446,11,bipolar I disorder,DiseaseOrPhenotypicFeature,D001714,716,734,train
19160446,12,unipolar recurrent major depression,DiseaseOrPhenotypicFeature,D003865,744,779,train
19160446,13,rs2230912,SequenceVariant,rs2230912,820,829,train
19160446,14,P2RX7,GeneOrGeneProduct,5027,871,876,train
19160446,15,mood disorder,DiseaseOrPhenotypicFeature,D019964,909,922,train
19160446,16,bipolar or unipolar disorder,DiseaseOrPhenotypicFeature,"D001714,D003866",957,985,train
19160446,17,P2RX7,GeneOrGeneProduct,5027,1102,1107,train
19160446,18,rs2230912,SequenceVariant,rs2230912,1176,1185,train
19160446,19,P2RX7,GeneOrGeneProduct,5027,1232,1237,train
19160446,20,mood disorders,DiseaseOrPhenotypicFeature,D019964,1281,1295,train
19549709,0,everolimus,ChemicalEntity,D000068338,12,22,train
19549709,1,RAD001,ChemicalEntity,D000068338,24,30,train
19549709,2,patients,OrganismTaxon,9606,35,43,train
19549709,3,NSCLC,DiseaseOrPhenotypicFeature,D002289,58,63,train
19549709,4,EGFR,GeneOrGeneProduct,1956,132,136,train
19549709,5,non-small-cell lung cancer,DiseaseOrPhenotypicFeature,D002289,213,239,train
19549709,6,NSCLC,DiseaseOrPhenotypicFeature,D002289,241,246,train
19549709,7,patients,OrganismTaxon,9606,248,256,train
19549709,8,RAD001,ChemicalEntity,D000068338,258,264,train
19549709,9,mammalian target of rapamycin,GeneOrGeneProduct,2475,291,320,train
19549709,10,mTOR,GeneOrGeneProduct,2475,322,326,train
19549709,11,NSCLC,DiseaseOrPhenotypicFeature,D002289,359,364,train
19549709,12,NSCLC,DiseaseOrPhenotypicFeature,D002289,392,397,train
19549709,13,patients,OrganismTaxon,9606,398,406,train
19549709,14,platinum,ChemicalEntity,D010984,459,467,train
19549709,15,epidermal growth factor receptor tyrosine kinase,GeneOrGeneProduct,1956,511,559,train
19549709,16,RAD001,ChemicalEntity,D000068338,593,599,train
19549709,17,toxicity,DiseaseOrPhenotypicFeature,D064420,644,652,train
19549709,18,mTOR,GeneOrGeneProduct,2475,745,749,train
19549709,19,tumor,DiseaseOrPhenotypicFeature,D009369,787,792,train
19549709,20,patients,OrganismTaxon,9606,895,903,train
19549709,21,fatigue,DiseaseOrPhenotypicFeature,D005221,1164,1171,train
19549709,22,dyspnea,DiseaseOrPhenotypicFeature,D004417,1173,1180,train
19549709,23,stomatitis,DiseaseOrPhenotypicFeature,D013280,1182,1192,train
19549709,24,anemia,DiseaseOrPhenotypicFeature,D000740,1194,1200,train
19549709,25,thrombocytopenia,DiseaseOrPhenotypicFeature,D013921,1206,1222,train
19549709,26,Pneumonitis,DiseaseOrPhenotypicFeature,D011014,1224,1235,train
19549709,27,AKT,GeneOrGeneProduct,207,1364,1367,train
19549709,28,pAKT,GeneOrGeneProduct,207,1369,1373,train
19549709,29,RAD001,ChemicalEntity,D000068338,1442,1448,train
19549709,30,NSCLC,DiseaseOrPhenotypicFeature,D002289,1526,1531,train
19549709,31,RAD001,ChemicalEntity,D000068338,1547,1553,train
19549709,32,NSCLC,DiseaseOrPhenotypicFeature,D002289,1591,1596,train
19891556,0,Clopidogrel,ChemicalEntity,D000077144,0,11,train
19891556,1,clopidogrel,ChemicalEntity,D000077144,123,134,train
19891556,2,coronary artery disease,DiseaseOrPhenotypicFeature,D003324,171,194,train
19891556,3,patients,OrganismTaxon,9606,195,203,train
19891556,4,patients,OrganismTaxon,9606,283,291,train
19891556,5,Clopidogrel,ChemicalEntity,D000077144,343,354,train
19891556,6,CYP2C19,GeneOrGeneProduct,1557,412,419,train
19891556,7,CYP2C19,GeneOrGeneProduct,1557,521,528,train
19891556,8,clopidogrel,ChemicalEntity,D000077144,606,617,train
19891556,9,clopidogrel,ChemicalEntity,D000077144,805,816,train
19891556,10,CYP2C19,GeneOrGeneProduct,1557,870,877,train
19891556,11,clopidogrel,ChemicalEntity,D000077144,890,901,train
19891556,12,CYP2C19,GeneOrGeneProduct,1557,1053,1060,train
19891556,13,clopidogrel,ChemicalEntity,D000077144,1119,1130,train
20367983,0,multiple endocrine neoplasia type 1,DiseaseOrPhenotypicFeature,D018761,43,78,train
20367983,1,Multiple endocrine neoplasia type 1,DiseaseOrPhenotypicFeature,D018761,92,127,train
20367983,2,MEN1,DiseaseOrPhenotypicFeature,D018761,129,133,train
20367983,3,autosomal dominant cancer syndrome,DiseaseOrPhenotypicFeature,D009386,141,175,train
20367983,4,tumor,DiseaseOrPhenotypicFeature,D009369,221,226,train
20367983,5,MEN1,GeneOrGeneProduct,4221,243,247,train
20367983,6,MEN1,DiseaseOrPhenotypicFeature,D018761,315,319,train
20367983,7,MEN1,DiseaseOrPhenotypicFeature,D018761,358,362,train
20367983,8,MEN1,GeneOrGeneProduct,4221,439,443,train
20367983,9,cytosine insertion,SequenceVariant,c|INS||C,519,537,train
20367983,10,c.1546_1547insC,SequenceVariant,c|INS|1546_1547|C,550,565,train
20367983,11,MEN1,GeneOrGeneProduct,4221,602,606,train
20367983,12,IVS3 + 18C > T,SequenceVariant,c|SUB|C|IVS3+18|T,769,783,train
20367983,13,MEN1,GeneOrGeneProduct,4221,826,830,train
20367983,14,parathyroid hyperplasia,DiseaseOrPhenotypicFeature,D006965,864,887,train
20367983,15,pituitary adenoma,DiseaseOrPhenotypicFeature,D010911,892,909,train
20367983,16,MEN1 syndrome,DiseaseOrPhenotypicFeature,D018761,931,944,train
20367983,17,IVS3 + 18C > T,SequenceVariant,c|SUB|C|IVS3+18|T,980,994,train
20367983,18,MEN1,GeneOrGeneProduct,4221,998,1002,train
22180037,0,glutathione-S-transferase P1,GeneOrGeneProduct,2950,28,56,train
22180037,1,GSTP1,GeneOrGeneProduct,2950,63,68,train
22180037,2,prostate cancer,DiseaseOrPhenotypicFeature,D011471,92,107,train
22180037,3,Glutathione-S-transferase P1,GeneOrGeneProduct,2950,136,164,train
22180037,4,GSTP1,GeneOrGeneProduct,2950,166,171,train
22180037,5,GSTP1,GeneOrGeneProduct,2950,280,285,train
22180037,6,A > G at nucleotide 313,SequenceVariant,rs1695,289,312,train
22180037,7,Ile105Val,SequenceVariant,rs1695,359,368,train
22180037,8,GSTP1,GeneOrGeneProduct,2950,403,408,train
22180037,9,GSTP1,GeneOrGeneProduct,2950,443,448,train
22180037,10,GSTP1,GeneOrGeneProduct,2950,469,474,train
22180037,11,Ile105Val,SequenceVariant,rs1695,475,484,train
22180037,12,prostate cancer,DiseaseOrPhenotypicFeature,D011471,507,522,train
22180037,13,prostate cancer,DiseaseOrPhenotypicFeature,D011471,603,618,train
22180037,14,benign prostate hyperplasia,DiseaseOrPhenotypicFeature,D011470,632,659,train
22180037,15,GSTP1,GeneOrGeneProduct,2950,683,688,train
22180037,16,Ile105Val,SequenceVariant,rs1695,689,698,train
22180037,17,GSTP1,GeneOrGeneProduct,2950,865,870,train
22180037,18,Ile105Val,SequenceVariant,rs1695,871,880,train
22180037,19,prostate cancer,DiseaseOrPhenotypicFeature,D011471,984,999,train
22180037,20,benign prostate hyperplasia,DiseaseOrPhenotypicFeature,D011470,1032,1059,train
22180037,21,GSTP1,GeneOrGeneProduct,2950,1177,1182,train
22180037,22,Ile/Val,SequenceVariant,rs1695,1183,1190,train
22180037,23,GSTP1,GeneOrGeneProduct,2950,1261,1266,train
22180037,24,Ile/Val,SequenceVariant,rs1695,1267,1274,train
22180037,25,prostate cancer,DiseaseOrPhenotypicFeature,D011471,1315,1330,train
24742750,0,human,OrganismTaxon,9606,16,21,train
24742750,1,QT prolongation,DiseaseOrPhenotypicFeature,D008133,111,126,train
24742750,2,human,OrganismTaxon,9606,162,167,train
24742750,3,K(+) channel and Ca(2+) channel blocker,ChemicalEntity,"D002121,D026902",331,370,train
24742750,4,QT prolongation,DiseaseOrPhenotypicFeature,D008133,509,524,train
24742750,5,QT prolongation,DiseaseOrPhenotypicFeature,D008133,623,638,train
24742750,6,Ca(2+) channel blockers,ChemicalEntity,D002121,907,930,train
24742750,7,Amiodarone,ChemicalEntity,D000638,1005,1015,train
24742750,8,Paroxetine,ChemicalEntity,D017374,1017,1027,train
24742750,9,Terfenadine,ChemicalEntity,D016593,1029,1040,train
24742750,10,Citalopram,ChemicalEntity,D015283,1045,1055,train
24742750,11,Terfenadine,ChemicalEntity,D016593,1135,1146,train
24742750,12,Citalopram,ChemicalEntity,D015283,1151,1161,train
24742750,13,Torsade de Pointes,DiseaseOrPhenotypicFeature,D016171,1191,1209,train
24742750,14,TdP,DiseaseOrPhenotypicFeature,D016171,1211,1214,train
24742750,15,TdP,DiseaseOrPhenotypicFeature,D016171,1447,1450,train
26270232,0,chemokines,GeneOrGeneProduct,"3576,6347,6348,6351,6352,6374",16,26,train
26270232,1,CCL4,GeneOrGeneProduct,6351,27,31,train
26270232,2,CCL5,GeneOrGeneProduct,6352,36,40,train
26270232,3,cirrhotic,DiseaseOrPhenotypicFeature,D008103,44,53,train
26270232,4,patients,OrganismTaxon,9606,54,62,train
26270232,5,hepatocellular carcinoma,DiseaseOrPhenotypicFeature,D006528,88,112,train
26270232,6,hepatocellular carcinomas,DiseaseOrPhenotypicFeature,D006528,131,156,train
26270232,7,HCCs,DiseaseOrPhenotypicFeature,D006528,158,162,train
26270232,8,tumour,DiseaseOrPhenotypicFeature,D009369,230,236,train
26270232,9,alpha-fetoprotein,GeneOrGeneProduct,174,245,262,train
26270232,10,AFP,GeneOrGeneProduct,174,264,267,train
26270232,11,des-gamma-carboxy prothrombin,GeneOrGeneProduct,2147,273,302,train
26270232,12,DCP,GeneOrGeneProduct,2147,304,307,train
26270232,13,inflammatory,DiseaseOrPhenotypicFeature,D007249,417,429,train
26270232,14,cirrhotic,DiseaseOrPhenotypicFeature,D008103,443,452,train
26270232,15,patients,OrganismTaxon,9606,453,461,train
26270232,16,HCC,DiseaseOrPhenotypicFeature,D006528,479,482,train
26270232,17,cirrhotic,DiseaseOrPhenotypicFeature,D008103,527,536,train
26270232,18,patients,OrganismTaxon,9606,564,572,train
26270232,19,HCC,DiseaseOrPhenotypicFeature,D006528,603,606,train
26270232,20,CRP,GeneOrGeneProduct,1401,684,687,train
26270232,21,neopterin,ChemicalEntity,D019798,689,698,train
26270232,22,IL-6,GeneOrGeneProduct,3569,703,707,train
26270232,23,inflammation,DiseaseOrPhenotypicFeature,D007249,722,734,train
26270232,24,thrombopoietin,GeneOrGeneProduct,7066,739,753,train
26270232,25,TPO,GeneOrGeneProduct,7066,755,758,train
26270232,26,GCSF,GeneOrGeneProduct,1440,761,765,train
26270232,27,FGF basic,GeneOrGeneProduct,2247,767,776,train
26270232,28,VEGF,GeneOrGeneProduct,7422,781,785,train
26270232,29,HMGB1,GeneOrGeneProduct,3146,787,792,train
26270232,30,CK-18,GeneOrGeneProduct,3875,794,799,train
26270232,31,CK18,GeneOrGeneProduct,3875,810,814,train
26270232,32,proinflammatory chemokines,GeneOrGeneProduct,"3576,6347,6348,6351,6352,6374",845,871,train
26270232,33,CCL2,GeneOrGeneProduct,6347,873,877,train
26270232,34,CCL3,GeneOrGeneProduct,6348,879,883,train
26270232,35,CCL4,GeneOrGeneProduct,6351,885,889,train
26270232,36,CCL5,GeneOrGeneProduct,6352,891,895,train
26270232,37,CXCL5,GeneOrGeneProduct,6374,897,902,train
26270232,38,IL-8,GeneOrGeneProduct,3576,907,911,train
26270232,39,Patients,OrganismTaxon,9606,1068,1076,train
26270232,40,HCC,DiseaseOrPhenotypicFeature,D006528,1082,1085,train
26270232,41,TPO,GeneOrGeneProduct,7066,1103,1106,train
26270232,42,chemokines,GeneOrGeneProduct,"3576,6347,6348,6351,6352,6374",1111,1121,train
26270232,43,TPO,GeneOrGeneProduct,7066,1138,1141,train
26270232,44,CCL4,GeneOrGeneProduct,6351,1143,1147,train
26270232,45,CCL5,GeneOrGeneProduct,6352,1149,1153,train
26270232,46,CXCL5,GeneOrGeneProduct,6374,1158,1163,train
26270232,47,CCL2,GeneOrGeneProduct,6347,1175,1179,train
26270232,48,cirrhotic,DiseaseOrPhenotypicFeature,D008103,1202,1211,train
26270232,49,patients,OrganismTaxon,9606,1212,1220,train
26270232,50,HCC,DiseaseOrPhenotypicFeature,D006528,1229,1232,train
26270232,51,CCL4,GeneOrGeneProduct,6351,1352,1356,train
26270232,52,CCL5,GeneOrGeneProduct,6352,1361,1365,train
26270232,53,HCC,DiseaseOrPhenotypicFeature,D006528,1402,1405,train
26270232,54,TPO,GeneOrGeneProduct,7066,1423,1426,train
26270232,55,chemokines,GeneOrGeneProduct,"3576,6347,6348,6351,6352,6374",1431,1441,train
26270232,56,cirrhotic,DiseaseOrPhenotypicFeature,D008103,1494,1503,train
26270232,57,patients,OrganismTaxon,9606,1504,1512,train
26270232,58,inflammatory,DiseaseOrPhenotypicFeature,D007249,1560,1572,train
26270232,59,chemokines,GeneOrGeneProduct,"3576,6347,6348,6351,6352,6374",1573,1583,train
26270232,60,CCL4,GeneOrGeneProduct,6351,1592,1596,train
26270232,61,CCL5,GeneOrGeneProduct,6352,1601,1605,train
26270232,62,cirrhotic,DiseaseOrPhenotypicFeature,D008103,1622,1631,train
26270232,63,patients,OrganismTaxon,9606,1632,1640,train
26270232,64,HCC,DiseaseOrPhenotypicFeature,D006528,1666,1669,train
28883039,0,human,OrganismTaxon,9606,32,37,train
28883039,1,BICD2,GeneOrGeneProduct,23299,38,43,train
28883039,2,dynein,GeneOrGeneProduct,1778,70,76,train
28883039,3,dynactin,GeneOrGeneProduct,1639,77,85,train
28883039,4,Bicaudal D2,GeneOrGeneProduct,23299,87,98,train
28883039,5,BICD2,GeneOrGeneProduct,23299,100,105,train
28883039,6,dynein,GeneOrGeneProduct,1778,113,119,train
28883039,7,dynactin,GeneOrGeneProduct,1639,125,133,train
28883039,8,DDB,GeneOrGeneProduct,"1639,1778,23299",165,168,train
28883039,9,BICD2,GeneOrGeneProduct,23299,225,230,train
28883039,10,patients,OrganismTaxon,9606,260,268,train
28883039,11,spinal muscular atrophy,DiseaseOrPhenotypicFeature,D009134,293,316,train
28883039,12,DDB,GeneOrGeneProduct,"1639,1778,76895",455,458,train
28883039,13,BICD2,GeneOrGeneProduct,76895,463,468,train
28883039,14,GTPase Rab6a,GeneOrGeneProduct,5870,501,513,train
28883039,15,Rab6a-GTP,GeneOrGeneProduct,5870,515,524,train
28883039,16,BICD2,GeneOrGeneProduct,76895,588,593,train
28883039,17,dynein,GeneOrGeneProduct,1778,642,648,train
28883039,18,dynactin,GeneOrGeneProduct,1639,649,657,train
28883039,19,BICD2,GeneOrGeneProduct,76895,686,691,train
28883039,20,DDB,GeneOrGeneProduct,"1639,1778,23299",742,745,train
28883039,21,BICD2,GeneOrGeneProduct,76895,791,796,train
28883039,22,rat,OrganismTaxon,10116,900,903,train
28883039,23,BICD2,GeneOrGeneProduct,76895,941,946,train
28883039,24,BICD2,GeneOrGeneProduct,76895,1027,1032,train
28883039,25,DDB,GeneOrGeneProduct,"1639,1778,23299",1047,1050,train
28883039,26,spinal muscular atrophy,DiseaseOrPhenotypicFeature,D009134,1169,1192,train
29045486,0,Thiamine deficiency,DiseaseOrPhenotypicFeature,D013832,0,19,train
29045486,1,hypoxia inducible factor-1a,GeneOrGeneProduct,15251,30,57,train
29045486,2,mouse,OrganismTaxon,10090,99,104,train
29045486,3,Thiamine,ChemicalEntity,D013831,125,133,train
29045486,4,thiamine deficiency,DiseaseOrPhenotypicFeature,D013832,295,314,train
29045486,5,TD,DiseaseOrPhenotypicFeature,D013832,316,318,train
29045486,6,alcohol,ChemicalEntity,D000438,363,370,train
29045486,7,impaired mitochondrial function,DiseaseOrPhenotypicFeature,D028361,394,425,train
29045486,8,inflammation,DiseaseOrPhenotypicFeature,D007249,445,457,train
29045486,9,excitotoxicity,DiseaseOrPhenotypicFeature,D064420,462,476,train
29045486,10,patients,OrganismTaxon,9606,603,611,train
29045486,11,hypoxia,DiseaseOrPhenotypicFeature,D000860,617,624,train
29045486,12,ischemia,DiseaseOrPhenotypicFeature,D007511,625,633,train
29045486,13,TD,DiseaseOrPhenotypicFeature,D013832,638,640,train
29045486,14,hypoxia,DiseaseOrPhenotypicFeature,D000860,790,797,train
29045486,15,ischemia,DiseaseOrPhenotypicFeature,D007511,798,806,train
29045486,16,TD,DiseaseOrPhenotypicFeature,D013832,808,810,train
29045486,17,Hypoxia Inducible Factor-1a,GeneOrGeneProduct,15251,836,863,train
29045486,18,HIF-1a,GeneOrGeneProduct,15251,865,871,train
29045486,19,oxygen,ChemicalEntity,D010100,893,899,train
29045486,20,TD,DiseaseOrPhenotypicFeature,D013832,929,931,train
29045486,21,HIF-1a,GeneOrGeneProduct,15251,940,946,train
29045486,22,neurological injury,DiseaseOrPhenotypicFeature,D009422,950,969,train
29045486,23,TD,DiseaseOrPhenotypicFeature,D013832,1058,1060,train
29045486,24,HIF-1a,GeneOrGeneProduct,15251,1069,1075,train
29045486,25,mouse,OrganismTaxon,10090,1111,1116,train
29045486,26,inflammatory,DiseaseOrPhenotypicFeature,D007249,1227,1239,train
29045486,27,HIF-1a,GeneOrGeneProduct,15251,1240,1246,train
29045486,28,MCP1,GeneOrGeneProduct,20296,1260,1264,train
29045486,29,BNIP3,GeneOrGeneProduct,12176,1266,1271,train
29045486,30,Nix,GeneOrGeneProduct,12177,1273,1276,train
29045486,31,Noxa,GeneOrGeneProduct,58801,1281,1285,train
29045486,32,TD,DiseaseOrPhenotypicFeature,D013832,1293,1295,train
29045486,33,TD,DiseaseOrPhenotypicFeature,D013832,1338,1340,train
29045486,34,Annexin V,GeneOrGeneProduct,11747,1363,1372,train
29045486,35,HIF-1a,GeneOrGeneProduct,15251,1448,1454,train
29045486,36,YC1,GeneOrGeneProduct,56878,1470,1473,train
29045486,37,thiamine,ChemicalEntity,D013831,1478,1486,train
29045486,38,HIF-1a,GeneOrGeneProduct,15251,1538,1544,train
29045486,39,TD,DiseaseOrPhenotypicFeature,D013832,1586,1588,train
29045486,40,HIF-1a,GeneOrGeneProduct,15251,1634,1640,train
29045486,41,inflammatory,DiseaseOrPhenotypicFeature,D007249,1697,1709,train
29045486,42,thiamine deficiency,DiseaseOrPhenotypicFeature,D013832,1763,1782,train
15602202,0,interstitial nephritis,DiseaseOrPhenotypicFeature,D009395,16,38,train
15602202,1,azithromycin,ChemicalEntity,D017963,50,62,train
15602202,2,azithromycin,ChemicalEntity,D017963,111,123,train
15602202,3,interstitial nephritis,DiseaseOrPhenotypicFeature,D009395,139,161,train
15602202,4,corticosteroid,ChemicalEntity,D000305,260,274,train
15602202,5,antibiotic,ChemicalEntity,D000900,341,351,train
15602202,6,interstitial nephritis,DiseaseOrPhenotypicFeature,D009395,366,388,train
15602202,7,patients,OrganismTaxon,9606,423,431,train
15602202,8,renal injury,DiseaseOrPhenotypicFeature,D007674,458,470,train
16160878,0,urotensin-II,GeneOrGeneProduct,24111,22,34,train
16160878,1,mice,OrganismTaxon,10090,61,65,train
16160878,2,Urotensin-II,GeneOrGeneProduct,24111,67,79,train
16160878,3,U-II,GeneOrGeneProduct,24111,81,85,train
16160878,4,U-II,GeneOrGeneProduct,24111,197,201,train
16160878,5,hypertension,DiseaseOrPhenotypicFeature,D006973,209,221,train
16160878,6,bradycardia,DiseaseOrPhenotypicFeature,D001919,226,237,train
16160878,7,prolactin,GeneOrGeneProduct,19109,253,262,train
16160878,8,thyrotropin,GeneOrGeneProduct,12640,267,278,train
16160878,9,U-II,GeneOrGeneProduct,24111,348,352,train
16160878,10,U-II,GeneOrGeneProduct,24111,453,457,train
16160878,11,mice,OrganismTaxon,10090,511,515,train
16160878,12,U-II,GeneOrGeneProduct,24111,551,555,train
16160878,13,mouse,OrganismTaxon,10090,569,574,train
16160878,14,U-II,GeneOrGeneProduct,24111,1031,1035,train
16160878,15,mouse,OrganismTaxon,10090,1105,1110,train
16160878,16,mouse,OrganismTaxon,10090,1151,1156,train
16160878,17,mouse,OrganismTaxon,10090,1216,1221,train
16160878,18,U-II,GeneOrGeneProduct,24111,1276,1280,train
16160878,19,apomorphine,ChemicalEntity,D001058,1329,1340,train
16160878,20,corticosterone,ChemicalEntity,D003345,1414,1428,train
16160878,21,U-II,GeneOrGeneProduct,24111,1513,1517,train
16160878,22,mouse,OrganismTaxon,10090,1542,1547,train
16160878,23,anxiogenic,DiseaseOrPhenotypicFeature,D001008,1556,1566,train
16160878,24,depressant,DiseaseOrPhenotypicFeature,D003866,1572,1582,train
16160878,25,mouse,OrganismTaxon,10090,1599,1604,train
16160878,26,U-II,GeneOrGeneProduct,24111,1630,1634,train
16160878,27,psychiatric disorders,DiseaseOrPhenotypicFeature,D001523,1670,1691,train
16288199,0,nitric oxide synthase,GeneOrGeneProduct,4843,26,47,train
16288199,1,glaucoma,DiseaseOrPhenotypicFeature,D005901,62,70,train
16288199,2,Nitric oxide,ChemicalEntity,D009569,134,146,train
16288199,3,human,OrganismTaxon,9606,184,189,train
16288199,4,neurological and non-neurological disorders,DiseaseOrPhenotypicFeature,D009422,346,389,train
16288199,5,Nitric Oxide Synthase,GeneOrGeneProduct,4843,475,496,train
16288199,6,iNOS,GeneOrGeneProduct,4843,498,502,train
16288199,7,neuropathological disorder glaucoma,DiseaseOrPhenotypicFeature,D005901,512,547,train
16288199,8,blindness,DiseaseOrPhenotypicFeature,D001766,576,585,train
16288199,9,iNOS,GeneOrGeneProduct,4843,670,674,train
16288199,10,primary open angle glaucoma,DiseaseOrPhenotypicFeature,D005902,679,706,train
16288199,11,POAG,DiseaseOrPhenotypicFeature,D005902,708,712,train
16288199,12,iNOS,GeneOrGeneProduct,4843,925,929,train
16288199,13,POAG,DiseaseOrPhenotypicFeature,D005902,952,956,train
16288199,14,patients,OrganismTaxon,9606,957,965,train
16288199,15,patients,OrganismTaxon,9606,1229,1237,train
16288199,16,(CCTTT)14,SequenceVariant,c|DUP||CCTTT|14,1252,1261,train
16288199,17,POAG,DiseaseOrPhenotypicFeature,D005902,1373,1377,train
16288199,18,patients,OrganismTaxon,9606,1378,1386,train
16288199,19,(CCTTT)10,SequenceVariant,c|DUP||CCTTT|10,1394,1403,train
16288199,20,(CCTTT)13,SequenceVariant,c|DUP||CCTTT|13,1408,1417,train
16288199,21,(CCTTT)14,SequenceVariant,c|DUP||CCTTT|14,1449,1458,train
16288199,22,iNOS,GeneOrGeneProduct,4843,1669,1673,train
16288199,23,POAG,DiseaseOrPhenotypicFeature,D005902,1679,1683,train
16391785,0,DOCK8,GeneOrGeneProduct,81704,50,55,train
16391785,1,human,OrganismTaxon,9606,64,69,train
16391785,2,lung cancer,DiseaseOrPhenotypicFeature,D008175,70,81,train
16391785,3,DOCK8,GeneOrGeneProduct,81704,112,117,train
16391785,4,dedicator of cytokinesis 8,GeneOrGeneProduct,81704,119,145,train
16391785,5,lung cancer,DiseaseOrPhenotypicFeature,D008175,187,198,train
16391785,6,DOCK8,GeneOrGeneProduct,81704,259,264,train
16391785,7,DOCK8,GeneOrGeneProduct,81704,296,301,train
16391785,8,DOCK8,GeneOrGeneProduct,81704,358,363,train
16391785,9,human,OrganismTaxon,9606,394,399,train
16391785,10,lung cancer,DiseaseOrPhenotypicFeature,D008175,574,585,train
16391785,11,DOCK8,GeneOrGeneProduct,81704,593,598,train
16391785,12,lung cancers,DiseaseOrPhenotypicFeature,D008175,645,657,train
16391785,13,lung cancer,DiseaseOrPhenotypicFeature,D008175,760,771,train
16391785,14,5-Aza-2'-deoxy-cytidine,ChemicalEntity,D000077209,773,796,train
16391785,15,Trichostatin A,ChemicalEntity,C012589,804,818,train
16391785,16,DOCK8,GeneOrGeneProduct,81704,838,843,train
16391785,17,lung cancer,DiseaseOrPhenotypicFeature,D008175,858,869,train
16391785,18,DOCK8,GeneOrGeneProduct,81704,894,899,train
16391785,19,DOCK8,GeneOrGeneProduct,81704,1032,1037,train
16391785,20,lung cancer,DiseaseOrPhenotypicFeature,D008175,1057,1068,train
16391785,21,DOCK8,GeneOrGeneProduct,81704,1131,1136,train
16391785,22,breast cancer,DiseaseOrPhenotypicFeature,D001943,1161,1174,train
16391785,23,DOCK,GeneOrGeneProduct,81704,1186,1190,train
16391785,24,DOCK8,GeneOrGeneProduct,81704,1385,1390,train
16391785,25,lung and other cancers,DiseaseOrPhenotypicFeature,"D008175,D009369",1444,1466,train
17250663,0,DFNA36,GeneOrGeneProduct,117531,24,30,train
17250663,1,hearing loss,DiseaseOrPhenotypicFeature,D034381,31,43,train
17250663,2,TMC1,GeneOrGeneProduct,117531,145,149,train
17250663,3,sensorineural hearing loss,DiseaseOrPhenotypicFeature,D006319,282,308,train
17250663,4,hearing loss,DiseaseOrPhenotypicFeature,D034381,314,326,train
17250663,5,deafness,DiseaseOrPhenotypicFeature,D003638,429,437,train
17250663,6,TMC1,GeneOrGeneProduct,117531,562,566,train
17250663,7,DFNA36,GeneOrGeneProduct,117531,579,585,train
17250663,8,p.D572H,SequenceVariant,rs121908072,678,685,train
17250663,9,c.G1714C,SequenceVariant,rs121908072,687,695,train
17250663,10,TMC1,GeneOrGeneProduct,117531,705,709,train
17250663,11,DFNA36,GeneOrGeneProduct,117531,807,813,train
17250663,12,p.D572N,SequenceVariant,rs121908072,824,831,train
17250663,13,c.G1714A,SequenceVariant,rs121908072,833,841,train
17250663,14,TMC1,GeneOrGeneProduct,117531,924,928,train
17250663,15,DFNA36,GeneOrGeneProduct,117531,961,967,train
17250663,16,hearing loss,DiseaseOrPhenotypicFeature,D034381,968,980,train
17250663,17,hearing loss,DiseaseOrPhenotypicFeature,D034381,1008,1020,train
17250663,18,p.D572H,SequenceVariant,rs121908072,1037,1044,train
17250663,19,p.D572N,SequenceVariant,rs121908072,1080,1087,train
17250663,20,DFNA36,GeneOrGeneProduct,117531,1118,1124,train
17250663,21,TMC1,GeneOrGeneProduct,117531,1140,1144,train
17318851,0,Interferon regulatory factor 6,GeneOrGeneProduct,3664,0,30,train
17318851,1,IRF6,GeneOrGeneProduct,3664,32,36,train
17318851,2,fibroblast growth factor receptor 1,GeneOrGeneProduct,2260,42,77,train
17318851,3,FGFR1,GeneOrGeneProduct,2260,79,84,train
17318851,4,human,OrganismTaxon,9606,100,105,train
17318851,5,tooth agenesis,DiseaseOrPhenotypicFeature,D000848,106,120,train
17318851,6,craniofacial syndromes,DiseaseOrPhenotypicFeature,D019465,301,323,train
17318851,7,FGFR1,GeneOrGeneProduct,2260,325,330,train
17318851,8,IRF6,GeneOrGeneProduct,3664,335,339,train
17318851,9,tooth agenesis,DiseaseOrPhenotypicFeature,D000848,383,397,train
17318851,10,IRF6,GeneOrGeneProduct,3664,856,860,train
17318851,11,orofacial clefts,DiseaseOrPhenotypicFeature,C566121,900,916,train
17318851,12,human,OrganismTaxon,9606,942,947,train
17318851,13,tooth agenesis,DiseaseOrPhenotypicFeature,D000848,948,962,train
17318851,14,rs861019,SequenceVariant,rs861019,964,972,train
17318851,15,rs17015215,SequenceVariant,rs17015215,985,995,train
17318851,16,V274I,SequenceVariant,rs2235371,996,1001,train
17318851,17,rs7802,SequenceVariant,rs7802,1015,1021,train
17318851,18,IRF6,GeneOrGeneProduct,3664,1048,1052,train
17318851,19,Van der Woude and popliteal pterygium syndromes,DiseaseOrPhenotypicFeature,"C536528,C562509",1059,1106,train
17318851,20,oral clefts,DiseaseOrPhenotypicFeature,D002972,1179,1190,train
17318851,21,tooth agenesis,DiseaseOrPhenotypicFeature,D000848,1208,1222,train
17318851,22,pits on the lower lips,DiseaseOrPhenotypicFeature,"C536528,C562509",1258,1280,train
17318851,23,FGFR1,GeneOrGeneProduct,2260,1353,1358,train
17318851,24,IRF6,GeneOrGeneProduct,3664,1375,1379,train
17318851,25,IRF6,GeneOrGeneProduct,3664,1459,1463,train
17318851,26,MSX1,GeneOrGeneProduct,4487,1488,1492,train
17318851,27,TGFA,GeneOrGeneProduct,7039,1520,1524,train
17951029,0,Focal dermal hypoplasia,DiseaseOrPhenotypicFeature,D005489,0,23,train
17951029,1,p.E300X,SequenceVariant,p|SUB|E|300|X,64,71,train
17951029,2,PORCN,GeneOrGeneProduct,64840,80,85,train
17951029,3,Focal dermal hypoplasia,DiseaseOrPhenotypicFeature,D005489,104,127,train
17951029,4,FDH,DiseaseOrPhenotypicFeature,D005489,129,132,train
17951029,5,OMIM 305600,DiseaseOrPhenotypicFeature,D005489,135,146,train
17951029,6,X-linked dominant disorder,DiseaseOrPhenotypicFeature,D040181,154,180,train
17951029,7,Goltz syndrome,DiseaseOrPhenotypicFeature,D005489,227,241,train
17951029,8,FDH,DiseaseOrPhenotypicFeature,D005489,243,246,train
17951029,9,hypoplastic dermis,DiseaseOrPhenotypicFeature,D005489,294,312,train
17951029,10,FDH,DiseaseOrPhenotypicFeature,D005489,408,411,train
17951029,11,PORCN,GeneOrGeneProduct,64840,438,443,train
17951029,12,FDH,DiseaseOrPhenotypicFeature,D005489,633,636,train
17951029,13,depressed,DiseaseOrPhenotypicFeature,D003866,691,700,train
17951029,14,dental caries,DiseaseOrPhenotypicFeature,D003731,814,827,train
17951029,15,PORCN,GeneOrGeneProduct,64840,997,1002,train
17951029,16,G>T substitution at nucleotide c.898,SequenceVariant,c|SUB|G|898|T,1058,1094,train
17951029,17,glutamic acid residue (GAA) to a premature termination codon (TAA),SequenceVariant,p|SUB|E||X,1138,1204,train
17951029,18,p.E300X,SequenceVariant,p|SUB|E|300|X,1232,1239,train
17951029,19,FDH,DiseaseOrPhenotypicFeature,D005489,1406,1409,train
17951029,20,PORCN,GeneOrGeneProduct,64840,1466,1471,train
19110214,0,recessive skeletal dysplasia,DiseaseOrPhenotypicFeature,D010009,2,30,train
19110214,1,SEMD,DiseaseOrPhenotypicFeature,D010009,32,36,train
19110214,2,aggrecan,GeneOrGeneProduct,176,37,45,train
19110214,3,aggrecan,GeneOrGeneProduct,176,123,131,train
19110214,4,spondyloepimetaphyseal dysplasia,DiseaseOrPhenotypicFeature,D010009,234,266,train
19110214,5,short stature,DiseaseOrPhenotypicFeature,D006130,291,304,train
19110214,6,aggrecan,GeneOrGeneProduct,176,704,712,train
19110214,7,chondroitin sulfate proteoglycan 4,GeneOrGeneProduct,1464,717,751,train
19110214,8,aggrecan,GeneOrGeneProduct,176,820,828,train
19110214,9,c.6799G --> A,SequenceVariant,rs545688154,922,935,train
19110214,10,p.D2267N,SequenceVariant,rs545688154,953,961,train
19110214,11,aggrecan,GeneOrGeneProduct,176,1038,1046,train
19110214,12,D2267,SequenceVariant,rs545688154,1052,1057,train
19110214,13,calcium,ChemicalEntity,D002118,1106,1113,train
19110214,14,aggrecan,GeneOrGeneProduct,176,1603,1611,train
19110214,15,tenascin-C,GeneOrGeneProduct,3371,1626,1636,train
19110214,16,autosomal-recessive skeletal dysplasia,DiseaseOrPhenotypicFeature,D010009,1665,1703,train
19110214,17,aggrecan,GeneOrGeneProduct,176,1735,1743,train
19592582,0,Matriptase-2,GeneOrGeneProduct,164656,0,12,train
19592582,1,iron,ChemicalEntity,D007501,26,30,train
19592582,2,iron deficiency anemia,DiseaseOrPhenotypicFeature,D018798,42,64,train
19592582,3,patients,OrganismTaxon,9606,65,73,train
19592582,4,matriptase-2,GeneOrGeneProduct,164656,167,179,train
19592582,5,humans,OrganismTaxon,9606,204,210,train
19592582,6,iron-refractory iron deficiency anemia,DiseaseOrPhenotypicFeature,C562385,234,272,train
19592582,7,IRIDA,DiseaseOrPhenotypicFeature,C562385,274,279,train
19592582,8,hepcidin,GeneOrGeneProduct,57817,297,305,train
19592582,9,matriptase-2,GeneOrGeneProduct,164656,375,387,train
19592582,10,TMPRSS6,GeneOrGeneProduct,164656,389,396,train
19592582,11,IRIDA,DiseaseOrPhenotypicFeature,C562385,443,448,train
19592582,12,P686fs,SequenceVariant,p|FS|P|686||,498,504,train
19592582,13,insertion of the four nucleotides CCCC,SequenceVariant,c|INS||CCCC,520,558,train
19592582,14,2172_2173insCCCC,SequenceVariant,c|INS|2172_2173|CCCC,571,587,train
19592582,15,c.467C>A,SequenceVariant,c|SUB|C|467|A,715,723,train
19592582,16,c.468C>T,SequenceVariant,c|SUB|C|468|T,728,736,train
19592582,17,A118D,SequenceVariant,p|SUB|A|118|D,781,786,train
19592582,18,matriptase-2,GeneOrGeneProduct,164656,841,853,train
19592582,19,matriptase-2,GeneOrGeneProduct,164656,891,903,train
19592582,20,hepcidin,GeneOrGeneProduct,57817,972,980,train
19592582,21,A118D,SequenceVariant,p|SUB|A|118|D,1025,1030,train
19592582,22,matriptase-2,GeneOrGeneProduct,164656,1111,1123,train
19592582,23,TMPRSS6,GeneOrGeneProduct,164656,1186,1193,train
19592582,24,IRIDA,DiseaseOrPhenotypicFeature,C562385,1220,1225,train
19592582,25,matriptase-2,GeneOrGeneProduct,164656,1382,1394,train
19592582,26,iron deficiency,DiseaseOrPhenotypicFeature,D018798,1402,1417,train
19841052,0,crack cocaine,ChemicalEntity,D016578,11,24,train
19841052,1,HIV infection,DiseaseOrPhenotypicFeature,D015658,46,59,train
19841052,2,crack cocaine,ChemicalEntity,D016578,163,176,train
19841052,3,HIV infection,DiseaseOrPhenotypicFeature,D015658,201,214,train
19841052,4,crack cocaine,ChemicalEntity,D016578,244,257,train
19841052,5,HIV infection,DiseaseOrPhenotypicFeature,D015658,342,355,train
19841052,6,HIV,DiseaseOrPhenotypicFeature,D015658,577,580,train
19841052,7,HIV seroconversion,DiseaseOrPhenotypicFeature,D006679,684,702,train
19841052,8,crack cocaine,ChemicalEntity,D016578,726,739,train
19841052,9,HIV infection,DiseaseOrPhenotypicFeature,D015658,1065,1078,train
19841052,10,crack cocaine,ChemicalEntity,D016578,1163,1176,train
19841052,11,HIV seroconversion,DiseaseOrPhenotypicFeature,D006679,1301,1319,train
19841052,12,crack cocaine,ChemicalEntity,D016578,1365,1378,train
19841052,13,crack cocaine,ChemicalEntity,D016578,1580,1593,train
19841052,14,HIV seroconversion,DiseaseOrPhenotypicFeature,D006679,1641,1659,train
19841052,15,crack cocaine,ChemicalEntity,D016578,1817,1830,train
21666969,0,G1359A,SequenceVariant,rs1049353,9,15,train
21666969,1,cannabinoid receptor,GeneOrGeneProduct,1268,36,56,train
21666969,2,CNR1,GeneOrGeneProduct,1268,63,67,train
21666969,3,weight loss,DiseaseOrPhenotypicFeature,D015431,72,83,train
21666969,4,1359 G/A,SequenceVariant,rs1049353,178,186,train
21666969,5,CB1,GeneOrGeneProduct,1268,195,198,train
21666969,6,G to A at nucleotide position 1359,SequenceVariant,rs1049353,241,275,train
21666969,7,codon 435 (Thr),SequenceVariant,rs1049353,279,294,train
21666969,8,G1359A,SequenceVariant,rs1049353,495,501,train
21666969,9,CB1 receptor,GeneOrGeneProduct,1268,506,518,train
21666969,10,weight loss,DiseaseOrPhenotypicFeature,D015431,555,566,train
21666969,11,obese,DiseaseOrPhenotypicFeature,D009765,654,659,train
21666969,12,patients,OrganismTaxon,9606,660,668,train
21666969,13,patients,OrganismTaxon,9606,697,705,train
21666969,14,obesity,DiseaseOrPhenotypicFeature,D009765,711,718,train
21666969,15,G1359A,SequenceVariant,rs1049353,947,953,train
21666969,16,A1359A,SequenceVariant,rs1049353,958,964,train
21666969,17,G1359G,SequenceVariant,rs1049353,990,996,train
21666969,18,patients,OrganismTaxon,9606,1058,1066,train
21666969,19,G1359G,SequenceVariant,rs1049353,1090,1096,train
21666969,20,patients,OrganismTaxon,9606,1128,1136,train
21666969,21,G1359A,SequenceVariant,rs1049353,1137,1143,train
21666969,22,patients,OrganismTaxon,9606,1148,1156,train
21666969,23,A1359A,SequenceVariant,rs1049353,1168,1174,train
21666969,24,patients,OrganismTaxon,9606,1178,1186,train
21666969,25,resistin,GeneOrGeneProduct,56729,1380,1388,train
21666969,26,leptin,GeneOrGeneProduct,3952,1436,1442,train
21666969,27,IL-6,GeneOrGeneProduct,3569,1490,1494,train
21666969,28,A1359,SequenceVariant,rs1049353,1667,1672,train
21666969,29,resistin,GeneOrGeneProduct,56729,1693,1701,train
21666969,30,leptin,GeneOrGeneProduct,3952,1703,1709,train
21666969,31,interleukin-6,GeneOrGeneProduct,3569,1714,1727,train
21666969,32,weight loss,DiseaseOrPhenotypicFeature,D015431,1741,1752,train
21810259,0,HIV-1,OrganismTaxon,11676,0,5,train
21810259,1,Tat,GeneOrGeneProduct,155871,6,9,train
21810259,2,"indoleamine 2,3 dioxygenase",GeneOrGeneProduct,15930,20,47,train
21810259,3,murine,OrganismTaxon,10090,51,57,train
21810259,4,p38 mitogen-activated protein kinase,GeneOrGeneProduct,26416,102,138,train
21810259,5,tryptophan,ChemicalEntity,D014364,212,222,train
21810259,6,"indoleamine 2,3 dioxygenase",GeneOrGeneProduct,15930,240,267,train
21810259,7,IDO,GeneOrGeneProduct,15930,269,272,train
21810259,8,depressive,DiseaseOrPhenotypicFeature,D000275,337,347,train
21810259,9,human immunodeficiency virus type 1,OrganismTaxon,11676,371,406,train
21810259,10,HIV-1,OrganismTaxon,11676,408,413,train
21810259,11,Tat,GeneOrGeneProduct,155871,415,418,train
21810259,12,depressive,DiseaseOrPhenotypicFeature,D000275,434,444,train
21810259,13,mice,OrganismTaxon,10090,462,466,train
21810259,14,IDO,GeneOrGeneProduct,15930,508,511,train
21810259,15,C57BL/6,CellLine,CVCL_5746,584,591,train
21810259,16,mice,OrganismTaxon,10090,592,596,train
21810259,17,Depressive,DiseaseOrPhenotypicFeature,D000275,607,617,train
21810259,18,C57BL/6J,CellLine,CVCL_5U84,635,643,train
21810259,19,mice,OrganismTaxon,10090,644,648,train
21810259,20,IDO,GeneOrGeneProduct,15930,715,718,train
21810259,21,p38 MAPK,GeneOrGeneProduct,26416,848,856,train
21810259,22,Tat,GeneOrGeneProduct,155871,963,966,train
21810259,23,depressive,DiseaseOrPhenotypicFeature,D000275,983,993,train
21810259,24,Tat,GeneOrGeneProduct,155871,1048,1051,train
21810259,25,IDO,GeneOrGeneProduct,15930,1097,1100,train
21810259,26,IFNg,GeneOrGeneProduct,15978,1188,1192,train
21810259,27,Tat,GeneOrGeneProduct,155871,1194,1197,train
21810259,28,TNFa,GeneOrGeneProduct,21926,1240,1244,train
21810259,29,IL-6,GeneOrGeneProduct,16193,1249,1253,train
21810259,30,inducible isoform of nitric oxide synthase,GeneOrGeneProduct,18126,1327,1369,train
21810259,31,iNOS,GeneOrGeneProduct,18126,1371,1375,train
21810259,32,serotonin transporter,GeneOrGeneProduct,15567,1385,1406,train
21810259,33,SERT,GeneOrGeneProduct,15567,1408,1412,train
21810259,34,Tat,GeneOrGeneProduct,155871,1415,1418,train
21810259,35,IFNg,GeneOrGeneProduct,15978,1460,1464,train
21810259,36,Tat,GeneOrGeneProduct,155871,1495,1498,train
21810259,37,IDO,GeneOrGeneProduct,15930,1507,1510,train
21810259,38,p38 mitogen-activated protein kinase,GeneOrGeneProduct,26416,1555,1591,train
21810259,39,MAPK,GeneOrGeneProduct,26416,1593,1597,train
21810259,40,SB 202190,ChemicalEntity,C090942,1609,1618,train
21810259,41,Tat,GeneOrGeneProduct,155871,1637,1640,train
21810259,42,SB 202190,ChemicalEntity,C090942,1652,1661,train
21810259,43,IDO,GeneOrGeneProduct,15930,1686,1689,train
21810259,44,Tat,GeneOrGeneProduct,155871,1712,1715,train
21810259,45,Tat,GeneOrGeneProduct,155871,1767,1770,train
21810259,46,TNFa,GeneOrGeneProduct,21926,1793,1797,train
21810259,47,IL-6,GeneOrGeneProduct,16193,1799,1803,train
21810259,48,iNOS,GeneOrGeneProduct,18126,1805,1809,train
21810259,49,SERT,GeneOrGeneProduct,15567,1814,1818,train
21810259,50,Tat,GeneOrGeneProduct,155871,1858,1861,train
21810259,51,IDO,GeneOrGeneProduct,15930,1870,1873,train
21810259,52,IFNg,GeneOrGeneProduct,15978,1892,1896,train
21810259,53,p38 MAPK,GeneOrGeneProduct,26416,1951,1959,train
21810259,54,IDO,GeneOrGeneProduct,3620,1971,1974,train
21810259,55,p38 MAPK,GeneOrGeneProduct,26416,1989,1997,train
21810259,56,depressive disorders,DiseaseOrPhenotypicFeature,D000275,2059,2079,train
21810259,57,HIV-1-infected,DiseaseOrPhenotypicFeature,D015658,2083,2097,train
21810259,58,patients,OrganismTaxon,9606,2098,2106,train
25979836,0,Gastrointestinal hormones,ChemicalEntity,D005768,0,25,train
25979836,1,neurotransmitters,ChemicalEntity,D018377,26,43,train
25979836,2,P21 activated kinase 2,GeneOrGeneProduct,29432,76,98,train
25979836,3,P-21-activated kinases,GeneOrGeneProduct,"292756,29431,29432,29433,296078,311450",147,169,train
25979836,4,PAKs,GeneOrGeneProduct,"292756,29431,29432,29433,296078,311450",171,175,train
25979836,5,serine/threonine kinases,GeneOrGeneProduct,"292756,29431,29432,29433,296078,311450",181,205,train
25979836,6,PAK1-3,GeneOrGeneProduct,"29431,29432,29433",262,268,train
25979836,7,PAK4-6,GeneOrGeneProduct,"292756,296078,311450",280,286,train
25979836,8,PAKs,GeneOrGeneProduct,"292756,29431,29432,29433,296078,311450",453,457,train
25979836,9,gastrointestinal (GI) hormones,ChemicalEntity,D005768,485,515,train
25979836,10,neurotransmitters,ChemicalEntity,D018377,516,533,train
25979836,11,rat,OrganismTaxon,10116,558,561,train
25979836,12,GI-hormones,ChemicalEntity,D005768,605,616,train
25979836,13,neurotransmitters,ChemicalEntity,D018377,617,634,train
25979836,14,Group-I-PAKs,GeneOrGeneProduct,"29431,29432,29433",662,674,train
25979836,15,PAK2,GeneOrGeneProduct,29432,717,721,train
25979836,16,PAK2,GeneOrGeneProduct,29432,744,748,train
25979836,17,pancreatic growth-factors,GeneOrGeneProduct,"25266,25313,54250",771,796,train
25979836,18,EGF,GeneOrGeneProduct,25313,798,801,train
25979836,19,PDGF,GeneOrGeneProduct,25266,803,807,train
25979836,20,bFGF,GeneOrGeneProduct,54250,809,813,train
25979836,21,phospholipase-C,GeneOrGeneProduct,24655,844,859,train
25979836,22,PLC,GeneOrGeneProduct,24655,861,864,train
25979836,23,CCK,GeneOrGeneProduct,25298,867,870,train
25979836,24,carbachol,ChemicalEntity,D002217,872,881,train
25979836,25,bombesin,ChemicalEntity,D001839,883,891,train
25979836,26,PKC,GeneOrGeneProduct,24681,936,939,train
25979836,27,TPA,ChemicalEntity,D013755,941,944,train
25979836,28,calcium,ChemicalEntity,D002118,987,994,train
25979836,29,cyclic AMP,ChemicalEntity,D000242,1009,1019,train
25979836,30,CCK,GeneOrGeneProduct,25298,1021,1024,train
25979836,31,PAK2,GeneOrGeneProduct,29432,1039,1043,train
25979836,32,CCK1-receptor,GeneOrGeneProduct,24889,1081,1094,train
25979836,33,PKC,GeneOrGeneProduct,24681,1141,1144,train
25979836,34,Src,GeneOrGeneProduct,83805,1149,1152,train
25979836,35,PI3K,GeneOrGeneProduct,298947,1178,1182,train
25979836,36,wortmannin,ChemicalEntity,D000077191,1195,1205,train
25979836,37,LY294002,ChemicalEntity,C085911,1207,1215,train
25979836,38,thapsigargin,ChemicalEntity,D019284,1220,1232,train
25979836,39,IPA-3,ChemicalEntity,C541795,1234,1239,train
25979836,40,PAK2,GeneOrGeneProduct,29432,1256,1260,train
25979836,41,small-GTPases,GeneOrGeneProduct,"363875,64465",1272,1285,train
25979836,42,PAK2,GeneOrGeneProduct,29432,1306,1310,train
25979836,43,CCK,GeneOrGeneProduct,25298,1342,1345,train
25979836,44,ERK1/2,GeneOrGeneProduct,"116590,50689",1354,1360,train
25979836,45,amylase,GeneOrGeneProduct,24203,1376,1383,train
25979836,46,CCK,GeneOrGeneProduct,25298,1403,1406,train
25979836,47,bombesin,ChemicalEntity,D001839,1410,1418,train
25979836,48,Group-I-PAK,GeneOrGeneProduct,"29431,29432,29433",1479,1490,train
25979836,49,PAK2,GeneOrGeneProduct,29432,1492,1496,train
25979836,50,CCK,GeneOrGeneProduct,25298,1498,1501,train
25979836,51,GI-hormones,ChemicalEntity,D005768,1512,1523,train
25979836,52,neurotransmitters,ChemicalEntity,D018377,1524,1541,train
25979836,53,PAK2,GeneOrGeneProduct,29432,1566,1570,train
25979836,54,small GTPases,GeneOrGeneProduct,"363875,64465",1575,1588,train
25979836,55,CDC42,GeneOrGeneProduct,64465,1590,1595,train
25979836,56,Rac1,GeneOrGeneProduct,363875,1596,1600,train
25979836,57,PKC,GeneOrGeneProduct,24681,1603,1606,train
25979836,58,SFK,GeneOrGeneProduct,83805,1611,1614,train
25979836,59,calcium,ChemicalEntity,D002118,1633,1640,train
25979836,60,PI3K,GeneOrGeneProduct,298947,1644,1648,train
25979836,61,CCK,GeneOrGeneProduct,25298,1650,1653,train
25979836,62,PAK2,GeneOrGeneProduct,29432,1668,1672,train
25979836,63,PLC,GeneOrGeneProduct,24655,1762,1765,train
25979836,64,PKC,GeneOrGeneProduct,24681,1771,1774,train
25979836,65,small-GTPase,GeneOrGeneProduct,"363875,64465",1812,1824,train
25979836,66,PAK2,GeneOrGeneProduct,29432,1883,1887,train
25979836,67,pancreatic disorders,DiseaseOrPhenotypicFeature,D010182,2113,2133,train
25979836,68,pancreatitis,DiseaseOrPhenotypicFeature,D010195,2142,2154,train
27930654,0,RAB-28,GeneOrGeneProduct,189429,61,67,train
27930654,1,GTPase,GeneOrGeneProduct,189429,87,93,train
27930654,2,BBSome,GeneOrGeneProduct,260219,114,120,train
27930654,3,inherited human disorders,DiseaseOrPhenotypicFeature,D030342,313,338,train
27930654,4,ciliopathies,DiseaseOrPhenotypicFeature,D000072661,340,352,train
27930654,5,retinitis pigmentosa,DiseaseOrPhenotypicFeature,D012174,362,382,train
27930654,6,Bardet-Biedl syndrome,DiseaseOrPhenotypicFeature,D020788,387,408,train
27930654,7,BBS,DiseaseOrPhenotypicFeature,D020788,410,413,train
27930654,8,kinesin-2,GeneOrGeneProduct,177685,652,661,train
27930654,9,dynein,GeneOrGeneProduct,172041,670,676,train
27930654,10,Bardet-Biedl syndrome (BBS) cargo-adaptor protein complex,GeneOrGeneProduct,260219,705,762,train
27930654,11,BBSome,GeneOrGeneProduct,260219,767,773,train
27930654,12,C. elegans,OrganismTaxon,6239,841,851,train
27930654,13,FAM-161,GeneOrGeneProduct,189695,1124,1131,train
27930654,14,FAM161A,GeneOrGeneProduct,84140,1133,1140,train
27930654,15,CCDC-104,GeneOrGeneProduct,112942,1154,1162,train
27930654,16,CCDC104,GeneOrGeneProduct,112942,1164,1171,train
27930654,17,RPI-1,GeneOrGeneProduct,189281,1178,1183,train
27930654,18,RP1,GeneOrGeneProduct,6101,1185,1188,train
27930654,19,RP1L1,GeneOrGeneProduct,94137,1189,1194,train
27930654,20,human,OrganismTaxon,9606,1315,1320,train
27930654,21,MAP9,GeneOrGeneProduct,79884,1321,1325,train
27930654,22,YAP,GeneOrGeneProduct,10413,1327,1330,train
27930654,23,CCDC149,GeneOrGeneProduct,91050,1332,1339,train
27930654,24,RAB28,GeneOrGeneProduct,9364,1345,1350,train
27930654,25,C. elegans,OrganismTaxon,6239,1414,1424,train
27930654,26,RAB-28,GeneOrGeneProduct,189429,1425,1431,train
27930654,27,cone-rod dystrophy,DiseaseOrPhenotypicFeature,D000071700,1478,1496,train
27930654,28,GTPase,GeneOrGeneProduct,189429,1521,1527,train
27930654,29,GDP,ChemicalEntity,D006153,1639,1642,train
27930654,30,RAB-28,GeneOrGeneProduct,189429,1649,1655,train
27930654,31,GTP,ChemicalEntity,D006160,1707,1710,train
27930654,32,RAB-28,GeneOrGeneProduct,189429,1729,1735,train
27930654,33,BBSome,GeneOrGeneProduct,260219,1782,1788,train
27930654,34,rab-28,GeneOrGeneProduct,189429,1947,1953,train
27930654,35,GDP,ChemicalEntity,D006153,1995,1998,train
27930654,36,GTP,ChemicalEntity,D006160,2002,2005,train
27930654,37,RAB-28,GeneOrGeneProduct,189429,2025,2031,train
27930654,38,RAB28,GeneOrGeneProduct,9364,2188,2193,train
27930654,39,GTPase,GeneOrGeneProduct,9364,2197,2203,train
27930654,40,BBS,DiseaseOrPhenotypicFeature,D020788,2232,2235,train
27930654,41,RABL4,GeneOrGeneProduct,11020,2244,2249,train
27930654,42,IFT27,GeneOrGeneProduct,11020,2250,2255,train
27930654,43,BBSome,GeneOrGeneProduct,260219,2289,2295,train
28604678,0,ESCRT-III,GeneOrGeneProduct,"128866,27243,51652",28,37,train
28604678,1,Vps4,GeneOrGeneProduct,"27183,9525",65,69,train
28604678,2,endosomal sorting complex required for transport (ESCRT)-III,GeneOrGeneProduct,"128866,27243,51652",126,186,train
28604678,3,ESCRT-III,GeneOrGeneProduct,"128866,27243,51652",271,280,train
28604678,4,ESCRT-III,GeneOrGeneProduct,"128866,27243,51652",413,422,train
28604678,5,human,OrganismTaxon,9606,441,446,train
28604678,6,ESCRT-III,GeneOrGeneProduct,"128866,27243,51652",547,556,train
28604678,7,ATPase,GeneOrGeneProduct,"27183,9525",582,588,train
28604678,8,VPS4,GeneOrGeneProduct,"27183,9525",589,593,train
28604678,9,ESCRT-III,GeneOrGeneProduct,"128866,27243,51652",648,657,train
28604678,10,ESCRT-III,GeneOrGeneProduct,"128866,27243,51652",712,721,train
28604678,11,Vps2,GeneOrGeneProduct,27243,748,752,train
28604678,12,Vps24,GeneOrGeneProduct,51652,753,758,train
28604678,13,ESCRT-III,GeneOrGeneProduct,"128866,27243,51652",771,780,train
28604678,14,Snf7,GeneOrGeneProduct,"128866,29082",816,820,train
28604678,15,Vps4,GeneOrGeneProduct,"27183,9525",919,923,train
28604678,16,ATP,ChemicalEntity,D000255,928,931,train
28604678,17,ESCRT-III,GeneOrGeneProduct,"128866,27243,51652",1032,1041,train
28604678,18,Vps4,GeneOrGeneProduct,"27183,9525",1069,1073,train
28604678,19,ESCRT-III,GeneOrGeneProduct,"128866,27243,51652",1086,1095,train
16167916,0,raloxifene,ChemicalEntity,D020849,26,36,train
16167916,1,TAFI,GeneOrGeneProduct,1361,70,74,train
16167916,2,tPA,GeneOrGeneProduct,5327,76,79,train
16167916,3,PAI-1,GeneOrGeneProduct,5054,85,90,train
16167916,4,thrombin-activatable fibrinolysis inhibitor,GeneOrGeneProduct,1361,129,172,train
16167916,5,TAFI,GeneOrGeneProduct,1361,174,178,train
16167916,6,tissue-type plasminogen activator,GeneOrGeneProduct,5327,181,214,train
16167916,7,tPA,GeneOrGeneProduct,5327,216,219,train
16167916,8,plasminogen activator inhibitor-1,GeneOrGeneProduct,5054,226,259,train
16167916,9,PAI-1,GeneOrGeneProduct,5054,261,266,train
16167916,10,raloxifene,ChemicalEntity,D020849,332,342,train
16167916,11,women,OrganismTaxon,9606,376,381,train
16167916,12,women,OrganismTaxon,9606,419,424,train
16167916,13,osteopenia,DiseaseOrPhenotypicFeature,D001851,430,440,train
16167916,14,osteoporosis,DiseaseOrPhenotypicFeature,D010024,444,456,train
16167916,15,women,OrganismTaxon,9606,531,536,train
16167916,16,raloxifene hydrochloride,ChemicalEntity,D020849,548,572,train
16167916,17,calcium,ChemicalEntity,D002118,590,597,train
16167916,18,calcium,ChemicalEntity,D002118,658,665,train
16167916,19,TAFI,GeneOrGeneProduct,1361,674,678,train
16167916,20,tPA,GeneOrGeneProduct,5327,680,683,train
16167916,21,PAI-1,GeneOrGeneProduct,5054,689,694,train
16167916,22,raloxifene,ChemicalEntity,D020849,977,987,train
16167916,23,TAFI,GeneOrGeneProduct,1361,1055,1059,train
16167916,24,tPA,GeneOrGeneProduct,5327,1137,1140,train
16167916,25,TAFI,GeneOrGeneProduct,1361,1241,1245,train
16167916,26,venous thromboembolism,DiseaseOrPhenotypicFeature,D054556,1372,1394,train
16167916,27,raloxifene,ChemicalEntity,D020849,1402,1412,train
16167916,28,tPA,GeneOrGeneProduct,5327,1451,1454,train
16167916,29,TAFI,GeneOrGeneProduct,1361,1471,1475,train
16781314,0,Ectodermal dysplasia-skin fragility syndrome,DiseaseOrPhenotypicFeature,C536183,0,44,train
16781314,1,888delC,SequenceVariant,c|DEL888|C,87,94,train
16781314,2,plakophilin 1,GeneOrGeneProduct,5317,122,135,train
16781314,3,inherited disorder,DiseaseOrPhenotypicFeature,D030342,169,187,train
16781314,4,plakophilin 1,GeneOrGeneProduct,5317,214,227,train
16781314,5,ectodermal dysplasia-skin fragility syndrome,DiseaseOrPhenotypicFeature,C536183,242,286,train
16781314,6,skin fragility,DiseaseOrPhenotypicFeature,C536183,365,379,train
16781314,7,plantar keratoderma,DiseaseOrPhenotypicFeature,D017499,393,412,train
16781314,8,nail dystrophy,DiseaseOrPhenotypicFeature,D009260,414,428,train
16781314,9,alopecia,DiseaseOrPhenotypicFeature,D000505,434,442,train
16781314,10,plakophilin 1,GeneOrGeneProduct,5317,597,610,train
16781314,11,PKP1,GeneOrGeneProduct,5317,616,620,train
16781314,12,deletion of C at nucleotide 888,SequenceVariant,c|DEL888|C,643,674,train
16781314,13,PKP1,GeneOrGeneProduct,5317,721,725,train
16781314,14,genodermatosis,DiseaseOrPhenotypicFeature,D012873,803,817,train
16781314,15,plakophilin 1,GeneOrGeneProduct,5317,912,925,train
16843501,0,gastric cancer,DiseaseOrPhenotypicFeature,D013274,25,39,train
16843501,1,hOGG1,GeneOrGeneProduct,4968,64,69,train
16843501,2,RAD51,GeneOrGeneProduct,5888,74,79,train
16843501,3,cancer,DiseaseOrPhenotypicFeature,D009369,195,201,train
16843501,4,hOGG1,GeneOrGeneProduct,4968,381,386,train
16843501,5,RAD51,GeneOrGeneProduct,5888,440,445,train
16843501,6,stomach cancer,DiseaseOrPhenotypicFeature,D013274,591,605,train
16843501,7,hydrogen peroxide,ChemicalEntity,D006861,738,755,train
16843501,8,gastric cancer,DiseaseOrPhenotypicFeature,D013274,794,808,train
16843501,9,patients,OrganismTaxon,9606,809,817,train
16843501,10,hOGG1,GeneOrGeneProduct,4968,957,962,train
16843501,11,RAD51,GeneOrGeneProduct,5888,967,972,train
16843501,12,G-->C transversion at 1245 position,SequenceVariant,rs1052133,982,1017,train
16843501,13,hOGG1,GeneOrGeneProduct,4968,1025,1030,train
16843501,14,Ser-->Cys substitution at the codon 326,SequenceVariant,rs1052133,1048,1087,train
16843501,15,Ser326Cys,SequenceVariant,rs1052133,1093,1102,train
16843501,16,G-->C substitution at position 135,SequenceVariant,g|SUB|G|135|C,1123,1157,train
16843501,17,RAD51,GeneOrGeneProduct,5888,1190,1195,train
16843501,18,G135C,SequenceVariant,g|SUB|G|135|C,1206,1211,train
16843501,19,endonuclease III,GeneOrGeneProduct,4913,1354,1370,train
16843501,20,Nth,GeneOrGeneProduct,4913,1372,1375,train
16843501,21,formamidopyrimidine-DNA glycosylase,GeneOrGeneProduct,79661,1381,1416,train
16843501,22,Fpg,GeneOrGeneProduct,79661,1418,1421,train
16843501,23,gastric cancer,DiseaseOrPhenotypicFeature,D013274,1611,1625,train
16843501,24,human,OrganismTaxon,9606,1661,1666,train
16843501,25,G/C,SequenceVariant,g|SUB|G||C,1687,1690,train
16843501,26,G135C,SequenceVariant,g|SUB|G|135|C,1707,1712,train
16843501,27,RAD51,GeneOrGeneProduct,5888,1733,1738,train
16843501,28,stomach cancer,DiseaseOrPhenotypicFeature,D013274,1812,1826,train
16843501,29,Ser1245Cys,SequenceVariant,rs1052133,1941,1951,train
16843501,30,hOGG1,GeneOrGeneProduct,4968,1972,1977,train
16843501,31,gastric cancer,DiseaseOrPhenotypicFeature,D013274,1987,2001,train
16843501,32,G135C,SequenceVariant,g|SUB|G|135|C,2142,2147,train
16843501,33,RAD51,GeneOrGeneProduct,5888,2168,2173,train
16843501,34,gastric cancer,DiseaseOrPhenotypicFeature,D013274,2198,2212,train
17221831,0,G51S,SequenceVariant,rs1049564,4,8,train
17221831,1,purine nucleoside phosphorylase,GeneOrGeneProduct,4860,9,40,train
17221831,2,cognitive decline,DiseaseOrPhenotypicFeature,D003072,73,90,train
17221831,3,Alzheimer's disease,DiseaseOrPhenotypicFeature,D000544,94,113,train
17221831,4,patients,OrganismTaxon,9606,114,122,train
17221831,5,Alzheimer's disease,DiseaseOrPhenotypicFeature,D000544,124,143,train
17221831,6,AD,DiseaseOrPhenotypicFeature,D000544,145,147,train
17221831,7,inflammatory,DiseaseOrPhenotypicFeature,D007249,522,534,train
17221831,8,AD,DiseaseOrPhenotypicFeature,D000544,653,655,train
17221831,9,G/A,SequenceVariant,rs1049564,703,706,train
17221831,10,purine nucleoside phosphorylase,GeneOrGeneProduct,4860,747,778,train
17221831,11,PNP,GeneOrGeneProduct,4860,780,783,train
17221831,12,serine to glycine at position 51,SequenceVariant,rs1049564,832,864,train
17221831,13,G51S,SequenceVariant,rs1049564,866,870,train
17221831,14,AD,DiseaseOrPhenotypicFeature,D000544,915,917,train
17221831,15,patients,OrganismTaxon,9606,918,926,train
17221831,16,PNP,GeneOrGeneProduct,4860,973,976,train
17221831,17,patients,OrganismTaxon,9606,1029,1037,train
17221831,18,AD,DiseaseOrPhenotypicFeature,D000544,1103,1105,train
17221831,19,patients,OrganismTaxon,9606,1106,1114,train
17221831,20,cognitive decline,DiseaseOrPhenotypicFeature,D003072,1172,1189,train
17221831,21,PNP,GeneOrGeneProduct,4860,1252,1255,train
17221831,22,AD,DiseaseOrPhenotypicFeature,D000544,1284,1286,train
17221831,23,patients,OrganismTaxon,9606,1287,1295,train
17221831,24,cognitive deterioration,DiseaseOrPhenotypicFeature,D003072,1306,1329,train
17221831,25,patients,OrganismTaxon,9606,1359,1367,train
17221831,26,G51S,SequenceVariant,rs1049564,1428,1432,train
17221831,27,PNP,GeneOrGeneProduct,4860,1433,1436,train
17221831,28,cognitive decline,DiseaseOrPhenotypicFeature,D003072,1486,1503,train
17221831,29,AD,DiseaseOrPhenotypicFeature,D000544,1507,1509,train
17221831,30,patients,OrganismTaxon,9606,1510,1518,train
17221831,31,neurodegenerative disorder,DiseaseOrPhenotypicFeature,D019636,1600,1626,train
17286451,0,Retinoblastoma,DiseaseOrPhenotypicFeature,D012175,0,14,train
17286451,1,RB1,GeneOrGeneProduct,5925,230,233,train
17286451,2,tumors,DiseaseOrPhenotypicFeature,D009369,278,284,train
17286451,3,patients,OrganismTaxon,9606,288,296,train
17286451,4,RB1,GeneOrGeneProduct,5925,344,347,train
17286451,5,retinoblastoma,DiseaseOrPhenotypicFeature,D012175,474,488,train
17286451,6,RB,DiseaseOrPhenotypicFeature,D012175,490,492,train
17286451,7,tumors,DiseaseOrPhenotypicFeature,D009369,548,554,train
17286451,8,RB,DiseaseOrPhenotypicFeature,D012175,561,563,train
17286451,9,patients,OrganismTaxon,9606,564,572,train
17286451,10,RB1,GeneOrGeneProduct,5925,669,672,train
17286451,11,tumor,DiseaseOrPhenotypicFeature,D009369,867,872,train
17286451,12,RB,DiseaseOrPhenotypicFeature,D012175,895,897,train
17286451,13,patients,OrganismTaxon,9606,898,906,train
17286451,14,patients,OrganismTaxon,9606,914,922,train
17286451,15,RB,DiseaseOrPhenotypicFeature,D012175,1026,1028,train
17286451,16,patients,OrganismTaxon,9606,1029,1037,train
17286451,17,RB1,GeneOrGeneProduct,5925,1070,1073,train
17286451,18,RB,DiseaseOrPhenotypicFeature,D012175,1112,1114,train
17286451,19,patients,OrganismTaxon,9606,1115,1123,train
17286451,20,RB1,GeneOrGeneProduct,5925,1316,1319,train
17286451,21,tumor,DiseaseOrPhenotypicFeature,D009369,1357,1362,train
17286451,22,RB1,GeneOrGeneProduct,5925,1400,1403,train
17286451,23,RB,DiseaseOrPhenotypicFeature,D012175,1578,1580,train
17327131,0,CYP2F1,GeneOrGeneProduct,1572,26,32,train
17327131,1,CYP2F1,GeneOrGeneProduct,1572,104,110,train
17327131,2,human,OrganismTaxon,9606,116,121,train
17327131,3,cytochrome P450,GeneOrGeneProduct,1572,122,137,train
17327131,4,carcinogenic,DiseaseOrPhenotypicFeature,D009369,256,268,train
17327131,5,CYP2F1,GeneOrGeneProduct,1572,433,439,train
17327131,6,patients,OrganismTaxon,9606,503,511,train
17327131,7,lung cancer,DiseaseOrPhenotypicFeature,D008175,517,528,train
17327131,8,CYP2F1,GeneOrGeneProduct,1572,822,828,train
17327131,9,CYP2F1,GeneOrGeneProduct,1572,862,868,train
17327131,10,CYP2F1,GeneOrGeneProduct,1572,958,964,train
17327131,11,Asp218Asn,SequenceVariant,rs305974,1047,1056,train
17327131,12,Gln266His,SequenceVariant,rs75405062,1061,1070,train
17327131,13,1-bp insertion,SequenceVariant,rs11399890,1078,1092,train
17327131,14,c.14_15insC,SequenceVariant,rs11399890,1094,1105,train
17327131,15,CYP2F1,GeneOrGeneProduct,1572,1413,1419,train
17327131,16,CYP2F1,GeneOrGeneProduct,1572,1675,1681,train
17327131,17,lung cancer,DiseaseOrPhenotypicFeature,D008175,1743,1754,train
19234905,0,idiopathic Parkinson's disease,DiseaseOrPhenotypicFeature,D010300,77,107,train
19234905,1,idiopathic Parkinson's disease,DiseaseOrPhenotypicFeature,D010300,254,284,train
19234905,2,PD,DiseaseOrPhenotypicFeature,D010300,286,288,train
19234905,3,patients,OrganismTaxon,9606,352,360,train
19234905,4,men,OrganismTaxon,9606,394,397,train
19234905,5,women,OrganismTaxon,9606,401,406,train
19234905,6,levodopa,ChemicalEntity,D007980,581,589,train
19234905,7,dyskinesias,DiseaseOrPhenotypicFeature,D004409,598,609,train
19234905,8,patients,OrganismTaxon,9606,629,637,train
19234905,9,levodopa,ChemicalEntity,D007980,671,679,train
19234905,10,patients,OrganismTaxon,9606,717,725,train
19234905,11,Parkinson's Disease,DiseaseOrPhenotypicFeature,D010300,875,894,train
19234905,12,parkinsonian,DiseaseOrPhenotypicFeature,D010300,1145,1157,train
19234905,13,patients,OrganismTaxon,9606,1177,1185,train
19234905,14,Levodopa,ChemicalEntity,D007980,1209,1217,train
19234905,15,patients,OrganismTaxon,9606,1462,1470,train
19234905,16,homonymous hemianopsia,DiseaseOrPhenotypicFeature,D006423,1487,1509,train
19234905,17,Valproate,ChemicalEntity,D014635,1653,1662,train
19234905,18,patients,OrganismTaxon,9606,1790,1798,train
19234905,19,PD,DiseaseOrPhenotypicFeature,D010300,1813,1815,train
19365571,0,Macular corneal dystrophy,DiseaseOrPhenotypicFeature,D003317,0,25,train
19365571,1,CHST6,GeneOrGeneProduct,4166,78,83,train
19365571,2,carbohydrate sulfotransferase gene,GeneOrGeneProduct,4166,123,157,train
19365571,3,CHST6,GeneOrGeneProduct,4166,159,164,train
19365571,4,macular corneal dystrophy,DiseaseOrPhenotypicFeature,D003317,192,217,train
19365571,5,MCD,DiseaseOrPhenotypicFeature,D003317,219,222,train
19365571,6,CHST6,GeneOrGeneProduct,4166,649,654,train
19365571,7,iron,ChemicalEntity,D007501,846,850,train
19365571,8,c.892C>T,SequenceVariant,c|SUB|C|892|T,1117,1125,train
19365571,9,c.1072T>C,SequenceVariant,c|SUB|T|1072|C,1130,1139,train
19365571,10,CHST6,GeneOrGeneProduct,4166,1170,1175,train
19365571,11,patients,OrganismTaxon,9606,1185,1193,train
19365571,12,stop codon for glutamine at codon 298,SequenceVariant,p|SUB|Q|298|X,1251,1288,train
19365571,13,p.Q298X,SequenceVariant,p|SUB|Q|298|X,1290,1297,train
19365571,14,"codon 358, tyrosine to histidine",SequenceVariant,p|SUB|Y|358|H,1326,1358,train
19365571,15,p.Y358H,SequenceVariant,p|SUB|Y|358|H,1360,1367,train
19365571,16,CHST6,GeneOrGeneProduct,4166,1625,1630,train
19365571,17,keratan sulfate,ChemicalEntity,D007632,1682,1697,train
19365571,18,KS,ChemicalEntity,D007632,1699,1701,train
19365571,19,collagen,GeneOrGeneProduct,1277,1825,1833,train
19642243,0,Acute renal failure,DiseaseOrPhenotypicFeature,D058186,0,19,train
19642243,1,patients,OrganismTaxon,9606,23,31,train
19642243,2,AIDS,DiseaseOrPhenotypicFeature,D000163,37,41,train
19642243,3,tenofovir,ChemicalEntity,D000068698,45,54,train
19642243,4,vancomycin,ChemicalEntity,D014640,81,91,train
19642243,5,osteomyelitis,DiseaseOrPhenotypicFeature,D010019,103,116,train
19642243,6,Renal failure,DiseaseOrPhenotypicFeature,D051437,118,131,train
19642243,7,vancomycin,ChemicalEntity,D014640,170,180,train
19642243,8,patients,OrganismTaxon,9606,194,202,train
19642243,9,tenofovir disoproxil fumarate,ChemicalEntity,D000068698,222,251,train
19642243,10,Tenofovir,ChemicalEntity,D000068698,290,299,train
19642243,11,Fanconi syndrome,DiseaseOrPhenotypicFeature,D005198,342,358,train
19642243,12,renal insufficiency,DiseaseOrPhenotypicFeature,D051437,363,382,train
19642243,13,Vancomycin,ChemicalEntity,D014640,436,446,train
19642243,14,nephrotoxicity,DiseaseOrPhenotypicFeature,D007674,447,461,train
19642243,15,nephrotoxic,DiseaseOrPhenotypicFeature,D007674,520,531,train
19642243,16,tenofovir,ChemicalEntity,D000068698,571,580,train
19642243,17,renal failure,DiseaseOrPhenotypicFeature,D051437,603,616,train
19642243,18,vancomycin,ChemicalEntity,D014640,652,662,train
19672862,0,Protein kinase C alpha,GeneOrGeneProduct,5578,0,22,train
19672862,1,endometrial cancer,DiseaseOrPhenotypicFeature,D016889,52,70,train
19672862,2,tumorigenesis,DiseaseOrPhenotypicFeature,D009369,87,100,train
19672862,3,Endometrial cancer,DiseaseOrPhenotypicFeature,D016889,102,120,train
19672862,4,gynecologic malignancy,DiseaseOrPhenotypicFeature,D005833,149,171,train
19672862,5,protein kinase C,GeneOrGeneProduct,5578,340,356,train
19672862,6,PKC,GeneOrGeneProduct,5578,358,361,train
19672862,7,PKCalpha,GeneOrGeneProduct,5578,372,380,train
19672862,8,endometrial adenocarcinoma,DiseaseOrPhenotypicFeature,D016889,414,440,train
19672862,9,Ishikawa,CellLine,CVCL_2529,442,450,train
19672862,10,PKCalpha,GeneOrGeneProduct,5578,469,477,train
19672862,11,tumor,DiseaseOrPhenotypicFeature,D009369,593,598,train
19672862,12,mice,OrganismTaxon,10090,617,621,train
19672862,13,PKCalpha,GeneOrGeneProduct,5578,656,664,train
19672862,14,cyclin-dependent kinase,GeneOrGeneProduct,983,699,722,train
19672862,15,CDK,GeneOrGeneProduct,983,724,727,train
19672862,16,p21,GeneOrGeneProduct,1026,740,743,train
19672862,17,Cip1,GeneOrGeneProduct,1026,744,748,train
19672862,18,WAF1,GeneOrGeneProduct,1026,749,753,train
19672862,19,p21,GeneOrGeneProduct,1026,756,759,train
19672862,20,p27,GeneOrGeneProduct,1027,765,768,train
19672862,21,Kip1,GeneOrGeneProduct,1027,769,773,train
19672862,22,p27,GeneOrGeneProduct,1027,776,779,train
19672862,23,phosphatase and tensin homolog,GeneOrGeneProduct,5728,816,846,train
19672862,24,PTEN,GeneOrGeneProduct,5728,848,852,train
19672862,25,Ishikawa,CellLine,CVCL_2529,865,873,train
19672862,26,PKCalpha,GeneOrGeneProduct,5578,881,889,train
19672862,27,Akt,GeneOrGeneProduct,207,908,911,train
19672862,28,Akt,GeneOrGeneProduct,207,993,996,train
19672862,29,glycogen synthase kinase-3beta,GeneOrGeneProduct,2932,1005,1035,train
19672862,30,GSK-3beta,GeneOrGeneProduct,2932,1037,1046,train
19672862,31,PKCalpha,GeneOrGeneProduct,5578,1049,1057,train
19672862,32,ERK,GeneOrGeneProduct,5594,1101,1104,train
19672862,33,ERK,GeneOrGeneProduct,5594,1136,1139,train
19672862,34,EGF,GeneOrGeneProduct,1950,1161,1164,train
19672862,35,p21,GeneOrGeneProduct,1026,1178,1181,train
19672862,36,p27,GeneOrGeneProduct,1027,1186,1189,train
19672862,37,Ishikawa,CellLine,CVCL_2529,1235,1243,train
19672862,38,ERK,GeneOrGeneProduct,5594,1255,1258,train
19672862,39,Akt,GeneOrGeneProduct,207,1263,1266,train
19672862,40,PKCalpha,GeneOrGeneProduct,5578,1295,1303,train
19672862,41,CDK,GeneOrGeneProduct,983,1314,1317,train
19672862,42,Akt,GeneOrGeneProduct,207,1346,1349,train
19672862,43,ERK,GeneOrGeneProduct,5594,1354,1357,train
19672862,44,endometrioid adenocarcinoma,DiseaseOrPhenotypicFeature,D016889,1399,1426,train
19672862,45,PKCalpha,GeneOrGeneProduct,5578,1445,1453,train
19672862,46,PKCalpha,GeneOrGeneProduct,5578,1488,1496,train
19672862,47,PKCalpha,GeneOrGeneProduct,5578,1589,1597,train
19672862,48,tumorigenesis,DiseaseOrPhenotypicFeature,D009369,1623,1636,train
19672862,49,CDK,GeneOrGeneProduct,983,1665,1668,train
19672862,50,p21,GeneOrGeneProduct,1026,1680,1683,train
19672862,51,p27,GeneOrGeneProduct,1027,1688,1691,train
19672862,52,Akt,GeneOrGeneProduct,207,1710,1713,train
19672862,53,ERK,GeneOrGeneProduct,5594,1718,1721,train
19672862,54,PKCalpha,GeneOrGeneProduct,5578,1772,1780,train
19672862,55,endometrial tumors,DiseaseOrPhenotypicFeature,D016889,1822,1840,train
20046642,0,Metallothionein,ChemicalEntity,D008668,0,15,train
20046642,1,caspase-3,GeneOrGeneProduct,25402,34,43,train
20046642,2,TNFalpha,GeneOrGeneProduct,24835,57,65,train
20046642,3,carmustine,ChemicalEntity,D002330,147,157,train
20046642,4,rats,OrganismTaxon,10116,166,170,train
20046642,5,metallothionein,ChemicalEntity,D008668,264,279,train
20046642,6,MT,ChemicalEntity,D008668,281,283,train
20046642,7,ZnSO(4),ChemicalEntity,D019287,288,295,train
20046642,8,MT,ChemicalEntity,D008668,398,400,train
20046642,9,carmustine,ChemicalEntity,D002330,414,424,train
20046642,10,BCNU,ChemicalEntity,D002330,426,430,train
20046642,11,cognitive dysfunction,DiseaseOrPhenotypicFeature,D003072,452,473,train
20046642,12,rats,OrganismTaxon,10116,477,481,train
20046642,13,rats,OrganismTaxon,10116,516,520,train
20046642,14,BCNU,ChemicalEntity,D002330,665,669,train
20046642,15,ZnSO(4),ChemicalEntity,D019287,715,722,train
20046642,16,BCNU,ChemicalEntity,D002330,780,784,train
20046642,17,BCNU,ChemicalEntity,D002330,832,836,train
20046642,18,ZnSO(4),ChemicalEntity,D019287,947,954,train
20046642,19,BCNU,ChemicalEntity,D002330,1006,1010,train
20046642,20,BCNU,ChemicalEntity,D002330,1077,1081,train
20046642,21,deterioration of learning and short-term memory,DiseaseOrPhenotypicFeature,"D007859,D008569",1109,1156,train
20046642,22,glutathione reductase,GeneOrGeneProduct,116686,1247,1268,train
20046642,23,GR,GeneOrGeneProduct,116686,1270,1272,train
20046642,24,glutathione,ChemicalEntity,D005978,1295,1306,train
20046642,25,GSH,ChemicalEntity,D005978,1308,1311,train
20046642,26,BCNU,ChemicalEntity,D002330,1328,1332,train
20046642,27,tumor necrosis factor-alpha,GeneOrGeneProduct,24835,1364,1391,train
20046642,28,TNFalpha,GeneOrGeneProduct,24835,1393,1401,train
20046642,29,MT,ChemicalEntity,D008668,1416,1418,train
20046642,30,malondialdehyde,ChemicalEntity,D008315,1423,1438,train
20046642,31,MDA,ChemicalEntity,D008315,1440,1443,train
20046642,32,caspase-3,GeneOrGeneProduct,25402,1465,1474,train
20046642,33,ZnSO(4),ChemicalEntity,D019287,1525,1532,train
20046642,34,BCNU,ChemicalEntity,D002330,1559,1563,train
20046642,35,GR,GeneOrGeneProduct,116686,1586,1588,train
20046642,36,GSH,ChemicalEntity,D005978,1606,1609,train
20046642,37,MDA,ChemicalEntity,D008315,1665,1668,train
20046642,38,TNFalpha,GeneOrGeneProduct,24835,1673,1681,train
20046642,39,caspase-3,GeneOrGeneProduct,25402,1709,1718,train
20046642,40,rats,OrganismTaxon,10116,1778,1782,train
20046642,41,ZnSO(4),ChemicalEntity,D019287,1796,1803,train
20046642,42,BCNU,ChemicalEntity,D002330,1806,1810,train
20046642,43,BCNU,ChemicalEntity,D002330,1828,1832,train
20046642,44,MT,ChemicalEntity,D008668,1865,1867,train
20046642,45,BCNU,ChemicalEntity,D002330,1884,1888,train
20046642,46,toxicity,DiseaseOrPhenotypicFeature,D064420,1909,1917,train
20046642,47,GR,GeneOrGeneProduct,116686,1934,1936,train
20046642,48,GSH,ChemicalEntity,D005978,1952,1955,train
20046642,49,TNFalpha,GeneOrGeneProduct,24835,2007,2015,train
20046642,50,MDA,ChemicalEntity,D008315,2017,2020,train
20046642,51,caspase-3,GeneOrGeneProduct,25402,2025,2034,train
20534142,0,obesity,DiseaseOrPhenotypicFeature,D009765,15,22,train
20534142,1,PCSK1,GeneOrGeneProduct,5122,36,41,train
20534142,2,insulin,GeneOrGeneProduct,3630,47,54,train
20534142,3,proinsulin,ChemicalEntity,D011384,71,81,train
20534142,4,Prohormone convertase 1,GeneOrGeneProduct,5122,106,129,train
20534142,5,PCSK1,GeneOrGeneProduct,5122,192,197,train
20534142,6,obesity,DiseaseOrPhenotypicFeature,D009765,237,244,train
20534142,7,abnormal glucose homeostasis,DiseaseOrPhenotypicFeature,D044882,249,277,train
20534142,8,proinsulin,ChemicalEntity,D011384,292,302,train
20534142,9,rs6232,SequenceVariant,rs6232,383,389,train
20534142,10,rs6235,SequenceVariant,rs6235,394,400,train
20534142,11,obesity,DiseaseOrPhenotypicFeature,D009765,422,429,train
20534142,12,insulin resistance,DiseaseOrPhenotypicFeature,D007333,494,512,train
20534142,13,beta-cell dysfunction,DiseaseOrPhenotypicFeature,-,514,535,train
20534142,14,glucose intolerance,DiseaseOrPhenotypicFeature,D018149,540,559,train
20534142,15,rs6232,SequenceVariant,rs6232,613,619,train
20534142,16,rs6235,SequenceVariant,rs6235,624,630,train
20534142,17,PCSK1,GeneOrGeneProduct,5122,638,643,train
20534142,18,glucose,ChemicalEntity,D005947,699,706,train
20534142,19,glucose,ChemicalEntity,D005947,727,734,train
20534142,20,insulin,GeneOrGeneProduct,3630,736,743,train
20534142,21,proinsulin,ChemicalEntity,D011384,745,755,train
20534142,22,C-peptide,ChemicalEntity,D002096,761,770,train
20534142,23,hyperinsulinemic-euglycemic,DiseaseOrPhenotypicFeature,D044903,824,851,train
20534142,24,rs6235,SequenceVariant,rs6235,916,922,train
20534142,25,rs6232,SequenceVariant,rs6232,936,942,train
20534142,26,rs6235,SequenceVariant,rs6235,1010,1016,train
20534142,27,rs6232,SequenceVariant,rs6232,1021,1027,train
20534142,28,insulin,GeneOrGeneProduct,3630,1138,1145,train
20534142,29,proinsulin,ChemicalEntity,D011384,1191,1201,train
20534142,30,proinsulin,ChemicalEntity,D011384,1209,1219,train
20534142,31,insulin,GeneOrGeneProduct,3630,1223,1230,train
20534142,32,rs6235,SequenceVariant,rs6235,1232,1238,train
20534142,33,rs6232,SequenceVariant,rs6232,1289,1295,train
20534142,34,Insulin,GeneOrGeneProduct,3630,1346,1353,train
20534142,35,rs6232,SequenceVariant,rs6232,1472,1478,train
20534142,36,insulin,GeneOrGeneProduct,3630,1565,1572,train
20534142,37,glucose,ChemicalEntity,D005947,1660,1667,train
20534142,38,proinsulin,ChemicalEntity,D011384,1709,1719,train
20534142,39,rs6235,SequenceVariant,rs6235,1736,1742,train
20534142,40,PCSK1,GeneOrGeneProduct,5122,1837,1842,train
20534142,41,glucose,ChemicalEntity,D005947,1886,1893,train
20534142,42,proinsulin,ChemicalEntity,D011384,1905,1915,train
20534142,43,insulin,GeneOrGeneProduct,3630,1936,1943,train
20534142,44,rs6232,SequenceVariant,rs6232,1968,1974,train
20534142,45,N221D,SequenceVariant,rs6232,2009,2014,train
20534142,46,insulin,GeneOrGeneProduct,3630,2027,2034,train
20534142,47,glucose,ChemicalEntity,D005947,2051,2058,train
28260110,0,emodin,ChemicalEntity,D004642,21,27,train
28260110,1,fatty acid synthase,GeneOrGeneProduct,2194,31,50,train
28260110,2,colon cancer,DiseaseOrPhenotypicFeature,D015179,52,64,train
28260110,3,Fatty acid synthase,GeneOrGeneProduct,2194,94,113,train
28260110,4,FASN,GeneOrGeneProduct,2194,115,119,train
28260110,5,fatty acid,ChemicalEntity,D005227,158,168,train
28260110,6,colon carcinoma,DiseaseOrPhenotypicFeature,D015179,221,236,train
28260110,7,FASN,GeneOrGeneProduct,2194,261,265,train
28260110,8,colon cancer,DiseaseOrPhenotypicFeature,D015179,313,325,train
28260110,9,Emodin,ChemicalEntity,D004642,335,341,train
28260110,10,anthraquinone,ChemicalEntity,D000880,365,378,train
28260110,11,human,OrganismTaxon,9606,430,435,train
28260110,12,cancer,DiseaseOrPhenotypicFeature,D009369,436,442,train
28260110,13,colon cancer,DiseaseOrPhenotypicFeature,D015179,454,466,train
28260110,14,Annexin V,GeneOrGeneProduct,308,669,678,train
28260110,15,propidium iodide,ChemicalEntity,D011419,679,695,train
28260110,16,FASN,GeneOrGeneProduct,2194,706,710,train
28260110,17,nicotinamide adenine dinucleotide phosphate,ChemicalEntity,D009249,760,803,train
28260110,18,free fatty acid,ChemicalEntity,D005230,849,864,train
28260110,19,Free Fatty Acid,ChemicalEntity,D005230,894,909,train
28260110,20,FASN,GeneOrGeneProduct,2194,1138,1142,train
28260110,21,emodin,ChemicalEntity,D004642,1187,1193,train
28260110,22,human,OrganismTaxon,9606,1199,1204,train
28260110,23,colon cancer,DiseaseOrPhenotypicFeature,D015179,1205,1217,train
28260110,24,Emodin,ChemicalEntity,D004642,1229,1235,train
28260110,25,HCT116,CellLine,CVCL_0291,1276,1282,train
28260110,26,FASN,GeneOrGeneProduct,2194,1319,1323,train
28260110,27,SW480,CellLine,CVCL_0546,1361,1366,train
28260110,28,SNU-C2A,CellLine,CVCL_1709,1368,1375,train
28260110,29,SNU-C5,CellLine,CVCL_5112,1379,1385,train
28260110,30,Emodin,ChemicalEntity,D004642,1393,1399,train
28260110,31,FASN,GeneOrGeneProduct,2194,1454,1458,train
28260110,32,HCT116,CellLine,CVCL_0291,1462,1468,train
28260110,33,Emodin,ChemicalEntity,D004642,1556,1562,train
28260110,34,FASN,GeneOrGeneProduct,2194,1592,1596,train
28260110,35,free fatty acids,ChemicalEntity,D005230,1656,1672,train
28260110,36,Emodin,ChemicalEntity,D004642,1674,1680,train
28260110,37,emodin,ChemicalEntity,D004642,1786,1792,train
28260110,38,cerulenin,ChemicalEntity,D002569,1797,1806,train
28260110,39,FASN,GeneOrGeneProduct,2194,1821,1825,train
28260110,40,Palmitate,ChemicalEntity,D010168,1881,1890,train
28260110,41,FASN,GeneOrGeneProduct,2194,1917,1921,train
28260110,42,emodin,ChemicalEntity,D004642,1940,1946,train
28260110,43,emodin,ChemicalEntity,D004642,1993,1999,train
28260110,44,FASN,GeneOrGeneProduct,2194,2008,2012,train
28260110,45,phosphatidylinositol 3-kinase,GeneOrGeneProduct,5291,2052,2081,train
28260110,46,Akt,GeneOrGeneProduct,207,2082,2085,train
28260110,47,mitogen-activated protein kinases/extracellular signal-regulated kinases 1/2,GeneOrGeneProduct,"5594,5595",2090,2166,train
28260110,48,emodin,ChemicalEntity,D004642,2197,2203,train
28260110,49,FASN,GeneOrGeneProduct,2194,2268,2272,train
28260110,50,colon cancer,DiseaseOrPhenotypicFeature,D015179,2307,2319,train
28747658,0,HIV-1,OrganismTaxon,11676,75,80,train
28747658,1,p17,GeneOrGeneProduct,155348,96,99,train
28747658,2,HIV-1-seropositive,DiseaseOrPhenotypicFeature,D006679,140,158,train
28747658,3,patients,OrganismTaxon,9606,159,167,train
28747658,4,lymphoma,DiseaseOrPhenotypicFeature,D008223,173,181,train
28747658,5,p17,GeneOrGeneProduct,155348,186,189,train
28747658,6,lymphomagenesis,DiseaseOrPhenotypicFeature,D008223,272,287,train
28747658,7,p17,GeneOrGeneProduct,155348,392,395,train
28747658,8,S75X,SequenceVariant,p|SUB|S|75|X,422,426,train
28747658,9,Arginine (R) to Glycine (G) mutation at position 76,SequenceVariant,p|SUB|R|76|G,456,507,train
28747658,10,p17,GeneOrGeneProduct,155348,532,535,train
28747658,11,R76G,SequenceVariant,p|SUB|R|76|G,535,539,train
28747658,12,S75X,SequenceVariant,p|SUB|S|75|X,552,556,train
28747658,13,PTEN,GeneOrGeneProduct,5728,688,692,train
28747658,14,PI3K,GeneOrGeneProduct,5291,693,697,train
28747658,15,Akt,GeneOrGeneProduct,207,698,701,train
28747658,16,CASP-9,GeneOrGeneProduct,842,775,781,train
28747658,17,CASP-7,GeneOrGeneProduct,840,783,789,train
28747658,18,DFF-45,GeneOrGeneProduct,1676,791,797,train
28747658,19,NPM,GeneOrGeneProduct,4869,799,802,train
28747658,20,YWHAZ,GeneOrGeneProduct,7534,804,809,train
28747658,21,Src,GeneOrGeneProduct,6714,811,814,train
28747658,22,PAX2,GeneOrGeneProduct,5076,816,820,train
28747658,23,MAPK8,GeneOrGeneProduct,5599,822,827,train
28747658,24,cancer,DiseaseOrPhenotypicFeature,D009369,855,861,train
28747658,25,CDK1,GeneOrGeneProduct,983,875,879,train
28747658,26,CDK2,GeneOrGeneProduct,1017,881,885,train
28747658,27,CDK8,GeneOrGeneProduct,1024,887,891,train
28747658,28,CHEK1,GeneOrGeneProduct,1111,893,898,train
28747658,29,CHEK2,GeneOrGeneProduct,11200,900,905,train
28747658,30,GSK-3 beta,GeneOrGeneProduct,2932,907,917,train
28747658,31,NPM,GeneOrGeneProduct,4869,919,922,train
28747658,32,PAK1,GeneOrGeneProduct,5058,924,928,train
28747658,33,PP2C-alpha,GeneOrGeneProduct,5494,930,940,train
28747658,34,R to G mutation at position 76,SequenceVariant,p|SUB|R|76|G,962,992,train
28747658,35,p17,GeneOrGeneProduct,155348,1145,1148,train
28747658,36,R76G,SequenceVariant,p|SUB|R|76|G,1149,1153,train
16410744,0,glioblastomas,DiseaseOrPhenotypicFeature,D005909,31,44,train
16410744,1,glioblastomas,DiseaseOrPhenotypicFeature,D005909,99,112,train
16410744,2,tumors,DiseaseOrPhenotypicFeature,D009369,153,159,train
16410744,3,patients,OrganismTaxon,9606,182,190,train
16410744,4,glioblastomas,DiseaseOrPhenotypicFeature,D005909,330,343,train
16410744,5,patients,OrganismTaxon,9606,356,364,train
16410744,6,TP53,GeneOrGeneProduct,7157,407,411,train
16410744,7,glioblastomas,DiseaseOrPhenotypicFeature,D005909,440,453,train
16410744,8,PTEN,GeneOrGeneProduct,5728,458,462,train
16410744,9,EGFR,GeneOrGeneProduct,1956,546,550,train
16410744,10,p16,GeneOrGeneProduct,1029,593,596,train
16410744,11,glioblastomas,DiseaseOrPhenotypicFeature,D005909,714,727,train
16410744,12,glioblastomas,DiseaseOrPhenotypicFeature,D005909,817,830,train
16410744,13,glioblastomas,DiseaseOrPhenotypicFeature,D005909,898,911,train
16410744,14,EGFR,GeneOrGeneProduct,1956,964,968,train
16410744,15,p16,GeneOrGeneProduct,1029,987,990,train
16410744,16,TP53,GeneOrGeneProduct,7157,1060,1064,train
16410744,17,p16,GeneOrGeneProduct,1029,1079,1082,train
16410744,18,glioblastomas,DiseaseOrPhenotypicFeature,D005909,1105,1118,train
16410744,19,glioblastoma,DiseaseOrPhenotypicFeature,D005909,1228,1240,train
16410744,20,patients,OrganismTaxon,9606,1241,1249,train
16410744,21,EGFR,GeneOrGeneProduct,1956,1335,1339,train
16410744,22,glioblastomas,DiseaseOrPhenotypicFeature,D005909,1383,1396,train
16410744,23,glioblastomas,DiseaseOrPhenotypicFeature,D005909,1426,1439,train
16410744,24,codon 787 CAG/CAA,SequenceVariant,p|SUB|Q|787|Q,1499,1516,train
16410744,25,Gln/Gln,SequenceVariant,p|SUB|Q||Q,1518,1525,train
16410744,26,glioblastomas,DiseaseOrPhenotypicFeature,D005909,1530,1543,train
16410744,27,glioblastomas,DiseaseOrPhenotypicFeature,D005909,1675,1688,train
16410744,28,glioblastomas,DiseaseOrPhenotypicFeature,D005909,1833,1846,train
16410744,29,EGFR,GeneOrGeneProduct,1956,2068,2072,train
16526029,0,RGS4,GeneOrGeneProduct,5999,14,18,train
16526029,1,schizophrenia,DiseaseOrPhenotypicFeature,D012559,43,56,train
16526029,2,regulator of G-protein signaling 4,GeneOrGeneProduct,5999,98,132,train
16526029,3,RGS4,GeneOrGeneProduct,5999,134,138,train
16526029,4,schizophrenia,DiseaseOrPhenotypicFeature,D012559,194,207,train
16526029,5,RGS4,GeneOrGeneProduct,5999,328,332,train
16526029,6,schizophrenia,DiseaseOrPhenotypicFeature,D012559,545,558,train
16526029,7,schizophrenia,DiseaseOrPhenotypicFeature,D012559,712,725,train
16526029,8,schizophrenia,DiseaseOrPhenotypicFeature,D012559,876,889,train
16526029,9,RGS4,GeneOrGeneProduct,5999,923,927,train
16526029,10,schizophrenia,DiseaseOrPhenotypicFeature,D012559,952,965,train
17065198,0,skin cancer,DiseaseOrPhenotypicFeature,D012878,12,23,train
17065198,1,patients,OrganismTaxon,9606,74,82,train
17065198,2,CC to TT,SequenceVariant,c|SUB|C||T,123,131,train
17065198,3,p53,GeneOrGeneProduct,7157,149,152,train
17065198,4,non-melanoma skin cancers,DiseaseOrPhenotypicFeature,D012878,230,255,train
17065198,5,NMSCs,DiseaseOrPhenotypicFeature,D012878,257,262,train
17065198,6,squamous cell carcinomas,DiseaseOrPhenotypicFeature,D002294,279,303,train
17065198,7,SCCs,DiseaseOrPhenotypicFeature,D002294,305,309,train
17065198,8,skin lesions,DiseaseOrPhenotypicFeature,D012871,329,341,train
17065198,9,tumors,DiseaseOrPhenotypicFeature,D009369,368,374,train
17065198,10,p53,GeneOrGeneProduct,7157,379,382,train
17065198,11,Human Papillomas Virus,OrganismTaxon,10566,419,441,train
17065198,12,HPV,OrganismTaxon,10566,443,446,train
17065198,13,p53,GeneOrGeneProduct,7157,471,474,train
17065198,14,XPD,GeneOrGeneProduct,2068,518,521,train
17065198,15,p53,GeneOrGeneProduct,7157,550,553,train
17065198,16,NMSCs,DiseaseOrPhenotypicFeature,D012878,579,584,train
17065198,17,C to T,SequenceVariant,c|SUB|C||T,661,667,train
17065198,18,CC to TT,SequenceVariant,c|SUB|C||T,774,782,train
17065198,19,cyclosporin A,ChemicalEntity,D016572,872,885,train
17065198,20,CsA,ChemicalEntity,D016572,887,890,train
17065198,21,p53,GeneOrGeneProduct,7157,904,907,train
17065198,22,precancerous,DiseaseOrPhenotypicFeature,D011230,932,944,train
17065198,23,actinic keratosis,DiseaseOrPhenotypicFeature,D055623,945,962,train
17065198,24,AK,DiseaseOrPhenotypicFeature,D055623,964,966,train
17065198,25,p53,GeneOrGeneProduct,7157,985,988,train
17065198,26,skin carcinogenesis,DiseaseOrPhenotypicFeature,D012878,1023,1042,train
17065198,27,p53,GeneOrGeneProduct,7157,1106,1109,train
17065198,28,HPV,OrganismTaxon,10566,1138,1141,train
17065198,29,skin lesions,DiseaseOrPhenotypicFeature,D012871,1169,1181,train
17065198,30,Basal Cell Carcinomas,DiseaseOrPhenotypicFeature,D002280,1187,1208,train
17065198,31,AK,DiseaseOrPhenotypicFeature,D055623,1213,1215,train
17065198,32,SCCs,DiseaseOrPhenotypicFeature,D002294,1224,1228,train
17065198,33,infections,DiseaseOrPhenotypicFeature,D007239,1281,1291,train
17065198,34,HPVs,OrganismTaxon,10566,1295,1299,train
17065198,35,epidermodysplasia verruciformis,DiseaseOrPhenotypicFeature,D004819,1315,1346,train
17065198,36,skin cancer,DiseaseOrPhenotypicFeature,D012878,1377,1388,train
17065198,37,HPV,OrganismTaxon,10566,1434,1437,train
17065198,38,p53,GeneOrGeneProduct,7157,1449,1452,train
17065198,39,p53,GeneOrGeneProduct,7157,1473,1476,train
17065198,40,XPD,GeneOrGeneProduct,2068,1510,1513,train
17065198,41,p53,GeneOrGeneProduct,7157,1577,1580,train
17065198,42,CC to TT,SequenceVariant,c|SUB|C||T,1627,1635,train
17065198,43,skin carcinogenesis,DiseaseOrPhenotypicFeature,D012878,1799,1818,train
17344330,0,Syncope,DiseaseOrPhenotypicFeature,D013575,0,7,train
17344330,1,QT prolongation,DiseaseOrPhenotypicFeature,D008133,12,27,train
17344330,2,patients,OrganismTaxon,9606,34,42,train
17344330,3,methadone,ChemicalEntity,D008691,56,65,train
17344330,4,heroin dependence,DiseaseOrPhenotypicFeature,D006556,70,87,train
17344330,5,Methadone,ChemicalEntity,D008691,127,136,train
17344330,6,heroin addicts,DiseaseOrPhenotypicFeature,D006556,154,168,train
17344330,7,opioid,ChemicalEntity,D000701,189,195,train
17344330,8,Prolongation of the QT interval,DiseaseOrPhenotypicFeature,D008133,201,232,train
17344330,9,patients,OrganismTaxon,9606,247,255,train
17344330,10,torsade de pointes,DiseaseOrPhenotypicFeature,D016171,261,279,train
17344330,11,TdP,DiseaseOrPhenotypicFeature,D016171,281,284,train
17344330,12,methadone,ChemicalEntity,D008691,307,316,train
17344330,13,heroin addicts,DiseaseOrPhenotypicFeature,D006556,327,341,train
17344330,14,syncope,DiseaseOrPhenotypicFeature,D013575,430,437,train
17344330,15,TdP,DiseaseOrPhenotypicFeature,D016171,501,504,train
17344330,16,methadone,ChemicalEntity,D008691,630,639,train
17344330,17,heroin addicts,DiseaseOrPhenotypicFeature,D006556,754,768,train
17344330,18,methadone,ChemicalEntity,D008691,782,791,train
17344330,19,buprenorphine,ChemicalEntity,D002047,795,808,train
17344330,20,patients,OrganismTaxon,9606,834,842,train
17344330,21,syncope,DiseaseOrPhenotypicFeature,D013575,1051,1058,train
17344330,22,opioid,ChemicalEntity,D000701,1084,1090,train
17344330,23,methadone,ChemicalEntity,D008691,1108,1117,train
17344330,24,syncope,DiseaseOrPhenotypicFeature,D013575,1140,1147,train
17344330,25,Methadone,ChemicalEntity,D008691,1246,1255,train
17344330,26,longer QT interval,DiseaseOrPhenotypicFeature,D008133,1281,1299,train
17344330,27,buprenorphine,ChemicalEntity,D002047,1351,1364,train
17344330,28,methadone,ChemicalEntity,D008691,1416,1425,train
17344330,29,men,OrganismTaxon,9606,1431,1434,train
17344330,30,women,OrganismTaxon,9606,1443,1448,train
17344330,31,prolonged QTc interval,DiseaseOrPhenotypicFeature,D008133,1453,1475,train
17344330,32,buprenorphine,ChemicalEntity,D002047,1511,1524,train
17344330,33,methadone,ChemicalEntity,D008691,1574,1583,train
17344330,34,syncope,DiseaseOrPhenotypicFeature,D013575,1657,1664,train
17344330,35,Methadone,ChemicalEntity,D008691,1679,1688,train
17344330,36,QT prolongation,DiseaseOrPhenotypicFeature,D008133,1708,1723,train
17344330,37,syncope,DiseaseOrPhenotypicFeature,D013575,1748,1755,train
17344330,38,heroin addicts,DiseaseOrPhenotypicFeature,D006556,1775,1789,train
18945288,0,R58fs,SequenceVariant,p|FS|R|58||,0,5,train
18945288,1,HGD,GeneOrGeneProduct,3081,22,25,train
18945288,2,alkaptonuria,DiseaseOrPhenotypicFeature,D000474,48,60,train
18945288,3,alkaptonuria,DiseaseOrPhenotypicFeature,D000474,129,141,train
18945288,4,homogentisic acid,ChemicalEntity,D006713,436,453,train
18945288,5,HGD,GeneOrGeneProduct,3081,698,701,train
18945288,6,homogentisic acid,ChemicalEntity,D006713,864,881,train
18945288,7,HGA,ChemicalEntity,D006713,986,989,train
18945288,8,joint pain,DiseaseOrPhenotypicFeature,D018771,1109,1119,train
18945288,9,c.342delA,SequenceVariant,c|DEL|342|A,1234,1243,train
18945288,10,p.Arg58fs,SequenceVariant,p|FS|R|58||,1322,1331,train
18945288,11,p.R58fs,SequenceVariant,p|FS|R|58||,1335,1342,train
18945288,12,Alkaptonuria,DiseaseOrPhenotypicFeature,D000474,1345,1357,train
18945288,13,R58fs,SequenceVariant,p|FS|R|58||,1479,1484,train
19306381,0,Neuregulin-1 beta,GeneOrGeneProduct,3084,0,17,train
19306381,1,neuregulin-1 alpha,GeneOrGeneProduct,3084,22,40,train
19306381,2,malignant peripheral nerve sheath tumor,DiseaseOrPhenotypicFeature,D018319,93,132,train
19306381,3,Malignant peripheral nerve sheath tumors,DiseaseOrPhenotypicFeature,D018319,140,180,train
19306381,4,MPNSTs,DiseaseOrPhenotypicFeature,D018319,182,188,train
19306381,5,malignancy,DiseaseOrPhenotypicFeature,D009369,210,220,train
19306381,6,neurofibromatosis Type 1,GeneOrGeneProduct,4763,237,261,train
19306381,7,NF1,GeneOrGeneProduct,4763,263,266,train
19306381,8,sarcomas,DiseaseOrPhenotypicFeature,D012509,304,312,train
19306381,9,MPNSTs,DiseaseOrPhenotypicFeature,D018319,502,508,train
19306381,10,neuregulin-1 (NRG-1) beta,GeneOrGeneProduct,3084,517,542,train
19306381,11,NRG-1 alpha,GeneOrGeneProduct,3084,614,625,train
19306381,12,NRG-1 beta,GeneOrGeneProduct,3084,709,719,train
19306381,13,NRG-1 alpha,GeneOrGeneProduct,3084,727,738,train
19306381,14,MPNST,DiseaseOrPhenotypicFeature,D018319,747,752,train
19306381,15,NRG-1 beta,GeneOrGeneProduct,3084,777,787,train
19306381,16,MPNST,DiseaseOrPhenotypicFeature,D018319,797,802,train
19306381,17,laminin,GeneOrGeneProduct,16777,877,884,train
19306381,18,collagen type I,GeneOrGeneProduct,"1277,1278",896,911,train
19306381,19,fibronectin,GeneOrGeneProduct,2335,915,926,train
19306381,20,NRG-1,GeneOrGeneProduct,3084,932,937,train
19306381,21,erbB3,GeneOrGeneProduct,"13867,2065",948,953,train
19306381,22,erbB4,GeneOrGeneProduct,"13869,2066",958,963,train
19306381,23,MPNST,DiseaseOrPhenotypicFeature,D018319,980,985,train
19306381,24,focal adhesion kinase,GeneOrGeneProduct,5747,1057,1078,train
19306381,25,laminin receptor,GeneOrGeneProduct,3688,1087,1103,train
19306381,26,beta(1)-integrin,GeneOrGeneProduct,3688,1104,1120,train
19306381,27,beta(1)-integrin,GeneOrGeneProduct,3688,1151,1167,train
19306381,28,NRG-1 beta,GeneOrGeneProduct,3084,1169,1179,train
19306381,29,human,OrganismTaxon,9606,1191,1196,train
19306381,30,murine,OrganismTaxon,10090,1201,1207,train
19306381,31,MPNST,DiseaseOrPhenotypicFeature,D018319,1208,1213,train
19306381,32,NRG-1 beta,GeneOrGeneProduct,3084,1367,1377,train
19306381,33,erbB,GeneOrGeneProduct,"13867,13869,2065,2066",1401,1405,train
19306381,34,MEK 1/2,GeneOrGeneProduct,"26395,26396,5604,5605",1443,1450,train
19306381,35,SAPK,GeneOrGeneProduct,"26419,5599",1452,1456,train
19306381,36,JNK,GeneOrGeneProduct,"26419,5599",1457,1460,train
19306381,37,PI-3 kinase,GeneOrGeneProduct,"30955,5290",1462,1473,train
19306381,38,Src family kinases,GeneOrGeneProduct,"20779,6714",1475,1493,train
19306381,39,ROCK-I/II,GeneOrGeneProduct,"19877,19878,6093,9475",1498,1507,train
19306381,40,NRG-1 alpha,GeneOrGeneProduct,3084,1522,1533,train
19306381,41,MPNST,DiseaseOrPhenotypicFeature,D018319,1586,1591,train
19306381,42,NRG-1 beta,GeneOrGeneProduct,3084,1643,1653,train
19306381,43,Erk 1/2,GeneOrGeneProduct,"26413,26417,5594,5595",1690,1697,train
19306381,44,SAPK,GeneOrGeneProduct,"26419,5599",1699,1703,train
19306381,45,JNK,GeneOrGeneProduct,"26419,5599",1704,1707,train
19306381,46,Akt,GeneOrGeneProduct,"11651,207",1709,1712,train
19306381,47,Src family kinases,GeneOrGeneProduct,"20779,6714",1717,1735,train
19306381,48,NRG-1 alpha,GeneOrGeneProduct,3084,1737,1748,train
19306381,49,Akt,GeneOrGeneProduct,"11651,207",1766,1769,train
19306381,50,NRG-1 beta,GeneOrGeneProduct,3084,1849,1859,train
19306381,51,NRG-1 beta,GeneOrGeneProduct,3084,1906,1916,train
19306381,52,MPNST,DiseaseOrPhenotypicFeature,D018319,1926,1931,train
19306381,53,NRG-1 beta,GeneOrGeneProduct,3084,1951,1961,train
19306381,54,NRG-1 alpha,GeneOrGeneProduct,3084,1966,1977,train
22048266,0,ETS2,GeneOrGeneProduct,2114,56,60,train
22048266,1,SIM2,GeneOrGeneProduct,6493,65,69,train
22048266,2,Down syndrome,DiseaseOrPhenotypicFeature,D004314,79,92,train
22048266,3,Down syndrome,DiseaseOrPhenotypicFeature,D004314,182,195,train
22048266,4,DS,DiseaseOrPhenotypicFeature,D004314,197,199,train
22048266,5,DS,DiseaseOrPhenotypicFeature,D004314,341,343,train
22048266,6,Single minded 2,GeneOrGeneProduct,6493,414,429,train
22048266,7,SIM2,GeneOrGeneProduct,6493,431,435,train
22048266,8,V-ets erythroblastosis virus E26 oncogene homolog2,GeneOrGeneProduct,2114,441,491,train
22048266,9,ETS2,GeneOrGeneProduct,2114,493,497,train
22048266,10,DS,DiseaseOrPhenotypicFeature,D004314,576,578,train
22048266,11,DS,DiseaseOrPhenotypicFeature,D004314,624,626,train
22048266,12,ETS2,GeneOrGeneProduct,2114,799,803,train
22048266,13,rs461155,SequenceVariant,rs461155,804,812,train
22048266,14,DS,DiseaseOrPhenotypicFeature,D004314,843,845,train
22048266,15,SIM2,GeneOrGeneProduct,6493,880,884,train
22048266,16,rs2073601,SequenceVariant,rs2073601,900,909,train
22048266,17,rs2073416,SequenceVariant,rs2073416,910,919,train
22048266,18,DS,DiseaseOrPhenotypicFeature,D004314,953,955,train
22048266,19,DS,DiseaseOrPhenotypicFeature,D004314,1135,1137,train
22048266,20,rs2073601,SequenceVariant,rs2073601,1215,1224,train
22048266,21,leucine to methionine,SequenceVariant,rs2073601,1283,1304,train
22048266,22,DS,DiseaseOrPhenotypicFeature,D004314,1328,1330,train
24853300,0,calbindin-D28k,GeneOrGeneProduct,12307,16,30,train
24853300,1,Alzheimer's disease,DiseaseOrPhenotypicFeature,D000544,54,73,train
24853300,2,mouse,OrganismTaxon,10090,74,79,train
24853300,3,Calbindin-D28k,GeneOrGeneProduct,12307,87,101,train
24853300,4,CB,GeneOrGeneProduct,12307,103,105,train
24853300,5,calcium,ChemicalEntity,D002118,125,132,train
24853300,6,neuronal death,DiseaseOrPhenotypicFeature,D009410,201,215,train
24853300,7,calcium,ChemicalEntity,D002118,239,246,train
24853300,8,CB,GeneOrGeneProduct,"12307,793",290,292,train
24853300,9,mice,OrganismTaxon,10090,340,344,train
24853300,10,humans,OrganismTaxon,9606,349,355,train
24853300,11,Alzheimer disease,DiseaseOrPhenotypicFeature,D000544,361,378,train
24853300,12,AD,DiseaseOrPhenotypicFeature,D000544,380,382,train
24853300,13,AD,DiseaseOrPhenotypicFeature,D000544,435,437,train
24853300,14,CB,GeneOrGeneProduct,12307,501,503,train
24853300,15,AD,DiseaseOrPhenotypicFeature,D000544,518,520,train
24853300,16,AD,DiseaseOrPhenotypicFeature,D000544,551,553,train
24853300,17,AD,DiseaseOrPhenotypicFeature,D000544,568,570,train
24853300,18,mice,OrganismTaxon,10090,576,580,train
24853300,19,CB,GeneOrGeneProduct,12307,586,588,train
24853300,20,CB,GeneOrGeneProduct,12307,600,602,train
24853300,21,mice,OrganismTaxon,10090,606,610,train
24853300,22,CB,GeneOrGeneProduct,12307,638,640,train
24853300,23,AD,DiseaseOrPhenotypicFeature,D000544,646,648,train
24853300,24,CB,GeneOrGeneProduct,12307,650,652,train
24853300,25,mice,OrganismTaxon,10090,658,662,train
24853300,26,CB,GeneOrGeneProduct,12307,776,778,train
24853300,27,mice,OrganismTaxon,10090,785,789,train
24853300,28,CB,GeneOrGeneProduct,12307,872,874,train
24853300,29,mice,OrganismTaxon,10090,879,883,train
24853300,30,neuronal loss,DiseaseOrPhenotypicFeature,D009410,900,913,train
24853300,31,amyloid b-peptide,GeneOrGeneProduct,11820,979,996,train
24853300,32,Ab,GeneOrGeneProduct,11820,998,1000,train
24853300,33,mitochondrial dysfunction,DiseaseOrPhenotypicFeature,D028361,1069,1094,train
24853300,34,mice,OrganismTaxon,10090,1112,1116,train
24853300,35,CB,GeneOrGeneProduct,12307,1128,1130,train
24853300,36,mice,OrganismTaxon,10090,1135,1139,train
24853300,37,mitogen-activated protein kinase,GeneOrGeneProduct,"26413,26417",1173,1205,train
24853300,38,extracellular signal-regulated kinase) 1/2,GeneOrGeneProduct,"26413,26417",1207,1249,train
24853300,39,cAMP response element-binding protein,GeneOrGeneProduct,12912,1254,1291,train
24853300,40,N-methyl-D-aspartate receptor 1,GeneOrGeneProduct,14810,1334,1365,train
24853300,41,NMDA receptor 1,GeneOrGeneProduct,14810,1367,1382,train
24853300,42,NMDA receptor 2A,GeneOrGeneProduct,14811,1385,1401,train
24853300,43,PSD-95,GeneOrGeneProduct,13385,1403,1409,train
24853300,44,synaptophysin,GeneOrGeneProduct,20977,1414,1427,train
24853300,45,mice,OrganismTaxon,10090,1462,1466,train
24853300,46,CB,GeneOrGeneProduct,12307,1537,1539,train
24853300,47,amyloid precursor protein,GeneOrGeneProduct,11820,1545,1570,train
24853300,48,presenilin,GeneOrGeneProduct,19164,1571,1581,train
24853300,49,mice,OrganismTaxon,10090,1593,1597,train
24853300,50,AD,DiseaseOrPhenotypicFeature,D000544,1609,1611,train
24853300,51,CB,GeneOrGeneProduct,12307,1642,1644,train
24853300,52,AD,DiseaseOrPhenotypicFeature,D000544,1668,1670,train
26102294,0,OCT4A,GeneOrGeneProduct,5460,25,30,train
26102294,1,embryonal carcinoma,DiseaseOrPhenotypicFeature,D018236,61,80,train
26102294,2,etoposide,ChemicalEntity,D005047,100,109,train
26102294,3,tumors,DiseaseOrPhenotypicFeature,D009369,326,332,train
26102294,4,etoposide,ChemicalEntity,D005047,421,430,train
26102294,5,ETO,ChemicalEntity,D005047,432,435,train
26102294,6,embryonal carcinoma,DiseaseOrPhenotypicFeature,D018236,447,466,train
26102294,7,PA-1,CellLine,CVCL_0479,467,471,train
26102294,8,p53,GeneOrGeneProduct,7157,488,491,train
26102294,9,OCT4A,GeneOrGeneProduct,5460,518,523,train
26102294,10,p21Cip1,GeneOrGeneProduct,1026,528,535,train
26102294,11,PA-1,CellLine,CVCL_0479,733,737,train
26102294,12,ETO,ChemicalEntity,D005047,757,760,train
26102294,13,OCT4A,GeneOrGeneProduct,5460,803,808,train
26102294,14,p21Cip1,GeneOrGeneProduct,1026,813,820,train
26102294,15,OCT4A,GeneOrGeneProduct,5460,873,878,train
26102294,16,p21Cip1,GeneOrGeneProduct,1026,890,897,train
26102294,17,p21Cip1,GeneOrGeneProduct,1026,978,985,train
26102294,18,OCT4A,GeneOrGeneProduct,5460,1011,1016,train
26102294,19,SOX2,GeneOrGeneProduct,6657,1051,1055,train
26102294,20,NANOG,GeneOrGeneProduct,79923,1060,1065,train
26102294,21,ETO,ChemicalEntity,D005047,1102,1105,train
26102294,22,OCT4A,GeneOrGeneProduct,5460,1145,1150,train
26102294,23,ETO,ChemicalEntity,D005047,1192,1195,train
26102294,24,OCT4A,GeneOrGeneProduct,5460,1204,1209,train
26102294,25,AMPK,GeneOrGeneProduct,5562,1245,1249,train
26102294,26,p16ink4a,GeneOrGeneProduct,1029,1313,1321,train
26102294,27,ETO,ChemicalEntity,D005047,1414,1417,train
26102294,28,p16ink4a,GeneOrGeneProduct,1029,1538,1546,train
26102294,29,OCT4A,GeneOrGeneProduct,5460,1635,1640,train
26102294,30,PA-1,CellLine,CVCL_0479,1675,1679,train
26102294,31,p21Cip1,GeneOrGeneProduct,1026,1778,1785,train
26102294,32,AMPK,GeneOrGeneProduct,5562,1803,1807,train
26411452,0,Prostate Cancer,DiseaseOrPhenotypicFeature,D011471,9,24,train
26411452,1,Androgen Receptor,GeneOrGeneProduct,367,40,57,train
26411452,2,Melanophilin,GeneOrGeneProduct,79083,78,90,train
26411452,3,Androgen Receptor,GeneOrGeneProduct,367,135,152,train
26411452,4,prostate cancer,DiseaseOrPhenotypicFeature,D011471,288,303,train
26411452,5,PCa,DiseaseOrPhenotypicFeature,D011471,305,308,train
26411452,6,TMPRSS2,GeneOrGeneProduct,7113,484,491,train
26411452,7,ERG,GeneOrGeneProduct,2078,492,495,train
26411452,8,DUCaP,CellLine,CVCL_2025,524,529,train
26411452,9,PCa,DiseaseOrPhenotypicFeature,D011471,550,553,train
26411452,10,androgen receptor,GeneOrGeneProduct,367,640,657,train
26411452,11,AR,GeneOrGeneProduct,367,673,675,train
26411452,12,AR,GeneOrGeneProduct,367,763,765,train
26411452,13,rs11891426,SequenceVariant,rs11891426,780,790,train
26411452,14,T>G,SequenceVariant,rs11891426,791,794,train
26411452,15,melanophilin,GeneOrGeneProduct,79083,815,827,train
26411452,16,MLPH,GeneOrGeneProduct,79083,834,838,train
26411452,17,AR,GeneOrGeneProduct,367,878,880,train
26411452,18,androgen,ChemicalEntity,D000728,947,955,train
26411452,19,T>G,SequenceVariant,rs11891426,977,980,train
26411452,20,AR,GeneOrGeneProduct,367,1037,1039,train
26411452,21,AR,GeneOrGeneProduct,367,1048,1050,train
26411452,22,MLPH,GeneOrGeneProduct,79083,1090,1094,train
26411452,23,prostate tumors,DiseaseOrPhenotypicFeature,D011471,1106,1121,train
26411452,24,AR,GeneOrGeneProduct,367,1227,1229,train
26411452,25,melanophilin,GeneOrGeneProduct,79083,1246,1258,train
26411452,26,patients,OrganismTaxon,9606,1287,1295,train
26411452,27,PCa,DiseaseOrPhenotypicFeature,D011471,1313,1316,train
26411452,28,tumor,DiseaseOrPhenotypicFeature,D009369,1343,1348,train
26411452,29,AR,GeneOrGeneProduct,367,1413,1415,train
26411452,30,PCa,DiseaseOrPhenotypicFeature,D011471,1442,1445,train
26411452,31,androgen,ChemicalEntity,D000728,1488,1496,train
26411452,32,MLPH,GeneOrGeneProduct,79083,1525,1529,train
27941998,0,Voltage-Dependent Anion Channel 1,GeneOrGeneProduct,"7416,83529",0,33,train
27941998,1,VDAC1,GeneOrGeneProduct,"7416,83529",34,39,train
27941998,2,Mitochondrial Dysfunction,DiseaseOrPhenotypicFeature,D028361,75,100,train
27941998,3,Desminopathy,DiseaseOrPhenotypicFeature,C563319,104,116,train
27941998,4,Desminopathies,DiseaseOrPhenotypicFeature,C563319,118,132,train
27941998,5,desmin,GeneOrGeneProduct,1674,179,185,train
27941998,6,myopathies,DiseaseOrPhenotypicFeature,D009135,222,232,train
27941998,7,Mitochondrial dysfunction,DiseaseOrPhenotypicFeature,D028361,234,259,train
27941998,8,desminopathies,DiseaseOrPhenotypicFeature,C563319,298,312,train
27941998,9,mitochondria dysfunction,DiseaseOrPhenotypicFeature,D028361,364,388,train
27941998,10,desminopathies,DiseaseOrPhenotypicFeature,C563319,392,406,train
27941998,11,VDAC1,GeneOrGeneProduct,7416,425,430,train
27941998,12,desminopathies,DiseaseOrPhenotypicFeature,C563319,568,582,train
27941998,13,Voltage-dependent anion channel 1,GeneOrGeneProduct,7416,587,620,train
27941998,14,VDAC1,GeneOrGeneProduct,7416,622,627,train
27941998,15,desminopathy,DiseaseOrPhenotypicFeature,C563319,682,694,train
27941998,16,rat,OrganismTaxon,10116,695,698,train
27941998,17,VDAC1,GeneOrGeneProduct,"7416,83529",914,919,train
27941998,18,desmin,GeneOrGeneProduct,"1674,64362",943,949,train
27941998,19,desminopathy,DiseaseOrPhenotypicFeature,C563319,990,1002,train
27941998,20,patients,OrganismTaxon,9606,1003,1011,train
27941998,21,desminopathy,DiseaseOrPhenotypicFeature,C563319,1015,1027,train
27941998,22,rat,OrganismTaxon,10116,1028,1031,train
27941998,23,bax,GeneOrGeneProduct,"24887,581",1104,1107,train
27941998,24,ATF2,GeneOrGeneProduct,"1386,81647",1112,1116,train
27941998,25,desminopathy,DiseaseOrPhenotypicFeature,C563319,1134,1146,train
27941998,26,patients,OrganismTaxon,9606,1147,1155,train
27941998,27,desminopathy,DiseaseOrPhenotypicFeature,C563319,1160,1172,train
27941998,28,rat,OrganismTaxon,10116,1173,1176,train
27941998,29,bcl-2,GeneOrGeneProduct,"24224,596",1192,1197,train
27941998,30,bcl-xl,GeneOrGeneProduct,"24888,598",1199,1205,train
27941998,31,HK2,GeneOrGeneProduct,"25059,3099",1209,1212,train
27941998,32,VDAC1,GeneOrGeneProduct,"7416,83529",1213,1218,train
27941998,33,desmin,GeneOrGeneProduct,"1674,64362",1223,1229,train
27941998,34,patients,OrganismTaxon,9606,1290,1298,train
27941998,35,rats,OrganismTaxon,10116,1303,1307,train
27941998,36,desminopathy,DiseaseOrPhenotypicFeature,C563319,1313,1325,train
27941998,37,desminopathies,DiseaseOrPhenotypicFeature,C563319,1398,1412,train
27941998,38,bax,GeneOrGeneProduct,"24887,581",1419,1422,train
27941998,39,ATF2,GeneOrGeneProduct,"1386,81647",1424,1428,train
27941998,40,bcl-2,GeneOrGeneProduct,"24224,596",1438,1443,train
27941998,41,bcl-xl,GeneOrGeneProduct,"24888,598",1445,1451,train
27941998,42,HK2,GeneOrGeneProduct,"25059,3099",1455,1458,train
27941998,43,VDAC1,GeneOrGeneProduct,"7416,83529",1520,1525,train
27941998,44,desmin,GeneOrGeneProduct,"1674,64362",1530,1536,train
27941998,45,desminopathy,DiseaseOrPhenotypicFeature,C563319,1591,1603,train
27941998,46,rat,OrganismTaxon,10116,1631,1634,train
27941998,47,desminopathy,DiseaseOrPhenotypicFeature,C563319,1644,1656,train
27941998,48,desmin,GeneOrGeneProduct,64362,1682,1688,train
27941998,49,myopathy,DiseaseOrPhenotypicFeature,D009135,1697,1705,train
30836660,0,Salidroside,ChemicalEntity,C009172,0,11,train
30836660,1,Renal Interstitial Fibrosis,DiseaseOrPhenotypicFeature,D007674,24,51,train
30836660,2,TLR4,GeneOrGeneProduct,"21898,7099",70,74,train
30836660,3,NF-kappaB,GeneOrGeneProduct,"18033,4790",75,84,train
30836660,4,MAPK,GeneOrGeneProduct,"26413,5594",89,93,train
30836660,5,Salidroside,ChemicalEntity,C009172,114,125,train
30836660,6,Sal,ChemicalEntity,C009172,127,130,train
30836660,7,Rhodiola rosea,OrganismTaxon,203015,178,192,train
30836660,8,inflammatory,DiseaseOrPhenotypicFeature,D007249,231,243,train
30836660,9,Sal,ChemicalEntity,C009172,307,310,train
30836660,10,renal fibrosis,DiseaseOrPhenotypicFeature,D007674,314,328,train
30836660,11,Sal,ChemicalEntity,C009172,434,437,train
30836660,12,renal interstitial fibrosis,DiseaseOrPhenotypicFeature,D007674,446,473,train
30836660,13,RIF,DiseaseOrPhenotypicFeature,D007674,475,478,train
30836660,14,unilateral ureteric obstruction,DiseaseOrPhenotypicFeature,D014517,594,625,train
30836660,15,UUO,DiseaseOrPhenotypicFeature,D014517,627,630,train
30836660,16,folic acid,ChemicalEntity,D005492,635,645,train
30836660,17,FA,ChemicalEntity,D005492,647,649,train
30836660,18,mice,OrganismTaxon,10090,659,663,train
30836660,19,renal interstitial fibrosis,DiseaseOrPhenotypicFeature,D007674,664,691,train
30836660,20,transforming growth factor (TGF)-beta1,GeneOrGeneProduct,21803,708,746,train
30836660,21,human,OrganismTaxon,9606,758,763,train
30836660,22,HK-2,CellLine,CVCL_0302,798,802,train
30836660,23,inflammatory,DiseaseOrPhenotypicFeature,D007249,867,879,train
30836660,24,renal damage,DiseaseOrPhenotypicFeature,D007674,927,939,train
30836660,25,fibrosis,DiseaseOrPhenotypicFeature,D005355,944,952,train
30836660,26,Sal,ChemicalEntity,C009172,1077,1080,train
30836660,27,RIF,DiseaseOrPhenotypicFeature,D007674,1089,1092,train
30836660,28,Sal,ChemicalEntity,C009172,1131,1134,train
30836660,29,tubular injury,DiseaseOrPhenotypicFeature,D007674,1150,1164,train
30836660,30,collagen SH,GeneOrGeneProduct,"1281,12825",1236,1247,train
30836660,31,collagen I,GeneOrGeneProduct,"1277,1278,12842,12843",1252,1262,train
30836660,32,Sal,ChemicalEntity,C009172,1278,1281,train
30836660,33,alpha-SMA,GeneOrGeneProduct,"11475,59",1405,1414,train
30836660,34,vimentin,GeneOrGeneProduct,"22352,7431",1416,1424,train
30836660,35,TGF-beta1,GeneOrGeneProduct,"21803,7040",1426,1435,train
30836660,36,snail,GeneOrGeneProduct,"20613,6615",1437,1442,train
30836660,37,slug,GeneOrGeneProduct,"20583,6591",1444,1448,train
30836660,38,E-cadherin,GeneOrGeneProduct,"12550,999",1487,1497,train
30836660,39,Sal,ChemicalEntity,C009172,1513,1516,train
30836660,40,creatinine,ChemicalEntity,D003404,1577,1587,train
30836660,41,urea,ChemicalEntity,D014508,1600,1604,train
30836660,42,nitrogen,ChemicalEntity,D009584,1605,1613,train
30836660,43,uric acid,ChemicalEntity,D014527,1624,1633,train
30836660,44,UA,ChemicalEntity,D014527,1635,1637,train
30836660,45,inflammatory,DiseaseOrPhenotypicFeature,D007249,1668,1680,train
30836660,46,IL-1beta,GeneOrGeneProduct,"16176,3553",1692,1700,train
30836660,47,IL-6,GeneOrGeneProduct,"16193,3569",1702,1706,train
30836660,48,TNF-alpha,GeneOrGeneProduct,"21926,7124",1708,1717,train
30836660,49,Sal,ChemicalEntity,C009172,1762,1765,train
30836660,50,renal interstitial fibrosis,DiseaseOrPhenotypicFeature,D007674,1769,1796,train
30836660,51,TLR4,GeneOrGeneProduct,"21898,7099",1840,1844,train
30836660,52,IkappaBalpha,GeneOrGeneProduct,"18035,4792",1848,1860,train
30836660,53,NF-kappaB,GeneOrGeneProduct,"18033,4790",1864,1873,train
30836660,54,mitogen-activated protein kinases,GeneOrGeneProduct,"26413,5594",1878,1911,train
30836660,55,MAPK,GeneOrGeneProduct,"26413,5594",1913,1917,train
30836660,56,Sal,ChemicalEntity,C009172,1962,1965,train
30836660,57,mouse,OrganismTaxon,10090,2101,2106,train
30836660,58,HK-2,CellLine,CVCL_0302,2119,2123,train
30836660,59,Sal,ChemicalEntity,C009172,2144,2147,train
30836660,60,inflammatory,DiseaseOrPhenotypicFeature,D007249,2197,2209,train
30836660,61,TLR4,GeneOrGeneProduct,"21898,7099",2237,2241,train
30836660,62,NF-kappaB,GeneOrGeneProduct,"18033,4790",2242,2251,train
30836660,63,MAPK,GeneOrGeneProduct,"26413,5594",2256,2260,train
30836660,64,Sal,ChemicalEntity,C009172,2344,2347,train
30836660,65,renal fibrosis,DiseaseOrPhenotypicFeature,D007674,2398,2412,train
15749661,0,L490R,SequenceVariant,rs80338886,21,26,train
15749661,1,V561X,SequenceVariant,rs80338887,31,36,train
15749661,2,transferrin receptor 2,GeneOrGeneProduct,7036,45,67,train
15749661,3,patients,OrganismTaxon,9606,85,93,train
15749661,4,hemochromatosis,DiseaseOrPhenotypicFeature,D006432,99,114,train
15749661,5,C282Y,SequenceVariant,rs1800562,169,174,train
15749661,6,HFE,GeneOrGeneProduct,3077,191,194,train
15749661,7,hemochromatosis,DiseaseOrPhenotypicFeature,D006432,246,261,train
15749661,8,patients,OrganismTaxon,9606,274,282,train
15749661,9,patients,OrganismTaxon,9606,339,347,train
15749661,10,AVAQ 594-597 deletion,SequenceVariant,p|DEL|594_597|AVAQ,371,392,train
15749661,11,transferrin receptor,GeneOrGeneProduct,7036,400,420,train
15749661,12,TfR2,GeneOrGeneProduct,7036,422,426,train
15749661,13,TfR2,GeneOrGeneProduct,7036,457,461,train
15749661,14,hemochromatosis,DiseaseOrPhenotypicFeature,D006432,482,497,train
15749661,15,patients,OrganismTaxon,9606,510,518,train
15749661,16,patients,OrganismTaxon,9606,545,553,train
15749661,17,hemochromatosis,DiseaseOrPhenotypicFeature,D006432,580,595,train
15749661,18,HFE,GeneOrGeneProduct,3077,704,707,train
15749661,19,TfR2,GeneOrGeneProduct,7036,712,716,train
15749661,20,HFE,GeneOrGeneProduct,3077,829,832,train
15749661,21,TfR2,GeneOrGeneProduct,7036,846,850,train
15749661,22,1469T->G,SequenceVariant,rs80338886,876,884,train
15749661,23,L490R,SequenceVariant,rs80338886,886,891,train
15749661,24,1665delC,SequenceVariant,rs80338887,897,905,train
15749661,25,V561X,SequenceVariant,rs80338887,907,912,train
15749661,26,patients,OrganismTaxon,9606,931,939,train
15749661,27,714C,SequenceVariant,rs34242818,960,964,train
15749661,28,I238M,SequenceVariant,rs34242818,968,973,train
15749661,29,patient,OrganismTaxon,9606,998,1005,train
15749661,30,L490R,SequenceVariant,rs80338886,1011,1016,train
15749661,31,patient,OrganismTaxon,9606,1022,1029,train
15749661,32,L490R,SequenceVariant,rs80338886,1050,1055,train
15749661,33,I238M,SequenceVariant,rs34242818,1060,1065,train
15749661,34,hemochromatosis,DiseaseOrPhenotypicFeature,D006432,1105,1120,train
15749661,35,cirrhotic,DiseaseOrPhenotypicFeature,D008103,1159,1168,train
15749661,36,iron,ChemicalEntity,D007501,1186,1190,train
15749661,37,glucose,ChemicalEntity,D005947,1220,1227,train
15749661,38,diabetes mellitus,DiseaseOrPhenotypicFeature,D003920,1263,1280,train
15749661,39,patient,OrganismTaxon,9606,1286,1293,train
15749661,40,V561X,SequenceVariant,rs80338887,1309,1314,train
15749661,41,iron overload,DiseaseOrPhenotypicFeature,D019190,1326,1339,train
15749661,42,cirrhosis,DiseaseOrPhenotypicFeature,D008103,1358,1367,train
15749661,43,diabetes mellitus,DiseaseOrPhenotypicFeature,D003920,1369,1386,train
15749661,44,skin pigmentation,DiseaseOrPhenotypicFeature,D010859,1391,1408,train
15749661,45,patients,OrganismTaxon,9606,1518,1526,train
15749661,46,hemochromatosis,DiseaseOrPhenotypicFeature,D006432,1532,1547,train
15749661,47,TfR2,GeneOrGeneProduct,7036,1595,1599,train
15749661,48,TfR2,GeneOrGeneProduct,7036,1612,1616,train
15749661,49,hemochromatosis,DiseaseOrPhenotypicFeature,D006432,1653,1668,train
15893386,0,Succinylcholine,ChemicalEntity,D013390,0,15,train
15893386,1,masseter muscle rigidity,DiseaseOrPhenotypicFeature,D014313,24,48,train
15893386,2,Masseter muscle rigidity,DiseaseOrPhenotypicFeature,D014313,106,130,train
15893386,3,malignant hyperthermia,DiseaseOrPhenotypicFeature,D008305,218,240,train
15893386,4,masseter muscle rigidity,DiseaseOrPhenotypicFeature,D014313,358,382,train
15893386,5,masseter muscle rigidity,DiseaseOrPhenotypicFeature,D014313,419,443,train
15893386,6,jaw of steel,DiseaseOrPhenotypicFeature,D014313,445,457,train
15893386,7,succinylcholine,ChemicalEntity,D013390,465,480,train
15893386,8,Sch,ChemicalEntity,D013390,482,485,train
15893386,9,propofol,ChemicalEntity,D015742,642,650,train
15893386,10,malignant hyperthermia,DiseaseOrPhenotypicFeature,D008305,716,738,train
17877751,0,TMC1,GeneOrGeneProduct,117531,39,43,train
17877751,1,DFNB7/B11 deafness,DiseaseOrPhenotypicFeature,C563417,62,80,train
17877751,2,Non-syndromic deafness,DiseaseOrPhenotypicFeature,D003638,94,116,train
17877751,3,transmembrane channel-like gene 1,GeneOrGeneProduct,117531,188,221,train
17877751,4,TMC1,GeneOrGeneProduct,117531,223,227,train
17877751,5,non-syndromic recessive deafness,DiseaseOrPhenotypicFeature,C564609,235,267,train
17877751,6,DFNB7/B11,GeneOrGeneProduct,117531,275,284,train
17877751,7,TMC1,GeneOrGeneProduct,117531,422,426,train
17877751,8,recessive deafness,DiseaseOrPhenotypicFeature,C564609,503,521,train
17877751,9,autosomal recessive (DFNB) deafness,DiseaseOrPhenotypicFeature,C564609,615,650,train
17877751,10,TMC1,GeneOrGeneProduct,117531,669,673,train
17877751,11,deafness,DiseaseOrPhenotypicFeature,D003638,716,724,train
17877751,12,DFNB7/B11,GeneOrGeneProduct,117531,735,744,train
17877751,13,DFNB7/B11 deafness,DiseaseOrPhenotypicFeature,C563417,788,806,train
17877751,14,TMC1,GeneOrGeneProduct,117531,811,815,train
17877751,15,TMC1,GeneOrGeneProduct,117531,879,883,train
17877751,16,deafness,DiseaseOrPhenotypicFeature,D003638,906,914,train
17877751,17,p.R34X,SequenceVariant,rs121908073,978,984,train
17877751,18,deafness,DiseaseOrPhenotypicFeature,D003638,993,1001,train
17877751,19,p.R34X,SequenceVariant,rs121908073,1053,1059,train
17877751,20,p.R34X,SequenceVariant,rs121908073,1139,1145,train
17877751,21,p.R34X,SequenceVariant,rs121908073,1255,1261,train
17877751,22,TMC1,GeneOrGeneProduct,117531,1285,1289,train
17877751,23,deafness,DiseaseOrPhenotypicFeature,D003638,1340,1348,train
18410548,0,Aryl hydrocarbon receptor interacting protein,GeneOrGeneProduct,9049,0,45,train
18410548,1,AIP,GeneOrGeneProduct,9049,47,50,train
18410548,2,pituitary adenomas,DiseaseOrPhenotypicFeature,D010911,117,135,train
18410548,3,Pituitary adenomas,DiseaseOrPhenotypicFeature,D010911,148,166,train
18410548,4,Pituitary adenoma,DiseaseOrPhenotypicFeature,D010911,210,227,train
18410548,5,aryl hydrocarbon receptor interacting protein,GeneOrGeneProduct,9049,309,354,train
18410548,6,AIP,GeneOrGeneProduct,9049,356,359,train
18410548,7,AIP,GeneOrGeneProduct,9049,430,433,train
18410548,8,pituitary adenomas,DiseaseOrPhenotypicFeature,D010911,478,496,train
18410548,9,AIP,GeneOrGeneProduct,9049,552,555,train
18410548,10,PATIENTS,OrganismTaxon,9606,606,614,train
18410548,11,pituitary adenoma,DiseaseOrPhenotypicFeature,D010911,690,707,train
18410548,12,patients,OrganismTaxon,9606,708,716,train
18410548,13,Patients,OrganismTaxon,9606,787,795,train
18410548,14,adenoma,DiseaseOrPhenotypicFeature,D000236,872,879,train
18410548,15,Y248del,SequenceVariant,rs267606574,962,969,train
18410548,16,c.742_744delTAC,SequenceVariant,rs267606574,971,986,train
18410548,17,GH-secreting adenoma,DiseaseOrPhenotypicFeature,D049912,1010,1030,train
18410548,18,patient,OrganismTaxon,9606,1031,1038,train
18410548,19,tumour,DiseaseOrPhenotypicFeature,D009369,1081,1087,train
18410548,20,GH-secreting adenoma,DiseaseOrPhenotypicFeature,D049912,1256,1276,train
18410548,21,patients,OrganismTaxon,9606,1277,1285,train
18410548,22,AIP,GeneOrGeneProduct,9049,1296,1299,train
18410548,23,GH-secreting tumours,DiseaseOrPhenotypicFeature,D049912,1356,1376,train
18410548,24,AIP,GeneOrGeneProduct,9049,1447,1450,train
18410548,25,patients,OrganismTaxon,9606,1480,1488,train
18410548,26,AIP,GeneOrGeneProduct,9049,1592,1595,train
18410548,27,pituitary adenomas,DiseaseOrPhenotypicFeature,D010911,1610,1628,train
18593936,0,Curcumin,ChemicalEntity,D003474,0,8,train
18593936,1,specificity protein,GeneOrGeneProduct,"6667,6670,6671",19,38,train
18593936,2,bladder cancer,DiseaseOrPhenotypicFeature,D001749,53,67,train
18593936,3,Curcumin,ChemicalEntity,D003474,75,83,train
18593936,4,curcumin,ChemicalEntity,D003474,286,294,train
18593936,5,253JB-V,CellLine,CVCL_7937,305,312,train
18593936,6,KU7,CellLine,CVCL_4714,317,320,train
18593936,7,bladder cancer,DiseaseOrPhenotypicFeature,D001749,321,335,train
18593936,8,proapoptotic protein,GeneOrGeneProduct,332,432,452,train
18593936,9,survivin,GeneOrGeneProduct,332,453,461,train
18593936,10,angiogenic proteins,GeneOrGeneProduct,"2321,7422",470,489,train
18593936,11,vascular endothelial growth factor,GeneOrGeneProduct,7422,490,524,train
18593936,12,VEGF,GeneOrGeneProduct,7422,526,530,train
18593936,13,VEGF receptor 1,GeneOrGeneProduct,2321,536,551,train
18593936,14,VEGFR1,GeneOrGeneProduct,2321,553,559,train
18593936,15,survivin,GeneOrGeneProduct,332,584,592,train
18593936,16,VEGF,GeneOrGeneProduct,7422,594,598,train
18593936,17,VEGFR1,GeneOrGeneProduct,2321,604,610,train
18593936,18,specificity protein (Sp) transcription factors,GeneOrGeneProduct,"6667,6670,6671",628,674,train
18593936,19,curcumin,ChemicalEntity,D003474,712,720,train
18593936,20,Sp,GeneOrGeneProduct,"6667,6670,6671",724,726,train
18593936,21,curcumin,ChemicalEntity,D003474,859,867,train
18593936,22,proteasome,GeneOrGeneProduct,5698,876,886,train
18593936,23,Sp1,GeneOrGeneProduct,6667,916,919,train
18593936,24,Sp3,GeneOrGeneProduct,6670,921,924,train
18593936,25,Sp4,GeneOrGeneProduct,6671,930,933,train
18593936,26,253JB-V,CellLine,CVCL_7937,937,944,train
18593936,27,KU7,CellLine,CVCL_4714,949,952,train
18593936,28,Sp1,GeneOrGeneProduct,6667,1024,1027,train
18593936,29,Sp3,GeneOrGeneProduct,6670,1029,1032,train
18593936,30,Sp4,GeneOrGeneProduct,6671,1038,1041,train
18593936,31,curcumin,ChemicalEntity,D003474,1060,1068,train
18593936,32,nuclear factor kappaB,GeneOrGeneProduct,4790,1093,1114,train
18593936,33,NF-kappaB,GeneOrGeneProduct,4790,1116,1125,train
18593936,34,bcl-2,GeneOrGeneProduct,596,1152,1157,train
18593936,35,survivin,GeneOrGeneProduct,332,1159,1167,train
18593936,36,cyclin D1,GeneOrGeneProduct,595,1173,1182,train
18593936,37,Sp,GeneOrGeneProduct,"6667,6670,6671",1218,1220,train
18593936,38,Curcumin,ChemicalEntity,D003474,1231,1239,train
18593936,39,bladder tumor,DiseaseOrPhenotypicFeature,D001749,1255,1268,train
18593936,40,mice,OrganismTaxon,10090,1292,1296,train
18593936,41,KU7,CellLine,CVCL_4714,1305,1308,train
18593936,42,Sp1,GeneOrGeneProduct,20683,1367,1370,train
18593936,43,Sp3,GeneOrGeneProduct,20687,1372,1375,train
18593936,44,Sp4,GeneOrGeneProduct,20688,1381,1384,train
18593936,45,tumors,DiseaseOrPhenotypicFeature,D009369,1403,1409,train
18593936,46,curcumin,ChemicalEntity,D003474,1500,1508,train
18593936,47,cancer,DiseaseOrPhenotypicFeature,D009369,1514,1520,train
18593936,48,Sp transcription factors,GeneOrGeneProduct,"6667,6670,6671",1588,1612,train
18593936,49,bladder cancer,DiseaseOrPhenotypicFeature,D001749,1616,1630,train
19825989,0,H3 histamine receptor,GeneOrGeneProduct,11255,0,21,train
19825989,1,protein kinase Calpha,GeneOrGeneProduct,5578,45,66,train
19825989,2,cholangiocarcinoma,DiseaseOrPhenotypicFeature,D018281,90,108,train
19825989,3,Histamine,ChemicalEntity,D006632,131,140,train
19825989,4,HRH1,GeneOrGeneProduct,3269,181,185,train
19825989,5,HRH2,GeneOrGeneProduct,3274,187,191,train
19825989,6,HRH3,GeneOrGeneProduct,11255,193,197,train
19825989,7,HRH4,GeneOrGeneProduct,59340,203,207,train
19825989,8,"d-myo-inositol 1,4,5-trisphosphate",ChemicalEntity,D015544,214,248,train
19825989,9,IP(3),ChemicalEntity,D015544,250,255,train
19825989,10,Ca(2+),ChemicalEntity,D002118,257,263,train
19825989,11,protein kinase C,GeneOrGeneProduct,5578,264,280,train
19825989,12,PKC,GeneOrGeneProduct,5578,282,285,train
19825989,13,mitogen-activated protein kinase,GeneOrGeneProduct,"5594,5595",287,319,train
19825989,14,cholangiocarcinoma,DiseaseOrPhenotypicFeature,D018281,338,356,train
19825989,15,HRH3,GeneOrGeneProduct,11255,390,394,train
19825989,16,cholangiocarcinoma,DiseaseOrPhenotypicFeature,D018281,416,434,train
19825989,17,HRH3,GeneOrGeneProduct,11255,457,461,train
19825989,18,human,OrganismTaxon,9606,534,539,train
19825989,19,Mz-ChA-1,CellLine,CVCL_6932,571,579,train
19825989,20,(R)-(alpha)-(-)-methylhistamine dihydrobromide,ChemicalEntity,C069357,602,648,train
19825989,21,RAMH,ChemicalEntity,C069357,650,654,train
19825989,22,IP(3),ChemicalEntity,D015544,690,695,train
19825989,23,cyclic AMP,ChemicalEntity,D000242,700,710,train
19825989,24,PKC,GeneOrGeneProduct,5578,746,749,train
19825989,25,mitogen-activated protein kinase,GeneOrGeneProduct,"5594,5595",754,786,train
19825989,26,PKCalpha,GeneOrGeneProduct,5578,813,821,train
19825989,27,PKCalpha,GeneOrGeneProduct,5578,897,905,train
19825989,28,PKCalpha,GeneOrGeneProduct,5578,964,972,train
19825989,29,Mz-ChA-1,CellLine,CVCL_6932,974,982,train
19825989,30,RAMH,ChemicalEntity,C069357,1010,1014,train
19825989,31,extracellular signal-regulated kinase (ERK)-1/2,GeneOrGeneProduct,"5595,5594",1049,1096,train
19825989,32,BALB/c,CellLine,CVCL_9101,1147,1153,train
19825989,33,mice,OrganismTaxon,10090,1159,1163,train
19825989,34,Mice,OrganismTaxon,10090,1165,1169,train
19825989,35,RAMH,ChemicalEntity,C069357,1198,1202,train
19825989,36,tumor,DiseaseOrPhenotypicFeature,D009369,1219,1224,train
19825989,37,Tumors,DiseaseOrPhenotypicFeature,D009369,1246,1252,train
19825989,38,PKCalpha,GeneOrGeneProduct,5578,1328,1336,train
19825989,39,vascular endothelial growth factor (VEGF)-A,GeneOrGeneProduct,7422,1338,1381,train
19825989,40,VEGF-C,GeneOrGeneProduct,7424,1383,1389,train
19825989,41,VEGF receptor 2,GeneOrGeneProduct,3791,1391,1406,train
19825989,42,VEGF receptor 3,GeneOrGeneProduct,2324,1412,1427,train
19825989,43,HRH3,GeneOrGeneProduct,11255,1429,1433,train
19825989,44,RAMH,ChemicalEntity,C069357,1469,1473,train
19825989,45,cholangiocarcinoma,DiseaseOrPhenotypicFeature,D018281,1498,1516,train
19825989,46,RAMH,ChemicalEntity,C069357,1524,1528,train
19825989,47,IP(3),ChemicalEntity,D015544,1539,1544,train
19825989,48,PKCalpha,GeneOrGeneProduct,5578,1556,1564,train
19825989,49,ERK1/2,GeneOrGeneProduct,"5595,5594",1595,1601,train
19825989,50,RAMH,ChemicalEntity,C069357,1619,1623,train
19825989,51,PKCalpha,GeneOrGeneProduct,5578,1663,1671,train
19825989,52,Mz-ChA-1,CellLine,CVCL_6932,1737,1745,train
19825989,53,PKCalpha,GeneOrGeneProduct,5578,1766,1774,train
19825989,54,RAMH,ChemicalEntity,C069357,1785,1789,train
19825989,55,Mz-ChA-1,CellLine,CVCL_6932,1804,1812,train
19825989,56,RAMH,ChemicalEntity,C069357,1837,1841,train
19825989,57,ERK1/2,GeneOrGeneProduct,"5595,5594",1853,1859,train
19825989,58,RAMH,ChemicalEntity,C069357,1886,1890,train
19825989,59,tumor,DiseaseOrPhenotypicFeature,D009369,1901,1906,train
19825989,60,VEGF,GeneOrGeneProduct,"7422,7424",1932,1936,train
19825989,61,PKCalpha,GeneOrGeneProduct,5578,1956,1964,train
19825989,62,RAMH,ChemicalEntity,C069357,1991,1995,train
19825989,63,cholangiocarcinoma,DiseaseOrPhenotypicFeature,D018281,2005,2023,train
19825989,64,PKCalpha,GeneOrGeneProduct,5578,2034,2042,train
19825989,65,ERK1/2,GeneOrGeneProduct,"5595,5594",2053,2059,train
19825989,66,PKCalpha,GeneOrGeneProduct,5578,2093,2101,train
19825989,67,histamine receptors,GeneOrGeneProduct,"11255,3269,3274,59340",2105,2124,train
19825989,68,cholangiocarcinoma,DiseaseOrPhenotypicFeature,D018281,2156,2174,train
20080916,0,IRF5,GeneOrGeneProduct,3663,35,39,train
20080916,1,systemic lupus erythematosus,DiseaseOrPhenotypicFeature,D008180,89,117,train
20080916,2,IRF5,GeneOrGeneProduct,3663,321,325,train
20080916,3,systemic lupus erythematosus,DiseaseOrPhenotypicFeature,D008180,336,364,train
20080916,4,SLE,DiseaseOrPhenotypicFeature,D008180,366,369,train
20080916,5,IRF5,GeneOrGeneProduct,3663,451,455,train
20080916,6,SLE,DiseaseOrPhenotypicFeature,D008180,493,496,train
20080916,7,patients,OrganismTaxon,9606,497,505,train
20080916,8,rs2070197,SequenceVariant,rs2070197,674,683,train
20080916,9,rs2004640,SequenceVariant,rs2004640,756,765,train
20080916,10,rs10954213,SequenceVariant,rs10954213,770,780,train
20080916,11,rs10954213,SequenceVariant,rs10954213,821,831,train
20080916,12,IRF5,GeneOrGeneProduct,3663,866,870,train
20080916,13,SLE,DiseaseOrPhenotypicFeature,D008180,961,964,train
20080916,14,rs10954213,SequenceVariant,rs10954213,1010,1020,train
20080916,15,IRF5,GeneOrGeneProduct,3663,1088,1092,train
21496008,0,Aristaless-related homeobox,GeneOrGeneProduct,170302,56,83,train
21496008,1,ARX,GeneOrGeneProduct,170302,85,88,train
21496008,2,ARX,GeneOrGeneProduct,170302,96,99,train
21496008,3,human,OrganismTaxon,9606,138,143,train
21496008,4,brain and genital malformations,DiseaseOrPhenotypicFeature,D000013,175,206,train
21496008,5,intellectual disability,DiseaseOrPhenotypicFeature,D008607,224,247,train
21496008,6,ID,DiseaseOrPhenotypicFeature,D008607,249,251,train
21496008,7,ARX,GeneOrGeneProduct,170302,254,257,train
21496008,8,polyalanine,ChemicalEntity,C019529,324,335,train
21496008,9,pA,ChemicalEntity,C019529,337,339,train
21496008,10,ID,DiseaseOrPhenotypicFeature,D008607,474,476,train
21496008,11,ARX,GeneOrGeneProduct,170302,509,512,train
21496008,12,c.304ins(GCG)(7),SequenceVariant,c|INS|304|GCG(7),524,540,train
21496008,13,c.429_452dup,SequenceVariant,c|DUP|429_452||,563,575,train
21496008,14,dup24bp,SequenceVariant,c|DUP||24|,577,584,train
21496008,15,ARX,GeneOrGeneProduct,170302,660,663,train
21496008,16,ARX,GeneOrGeneProduct,170302,847,850,train
21496008,17,dup24bp,SequenceVariant,c|DUP||24|,971,978,train
21496008,18,dup24bp,SequenceVariant,c|DUP||24|,1016,1023,train
21496008,19,dup27bp,SequenceVariant,c|DUP||27|,1045,1052,train
21496008,20,dup33bp,SequenceVariant,c|DUP||33|,1054,1061,train
21496008,21,c.1074G>T,SequenceVariant,c|SUB|G|1074|T,1147,1156,train
21496008,22,ARX,GeneOrGeneProduct,170302,1197,1200,train
21496008,23,patients,OrganismTaxon,9606,1250,1258,train
21496008,24,ARX,GeneOrGeneProduct,170302,1375,1378,train
24768818,0,collagen receptor,GeneOrGeneProduct,"4921,780",52,69,train
24768818,1,DDR1,GeneOrGeneProduct,780,70,74,train
24768818,2,discoidin domain receptors,GeneOrGeneProduct,"4921,780",138,164,train
24768818,3,DDRs,GeneOrGeneProduct,"4921,780",166,170,train
24768818,4,DDR1,GeneOrGeneProduct,780,173,177,train
24768818,5,DDR2,GeneOrGeneProduct,4921,182,186,train
24768818,6,receptor tyrosine kinases,GeneOrGeneProduct,"4921,780",215,240,train
24768818,7,collagen,GeneOrGeneProduct,1277,293,301,train
24768818,8,DDR1,GeneOrGeneProduct,780,326,330,train
24768818,9,DDR2,GeneOrGeneProduct,4921,335,339,train
24768818,10,human,OrganismTaxon,9606,386,391,train
24768818,11,fibrosis,DiseaseOrPhenotypicFeature,D005355,412,420,train
24768818,12,atherosclerosis,DiseaseOrPhenotypicFeature,D050197,422,437,train
24768818,13,cancer,DiseaseOrPhenotypicFeature,D009369,442,448,train
24768818,14,receptor tyrosine kinases,GeneOrGeneProduct,"4921,780",492,517,train
24768818,15,cancer,DiseaseOrPhenotypicFeature,D009369,540,546,train
24768818,16,imatinib,ChemicalEntity,D000068877,553,561,train
24768818,17,ponatinib,ChemicalEntity,C545373,566,575,train
24768818,18,DDR1-IN-1,ChemicalEntity,-,620,629,train
24768818,19,Ponatinib,ChemicalEntity,C545373,631,640,train
24768818,20,DDR1,GeneOrGeneProduct,780,699,703,train
24768818,21,DDR2,GeneOrGeneProduct,4921,708,712,train
24768818,22,human,OrganismTaxon,9606,759,764,train
24768818,23,DDR1,GeneOrGeneProduct,780,765,769,train
24768818,24,DFG,ChemicalEntity,C553185,779,782,train
24768818,25,DFG,ChemicalEntity,C553185,801,804,train
24768818,26,Asp-Phe-Gly,ChemicalEntity,C553185,806,817,train
24768818,27,Abelson kinase,GeneOrGeneProduct,25,942,956,train
24768818,28,ABL,GeneOrGeneProduct,25,958,961,train
24768818,29,DDR1,GeneOrGeneProduct,780,983,987,train
24768818,30,ABL,GeneOrGeneProduct,25,1050,1053,train
24768818,31,DDR1,GeneOrGeneProduct,780,1074,1078,train
24768818,32,ABL,GeneOrGeneProduct,25,1110,1113,train
24768818,33,ATP,ChemicalEntity,D000255,1153,1156,train
24768818,34,imatinib,ChemicalEntity,D000068877,1173,1181,train
24768818,35,ponatinib,ChemicalEntity,C545373,1186,1195,train
24768818,36,DDR,GeneOrGeneProduct,"4921,780",1222,1225,train
24768818,37,ABL,GeneOrGeneProduct,25,1230,1233,train
24768818,38,ABL,GeneOrGeneProduct,25,1279,1282,train
24768818,39,DDR1-IN-1,ChemicalEntity,-,1317,1326,train
24768818,40,DDR1,GeneOrGeneProduct,780,1365,1369,train
24768818,41,DDR1,GeneOrGeneProduct,780,1448,1452,train
24768818,42,DDR2,GeneOrGeneProduct,4921,1457,1461,train
24768818,43,lung cancer,DiseaseOrPhenotypicFeature,D008175,1500,1511,train
25986755,0,AT2R,GeneOrGeneProduct,24182,36,40,train
25986755,1,glomerulosclerosis,DiseaseOrPhenotypicFeature,D005921,78,96,train
25986755,2,caffeine,ChemicalEntity,D002110,136,144,train
25986755,3,caffeine,ChemicalEntity,D002110,214,222,train
25986755,4,intrauterine growth retardation,DiseaseOrPhenotypicFeature,D005317,251,282,train
25986755,5,IUGR,DiseaseOrPhenotypicFeature,D005317,284,288,train
25986755,6,IUGR,DiseaseOrPhenotypicFeature,D005317,335,339,train
25986755,7,glomerulosclerosis,DiseaseOrPhenotypicFeature,D005921,361,379,train
25986755,8,glomerulosclerosis,DiseaseOrPhenotypicFeature,D005921,415,433,train
25986755,9,glomerulosclerosis,DiseaseOrPhenotypicFeature,D005921,529,547,train
25986755,10,rat,OrganismTaxon,10116,621,624,train
25986755,11,IUGR,DiseaseOrPhenotypicFeature,D005317,634,638,train
25986755,12,glomerulosclerosis,DiseaseOrPhenotypicFeature,D005921,826,844,train
25986755,13,interstitial fibrosis,DiseaseOrPhenotypicFeature,D005355,856,877,train
25986755,14,creatinine,ChemicalEntity,D003404,919,929,train
25986755,15,angiotensin II receptor type 2,GeneOrGeneProduct,24182,955,985,train
25986755,16,AT2R,GeneOrGeneProduct,24182,987,991,train
25986755,17,angiotensin II receptor type 1a,GeneOrGeneProduct,24180,1066,1097,train
25986755,18,AT1aR,GeneOrGeneProduct,24180,1099,1104,train
25986755,19,AT2R,GeneOrGeneProduct,24182,1106,1110,train
25986755,20,nephrin,GeneOrGeneProduct,64563,1479,1486,train
25986755,21,podocin,GeneOrGeneProduct,170672,1491,1498,train
25986755,22,AT2R,GeneOrGeneProduct,24182,1538,1542,train
25986755,23,glial-cell-line-derived neurotrophic factor,GeneOrGeneProduct,25453,1669,1712,train
25986755,24,GDNF,GeneOrGeneProduct,25453,1714,1718,train
25986755,25,tyrosine kinase receptor,GeneOrGeneProduct,24716,1720,1744,train
25986755,26,c-Ret,GeneOrGeneProduct,24716,1746,1751,train
25986755,27,dysplasia of fetal kidneys,DiseaseOrPhenotypicFeature,D007674,1821,1847,train
25986755,28,glomerulosclerosis,DiseaseOrPhenotypicFeature,D005921,1859,1877,train
25986755,29,AT2R,GeneOrGeneProduct,24182,1942,1946,train
25986755,30,glomerulosclerosis,DiseaseOrPhenotypicFeature,D005921,1995,2013,train
28368423,0,Myc,GeneOrGeneProduct,17869,0,3,train
28368423,1,B-cell receptor,GeneOrGeneProduct,16019,13,28,train
28368423,2,precancerous,DiseaseOrPhenotypicFeature,D011230,42,54,train
28368423,3,Btk,GeneOrGeneProduct,12229,89,92,train
28368423,4,MYC,GeneOrGeneProduct,17869,157,160,train
28368423,5,B-cell non-Hodgkin lymphoma,DiseaseOrPhenotypicFeature,D016393,211,238,train
28368423,6,B-NHL,DiseaseOrPhenotypicFeature,D016393,240,245,train
28368423,7,MYC,GeneOrGeneProduct,17869,248,251,train
28368423,8,B-NHL,DiseaseOrPhenotypicFeature,D016393,270,275,train
28368423,9,MYC,GeneOrGeneProduct,17869,390,393,train
28368423,10,B-cell receptor,GeneOrGeneProduct,16019,413,428,train
28368423,11,BCR,GeneOrGeneProduct,16019,430,433,train
28368423,12,B-NHL,DiseaseOrPhenotypicFeature,D016393,458,463,train
28368423,13,Myc,GeneOrGeneProduct,17869,497,500,train
28368423,14,Myc,GeneOrGeneProduct,17869,653,656,train
28368423,15,BCR,GeneOrGeneProduct,16019,661,664,train
28368423,16,myc,GeneOrGeneProduct,17869,718,721,train
28368423,17,mouse,OrganismTaxon,10090,722,727,train
28368423,18,Myc,GeneOrGeneProduct,17869,741,744,train
28368423,19,BCR,GeneOrGeneProduct,16019,813,816,train
28368423,20,precancerous,DiseaseOrPhenotypicFeature,D011230,845,857,train
28368423,21,myc,GeneOrGeneProduct,17869,880,883,train
28368423,22,mice,OrganismTaxon,10090,884,888,train
28368423,23,Myc,GeneOrGeneProduct,17869,949,952,train
28368423,24,CD79a,GeneOrGeneProduct,12518,1005,1010,train
28368423,25,Btk,GeneOrGeneProduct,12229,1012,1015,train
28368423,26,Plcg2,GeneOrGeneProduct,234779,1017,1022,train
28368423,27,Erk1/2,GeneOrGeneProduct,"26413,26417",1027,1033,train
28368423,28,Myc,GeneOrGeneProduct,17869,1044,1047,train
28368423,29,BCR,GeneOrGeneProduct,16019,1091,1094,train
28368423,30,ibrutinib,ChemicalEntity,C551803,1128,1137,train
28368423,31,Bruton's tyrosine kinase,GeneOrGeneProduct,695,1141,1165,train
28368423,32,PI3K,GeneOrGeneProduct,18708,1190,1194,train
28368423,33,Akt,GeneOrGeneProduct,11651,1195,1198,train
28368423,34,myc,GeneOrGeneProduct,17869,1242,1245,train
28368423,35,ibrutinib,ChemicalEntity,C551803,1303,1312,train
28368423,36,Btk,GeneOrGeneProduct,12229,1344,1347,train
28368423,37,ibrutinib,ChemicalEntity,C551803,1392,1401,train
28368423,38,BCR,GeneOrGeneProduct,16019,1405,1408,train
28368423,39,Myc,GeneOrGeneProduct,17869,1465,1468,train
28368423,40,BCR,GeneOrGeneProduct,16019,1510,1513,train
28368423,41,PI3K,GeneOrGeneProduct,18708,1518,1522,train
28368423,42,Akt,GeneOrGeneProduct,11651,1523,1526,train
28368423,43,BCR,GeneOrGeneProduct,16019,1587,1590,train
28368423,44,precancerous,DiseaseOrPhenotypicFeature,D011230,1638,1650,train
28368423,45,MYC,GeneOrGeneProduct,17869,1764,1767,train
28368423,46,BCR,GeneOrGeneProduct,16019,1824,1827,train
28368423,47,B-NHL,DiseaseOrPhenotypicFeature,D016393,1878,1883,train
28416580,0,TSPO,GeneOrGeneProduct,12257,2,6,train
28416580,1,brain injury,DiseaseOrPhenotypicFeature,D001927,25,37,train
28416580,2,intracerebral hemorrhage,DiseaseOrPhenotypicFeature,D002543,44,68,train
28416580,3,Intracerebral hemorrhage,DiseaseOrPhenotypicFeature,D002543,70,94,train
28416580,4,ICH,DiseaseOrPhenotypicFeature,D002543,96,99,train
28416580,5,ICH,DiseaseOrPhenotypicFeature,D002543,161,164,train
28416580,6,translocator protein,GeneOrGeneProduct,12257,290,310,train
28416580,7,TSPO,GeneOrGeneProduct,12257,312,316,train
28416580,8,TSPO,GeneOrGeneProduct,12257,319,323,train
28416580,9,inflammatory,DiseaseOrPhenotypicFeature,D007249,348,360,train
28416580,10,CNS injury,DiseaseOrPhenotypicFeature,D002493,405,415,train
28416580,11,TSPO,GeneOrGeneProduct,12257,462,466,train
28416580,12,etifoxine,ChemicalEntity,C002125,475,484,train
28416580,13,brain injury,DiseaseOrPhenotypicFeature,D001927,489,501,train
28416580,14,inflammation,DiseaseOrPhenotypicFeature,D007249,506,518,train
28416580,15,mouse,OrganismTaxon,10090,524,529,train
28416580,16,ICH,DiseaseOrPhenotypicFeature,D002543,540,543,train
28416580,17,TSPO,GeneOrGeneProduct,706,545,549,train
28416580,18,Iba1,GeneOrGeneProduct,199,570,574,train
28416580,19,patients,OrganismTaxon,9606,599,607,train
28416580,20,ICH,DiseaseOrPhenotypicFeature,D002543,613,616,train
28416580,21,CD11b,GeneOrGeneProduct,16409,624,629,train
28416580,22,CD45,GeneOrGeneProduct,19264,632,636,train
28416580,23,mice,OrganismTaxon,10090,653,657,train
28416580,24,collagenase,ChemicalEntity,D017364,671,682,train
28416580,25,ICH,DiseaseOrPhenotypicFeature,D002543,691,694,train
28416580,26,Etifoxine,ChemicalEntity,C002125,696,705,train
28416580,27,neurodeficits,DiseaseOrPhenotypicFeature,D001927,728,741,train
28416580,28,brain edema,DiseaseOrPhenotypicFeature,D001929,760,771,train
28416580,29,ICH,DiseaseOrPhenotypicFeature,D002543,778,781,train
28416580,30,collagenase,ChemicalEntity,D017364,835,846,train
28416580,31,collagenase,ChemicalEntity,D017364,851,862,train
28416580,32,ICH,DiseaseOrPhenotypicFeature,D002543,871,874,train
28416580,33,mice,OrganismTaxon,10090,875,879,train
28416580,34,etifoxine,ChemicalEntity,C002125,899,908,train
28416580,35,IL-6,GeneOrGeneProduct,16193,1004,1008,train
28416580,36,TNF-a,GeneOrGeneProduct,21926,1013,1018,train
28416580,37,Etifoxine,ChemicalEntity,C002125,1020,1029,train
28416580,38,etifoxine,ChemicalEntity,C002125,1130,1139,train
28416580,39,mice,OrganismTaxon,10090,1157,1161,train
28416580,40,colony-stimulating factor 1 receptor,GeneOrGeneProduct,12978,1195,1231,train
28416580,41,TSPO,GeneOrGeneProduct,12257,1275,1279,train
28416580,42,etifoxine,ChemicalEntity,C002125,1287,1296,train
28416580,43,brain injury,DiseaseOrPhenotypicFeature,D001927,1308,1320,train
28416580,44,inflammation,DiseaseOrPhenotypicFeature,D007249,1325,1337,train
28416580,45,ICH,DiseaseOrPhenotypicFeature,D002543,1344,1347,train
28416580,46,TSPO,GeneOrGeneProduct,12257,1349,1353,train
28416580,47,ICH,DiseaseOrPhenotypicFeature,D002543,1429,1432,train
28416580,48,TSPO,GeneOrGeneProduct,12257,1487,1491,train
28416580,49,brain injury,DiseaseOrPhenotypicFeature,D001927,1510,1522,train
28416580,50,intracerebral hemorrhage,DiseaseOrPhenotypicFeature,D002543,1529,1553,train
28687665,0,a-tubulin,GeneOrGeneProduct,22142,16,25,train
28687665,1,Tuba1a,GeneOrGeneProduct,22142,26,32,train
28687665,2,a/b-tubulin,GeneOrGeneProduct,"22142,22152,53857",253,264,train
28687665,3,a-tubulin,GeneOrGeneProduct,22142,295,304,train
28687665,4,TUBA1A,GeneOrGeneProduct,7846,313,319,train
28687665,5,cortical malformations,DiseaseOrPhenotypicFeature,D054220,339,361,train
28687665,6,humans,OrganismTaxon,9606,365,371,train
28687665,7,Tuba1a,GeneOrGeneProduct,22142,441,447,train
28687665,8,mice,OrganismTaxon,10090,460,464,train
28687665,9,Tuba1a,GeneOrGeneProduct,22142,476,482,train
28687665,10,S140G,SequenceVariant,p|SUB|S|140|G,502,507,train
28687665,11,Tuba1a,GeneOrGeneProduct,22142,642,648,train
28687665,12,Tuba1a,GeneOrGeneProduct,22142,822,828,train
28687665,13,a/b-tubulin,GeneOrGeneProduct,"22142,22152,53857",962,973,train
28687665,14,Tuba8,GeneOrGeneProduct,53857,1000,1005,train
28687665,15,a-tubulin,GeneOrGeneProduct,22142,1015,1024,train
28687665,16,cortical malformations,DiseaseOrPhenotypicFeature,D054220,1060,1082,train
28687665,17,Tuba1a,GeneOrGeneProduct,22142,1119,1125,train
28687665,18,Tuba1a,GeneOrGeneProduct,22142,1147,1153,train
29222418,0,HEB,GeneOrGeneProduct,21406,0,3,train
29222418,1,IL-17,GeneOrGeneProduct,16171,47,52,train
29222418,2,IL-17,GeneOrGeneProduct,16171,75,80,train
29222418,3,HEB,GeneOrGeneProduct,21406,252,255,train
29222418,4,HeLa E-box binding protein,GeneOrGeneProduct,21406,257,283,train
29222418,5,Tcf12,GeneOrGeneProduct,21406,296,301,train
29222418,6,CD73,GeneOrGeneProduct,23959,377,381,train
29222418,7,HEB,GeneOrGeneProduct,21406,396,399,train
29222418,8,CD24,GeneOrGeneProduct,12484,424,428,train
29222418,9,CD73,GeneOrGeneProduct,23959,429,433,train
29222418,10,Sox4,GeneOrGeneProduct,20677,468,472,train
29222418,11,Sox13,GeneOrGeneProduct,20668,474,479,train
29222418,12,Rorc,GeneOrGeneProduct,19885,485,489,train
29222418,13,HEB,GeneOrGeneProduct,21406,548,551,train
29222418,14,Id3,GeneOrGeneProduct,15903,563,566,train
29222418,15,HEB,GeneOrGeneProduct,21406,568,571,train
29222418,16,CD73,GeneOrGeneProduct,23959,603,607,train
29222418,17,RORgt,GeneOrGeneProduct,19885,644,649,train
29222418,18,IL-17,GeneOrGeneProduct,16171,665,670,train
29222418,19,TCRg,GeneOrGeneProduct,110067,707,711,train
29222418,20,Vg4,GeneOrGeneProduct,21638,756,759,train
29222418,21,IFNg,GeneOrGeneProduct,15978,800,804,train
29222418,22,HEB,GeneOrGeneProduct,21406,828,831,train
29222418,23,mice,OrganismTaxon,10090,842,846,train
29222418,24,HEB,GeneOrGeneProduct,21406,879,882,train
29222418,25,CD73,GeneOrGeneProduct,23959,925,929,train
29222418,26,CD73,GeneOrGeneProduct,23959,935,939,train
29222418,27,HEB,GeneOrGeneProduct,21406,1029,1032,train
15649253,0,Primary malignant lymphoma of the brain,DiseaseOrPhenotypicFeature,D016543,0,39,train
15649253,1,p14,GeneOrGeneProduct,11102,84,87,train
15649253,2,tumor,DiseaseOrPhenotypicFeature,D009369,88,93,train
15649253,3,primary central nervous system lymphomas,DiseaseOrPhenotypicFeature,D016543,115,155,train
15649253,4,PCNSL,DiseaseOrPhenotypicFeature,D016543,157,162,train
15649253,5,brain lymphomas,DiseaseOrPhenotypicFeature,D016543,164,179,train
15649253,6,p14,GeneOrGeneProduct,11102,199,202,train
15649253,7,p14,GeneOrGeneProduct,11102,723,726,train
15649253,8,tumors,DiseaseOrPhenotypicFeature,D009369,924,930,train
15649253,9,L50R,SequenceVariant,p|SUB|L|50|R,965,969,train
15649253,10,p14,GeneOrGeneProduct,11102,1050,1053,train
15649253,11,p14,GeneOrGeneProduct,11102,1147,1150,train
15649253,12,systemic lymphoma,DiseaseOrPhenotypicFeature,D008223,1263,1280,train
15649253,13,p14,GeneOrGeneProduct,11102,1290,1293,train
15649253,14,carcinogenesis,DiseaseOrPhenotypicFeature,D063646,1374,1388,train
15649253,15,PCNSL,DiseaseOrPhenotypicFeature,D016543,1397,1402,train
15649253,16,systemic lymphoma,DiseaseOrPhenotypicFeature,D008223,1407,1424,train
16321363,0,Congenital disorder of glycosylation Ic,DiseaseOrPhenotypicFeature,C535741,0,39,train
16321363,1,hALG-6,GeneOrGeneProduct,29929,73,79,train
16321363,2,congenital disorder of glycosylation-Ic,DiseaseOrPhenotypicFeature,C535741,117,156,train
16321363,3,CDG-Ic,DiseaseOrPhenotypicFeature,C535741,158,164,train
16321363,4,CDG,DiseaseOrPhenotypicFeature,D018981,201,204,train
16321363,5,lipid-linked oligosaccharides,ChemicalEntity,C023023,238,267,train
16321363,6,glucose,ChemicalEntity,D005947,282,289,train
16321363,7,ALG6,GeneOrGeneProduct,29929,322,326,train
16321363,8,338G>A,SequenceVariant,rs768372697,404,410,train
16321363,9,patient,OrganismTaxon,9606,457,464,train
16321363,10,ALG6,GeneOrGeneProduct,29929,556,560,train
16321363,11,deletion (10-12Mb),SequenceVariant,c|DEL||10-12MB,694,712,train
16321363,12,del(1)(p31.2p32.3),SequenceVariant,c|DEL|p31.2_p32.3|,714,732,train
16321363,13,CDG,DiseaseOrPhenotypicFeature,D018981,849,852,train
16321363,14,CDG-Ic,DiseaseOrPhenotypicFeature,C535741,909,915,train
16506214,0,COX-2,GeneOrGeneProduct,4513,25,30,train
16506214,1,prostate cancer,DiseaseOrPhenotypicFeature,D011471,61,76,train
16506214,2,COX-2,GeneOrGeneProduct,4513,83,88,train
16506214,3,arachidonic acid,ChemicalEntity,D016718,126,142,train
16506214,4,prostaglandins,ChemicalEntity,D011453,146,160,train
16506214,5,prostaglandins,ChemicalEntity,D011453,166,180,train
16506214,6,COX-2,GeneOrGeneProduct,4513,193,198,train
16506214,7,inflammation,DiseaseOrPhenotypicFeature,D007249,215,227,train
16506214,8,pain,DiseaseOrPhenotypicFeature,D010146,232,236,train
16506214,9,COX-2,GeneOrGeneProduct,4513,406,411,train
16506214,10,human,OrganismTaxon,9606,428,433,train
16506214,11,carcinogenesis,DiseaseOrPhenotypicFeature,D009369,434,448,train
16506214,12,prostate cancer,DiseaseOrPhenotypicFeature,D011471,473,488,train
16506214,13,COX-2,GeneOrGeneProduct,4513,542,547,train
16506214,14,prostate cancer,DiseaseOrPhenotypicFeature,D011471,573,588,train
16506214,15,cancer prostate,DiseaseOrPhenotypicFeature,D011471,652,667,train
16506214,16,COX-2,GeneOrGeneProduct,4513,804,809,train
16506214,17,patients,OrganismTaxon,9606,968,976,train
16506214,18,+3100 T/G,SequenceVariant,c|SUB|T|+3100|G,1163,1172,train
16506214,19,+8365 C/T,SequenceVariant,c|SUB|C|+8365|T,1177,1186,train
16506214,20,+3100 T/G,SequenceVariant,c|SUB|T|+3100|G,1354,1363,train
16506214,21,+8365 C/T,SequenceVariant,c|SUB|C|+8365|T,1368,1377,train
16506214,22,prostate cancer,DiseaseOrPhenotypicFeature,D011471,1471,1486,train
16506214,23,inflammation,DiseaseOrPhenotypicFeature,D007249,1570,1582,train
16506214,24,prostate carcinogenesis,DiseaseOrPhenotypicFeature,D011471,1598,1621,train
16506214,25,COX-2,GeneOrGeneProduct,4513,1661,1666,train
16506214,26,prostate cancer,DiseaseOrPhenotypicFeature,D011471,1694,1709,train
16801510,0,long QT syndrome,DiseaseOrPhenotypicFeature,D008133,13,29,train
16801510,1,methadone,ChemicalEntity,D008691,64,73,train
16801510,2,patients,OrganismTaxon,9606,106,114,train
16801510,3,long QT syndrome,DiseaseOrPhenotypicFeature,D008133,158,174,train
16801510,4,Methadone,ChemicalEntity,D008691,211,220,train
16801510,5,inpatient,OrganismTaxon,9606,290,299,train
16801510,6,QT interval prolongation,DiseaseOrPhenotypicFeature,D008133,326,350,train
16801510,7,methadone,ChemicalEntity,D008691,356,365,train
16801510,8,methadone,ChemicalEntity,D008691,593,602,train
16801510,9,methadone,ChemicalEntity,D008691,627,636,train
16801510,10,patients,OrganismTaxon,9606,647,655,train
16801510,11,patients,OrganismTaxon,9606,734,742,train
16801510,12,methadone,ChemicalEntity,D008691,753,762,train
16801510,13,methadone,ChemicalEntity,D008691,876,885,train
16801510,14,methadone,ChemicalEntity,D008691,902,911,train
16801510,15,QT prolongation,DiseaseOrPhenotypicFeature,D008133,1022,1037,train
16801510,16,methadone,ChemicalEntity,D008691,1058,1067,train
16801510,17,patients,OrganismTaxon,9606,1080,1088,train
16801510,18,QTc prolongation,DiseaseOrPhenotypicFeature,D008133,1108,1124,train
16801510,19,patients,OrganismTaxon,9606,1212,1220,train
16801510,20,methadone,ChemicalEntity,D008691,1235,1244,train
16801510,21,torsades de pointes,DiseaseOrPhenotypicFeature,D016171,1261,1280,train
16801510,22,methadone,ChemicalEntity,D008691,1338,1347,train
16801510,23,methadone,ChemicalEntity,D008691,1497,1506,train
16801510,24,cytochrome P-450 3A4,GeneOrGeneProduct,1576,1513,1533,train
16801510,25,hypokalemia,DiseaseOrPhenotypicFeature,D007008,1558,1569,train
16801510,26,QT interval prolongation,DiseaseOrPhenotypicFeature,D008133,1612,1636,train
16801510,27,methadone,ChemicalEntity,D008691,1640,1649,train
16801510,28,patients,OrganismTaxon,9606,1662,1670,train
16801510,29,Methadone,ChemicalEntity,D008691,1733,1742,train
16801510,30,cytochrome P-450 3A4 inhibitors,ChemicalEntity,D065692,1761,1792,train
16801510,31,potassium,ChemicalEntity,D011188,1794,1803,train
16801510,32,QT prolongation,DiseaseOrPhenotypicFeature,D008133,1844,1859,train
16801510,33,Long QT syndrome,DiseaseOrPhenotypicFeature,D008133,1861,1877,train
16801510,34,methadone,ChemicalEntity,D008691,1906,1915,train
18809400,0,Alpha-lipoic acid,ChemicalEntity,D008063,0,17,train
18809400,1,mitochondrial damage,DiseaseOrPhenotypicFeature,D028361,27,47,train
18809400,2,neurotoxicity,DiseaseOrPhenotypicFeature,D020258,52,65,train
18809400,3,neuropathy,DiseaseOrPhenotypicFeature,D009422,95,105,train
18809400,4,alpha-lipoic acid,ChemicalEntity,D008063,133,150,train
18809400,5,neurotoxicity,DiseaseOrPhenotypicFeature,D020258,199,212,train
18809400,6,mitochondrial damage,DiseaseOrPhenotypicFeature,D028361,217,237,train
18809400,7,toxic neurodegenerative cascade,DiseaseOrPhenotypicFeature,D009410,263,294,train
18809400,8,alpha-lipoic acid,ChemicalEntity,D008063,330,347,train
18809400,9,peripheral neuropathy,DiseaseOrPhenotypicFeature,D010523,433,454,train
18809400,10,paclitaxel,ChemicalEntity,D017239,574,584,train
18809400,11,cisplatin,ChemicalEntity,D002945,589,598,train
18809400,12,alpha-lipoic acid,ChemicalEntity,D008063,713,730,train
18809400,13,axonal damage,DiseaseOrPhenotypicFeature,D020833,745,758,train
18809400,14,alpha-lipoic acid,ChemicalEntity,D008063,872,889,train
18809400,15,cisplatin,ChemicalEntity,D002945,925,934,train
18809400,16,paclitaxel,ChemicalEntity,D017239,939,949,train
18809400,17,mitochondrial impairment,DiseaseOrPhenotypicFeature,D028361,962,986,train
18809400,18,Alpha-lipoic acid,ChemicalEntity,D008063,1068,1085,train
18809400,19,neurotoxicity,DiseaseOrPhenotypicFeature,D020258,1146,1159,train
18809400,20,mitochondrial toxicity,DiseaseOrPhenotypicFeature,D028361,1195,1217,train
18809400,21,frataxin,GeneOrGeneProduct,2395,1248,1256,train
18809400,22,mitochondrial toxicity,DiseaseOrPhenotypicFeature,D028361,1351,1373,train
18809400,23,paclitaxel,ChemicalEntity,D017239,1407,1417,train
18809400,24,cisplatin,ChemicalEntity,D002945,1422,1431,train
18809400,25,neurotoxicity,DiseaseOrPhenotypicFeature,D020258,1440,1453,train
18809400,26,Alpha-lipoic acid,ChemicalEntity,D008063,1455,1472,train
18809400,27,frataxin,GeneOrGeneProduct,2395,1599,1607,train
18809400,28,alpha-lipoic acid,ChemicalEntity,D008063,1637,1654,train
18809400,29,peripheral nerve toxicity,DiseaseOrPhenotypicFeature,D010523,1691,1716,train
18809400,30,patients,OrganismTaxon,9606,1720,1728,train
23864035,0,Bortezomib,ChemicalEntity,D000069286,0,10,train
23864035,1,dexamethasone,ChemicalEntity,D003907,15,28,train
23864035,2,patients,OrganismTaxon,9606,51,59,train
23864035,3,multiple myeloma,DiseaseOrPhenotypicFeature,D009101,85,101,train
23864035,4,Bortezomib,ChemicalEntity,D000069286,144,154,train
23864035,5,bort,ChemicalEntity,D000069286,156,160,train
23864035,6,dexamethasone,ChemicalEntity,D003907,162,175,train
23864035,7,dex,ChemicalEntity,D003907,177,180,train
23864035,8,multiple myeloma,DiseaseOrPhenotypicFeature,D009101,236,252,train
23864035,9,MM,DiseaseOrPhenotypicFeature,D009101,254,256,train
23864035,10,bort,ChemicalEntity,D000069286,316,320,train
23864035,11,dex,ChemicalEntity,D003907,377,380,train
23864035,12,bort,ChemicalEntity,D000069286,420,424,train
23864035,13,patients,OrganismTaxon,9606,453,461,train
23864035,14,MM,DiseaseOrPhenotypicFeature,D009101,471,473,train
23864035,15,patients,OrganismTaxon,9606,632,640,train
23864035,16,bort,ChemicalEntity,D000069286,717,721,train
23864035,17,dex,ChemicalEntity,D003907,722,725,train
23864035,18,bort,ChemicalEntity,D000069286,748,752,train
23864035,19,dex,ChemicalEntity,D003907,753,756,train
23864035,20,patients,OrganismTaxon,9606,845,853,train
23864035,21,peripheral neuropathy,DiseaseOrPhenotypicFeature,D010523,1122,1143,train
23864035,22,patients,OrganismTaxon,9606,1175,1183,train
23864035,23,patients,OrganismTaxon,9606,1469,1477,train
23864035,24,bort,ChemicalEntity,D000069286,1505,1509,train
23864035,25,dex,ChemicalEntity,D003907,1510,1513,train
23864035,26,Bort,ChemicalEntity,D000069286,1546,1550,train
23864035,27,dex,ChemicalEntity,D003907,1551,1554,train
23864035,28,MM,DiseaseOrPhenotypicFeature,D009101,1594,1596,train
23864035,29,patients,OrganismTaxon,9606,1597,1605,train
24842192,0,metformin,ChemicalEntity,D008687,23,32,train
24842192,1,toll-like receptor 4,GeneOrGeneProduct,29260,44,64,train
24842192,2,left ventricular dysfunction,DiseaseOrPhenotypicFeature,D018487,90,118,train
24842192,3,myocardial infarction,DiseaseOrPhenotypicFeature,D009203,129,150,train
24842192,4,metformin,ChemicalEntity,D008687,173,182,train
24842192,5,myocardial infarction,DiseaseOrPhenotypicFeature,D009203,210,231,train
24842192,6,inflammatory,DiseaseOrPhenotypicFeature,D007249,250,262,train
24842192,7,AMP-activated protein kinase,GeneOrGeneProduct,65248,294,322,train
24842192,8,AMPK,GeneOrGeneProduct,65248,324,328,train
24842192,9,metformin,ChemicalEntity,D008687,394,403,train
24842192,10,cardiac dysfunction,DiseaseOrPhenotypicFeature,D006331,407,426,train
24842192,11,toll-like receptor 4,GeneOrGeneProduct,29260,431,451,train
24842192,12,TLR4,GeneOrGeneProduct,29260,453,457,train
24842192,13,myocardial infarction,DiseaseOrPhenotypicFeature,D009203,480,501,train
24842192,14,AMPK,GeneOrGeneProduct,65248,526,530,train
24842192,15,rats,OrganismTaxon,10116,558,562,train
24842192,16,isoproterenol,ChemicalEntity,D007545,652,665,train
24842192,17,metformin,ChemicalEntity,D008687,725,734,train
24842192,18,Isoproterenol,ChemicalEntity,D007545,760,773,train
24842192,19,acute myocardial infarction,DiseaseOrPhenotypicFeature,D009203,849,876,train
24842192,20,Isoproterenol,ChemicalEntity,D007545,878,891,train
24842192,21,left ventricular dysfunction,DiseaseOrPhenotypicFeature,D018487,1014,1042,train
24842192,22,metformin,ChemicalEntity,D008687,1112,1121,train
24842192,23,Metfromin,ChemicalEntity,D008687,1123,1132,train
24842192,24,isoproterenol,ChemicalEntity,D007545,1150,1163,train
24842192,25,TLR4,GeneOrGeneProduct,29260,1199,1203,train
24842192,26,myeloid differentiation protein 88,GeneOrGeneProduct,301059,1210,1244,train
24842192,27,MyD88,GeneOrGeneProduct,301059,1246,1251,train
24842192,28,tumor necrosis factor-alpha,GeneOrGeneProduct,24835,1254,1281,train
24842192,29,TNF-a,GeneOrGeneProduct,24835,1283,1288,train
24842192,30,interleukin 6,GeneOrGeneProduct,24498,1295,1308,train
24842192,31,IL-6,GeneOrGeneProduct,24498,1310,1314,train
24842192,32,TNF-a,GeneOrGeneProduct,24835,1392,1397,train
24842192,33,IL-6,GeneOrGeneProduct,24498,1402,1406,train
24842192,34,AMPKa,GeneOrGeneProduct,65248,1501,1506,train
24842192,35,AMPK,GeneOrGeneProduct,65248,1510,1514,train
24842192,36,metformin,ChemicalEntity,D008687,1575,1584,train
24842192,37,metformin,ChemicalEntity,D008687,1655,1664,train
24842192,38,myocardial infarction,DiseaseOrPhenotypicFeature,D009203,1678,1699,train
24842192,39,cardiac dysfunction,DiseaseOrPhenotypicFeature,D006331,1700,1719,train
24842192,40,inflammatory,DiseaseOrPhenotypicFeature,D007249,1735,1747,train
24842192,41,TLR4,GeneOrGeneProduct,29260,1790,1794,train
24842192,42,infarcted myocardium,DiseaseOrPhenotypicFeature,D009203,1863,1883,train
27825100,0,glucose,ChemicalEntity,D005947,5,12,train
27825100,1,human,OrganismTaxon,9606,24,29,train
27825100,2,diabetic nephropathy,DiseaseOrPhenotypicFeature,D003928,84,104,train
27825100,3,diabetic nephropathy,DiseaseOrPhenotypicFeature,D003928,135,155,train
27825100,4,human,OrganismTaxon,9606,224,229,train
27825100,5,human,OrganismTaxon,9606,279,284,train
27825100,6,glucose,ChemicalEntity,D005947,420,427,train
27825100,7,glucose,ChemicalEntity,D005947,448,455,train
27825100,8,peroxisome proliferator-activated receptor-g coactivator 1a,GeneOrGeneProduct,10891,576,635,train
27825100,9,PGC-1a,GeneOrGeneProduct,10891,637,643,train
27825100,10,glucose,ChemicalEntity,D005947,819,826,train
27825100,11,lactic acidosis,DiseaseOrPhenotypicFeature,D000140,946,961,train
27825100,12,master regulators of oxidative metabolism transcription factor A mitochondrial,GeneOrGeneProduct,10891,981,1059,train
27825100,13,PGC-1a,GeneOrGeneProduct,10891,1061,1067,train
27825100,14,AMPK,GeneOrGeneProduct,5562,1069,1073,train
27825100,15,serine-threonine liver kinase B1,GeneOrGeneProduct,6794,1079,1111,train
27825100,16,glucose,ChemicalEntity,D005947,1132,1139,train
27825100,17,myocyte-specific enhancer factor 2C,GeneOrGeneProduct,4208,1227,1262,train
27825100,18,MEF2C,GeneOrGeneProduct,4208,1264,1269,train
27825100,19,myogenic factor 5,GeneOrGeneProduct,4617,1275,1292,train
27825100,20,MYF5,GeneOrGeneProduct,4617,1294,1298,train
27825100,21,glucose,ChemicalEntity,D005947,1333,1340,train
27825100,22,glucose,ChemicalEntity,D005947,1520,1527,train
27825100,23,MEF2C,GeneOrGeneProduct,4208,1577,1582,train
27825100,24,MYF5,GeneOrGeneProduct,4617,1584,1588,train
27825100,25,PGC-1a,GeneOrGeneProduct,10891,1594,1600,train
27825100,26,patients,OrganismTaxon,9606,1661,1669,train
27825100,27,diabetic nephropathy,DiseaseOrPhenotypicFeature,D003928,1675,1695,train
27825100,28,human,OrganismTaxon,9606,1724,1729,train
27825100,29,MEF2C,GeneOrGeneProduct,4208,1755,1760,train
27825100,30,MYF5,GeneOrGeneProduct,4617,1761,1765,train
27825100,31,glucose,ChemicalEntity,D005947,1859,1866,train
27825100,32,glucose,ChemicalEntity,D005947,2044,2051,train
27825100,33,human,OrganismTaxon,9606,2063,2068,train
27825100,34,diabetic nephropathy,DiseaseOrPhenotypicFeature,D003928,2123,2143,train
27860244,0,protein arginine methyltransferase 5,GeneOrGeneProduct,10419,8,44,train
27860244,1,inflammation,DiseaseOrPhenotypicFeature,D007249,48,60,train
27860244,2,rheumatoid arthritis,DiseaseOrPhenotypicFeature,D001172,110,130,train
27860244,3,protein arginine methyltransferase 5,GeneOrGeneProduct,10419,153,189,train
27860244,4,PRMT5,GeneOrGeneProduct,10419,191,196,train
27860244,5,inflammation,DiseaseOrPhenotypicFeature,D007249,212,224,train
27860244,6,patients,OrganismTaxon,9606,313,321,train
27860244,7,rheumatoid arthritis,DiseaseOrPhenotypicFeature,D001172,327,347,train
27860244,8,RA,DiseaseOrPhenotypicFeature,D001172,349,351,train
27860244,9,patients,OrganismTaxon,9606,407,415,train
27860244,10,RA,DiseaseOrPhenotypicFeature,D001172,421,423,train
27860244,11,osteoarthritis,DiseaseOrPhenotypicFeature,D010003,428,442,train
27860244,12,OA,DiseaseOrPhenotypicFeature,D010003,444,446,train
27860244,13,PRMT5,GeneOrGeneProduct,10419,465,470,train
27860244,14,EPZ015666,ChemicalEntity,C000599896,472,481,train
27860244,15,PRMT5,GeneOrGeneProduct,10419,526,531,train
27860244,16,PRMT5,GeneOrGeneProduct,10419,553,558,train
27860244,17,inflammatory,DiseaseOrPhenotypicFeature,D007249,687,699,train
27860244,18,PRMT5,GeneOrGeneProduct,10419,966,971,train
27860244,19,patients,OrganismTaxon,9606,1008,1016,train
27860244,20,RA,DiseaseOrPhenotypicFeature,D001172,1022,1024,train
27860244,21,RA,DiseaseOrPhenotypicFeature,D001172,1029,1031,train
27860244,22,PRMT5,GeneOrGeneProduct,10419,1051,1056,train
27860244,23,IL-1b,GeneOrGeneProduct,3553,1094,1099,train
27860244,24,TNF-a,GeneOrGeneProduct,7124,1104,1109,train
27860244,25,PRMT5,GeneOrGeneProduct,10419,1125,1130,train
27860244,26,EPZ015666,ChemicalEntity,C000599896,1134,1143,train
27860244,27,IL-6,GeneOrGeneProduct,3569,1181,1185,train
27860244,28,IL-8,GeneOrGeneProduct,3576,1190,1194,train
27860244,29,RA,DiseaseOrPhenotypicFeature,D001172,1228,1230,train
27860244,30,PRMT5,GeneOrGeneProduct,10419,1264,1269,train
27860244,31,RA,DiseaseOrPhenotypicFeature,D001172,1315,1317,train
27860244,32,EPZ015666,ChemicalEntity,C000599896,1337,1346,train
27860244,33,IkB kinaseb,GeneOrGeneProduct,3551,1381,1392,train
27860244,34,IkBa,GeneOrGeneProduct,4792,1397,1401,train
27860244,35,p65,GeneOrGeneProduct,5970,1440,1443,train
27860244,36,AKT,GeneOrGeneProduct,207,1455,1458,train
27860244,37,PRMT5,GeneOrGeneProduct,10419,1468,1473,train
27860244,38,inflammatory,DiseaseOrPhenotypicFeature,D007249,1502,1514,train
27860244,39,RA,DiseaseOrPhenotypicFeature,D001172,1570,1572,train
27860244,40,NF-kB,GeneOrGeneProduct,5970,1604,1609,train
27860244,41,AKT,GeneOrGeneProduct,207,1614,1617,train
27860244,42,PRMT5,GeneOrGeneProduct,10419,1662,1667,train
27860244,43,synovial inflammation,DiseaseOrPhenotypicFeature,D013585,1679,1700,train
27860244,44,RA,DiseaseOrPhenotypicFeature,D001172,1750,1752,train
28148288,0,Metalloprotease-disintegrin,GeneOrGeneProduct,8038,0,27,train
28148288,1,ADAM12,GeneOrGeneProduct,8038,28,34,train
28148288,2,claudin,GeneOrGeneProduct,9076,85,92,train
28148288,3,breast cancer,DiseaseOrPhenotypicFeature,D001943,97,110,train
28148288,4,ADAM12,GeneOrGeneProduct,8038,124,130,train
28148288,5,human,OrganismTaxon,9606,149,154,train
28148288,6,breast cancers,DiseaseOrPhenotypicFeature,D001943,155,169,train
28148288,7,estrogen receptor,GeneOrGeneProduct,2099,211,228,train
28148288,8,tumors,DiseaseOrPhenotypicFeature,D009369,238,244,train
28148288,9,ADAM12,GeneOrGeneProduct,8038,246,252,train
28148288,10,claudin,GeneOrGeneProduct,9076,335,342,train
28148288,11,breast tumors,DiseaseOrPhenotypicFeature,D001943,347,360,train
28148288,12,cancer,DiseaseOrPhenotypicFeature,D009369,384,390,train
28148288,13,ADAM12,GeneOrGeneProduct,8038,448,454,train
28148288,14,breast cancer,DiseaseOrPhenotypicFeature,D001943,510,523,train
28148288,15,ADAM12,GeneOrGeneProduct,8038,540,546,train
28148288,16,claudin,GeneOrGeneProduct,9076,594,601,train
28148288,17,breast cancer,DiseaseOrPhenotypicFeature,D001943,606,619,train
28148288,18,SUM159PT,CellLine,CVCL_5423,632,640,train
28148288,19,Hs578T,CellLine,CVCL_0332,645,651,train
28148288,20,ALDH,GeneOrGeneProduct,217,852,856,train
28148288,21,CD44,GeneOrGeneProduct,960,889,893,train
28148288,22,CD24,GeneOrGeneProduct,100133941,898,902,train
28148288,23,tumor,DiseaseOrPhenotypicFeature,D009369,938,943,train
28148288,24,mice,OrganismTaxon,10090,957,961,train
28148288,25,ADAM12,GeneOrGeneProduct,8038,1104,1110,train
28148288,26,SUM159PT,CellLine,CVCL_5423,1152,1160,train
28148288,27,ADAM12,GeneOrGeneProduct,8038,1188,1194,train
28148288,28,ADAM12,GeneOrGeneProduct,8038,1288,1294,train
28148288,29,ADAM12,GeneOrGeneProduct,8038,1411,1417,train
28148288,30,CD44,GeneOrGeneProduct,960,1461,1465,train
28148288,31,CD24,GeneOrGeneProduct,100133941,1470,1474,train
28148288,32,tumorigenesis,DiseaseOrPhenotypicFeature,D009369,1527,1540,train
28148288,33,mice,OrganismTaxon,10090,1544,1548,train
28148288,34,ADAM12,GeneOrGeneProduct,8038,1614,1620,train
28148288,35,Epidermal Growth Factor Receptor,GeneOrGeneProduct,1956,1626,1658,train
28148288,36,EGFR,GeneOrGeneProduct,1956,1660,1664,train
28148288,37,ADAM12,GeneOrGeneProduct,8038,1697,1703,train
28148288,38,EGFR,GeneOrGeneProduct,1956,1752,1756,train
28148288,39,batimastat,ChemicalEntity,C080985,1791,1801,train
28148288,40,metalloproteinase,GeneOrGeneProduct,8038,1805,1822,train
28148288,41,EGF,GeneOrGeneProduct,1950,1890,1893,train
28148288,42,CD44,GeneOrGeneProduct,960,1926,1930,train
28148288,43,CD24,GeneOrGeneProduct,100133941,1935,1939,train
28148288,44,ADAM12,GeneOrGeneProduct,8038,1965,1971,train
28148288,45,ADAM12,GeneOrGeneProduct,8038,2024,2030,train
28148288,46,claudin,GeneOrGeneProduct,9076,2070,2077,train
28148288,47,breast cancer,DiseaseOrPhenotypicFeature,D001943,2082,2095,train
28148288,48,EGFR,GeneOrGeneProduct,1956,2124,2128,train
15064320,0,SRD5A2,GeneOrGeneProduct,6716,39,45,train
15064320,1,male pseudohermaphrodite,DiseaseOrPhenotypicFeature,D058490,63,87,train
15064320,2,patient,OrganismTaxon,9606,88,95,train
15064320,3,5-alpha-reductase type 2,GeneOrGeneProduct,6716,153,177,train
15064320,4,SRD5A2,GeneOrGeneProduct,6716,184,190,train
15064320,5,male pseudohermaphrodite,DiseaseOrPhenotypicFeature,D058490,206,230,train
15064320,6,MPH,DiseaseOrPhenotypicFeature,D058490,232,235,train
15064320,7,patient,OrganismTaxon,9606,237,244,train
15064320,8,testosterone,ChemicalEntity,D013739,257,269,train
15064320,9,T,ChemicalEntity,D013739,271,272,train
15064320,10,androgen receptor,GeneOrGeneProduct,367,296,313,train
15064320,11,AR,GeneOrGeneProduct,367,315,317,train
15064320,12,patient,OrganismTaxon,9606,344,351,train
15064320,13,T,ChemicalEntity,D013739,439,440,train
15064320,14,human chorionic gonadotropin,ChemicalEntity,D006063,457,485,train
15064320,15,hCG,ChemicalEntity,D006063,487,490,train
15064320,16,AR,GeneOrGeneProduct,367,559,561,train
15064320,17,SRD5A2,GeneOrGeneProduct,6716,588,594,train
15064320,18,AR,GeneOrGeneProduct,367,642,644,train
15064320,19,SRD5A2,GeneOrGeneProduct,6716,680,686,train
15064320,20,"T nucleotide deletion, which predicts a frameshift mutation from codon 219",SequenceVariant,c|DEL|CODON219|T,786,860,train
15064320,21,guanine (CGA) by adenine (CAA),SequenceVariant,rs9332964,929,959,train
15064320,22,glutamine replacement of arginine,SequenceVariant,rs9332964,971,1004,train
15064320,23,R227Q,SequenceVariant,rs9332964,1006,1011,train
15064320,24,patient,OrganismTaxon,9606,1091,1098,train
15064320,25,SRD5A2,GeneOrGeneProduct,6716,1131,1137,train
15064320,26,patient,OrganismTaxon,9606,1185,1192,train
15064320,27,R227Q,SequenceVariant,rs9332964,1203,1208,train
15064320,28,MPH,DiseaseOrPhenotypicFeature,D058490,1269,1272,train
15064320,29,patients,OrganismTaxon,9606,1273,1281,train
15064320,30,Tdel219,SequenceVariant,c|DEL|CODON219|T,1323,1330,train
15064320,31,5-alpha-reductase,GeneOrGeneProduct,6716,1389,1406,train
15583840,0,Tumor,DiseaseOrPhenotypicFeature,D009369,0,5,train
15583840,1,patients,OrganismTaxon,9606,60,68,train
15583840,2,breast cancer,DiseaseOrPhenotypicFeature,D001943,74,87,train
15583840,3,Breast cancer,DiseaseOrPhenotypicFeature,D001943,89,102,train
15583840,4,cancers,DiseaseOrPhenotypicFeature,D009369,142,149,train
15583840,5,tumor,DiseaseOrPhenotypicFeature,D009369,187,192,train
15583840,6,breast cancer,DiseaseOrPhenotypicFeature,D001943,355,368,train
15583840,7,breast cancer,DiseaseOrPhenotypicFeature,D001943,450,463,train
15583840,8,patients,OrganismTaxon,9606,464,472,train
15583840,9,breast cancer,DiseaseOrPhenotypicFeature,D001943,709,722,train
15583840,10,patients,OrganismTaxon,9606,723,731,train
15583840,11,colon cancer,DiseaseOrPhenotypicFeature,D015179,736,748,train
15583840,12,patients,OrganismTaxon,9606,749,757,train
15583840,13,colon cancer,DiseaseOrPhenotypicFeature,D015179,1286,1298,train
15583840,14,patients,OrganismTaxon,9606,1299,1307,train
15583840,15,tumor,DiseaseOrPhenotypicFeature,D009369,1486,1491,train
15583840,16,human,OrganismTaxon,9606,1515,1520,train
15583840,17,breast cancer,DiseaseOrPhenotypicFeature,D001943,1521,1534,train
15623763,0,TGFBI,GeneOrGeneProduct,7045,0,5,train
15623763,1,lattice and granular corneal dystrophies,DiseaseOrPhenotypicFeature,"C537881,D003317",29,69,train
15623763,2,patients,OrganismTaxon,9606,80,88,train
15623763,3,TGFBI,GeneOrGeneProduct,7045,128,133,train
15623763,4,patients,OrganismTaxon,9606,149,157,train
15623763,5,lattice corneal dystrophy,DiseaseOrPhenotypicFeature,C537881,163,188,train
15623763,6,LCD,DiseaseOrPhenotypicFeature,C537881,190,193,train
15623763,7,granular corneal dystrophy,DiseaseOrPhenotypicFeature,D003317,198,224,train
15623763,8,GCD,DiseaseOrPhenotypicFeature,D003317,226,229,train
15623763,9,patients,OrganismTaxon,9606,312,320,train
15623763,10,LCD,DiseaseOrPhenotypicFeature,C537881,343,346,train
15623763,11,GCD,DiseaseOrPhenotypicFeature,D003317,359,362,train
15623763,12,LCD,DiseaseOrPhenotypicFeature,C537881,381,384,train
15623763,13,GCD,DiseaseOrPhenotypicFeature,D003317,388,391,train
15623763,14,TGFBI,GeneOrGeneProduct,7045,506,511,train
15623763,15,patients,OrganismTaxon,9606,803,811,train
15623763,16,LCD,DiseaseOrPhenotypicFeature,C537881,817,820,train
15623763,17,patients,OrganismTaxon,9606,835,843,train
15623763,18,GCD,DiseaseOrPhenotypicFeature,D003317,849,852,train
15623763,19,LCD,DiseaseOrPhenotypicFeature,C537881,857,860,train
15623763,20,glycine-594-valine,SequenceVariant,p|SUB|G|594|V,908,926,train
15623763,21,Gly594Val,SequenceVariant,p|SUB|G|594|V,928,937,train
15623763,22,patients,OrganismTaxon,9606,950,958,train
15623763,23,valine-539-aspartic acid,SequenceVariant,p|SUB|V|539|D,960,984,train
15623763,24,Val539Asp,SequenceVariant,p|SUB|V|539|D,986,995,train
15623763,25,patient,OrganismTaxon,9606,1002,1009,train
15623763,26,"deletion of valine 624, valine 625",SequenceVariant,p|DEL|624_625|VV,1015,1049,train
15623763,27,Val624-Val625del,SequenceVariant,p|DEL|624_625|VV,1051,1067,train
15623763,28,patient,OrganismTaxon,9606,1074,1081,train
15623763,29,arginine 124-to-cysteine,SequenceVariant,rs121909210,1108,1132,train
15623763,30,Arg124Cys,SequenceVariant,rs121909210,1134,1143,train
15623763,31,patients,OrganismTaxon,9606,1166,1174,train
15623763,32,histidine 626-to-arginine,SequenceVariant,p|SUB|H|626|R,1179,1204,train
15623763,33,His626Arg,SequenceVariant,p|SUB|H|626|R,1206,1215,train
15623763,34,patients,OrganismTaxon,9606,1228,1236,train
15623763,35,LCD,DiseaseOrPhenotypicFeature,C537881,1269,1272,train
15623763,36,patients,OrganismTaxon,9606,1287,1295,train
15623763,37,Gly594Val,SequenceVariant,p|SUB|G|594|V,1305,1314,train
15623763,38,Val624-Val625del,SequenceVariant,p|DEL|624_625|VV,1319,1335,train
15623763,39,GCD,DiseaseOrPhenotypicFeature,D003317,1350,1353,train
15623763,40,patients,OrganismTaxon,9606,1358,1366,train
15623763,41,GCD type I,DiseaseOrPhenotypicFeature,C537304,1372,1382,train
15623763,42,arginine 555-to-tryptophan,SequenceVariant,rs121909208,1401,1427,train
15623763,43,Arg555Trp,SequenceVariant,rs121909208,1429,1438,train
15623763,44,patient,OrganismTaxon,9606,1446,1453,train
15623763,45,GCD type III,DiseaseOrPhenotypicFeature,C535476,1459,1471,train
15623763,46,Reis-Bucklers dystrophy,DiseaseOrPhenotypicFeature,C535476,1473,1496,train
15623763,47,Arg124Leu,SequenceVariant,rs121909211,1507,1516,train
15623763,48,leucine 269 to phenylalanine,SequenceVariant,rs199852470,1616,1644,train
15623763,49,Leu269Phe,SequenceVariant,rs199852470,1646,1655,train
15623763,50,patients,OrganismTaxon,9606,1679,1687,train
15623763,51,Arg555Trp,SequenceVariant,rs121909208,1697,1706,train
15623763,52,Arg124Cys,SequenceVariant,rs121909210,1730,1739,train
15623763,53,Arg555Trp,SequenceVariant,rs121909208,1744,1753,train
15623763,54,LCD,DiseaseOrPhenotypicFeature,C537881,1801,1804,train
15623763,55,GCD,DiseaseOrPhenotypicFeature,D003317,1809,1812,train
17033686,0,PQBP1,GeneOrGeneProduct,10084,32,37,train
17033686,1,microphthalmia,DiseaseOrPhenotypicFeature,D008850,62,76,train
17033686,2,microcephaly,DiseaseOrPhenotypicFeature,D008831,78,90,train
17033686,3,mental retardation,DiseaseOrPhenotypicFeature,D008607,96,114,train
17033686,4,X-linked mental retardation,DiseaseOrPhenotypicFeature,D038901,116,143,train
17033686,5,XLMR,DiseaseOrPhenotypicFeature,D038901,193,197,train
17033686,6,XLMR,DiseaseOrPhenotypicFeature,D038901,227,231,train
17033686,7,PQBP1,GeneOrGeneProduct,10084,344,349,train
17033686,8,XLMR,DiseaseOrPhenotypicFeature,D038901,363,367,train
17033686,9,XLMR,DiseaseOrPhenotypicFeature,D038901,382,386,train
17033686,10,X-linked phenotype of mental retardation,DiseaseOrPhenotypicFeature,D038901,444,484,train
17033686,11,MR,DiseaseOrPhenotypicFeature,D008607,486,488,train
17033686,12,microphthalmia,DiseaseOrPhenotypicFeature,D008850,491,505,train
17033686,13,choroid coloboma,DiseaseOrPhenotypicFeature,D003103,507,523,train
17033686,14,microcephaly,DiseaseOrPhenotypicFeature,D008831,525,537,train
17033686,15,renal hypoplasia,DiseaseOrPhenotypicFeature,D007674,539,555,train
17033686,16,spastic paraplegia,DiseaseOrPhenotypicFeature,D010264,561,579,train
17033686,17,BCOR,GeneOrGeneProduct,54880,745,749,train
17033686,18,BCOR,GeneOrGeneProduct,54880,779,783,train
17033686,19,Lenz microphthalmia syndrome,DiseaseOrPhenotypicFeature,C537464,815,843,train
17033686,20,BCOR,GeneOrGeneProduct,54880,966,970,train
17033686,21,patients,OrganismTaxon,9606,994,1002,train
17033686,22,PQBP1,GeneOrGeneProduct,10084,1036,1041,train
17033686,23,c.461_462delAG,SequenceVariant,rs606231195,1128,1142,train
17033686,24,Hamel cerebropalatocardiac syndrome,DiseaseOrPhenotypicFeature,C537761,1230,1265,train
17033686,25,XLMR,DiseaseOrPhenotypicFeature,D038901,1285,1289,train
17033686,26,PQBP1,GeneOrGeneProduct,10084,1493,1498,train
17033686,27,XLMR,DiseaseOrPhenotypicFeature,D038901,1524,1528,train
17033686,28,microphthalmia,DiseaseOrPhenotypicFeature,D008850,1549,1563,train
17033686,29,PQBP1,GeneOrGeneProduct,10084,1643,1648,train
17639754,0,warfarin,ChemicalEntity,D014859,20,28,train
17639754,1,levofloxacin,ChemicalEntity,D064704,33,45,train
17639754,2,Warfarin,ChemicalEntity,D014859,60,68,train
17639754,3,Levofloxacin,ChemicalEntity,D064704,159,171,train
17639754,4,fluoroquinolone,ChemicalEntity,D024841,175,190,train
17639754,5,bacteria,OrganismTaxon,2,332,340,train
17639754,6,warfarin,ChemicalEntity,D014859,438,446,train
17639754,7,levofloxacin,ChemicalEntity,D064704,451,463,train
17639754,8,levofloxacin,ChemicalEntity,D064704,506,518,train
17639754,9,warfarin,ChemicalEntity,D014859,578,586,train
17639754,10,bleeding,DiseaseOrPhenotypicFeature,D006470,617,625,train
17639754,11,warfarin,ChemicalEntity,D014859,696,704,train
17639754,12,levofloxacin,ChemicalEntity,D064704,709,721,train
17639754,13,levofloxacin,ChemicalEntity,D064704,813,825,train
17639754,14,patients,OrganismTaxon,9606,829,837,train
17639754,15,warfarin,ChemicalEntity,D014859,845,853,train
19319147,0,hemorrhage,DiseaseOrPhenotypicFeature,D006470,42,52,train
19319147,1,mouse,OrganismTaxon,10090,65,70,train
19319147,2,warfarin,ChemicalEntity,D014859,80,88,train
19319147,3,intracerebral hemorrhage,DiseaseOrPhenotypicFeature,D002543,100,124,train
19319147,4,Warfarin,ChemicalEntity,D014859,126,134,train
19319147,5,intracerebral hemorrhage,DiseaseOrPhenotypicFeature,D002543,146,170,train
19319147,6,W,ChemicalEntity,D014859,172,173,train
19319147,7,ICH,DiseaseOrPhenotypicFeature,D002543,174,177,train
19319147,8,stroke,DiseaseOrPhenotypicFeature,D020521,199,205,train
19319147,9,W,ChemicalEntity,D014859,258,259,train
19319147,10,ICH,DiseaseOrPhenotypicFeature,D002543,260,263,train
19319147,11,mouse,OrganismTaxon,10090,273,278,train
19319147,12,human,OrganismTaxon,9606,348,353,train
19319147,13,prothrombin complex concentrate,ChemicalEntity,C025667,354,385,train
19319147,14,PCC,ChemicalEntity,C025667,387,390,train
19319147,15,mice,OrganismTaxon,10090,439,443,train
19319147,16,warfarin,ChemicalEntity,D014859,462,470,train
19319147,17,human,OrganismTaxon,9606,622,627,train
19319147,18,PCC,ChemicalEntity,C025667,628,631,train
19319147,19,mice,OrganismTaxon,10090,668,672,train
19319147,20,collagenase,ChemicalEntity,D017364,710,721,train
19319147,21,hemorrhage,DiseaseOrPhenotypicFeature,D006470,749,759,train
19319147,22,PCC,ChemicalEntity,C025667,848,851,train
19319147,23,hemorrhage,DiseaseOrPhenotypicFeature,D006470,920,930,train
19319147,24,PCC,ChemicalEntity,C025667,1069,1072,train
19319147,25,mice,OrganismTaxon,10090,1201,1205,train
19319147,26,hematomas,DiseaseOrPhenotypicFeature,D006406,1222,1231,train
19319147,27,PCC,ChemicalEntity,C025667,1312,1315,train
19319147,28,PCC,ChemicalEntity,C025667,1363,1366,train
19319147,29,W,ChemicalEntity,D014859,1406,1407,train
19319147,30,ICH,DiseaseOrPhenotypicFeature,D002543,1408,1411,train
19319147,31,human,OrganismTaxon,9606,1551,1556,train
19319147,32,W,ChemicalEntity,D014859,1557,1558,train
19319147,33,ICH,DiseaseOrPhenotypicFeature,D002543,1559,1562,train
19918264,0,FGFR4,GeneOrGeneProduct,2264,0,5,train
19918264,1,Gly388Arg,SequenceVariant,rs351855,6,15,train
19918264,2,prostate cancer,DiseaseOrPhenotypicFeature,D011471,33,48,train
19918264,3,men,OrganismTaxon,9606,66,69,train
19918264,4,Fibroblast growth factor receptor 4,GeneOrGeneProduct,2264,71,106,train
19918264,5,FGFR4,GeneOrGeneProduct,2264,108,113,train
19918264,6,fibroblast growth receptor,GeneOrGeneProduct,2264,132,158,train
19918264,7,FGFR4,GeneOrGeneProduct,2264,318,323,train
19918264,8,glycine (Gly) with arginine (Arg),SequenceVariant,rs351855,375,408,train
19918264,9,prostate cancer,DiseaseOrPhenotypicFeature,D011471,477,492,train
19918264,10,patients,OrganismTaxon,9606,493,501,train
19918264,11,prostate cancer,DiseaseOrPhenotypicFeature,D011471,551,566,train
19918264,12,patients,OrganismTaxon,9606,567,575,train
19918264,13,BPH,DiseaseOrPhenotypicFeature,D011470,581,584,train
19918264,14,patients,OrganismTaxon,9606,585,593,train
19918264,15,FGFR4,GeneOrGeneProduct,2264,711,716,train
19918264,16,prostate cancer,DiseaseOrPhenotypicFeature,D011471,840,855,train
19918264,17,cancer,DiseaseOrPhenotypicFeature,D009369,944,950,train
19918264,18,BPH,DiseaseOrPhenotypicFeature,D011470,987,990,train
19918264,19,cancer,DiseaseOrPhenotypicFeature,D009369,1067,1073,train
19918264,20,BPH,DiseaseOrPhenotypicFeature,D011470,1078,1081,train
19918264,21,patients,OrganismTaxon,9606,1082,1090,train
19918264,22,cancer,DiseaseOrPhenotypicFeature,D009369,1107,1113,train
19918264,23,Gly(388)Arg,SequenceVariant,rs351855,1179,1190,train
19918264,24,FGFR4,GeneOrGeneProduct,2264,1194,1199,train
19918264,25,prostate cancer,DiseaseOrPhenotypicFeature,D011471,1241,1256,train
19918264,26,men,OrganismTaxon,9606,1269,1272,train
20335448,0,human,OrganismTaxon,9606,42,47,train
20335448,1,glucocorticoid receptor,GeneOrGeneProduct,2908,48,71,train
20335448,2,glucocorticoid resistance,DiseaseOrPhenotypicFeature,C564221,91,116,train
20335448,3,glucocorticoid resistance,DiseaseOrPhenotypicFeature,C564221,196,221,train
20335448,4,glucocorticoids,ChemicalEntity,D005938,314,329,train
20335448,5,glucocorticoid receptor,GeneOrGeneProduct,2908,358,381,train
20335448,6,GR,GeneOrGeneProduct,2908,383,385,train
20335448,7,mineralocorticoid,ChemicalEntity,D008901,471,488,train
20335448,8,androgen,ChemicalEntity,D000728,504,512,train
20335448,9,PATIENT,OrganismTaxon,9606,601,608,train
20335448,10,glucocorticoid resistance,DiseaseOrPhenotypicFeature,C564221,666,691,train
20335448,11,patient,OrganismTaxon,9606,706,713,train
20335448,12,seizure,DiseaseOrPhenotypicFeature,D012640,748,755,train
20335448,13,hypoglycemia,DiseaseOrPhenotypicFeature,D007003,772,784,train
20335448,14,hypokalemia,DiseaseOrPhenotypicFeature,D007008,789,800,train
20335448,15,hypertension,DiseaseOrPhenotypicFeature,D006973,815,827,train
20335448,16,premature pubarche,DiseaseOrPhenotypicFeature,C567552,832,850,train
20335448,17,dexamethasone,ChemicalEntity,D003907,860,873,train
20335448,18,patient,OrganismTaxon,9606,941,948,train
20335448,19,GR,GeneOrGeneProduct,2908,951,953,train
20335448,20,(G-->A) at nucleotide position 2141,SequenceVariant,c|SUB|G|2141|A,988,1023,train
20335448,21,arginine by glutamine at amino acid position 714,SequenceVariant,c|SUB|R|714|Q,1068,1116,train
20335448,22,GR alpha,GeneOrGeneProduct,2908,1159,1167,train
20335448,23,p160 nuclear receptor coactivator,GeneOrGeneProduct,8648,1417,1450,train
20335448,24,arginine by glutamine at position 714,SequenceVariant,c|SUB|R|714|Q,1516,1553,train
20335448,25,Dexamethasone,ChemicalEntity,D003907,1740,1753,train
20335448,26,premature pubarche,DiseaseOrPhenotypicFeature,C567552,1796,1814,train
20335448,27,hypoglycemia,DiseaseOrPhenotypicFeature,D007003,1816,1828,train
20335448,28,hypertension,DiseaseOrPhenotypicFeature,D006973,1830,1842,train
20335448,29,hypokalemia,DiseaseOrPhenotypicFeature,D007008,1848,1859,train
20335448,30,arginine 714,SequenceVariant,c|Allele|R|714,1888,1900,train
20335448,31,GR alpha,GeneOrGeneProduct,2908,1999,2007,train
21695597,0,MHC,GeneOrGeneProduct,"3123,720",0,3,train
21695597,1,systemic lupus erythematosus,DiseaseOrPhenotypicFeature,D008180,23,51,train
21695597,2,women,OrganismTaxon,9606,72,77,train
21695597,3,major histocompatibility complex,GeneOrGeneProduct,"3123,720",83,115,train
21695597,4,MHC,GeneOrGeneProduct,"3123,720",117,120,train
21695597,5,systemic lupus erythematosus,DiseaseOrPhenotypicFeature,D008180,186,214,train
21695597,6,SLE,DiseaseOrPhenotypicFeature,D008180,216,219,train
21695597,7,SLE,DiseaseOrPhenotypicFeature,D008180,231,234,train
21695597,8,MHC,GeneOrGeneProduct,"3123,720",360,363,train
21695597,9,SLE,DiseaseOrPhenotypicFeature,D008180,390,393,train
21695597,10,MHC,GeneOrGeneProduct,"3123,720",448,451,train
21695597,11,C4A,GeneOrGeneProduct,720,532,535,train
21695597,12,SLE,DiseaseOrPhenotypicFeature,D008180,546,549,train
21695597,13,Women,OrganismTaxon,9606,643,648,train
21695597,14,SLE,DiseaseOrPhenotypicFeature,D008180,879,882,train
21695597,15,rs9271366,SequenceVariant,rs9271366,891,900,train
21695597,16,HLA-DRB1,GeneOrGeneProduct,3123,950,958,train
21695597,17,rs204890,SequenceVariant,rs204890,1023,1031,train
21695597,18,rs2071349,SequenceVariant,rs2071349,1061,1070,train
21695597,19,rs2844580,SequenceVariant,rs2844580,1104,1113,train
21695597,20,SLE,DiseaseOrPhenotypicFeature,D008180,1165,1168,train
21695597,21,rs9271366,SequenceVariant,rs9271366,1188,1197,train
21695597,22,C4A,GeneOrGeneProduct,720,1242,1245,train
21695597,23,rs9271366,SequenceVariant,rs9271366,1568,1577,train
21695597,24,SLE,DiseaseOrPhenotypicFeature,D008180,1623,1626,train
21695597,25,women,OrganismTaxon,9606,1746,1751,train
21695597,26,SLE,DiseaseOrPhenotypicFeature,D008180,1851,1854,train
21695597,27,MHC,GeneOrGeneProduct,"3123,720",1944,1947,train
21695597,28,SLE,DiseaseOrPhenotypicFeature,D008180,1979,1982,train
21695597,29,women,OrganismTaxon,9606,2003,2008,train
21911891,0,Plasminogen activator inhibitor type 1,GeneOrGeneProduct,5054,0,38,train
21911891,1,obese,DiseaseOrPhenotypicFeature,D009765,92,97,train
21911891,2,patients,OrganismTaxon,9606,107,115,train
21911891,3,non-alcoholic fatty liver disease,DiseaseOrPhenotypicFeature,D065626,121,154,train
21911891,4,plasminogen activator inhibitor type-1,GeneOrGeneProduct,5054,172,210,train
21911891,5,PAI-1,GeneOrGeneProduct,5054,212,217,train
21911891,6,PAI-1,GeneOrGeneProduct,5054,413,418,train
21911891,7,PAI-1,GeneOrGeneProduct,5054,435,440,train
21911891,8,hepatic fibrogenesis,DiseaseOrPhenotypicFeature,D008107,468,488,train
21911891,9,PAI-1,GeneOrGeneProduct,5054,524,529,train
21911891,10,liver fibrosis,DiseaseOrPhenotypicFeature,D008103,581,595,train
21911891,11,non-alcoholic fatty liver disease,DiseaseOrPhenotypicFeature,D065626,610,643,train
21911891,12,NAFLD,DiseaseOrPhenotypicFeature,D065626,645,650,train
21911891,13,obese,DiseaseOrPhenotypicFeature,D009765,664,669,train
21911891,14,patients,OrganismTaxon,9606,670,678,train
21911891,15,obese,DiseaseOrPhenotypicFeature,D009765,727,732,train
21911891,16,patients,OrganismTaxon,9606,733,741,train
21911891,17,obese,DiseaseOrPhenotypicFeature,D009765,782,787,train
21911891,18,PAI-1,GeneOrGeneProduct,5054,891,896,train
21911891,19,triglycerides,ChemicalEntity,D014280,1009,1022,train
21911891,20,hypertension,DiseaseOrPhenotypicFeature,D006973,1033,1045,train
21911891,21,diabetes,DiseaseOrPhenotypicFeature,D003920,1050,1058,train
21911891,22,obese,DiseaseOrPhenotypicFeature,D009765,1088,1093,train
21911891,23,patients,OrganismTaxon,9606,1094,1102,train
21911891,24,PAI-1,GeneOrGeneProduct,5054,1133,1138,train
21911891,25,obese,DiseaseOrPhenotypicFeature,D009765,1164,1169,train
21911891,26,patients,OrganismTaxon,9606,1170,1178,train
21911891,27,PAI-1,GeneOrGeneProduct,5054,1298,1303,train
21911891,28,PAI-1,GeneOrGeneProduct,5054,1385,1390,train
21911891,29,obese,DiseaseOrPhenotypicFeature,D009765,1411,1416,train
21911891,30,patients,OrganismTaxon,9606,1417,1425,train
21911891,31,liver fibrosis,DiseaseOrPhenotypicFeature,D008103,1431,1445,train
21911891,32,patients,OrganismTaxon,9606,1471,1479,train
21911891,33,liver fibrosis,DiseaseOrPhenotypicFeature,D008103,1488,1502,train
21911891,34,PAI-1,GeneOrGeneProduct,5054,1527,1532,train
21911891,35,patients,OrganismTaxon,9606,1586,1594,train
21911891,36,liver fibrosis,DiseaseOrPhenotypicFeature,D008103,1611,1625,train
21911891,37,NASH,DiseaseOrPhenotypicFeature,D065626,1640,1644,train
21911891,38,obese,DiseaseOrPhenotypicFeature,D009765,1678,1683,train
21911891,39,patients,OrganismTaxon,9606,1684,1692,train
21911891,40,PAI-1,GeneOrGeneProduct,5054,1717,1722,train
21911891,41,PAI-1,GeneOrGeneProduct,5054,1749,1754,train
21911891,42,obese,DiseaseOrPhenotypicFeature,D009765,1799,1804,train
21911891,43,PAI-1,GeneOrGeneProduct,5054,1970,1975,train
21911891,44,liver fibrosis,DiseaseOrPhenotypicFeature,D008103,2012,2026,train
21911891,45,obese,DiseaseOrPhenotypicFeature,D009765,2030,2035,train
21911891,46,patients,OrganismTaxon,9606,2036,2044,train
28468941,0,caveolin-1,GeneOrGeneProduct,857,9,19,train
28468941,1,Smad,GeneOrGeneProduct,"4086,4090,4093",29,33,train
28468941,2,adenine 474 deletion,SequenceVariant,rs587777017,88,108,train
28468941,3,c.474delA,SequenceVariant,rs587777017,119,128,train
28468941,4,patient,OrganismTaxon,9606,133,140,train
28468941,5,pulmonary hypertension,DiseaseOrPhenotypicFeature,D006976,192,214,train
28468941,6,caveolin-1,GeneOrGeneProduct,857,231,241,train
28468941,7,c.474delA,SequenceVariant,rs587777017,242,251,train
28468941,8,pulmonary arterial hypertension,DiseaseOrPhenotypicFeature,D000081029,308,339,train
28468941,9,PAH,DiseaseOrPhenotypicFeature,D000081029,341,344,train
28468941,10,caveolin-1,GeneOrGeneProduct,857,383,393,train
28468941,11,caveolin-1,GeneOrGeneProduct,857,555,565,train
28468941,12,patient,OrganismTaxon,9606,582,589,train
28468941,13,c.474delA,SequenceVariant,rs587777017,681,690,train
28468941,14,caveolin-1,GeneOrGeneProduct,857,745,755,train
28468941,15,caveolin-1,GeneOrGeneProduct,12389,759,769,train
28468941,16,mouse,OrganismTaxon,10090,775,780,train
28468941,17,caveolin-1,GeneOrGeneProduct,857,937,947,train
28468941,18,caveolin-1,GeneOrGeneProduct,857,961,971,train
28468941,19,Smad1/5/8,GeneOrGeneProduct,"4086,4090,4093",1144,1153,train
28468941,20,caveolin-1,GeneOrGeneProduct,857,1212,1222,train
28468941,21,type I TGFb receptors,GeneOrGeneProduct,"657,658,90,94",1238,1259,train
28468941,22,ALK1/2/3/6,GeneOrGeneProduct,"657,658,90,94",1260,1270,train
28468941,23,Smad1/5/8,GeneOrGeneProduct,"4086,4090,4093",1306,1315,train
28468941,24,c.474delA,SequenceVariant,rs587777017,1355,1364,train
28468941,25,caveolin-1,GeneOrGeneProduct,857,1453,1463,train
28468941,26,Smad,GeneOrGeneProduct,"4086,4090,4093",1516,1520,train
28468941,27,Smad,GeneOrGeneProduct,"4086,4090,4093",1558,1562,train
28468941,28,PAH,DiseaseOrPhenotypicFeature,D000081029,1655,1658,train
28468941,29,patients,OrganismTaxon,9606,1662,1670,train
28468941,30,caveolin-1,GeneOrGeneProduct,857,1676,1686,train
28468941,31,c.474delA,SequenceVariant,rs587777017,1687,1696,train
15191352,0,thyroid hormone resistance,DiseaseOrPhenotypicFeature,D018382,15,41,train
15191352,1,patient,OrganismTaxon,9606,47,54,train
15191352,2,T3 receptor,GeneOrGeneProduct,7068,94,105,train
15191352,3,Resistance to thyroid hormone syndrome,DiseaseOrPhenotypicFeature,D018382,112,150,train
15191352,4,RTH,DiseaseOrPhenotypicFeature,D018382,152,155,train
15191352,5,Patients,OrganismTaxon,9606,227,235,train
15191352,6,RTH,DiseaseOrPhenotypicFeature,D018382,241,244,train
15191352,7,thyrotoxicosis,DiseaseOrPhenotypicFeature,D013971,323,337,train
15191352,8,hypothyroidism,DiseaseOrPhenotypicFeature,D007037,353,367,train
15191352,9,thyroid hormone receptor beta,GeneOrGeneProduct,7068,436,465,train
15191352,10,TR-beta,GeneOrGeneProduct,7068,472,479,train
15191352,11,patient,OrganismTaxon,9606,495,502,train
15191352,12,RTH,DiseaseOrPhenotypicFeature,D018382,508,511,train
15191352,13,TR-beta,GeneOrGeneProduct,7068,563,570,train
15191352,14,I280S,SequenceVariant,p|SUB|I|280|S,612,617,train
15191352,15,1123T-->G,SequenceVariant,g|SUB|T|1123|G,619,628,train
15191352,16,I280S,SequenceVariant,p|SUB|I|280|S,738,743,train
15191352,17,patient,OrganismTaxon,9606,793,800,train
15191352,18,impaired intellectual development,DiseaseOrPhenotypicFeature,D008607,838,871,train
15191352,19,hyperkinetic,DiseaseOrPhenotypicFeature,D006948,873,885,train
15191352,20,tachycardia,DiseaseOrPhenotypicFeature,D013610,897,908,train
15191352,21,hearing and visual impairment,DiseaseOrPhenotypicFeature,"D006311,D014786",910,939,train
15191352,22,I280S,SequenceVariant,p|SUB|I|280|S,995,1000,train
15191352,23,TR-beta,GeneOrGeneProduct,7068,1050,1057,train
15814629,0,lymph node metastases,DiseaseOrPhenotypicFeature,D009362,14,35,train
15814629,1,gastric cancer,DiseaseOrPhenotypicFeature,D013274,39,53,train
15814629,2,angiotensin I-converting enzyme,GeneOrGeneProduct,1636,74,105,train
15814629,3,angiotensin I-converting enzyme,GeneOrGeneProduct,1636,229,260,train
15814629,4,ACE,GeneOrGeneProduct,1636,262,265,train
15814629,5,gastric cancer,DiseaseOrPhenotypicFeature,D013274,270,284,train
15814629,6,gastric cancer,DiseaseOrPhenotypicFeature,D013274,352,366,train
15814629,7,ACE,GeneOrGeneProduct,1636,497,500,train
15814629,8,agarose,ChemicalEntity,D012685,534,541,train
15814629,9,ACE,GeneOrGeneProduct,1636,658,661,train
15814629,10,gastric cancer,DiseaseOrPhenotypicFeature,D013274,738,752,train
15814629,11,patients,OrganismTaxon,9606,753,761,train
15814629,12,ACE,GeneOrGeneProduct,1636,845,848,train
15814629,13,patients,OrganismTaxon,9606,918,926,train
15814629,14,gastric cancer,DiseaseOrPhenotypicFeature,D013274,935,949,train
15814629,15,ACE,GeneOrGeneProduct,1636,964,967,train
15814629,16,lymph node metastases,DiseaseOrPhenotypicFeature,D009362,1008,1029,train
15814629,17,tumor,DiseaseOrPhenotypicFeature,D009369,1080,1085,train
15814629,18,Patients,OrganismTaxon,9606,1093,1101,train
15814629,19,lymph node metastases,DiseaseOrPhenotypicFeature,D009362,1168,1189,train
15814629,20,tumor,DiseaseOrPhenotypicFeature,D009369,1233,1238,train
15814629,21,patients,OrganismTaxon,9606,1261,1269,train
15814629,22,tumor,DiseaseOrPhenotypicFeature,D009369,1325,1330,train
15814629,23,tumor,DiseaseOrPhenotypicFeature,D009369,1337,1342,train
15814629,24,tumor,DiseaseOrPhenotypicFeature,D009369,1359,1364,train
15814629,25,metastases,DiseaseOrPhenotypicFeature,D009362,1381,1391,train
15814629,26,ACE,GeneOrGeneProduct,1636,1401,1404,train
15814629,27,ACE,GeneOrGeneProduct,1636,1433,1436,train
15814629,28,gastric cancer,DiseaseOrPhenotypicFeature,D013274,1440,1454,train
15814629,29,patients,OrganismTaxon,9606,1510,1518,train
15814629,30,ACE,GeneOrGeneProduct,1636,1520,1523,train
15814629,31,tumor,DiseaseOrPhenotypicFeature,D009369,1590,1595,train
15814629,32,ACE,GeneOrGeneProduct,1636,1659,1662,train
15814629,33,gastric cancer,DiseaseOrPhenotypicFeature,D013274,1687,1701,train
16541406,0,MLH1,GeneOrGeneProduct,4292,44,48,train
16541406,1,MSH2,GeneOrGeneProduct,4436,53,57,train
16541406,2,Lynch syndrome,DiseaseOrPhenotypicFeature,D003123,128,142,train
16541406,3,HNPCC,DiseaseOrPhenotypicFeature,D003123,144,149,train
16541406,4,MLH1,GeneOrGeneProduct,4292,219,223,train
16541406,5,MSH2,GeneOrGeneProduct,4436,228,232,train
16541406,6,Lynch Syndrome,DiseaseOrPhenotypicFeature,D003123,257,271,train
16541406,7,HNPCC,DiseaseOrPhenotypicFeature,D003123,273,278,train
16541406,8,patients,OrganismTaxon,9606,280,288,train
16541406,9,MLH1,GeneOrGeneProduct,4292,448,452,train
16541406,10,MSH2,GeneOrGeneProduct,4436,466,470,train
16541406,11,MSH2,GeneOrGeneProduct,4436,547,551,train
16541406,12,MLH1,GeneOrGeneProduct,4292,690,694,train
16541406,13,MSH2,GeneOrGeneProduct,4436,990,994,train
16541406,14,MLH1,GeneOrGeneProduct,4292,1014,1018,train
16541406,15,MLH1,GeneOrGeneProduct,4292,1303,1307,train
16541406,16,MSH2,GeneOrGeneProduct,4436,1312,1316,train
17185386,0,DISC1,GeneOrGeneProduct,27185,33,38,train
17185386,1,schizophrenia,DiseaseOrPhenotypicFeature,D012559,61,74,train
17185386,2,NDE1,GeneOrGeneProduct,54820,128,132,train
17185386,3,Disrupted in Schizophrenia 1,GeneOrGeneProduct,27185,216,244,train
17185386,4,DISC1,GeneOrGeneProduct,27185,247,252,train
17185386,5,schizophrenia,DiseaseOrPhenotypicFeature,D012559,258,271,train
17185386,6,schizophrenia,DiseaseOrPhenotypicFeature,D012559,310,323,train
17185386,7,DISC1,GeneOrGeneProduct,27185,348,353,train
17185386,8,DISC1,GeneOrGeneProduct,27185,445,450,train
17185386,9,schizophrenia,DiseaseOrPhenotypicFeature,D012559,466,479,train
17185386,10,DISC1,GeneOrGeneProduct,27185,691,696,train
17185386,11,NDE1,GeneOrGeneProduct,54820,915,919,train
17185386,12,DISC1,GeneOrGeneProduct,27185,972,977,train
17185386,13,NDE1,GeneOrGeneProduct,54820,1110,1114,train
17185386,14,schizophrenia,DiseaseOrPhenotypicFeature,D012559,1167,1180,train
17185386,15,DISC1,GeneOrGeneProduct,27185,1547,1552,train
17185386,16,schizophrenia,DiseaseOrPhenotypicFeature,D012559,1600,1613,train
18779591,0,prolactin receptor,GeneOrGeneProduct,5618,53,71,train
18779591,1,women,OrganismTaxon,9606,75,80,train
18779591,2,benign breast tumors,DiseaseOrPhenotypicFeature,D001943,86,106,train
18779591,3,genetic disease,DiseaseOrPhenotypicFeature,D030342,136,151,train
18779591,4,prolactin,GeneOrGeneProduct,5617,162,171,train
18779591,5,Prl,GeneOrGeneProduct,5617,173,176,train
18779591,6,PrlR,GeneOrGeneProduct,5618,195,199,train
18779591,7,humans,OrganismTaxon,9606,204,210,train
18779591,8,Prl,GeneOrGeneProduct,5617,321,324,train
18779591,9,PrlR,GeneOrGeneProduct,5618,325,329,train
18779591,10,breast diseases,DiseaseOrPhenotypicFeature,D001941,372,387,train
18779591,11,Multiple fibroadenomas,DiseaseOrPhenotypicFeature,D018226,423,445,train
18779591,12,MFA,DiseaseOrPhenotypicFeature,D018226,447,450,train
18779591,13,benign breast tumors,DiseaseOrPhenotypicFeature,D001943,456,476,train
18779591,14,women,OrganismTaxon,9606,515,520,train
18779591,15,Prl,GeneOrGeneProduct,5617,549,552,train
18779591,16,MFA,DiseaseOrPhenotypicFeature,D018226,646,649,train
18779591,17,patients,OrganismTaxon,9606,650,658,train
18779591,18,patients,OrganismTaxon,9606,704,712,train
18779591,19,PrlR,GeneOrGeneProduct,5618,786,790,train
18779591,20,Ile(146)-->Leu,SequenceVariant,rs72478580,806,820,train
18779591,21,PrlR,GeneOrGeneProduct,19116,958,962,train
18779591,22,I146L,SequenceVariant,rs72478580,963,968,train
18779591,23,Ba/F3,CellLine,CVCL_0161,1020,1025,train
18779591,24,HEK293,CellLine,CVCL_0045,1027,1033,train
18779591,25,MCF-7,CellLine,CVCL_0031,1038,1043,train
18779591,26,Prl,GeneOrGeneProduct,5617,1054,1057,train
18779591,27,PrlR,GeneOrGeneProduct,5618,1074,1078,train
18779591,28,signal transducer and activator of transcription 5,GeneOrGeneProduct,6776,1124,1174,train
18779591,29,STAT5,GeneOrGeneProduct,6776,1176,1181,train
18779591,30,Prl,GeneOrGeneProduct,5617,1234,1237,train
18779591,31,PrlR,GeneOrGeneProduct,5618,1349,1353,train
18779591,32,I146L,SequenceVariant,rs72478580,1354,1359,train
18779591,33,patient,OrganismTaxon,9606,1389,1396,train
18779591,34,STAT5,GeneOrGeneProduct,6776,1424,1429,train
18779591,35,PrlR,GeneOrGeneProduct,5618,1502,1506,train
18779591,36,human,OrganismTaxon,9606,1525,1530,train
18779591,37,PrlR antagonist,ChemicalEntity,-,1607,1622,train
18779591,38,MFA,DiseaseOrPhenotypicFeature,D018226,1673,1676,train
19346865,0,inferior colliculus lesion,DiseaseOrPhenotypicFeature,D001927,11,37,train
19346865,1,metronidazole,ChemicalEntity,D008795,41,54,train
19346865,2,encephalopathy,DiseaseOrPhenotypicFeature,D001927,63,77,train
19346865,3,inferior colliculus lesions,DiseaseOrPhenotypicFeature,D001927,219,246,train
19346865,4,metronidazole,ChemicalEntity,D008795,250,263,train
19346865,5,encephalopathy,DiseaseOrPhenotypicFeature,D001927,272,286,train
19346865,6,patients,OrganismTaxon,9606,457,465,train
19346865,7,men,OrganismTaxon,9606,469,472,train
19346865,8,women,OrganismTaxon,9606,479,484,train
19346865,9,metronidazole,ChemicalEntity,D008795,511,524,train
19346865,10,encephalopathy,DiseaseOrPhenotypicFeature,D001927,533,547,train
19346865,11,metronidazole,ChemicalEntity,D008795,595,608,train
19346865,12,infection,DiseaseOrPhenotypicFeature,D007239,678,687,train
19346865,13,patients,OrganismTaxon,9606,941,949,train
19346865,14,metronidazole,ChemicalEntity,D008795,999,1012,train
19346865,15,patient,OrganismTaxon,9606,1603,1610,train
19346865,16,patients,OrganismTaxon,9606,1826,1834,train
19346865,17,patient,OrganismTaxon,9606,1845,1852,train
19346865,18,callosal lesion,DiseaseOrPhenotypicFeature,D001927,1869,1884,train
19346865,19,inferior colliculus lesions,DiseaseOrPhenotypicFeature,D001927,1920,1947,train
19346865,20,metronidazole,ChemicalEntity,D008795,1994,2007,train
19346865,21,encephalopathy,DiseaseOrPhenotypicFeature,D001927,2016,2030,train
19889778,0,G145R,SequenceVariant,p|SUB|G|145|R,47,52,train
19889778,1,P120T,SequenceVariant,c|SUB|P|120|T,57,62,train
19889778,2,lamivudine,ChemicalEntity,D019259,85,95,train
19889778,3,hepatitis B virus e antigen,ChemicalEntity,D006513,106,133,train
19889778,4,hepatitis B virus,OrganismTaxon,10407,196,213,train
19889778,5,HBV,OrganismTaxon,10407,215,218,train
19889778,6,HBV,OrganismTaxon,10407,314,317,train
19889778,7,G145R,SequenceVariant,p|SUB|G|145|R,622,627,train
19889778,8,P120T,SequenceVariant,c|SUB|P|120|T,633,638,train
19889778,9,lamivudine,ChemicalEntity,D019259,774,784,train
19889778,10,LAM,ChemicalEntity,D019259,786,789,train
19889778,11,HBeAg,ChemicalEntity,D006513,798,803,train
19889778,12,HBV,OrganismTaxon,10407,838,841,train
19889778,13,G145R,SequenceVariant,p|SUB|G|145|R,856,861,train
19889778,14,P120T,SequenceVariant,c|SUB|P|120|T,866,871,train
19889778,15,LAM,ChemicalEntity,D019259,876,879,train
19889778,16,M204I,SequenceVariant,p|SUB|M|204|I,894,899,train
19889778,17,L180M,SequenceVariant,p|SUB|L|180|M,905,910,train
19889778,18,M204V,SequenceVariant,p|SUB|M|204|V,913,918,train
19889778,19,HBeAg,ChemicalEntity,D006513,941,946,train
19889778,20,HBeAg,ChemicalEntity,D006513,963,968,train
19889778,21,precore,GeneOrGeneProduct,944568,994,1001,train
19889778,22,PC,GeneOrGeneProduct,944568,1003,1005,train
19889778,23,G145R,SequenceVariant,p|SUB|G|145|R,1051,1056,train
19889778,24,HBsAg,ChemicalEntity,D006514,1083,1088,train
19889778,25,LAM,ChemicalEntity,D019259,1154,1157,train
19889778,26,HBV,OrganismTaxon,10407,1168,1171,train
19889778,27,HBV,OrganismTaxon,10407,1207,1210,train
19889778,28,PC,GeneOrGeneProduct,944568,1216,1218,train
19889778,29,P120T,SequenceVariant,c|SUB|P|120|T,1286,1291,train
19889778,30,HBsAg,ChemicalEntity,D006514,1319,1324,train
19889778,31,LAM,ChemicalEntity,D019259,1374,1377,train
19889778,32,HBeAg,ChemicalEntity,D006513,1435,1440,train
19889778,33,PC,GeneOrGeneProduct,944568,1453,1455,train
19889778,34,P120T,SequenceVariant,c|SUB|P|120|T,1463,1468,train
19889778,35,LAM,ChemicalEntity,D019259,1474,1477,train
19889778,36,HBV,OrganismTaxon,10407,1555,1558,train
19889778,37,LAM,ChemicalEntity,D019259,1606,1609,train
19889778,38,adefovir,ChemicalEntity,C053001,1657,1665,train
19889778,39,tenofovir,ChemicalEntity,D000068698,1670,1679,train
19889778,40,HBV,OrganismTaxon,10407,1868,1871,train
20583543,0,"46,XY DSD",DiseaseOrPhenotypicFeature,D058490,23,32,train
20583543,1,8 nucleotide deletion,SequenceVariant,c|DEL||8,63,84,train
20583543,2,SRD5A2,GeneOrGeneProduct,6716,102,108,train
20583543,3,"46,XY DSD",DiseaseOrPhenotypicFeature,D058490,142,151,train
20583543,4,androgen receptor,GeneOrGeneProduct,367,407,424,train
20583543,5,AR,GeneOrGeneProduct,367,426,428,train
20583543,6,SRD5A2,GeneOrGeneProduct,6716,434,440,train
20583543,7,patients,OrganismTaxon,9606,467,475,train
20583543,8,"46,XY DSD",DiseaseOrPhenotypicFeature,D058490,481,490,train
20583543,9,patients,OrganismTaxon,9606,610,618,train
20583543,10,SRD5A2,GeneOrGeneProduct,6716,733,739,train
20583543,11,patients,OrganismTaxon,9606,754,762,train
20583543,12,p.R246Q,SequenceVariant,rs9332967,763,770,train
20583543,13,g.80_87delT CGCGAAG,SequenceVariant,g|DEL|80_87|TCGCGAAG,868,887,train
20583543,14,p.A27fsX132,SequenceVariant,p|FS|A|27||132,889,900,train
20583543,15,p.R246Q,SequenceVariant,rs9332967,906,913,train
20583543,16,patient,OrganismTaxon,9606,923,930,train
20583543,17,isolated micropenis,DiseaseOrPhenotypicFeature,C536649,936,955,train
20583543,18,p.G196S,SequenceVariant,rs121434250,980,987,train
20583543,19,AR,GeneOrGeneProduct,367,1010,1012,train
20583543,20,p.R246Q,SequenceVariant,rs9332967,1080,1087,train
20583543,21,patients,OrganismTaxon,9606,1115,1123,train
20583543,22,SRD5A2,GeneOrGeneProduct,6716,1129,1135,train
20583543,23,SRD5A2,GeneOrGeneProduct,6716,1230,1236,train
20583543,24,patient,OrganismTaxon,9606,1247,1254,train
20583543,25,hypospadias,DiseaseOrPhenotypicFeature,D007021,1267,1278,train
20722491,0,capecitabine,ChemicalEntity,D000069287,10,22,train
20722491,1,Fluoropyrimidines,ChemicalEntity,-,59,76,train
20722491,2,5-fluorouracil,ChemicalEntity,D005472,92,106,train
20722491,3,5-FU,ChemicalEntity,D005472,108,112,train
20722491,4,tumors,DiseaseOrPhenotypicFeature,D009369,169,175,train
20722491,5,"colorectal, breast and head and neck cancers",DiseaseOrPhenotypicFeature,"D001943,D006258,D015179",187,231,train
20722491,6,capecitabine,ChemicalEntity,D000069287,333,345,train
20722491,7,capecitabine,ChemicalEntity,D000069287,467,479,train
20722491,8,patients,OrganismTaxon,9606,511,519,train
20722491,9,renal and kidney disease,DiseaseOrPhenotypicFeature,D007674,539,563,train
20722491,10,capecitabine,ChemicalEntity,D000069287,615,627,train
20722491,11,Capecitabine,ChemicalEntity,D000069287,663,675,train
20722491,12,5-FU,ChemicalEntity,D005472,698,702,train
20722491,13,"colorectal, breast, pancreaticobiliary, gastric, renal cell and head and neck cancers",DiseaseOrPhenotypicFeature,"D001943,D002292,D006258,D010190,D013274,D015179",913,998,train
20722491,14,capecitabine,ChemicalEntity,D000069287,1044,1056,train
20722491,15,diarrhea,DiseaseOrPhenotypicFeature,D003967,1061,1069,train
20722491,16,nausea,DiseaseOrPhenotypicFeature,D009325,1071,1077,train
20722491,17,vomiting,DiseaseOrPhenotypicFeature,D014839,1079,1087,train
20722491,18,stomatitis,DiseaseOrPhenotypicFeature,D013280,1089,1099,train
20722491,19,hand-foot syndrome,DiseaseOrPhenotypicFeature,D060831,1104,1122,train
20722491,20,Capecitabine,ChemicalEntity,D000069287,1124,1136,train
20722491,21,patients,OrganismTaxon,9606,1202,1210,train
20722491,22,hepatic and renal dysfunctions,DiseaseOrPhenotypicFeature,"D007674,D008107",1230,1260,train
20828385,0,temsirolimus,ChemicalEntity,C401859,42,54,train
20828385,1,mantle cell lymphoma,DiseaseOrPhenotypicFeature,D020522,69,89,train
20828385,2,Mantle cell lymphoma,DiseaseOrPhenotypicFeature,D020522,91,111,train
20828385,3,MCL,DiseaseOrPhenotypicFeature,D020522,113,116,train
20828385,4,B-cell non-Hodgkin's lymphoma,DiseaseOrPhenotypicFeature,D008228,151,180,train
20828385,5,Patients,OrganismTaxon,9606,182,190,train
20828385,6,MCL,DiseaseOrPhenotypicFeature,D020522,353,356,train
20828385,7,temsirolimus,ChemicalEntity,C401859,370,382,train
20828385,8,mTOR,GeneOrGeneProduct,2475,386,390,train
20828385,9,MCL,DiseaseOrPhenotypicFeature,D020522,459,462,train
20828385,10,tumor,DiseaseOrPhenotypicFeature,D009369,471,476,train
20828385,11,temsirolimus,ChemicalEntity,C401859,505,517,train
20828385,12,temsirolimus,ChemicalEntity,C401859,652,664,train
20828385,13,temsirolimus,ChemicalEntity,C401859,717,729,train
20828385,14,tumor,DiseaseOrPhenotypicFeature,D009369,740,745,train
20828385,15,tumor,DiseaseOrPhenotypicFeature,D009369,849,854,train
20828385,16,temsirolimus,ChemicalEntity,C401859,897,909,train
20828385,17,tumor,DiseaseOrPhenotypicFeature,D009369,956,961,train
20828385,18,VEGF,GeneOrGeneProduct,7422,989,993,train
20828385,19,necrotic,DiseaseOrPhenotypicFeature,D009336,1083,1091,train
20828385,20,temsirolimus,ChemicalEntity,C401859,1132,1144,train
20828385,21,temsirolimus,ChemicalEntity,C401859,1160,1172,train
20828385,22,tumor,DiseaseOrPhenotypicFeature,D009369,1181,1186,train
20828385,23,temsirolimus,ChemicalEntity,C401859,1272,1284,train
20828385,24,tumor,DiseaseOrPhenotypicFeature,D009369,1288,1293,train
20828385,25,MCL,DiseaseOrPhenotypicFeature,D020522,1368,1371,train
24477591,0,-930A>G,SequenceVariant,rs9932581,4,11,train
24477591,1,CYBA,GeneOrGeneProduct,1535,32,36,train
24477591,2,coronary artery disease,DiseaseOrPhenotypicFeature,D003324,71,94,train
24477591,3,Reactive oxygen species,ChemicalEntity,D017382,153,176,train
24477591,4,ROS,ChemicalEntity,D017382,178,181,train
24477591,5,atherosclerosis,DiseaseOrPhenotypicFeature,D050197,219,234,train
24477591,6,coronary artery disease,DiseaseOrPhenotypicFeature,D003324,239,262,train
24477591,7,CAD,DiseaseOrPhenotypicFeature,D003324,264,267,train
24477591,8,NADPH oxidases,GeneOrGeneProduct,1666,270,284,train
24477591,9,ROS,ChemicalEntity,D017382,308,311,train
24477591,10,p22phox,GeneOrGeneProduct,1535,332,339,train
24477591,11,NADPH oxidases,GeneOrGeneProduct,1666,376,390,train
24477591,12,CYBA,GeneOrGeneProduct,1535,413,417,train
24477591,13,cytochrome b245 alpha,GeneOrGeneProduct,1535,419,440,train
24477591,14,-930A>G,SequenceVariant,rs9932581,452,459,train
24477591,15,CYBA,GeneOrGeneProduct,1535,460,464,train
24477591,16,rs9932581,SequenceVariant,rs9932581,479,488,train
24477591,17,A>G,SequenceVariant,rs9932581,489,492,train
24477591,18,CYBA,GeneOrGeneProduct,1535,524,528,train
24477591,19,CYBA,GeneOrGeneProduct,1535,554,558,train
24477591,20,-930A>G,SequenceVariant,rs9932581,664,671,train
24477591,21,CAD,DiseaseOrPhenotypicFeature,D003324,689,692,train
24477591,22,patients,OrganismTaxon,9606,786,794,train
24477591,23,CAD,DiseaseOrPhenotypicFeature,D003324,810,813,train
24477591,24,-930A>G,SequenceVariant,rs9932581,857,864,train
24477591,25,-930G,SequenceVariant,rs9932581,971,976,train
24477591,26,CAD,DiseaseOrPhenotypicFeature,D003324,1020,1023,train
24477591,27,-930G,SequenceVariant,rs9932581,1090,1095,train
24477591,28,overweight,DiseaseOrPhenotypicFeature,D050177,1108,1118,train
24477591,29,obesity,DiseaseOrPhenotypicFeature,D009765,1119,1126,train
24477591,30,CAD,DiseaseOrPhenotypicFeature,D003324,1185,1188,train
24477591,31,-930G,SequenceVariant,rs9932581,1215,1220,train
24477591,32,-930G,SequenceVariant,rs9932581,1389,1394,train
24477591,33,Overweight,DiseaseOrPhenotypicFeature,D050177,1403,1413,train
24477591,34,obesity,DiseaseOrPhenotypicFeature,D009765,1414,1421,train
24477591,35,CAD,DiseaseOrPhenotypicFeature,D003324,1444,1447,train
24477591,36,-930G,SequenceVariant,rs9932581,1460,1465,train
24477591,37,-930A>G,SequenceVariant,rs9932581,1552,1559,train
24477591,38,CYBA,GeneOrGeneProduct,1535,1560,1564,train
24477591,39,CAD,DiseaseOrPhenotypicFeature,D003324,1597,1600,train
24477591,40,-930G,SequenceVariant,rs9932581,1631,1636,train
24477591,41,obesity,DiseaseOrPhenotypicFeature,D009765,1697,1704,train
24477591,42,tobacco,OrganismTaxon,4097,1709,1716,train
28279980,0,GLUT4,GeneOrGeneProduct,20528,0,5,train
28279980,1,Glucose,ChemicalEntity,D005947,44,51,train
28279980,2,Mouse,OrganismTaxon,10090,85,90,train
28279980,3,GLUT4,GeneOrGeneProduct,20528,108,113,train
28279980,4,insulin,GeneOrGeneProduct,3630,137,144,train
28279980,5,glucose,ChemicalEntity,D005947,186,193,train
28279980,6,glucose,ChemicalEntity,D005947,260,267,train
28279980,7,GLUT4,GeneOrGeneProduct,20528,321,326,train
28279980,8,glucose,ChemicalEntity,D005947,360,367,train
28279980,9,mouse,OrganismTaxon,10090,400,405,train
28279980,10,[(3)H]-2-deoxy-d-glucose,ChemicalEntity,D003847,498,522,train
28279980,11,glucose,ChemicalEntity,D005947,569,576,train
28279980,12,GLUT4,GeneOrGeneProduct,20528,645,650,train
28279980,13,mice,OrganismTaxon,10090,660,664,train
28279980,14,GLUT4,GeneOrGeneProduct,20528,685,690,train
28279980,15,glucose,ChemicalEntity,D005947,783,790,train
28279980,16,GLUT,GeneOrGeneProduct,"170441,20525,20526,20527,20528,227659,353169,56017,56485",847,851,train
28279980,17,cytochalasin B,ChemicalEntity,D003571,862,876,train
28279980,18,sodium,ChemicalEntity,D012964,890,896,train
28279980,19,glucose,ChemicalEntity,D005947,907,914,train
28279980,20,phloridzin,ChemicalEntity,D010695,937,947,train
28279980,21,GLUTs,GeneOrGeneProduct,"170441,20525,20526,20527,20528,227659,353169,56017,56485",1002,1007,train
28279980,22,GLUT,GeneOrGeneProduct,"170441,20525,20526,20527,20528,227659,353169,56017,56485",1045,1049,train
28279980,23,hexose,ChemicalEntity,D006601,1051,1057,train
28279980,24,[(3)H]-2-deoxy-d-glucose,ChemicalEntity,D003847,1115,1139,train
28279980,25,d-fructose,ChemicalEntity,D005632,1168,1178,train
28279980,26,GLUT2,GeneOrGeneProduct,20526,1225,1230,train
28279980,27,GLUT5,GeneOrGeneProduct,56485,1232,1237,train
28279980,28,GLUT8,GeneOrGeneProduct,56017,1239,1244,train
28279980,29,GLUT12,GeneOrGeneProduct,353169,1250,1256,train
28279980,30,GLUTs,GeneOrGeneProduct,"170441,20525,20526,20527,20528,227659,353169,56017,56485",1306,1311,train
28279980,31,GLUT1,GeneOrGeneProduct,20525,1360,1365,train
28279980,32,GLUT3,GeneOrGeneProduct,20527,1367,1372,train
28279980,33,GLUT6,GeneOrGeneProduct,227659,1374,1379,train
28279980,34,GLUT10,GeneOrGeneProduct,170441,1385,1391,train
28279980,35,GLUT4,GeneOrGeneProduct,20528,1473,1478,train
28279980,36,glucose,ChemicalEntity,D005947,1524,1531,train
28279980,37,GLUT1,GeneOrGeneProduct,20525,1579,1584,train
28279980,38,GLUT3,GeneOrGeneProduct,20527,1586,1591,train
28279980,39,GLUT6,GeneOrGeneProduct,227659,1593,1598,train
28279980,40,GLUT10,GeneOrGeneProduct,170441,1607,1613,train
28279980,41,glucose,ChemicalEntity,D005947,1639,1646,train
28472177,0,Ubiquitin carboxyl-terminal esterase L1,GeneOrGeneProduct,7345,0,39,train
28472177,1,UCHL1,GeneOrGeneProduct,7345,41,46,train
28472177,2,cancer,DiseaseOrPhenotypicFeature,D009369,77,83,train
28472177,3,glioma,DiseaseOrPhenotypicFeature,D005910,123,129,train
28472177,4,gliomas,DiseaseOrPhenotypicFeature,D005910,152,159,train
28472177,5,tumors,DiseaseOrPhenotypicFeature,D009369,191,197,train
28472177,6,tumors,DiseaseOrPhenotypicFeature,D009369,283,289,train
28472177,7,gliomas,DiseaseOrPhenotypicFeature,D005910,381,388,train
28472177,8,SF188,CellLine,CVCL_6948,411,416,train
28472177,9,SJ-GBM2,CellLine,CVCL_M141,421,428,train
28472177,10,ubiquitin carboxyl-terminal esterase L1,GeneOrGeneProduct,7345,469,508,train
28472177,11,UCHL1,GeneOrGeneProduct,7345,510,515,train
28472177,12,cancers,DiseaseOrPhenotypicFeature,D009369,559,566,train
28472177,13,gliomas,DiseaseOrPhenotypicFeature,D005910,592,599,train
28472177,14,UCHL1,GeneOrGeneProduct,7345,601,606,train
28472177,15,SF188,CellLine,CVCL_6948,620,625,train
28472177,16,SJ-GBM2,CellLine,CVCL_M141,630,637,train
28472177,17,glioma,DiseaseOrPhenotypicFeature,D005910,638,644,train
28472177,18,agar,ChemicalEntity,D000362,759,763,train
28472177,19,Wnt,GeneOrGeneProduct,7474,832,835,train
28472177,20,SF188,CellLine,CVCL_6948,871,876,train
28472177,21,SJ-GBM2,CellLine,CVCL_M141,881,888,train
28472177,22,UCHL1,GeneOrGeneProduct,7345,889,894,train
28472177,23,TCF,GeneOrGeneProduct,6934,920,923,train
28472177,24,UCHL1,GeneOrGeneProduct,7345,988,993,train
28472177,25,cancer,DiseaseOrPhenotypicFeature,D009369,1158,1164,train
28472177,26,ACTA2,GeneOrGeneProduct,59,1170,1175,train
28472177,27,POSTN,GeneOrGeneProduct,10631,1177,1182,train
28472177,28,LIF,GeneOrGeneProduct,3976,1184,1187,train
28472177,29,FBXL7,GeneOrGeneProduct,23194,1189,1194,train
28472177,30,FBXW11,GeneOrGeneProduct,23291,1196,1202,train
28472177,31,GDF15,GeneOrGeneProduct,9518,1204,1209,train
28472177,32,HEY2,GeneOrGeneProduct,23493,1211,1215,train
28472177,33,IGLL5,GeneOrGeneProduct,100423062,1256,1261,train
28472177,34,ABCA4,GeneOrGeneProduct,24,1263,1268,train
28472177,35,AQP3,GeneOrGeneProduct,360,1270,1274,train
28472177,36,AQP4,GeneOrGeneProduct,361,1276,1280,train
28472177,37,CALB1,GeneOrGeneProduct,793,1282,1287,train
28472177,38,ALK,GeneOrGeneProduct,238,1293,1296,train
28472177,39,Clathrin,GeneOrGeneProduct,1213,1725,1733,train
28472177,40,High Mobility Group-Box 1,GeneOrGeneProduct,3146,1843,1868,train
28472177,41,HMGB1,GeneOrGeneProduct,3146,1870,1875,train
28472177,42,FGF2,GeneOrGeneProduct,2247,1911,1915,train
28472177,43,IL1B,GeneOrGeneProduct,3553,1917,1921,train
28472177,44,TNF,GeneOrGeneProduct,7124,1923,1926,train
28472177,45,PDGFB,GeneOrGeneProduct,5155,1931,1936,train
28472177,46,UCHL1,GeneOrGeneProduct,7345,2003,2008,train
28472177,47,UCHL1,GeneOrGeneProduct,7345,2061,2066,train
28472177,48,gliomas,DiseaseOrPhenotypicFeature,D005910,2091,2098,train
28472177,49,Wnt,GeneOrGeneProduct,7474,2203,2206,train
28472177,50,Beta catenin,GeneOrGeneProduct,1499,2207,2219,train
28472177,51,UCHL1,GeneOrGeneProduct,7345,2230,2235,train
28472177,52,glioma,DiseaseOrPhenotypicFeature,D005910,2264,2270,train
28472177,53,cancer,DiseaseOrPhenotypicFeature,D009369,2343,2349,train
28584052,0,N-acetylglucosamine (O-GlcNAc) transferase,GeneOrGeneProduct,8473,13,55,train
28584052,1,patients,OrganismTaxon,9606,59,67,train
28584052,2,X-linked intellectual disability,DiseaseOrPhenotypicFeature,D038901,73,105,train
28584052,3,N-Acetylglucosamine (O-GlcNAc) transferase,GeneOrGeneProduct,8473,107,149,train
28584052,4,OGT,GeneOrGeneProduct,8473,151,154,train
28584052,5,O-GlcNAcylation,GeneOrGeneProduct,8473,174,189,train
28584052,6,O-GlcNAc,GeneOrGeneProduct,8473,253,261,train
28584052,7,O-GlcNAcylation,GeneOrGeneProduct,8473,463,478,train
28584052,8,developmental defects,DiseaseOrPhenotypicFeature,D003147,505,526,train
28584052,9,neurodegeneration,DiseaseOrPhenotypicFeature,D019636,531,548,train
28584052,10,OGT,GeneOrGeneProduct,8473,576,579,train
28584052,11,humans,OrganismTaxon,9606,629,635,train
28584052,12,OGT,GeneOrGeneProduct,8473,684,687,train
28584052,13,X-linked intellectual disability,DiseaseOrPhenotypicFeature,D038901,708,740,train
28584052,14,XLID,DiseaseOrPhenotypicFeature,D038901,742,746,train
28584052,15,p.Arg284Pro,SequenceVariant,rs1114167891,796,807,train
28584052,16,c.463-6T>G,SequenceVariant,c|SUB|T463-6|G,856,866,train
28584052,17,OGT,GeneOrGeneProduct,8473,927,930,train
28584052,18,OGT,GeneOrGeneProduct,8473,1016,1019,train
28584052,19,O-GlcNAcase,GeneOrGeneProduct,10724,1070,1081,train
28584052,20,patient,OrganismTaxon,9606,1090,1097,train
28584052,21,O-GlcNAc,GeneOrGeneProduct,8473,1130,1138,train
28584052,22,O-GlcNAcylation,GeneOrGeneProduct,8473,1235,1250,train
28584052,23,O-GlcNAcase,GeneOrGeneProduct,10724,1270,1281,train
28584052,24,c.463-6T>G,SequenceVariant,c|SUB|T463-6|G,1317,1327,train
28584052,25,patient,OrganismTaxon,9606,1436,1443,train
28584052,26,OGT,GeneOrGeneProduct,8473,1477,1480,train
28584052,27,p.Arg284Pro,SequenceVariant,rs1114167891,1493,1504,train
28584052,28,host cell factor 1,GeneOrGeneProduct,3054,1689,1707,train
28584052,29,XLID,DiseaseOrPhenotypicFeature,D038901,1737,1741,train
28584052,30,O-GlcNAc,GeneOrGeneProduct,8473,1787,1795,train
28584052,31,host cell factor 1,GeneOrGeneProduct,3054,1812,1830,train
28584052,32,XLID,DiseaseOrPhenotypicFeature,D038901,1874,1878,train
28584052,33,OGT,GeneOrGeneProduct,8473,1899,1902,train
15523499,0,beta adrenergic receptor,GeneOrGeneProduct,"153,154,155",27,51,train
15523499,1,beta-adrenergic receptors,GeneOrGeneProduct,"153,154,155",102,127,train
15523499,2,beta-AR,GeneOrGeneProduct,"153,154,155",129,136,train
15523499,3,epinephrine,ChemicalEntity,D004837,183,194,train
15523499,4,norepinephrine,ChemicalEntity,D009638,199,213,train
15523499,5,beta-AR,GeneOrGeneProduct,"153,154,155",296,303,train
15523499,6,ADRB1,GeneOrGeneProduct,153,311,316,train
15523499,7,ADRB2,GeneOrGeneProduct,154,318,323,train
15523499,8,ADRB3,GeneOrGeneProduct,155,328,333,train
15523499,9,cardiovascular and metabolic disorders,DiseaseOrPhenotypicFeature,"D002318,D008659",428,466,train
15523499,10,ADRB1,GeneOrGeneProduct,153,584,589,train
15523499,11,Arg389Gly,SequenceVariant,p|SUB|R|389|G,590,599,train
15523499,12,Gly49Ser,SequenceVariant,p|SUB|G|49|S,604,612,train
15523499,13,ADRB2,GeneOrGeneProduct,154,614,619,train
15523499,14,Arg16Gly,SequenceVariant,p|SUB|R|16|G,620,628,train
15523499,15,Gln27Glu,SequenceVariant,p|SUB|Q|27|E,633,641,train
15523499,16,ADRB3,GeneOrGeneProduct,155,647,652,train
15523499,17,Arg64Trp,SequenceVariant,p|SUB|R|64|W,653,661,train
15523499,18,beta-AR,GeneOrGeneProduct,"153,154,155",788,795,train
15523499,19,beta-AR,GeneOrGeneProduct,"153,154,155",1479,1486,train
15523499,20,beta-AR,GeneOrGeneProduct,"153,154,155",1557,1564,train
15770495,0,patients,OrganismTaxon,9606,58,66,train
15770495,1,steroid 5alpha-reductase deficiency type 2,DiseaseOrPhenotypicFeature,C535830,72,114,train
15770495,2,steroid 5alpha-reductase type 2,GeneOrGeneProduct,6716,133,164,train
15770495,3,SRD5A2,GeneOrGeneProduct,6716,166,172,train
15770495,4,SRD5A2,GeneOrGeneProduct,6716,339,345,train
15770495,5,patients,OrganismTaxon,9606,473,481,train
15770495,6,steroid 5alpha-reductase type 2 deficiency,DiseaseOrPhenotypicFeature,C535830,497,539,train
15770495,7,SRD5A2,GeneOrGeneProduct,6716,594,600,train
15770495,8,patients,OrganismTaxon,9606,672,680,train
15770495,9,G183S,SequenceVariant,rs121434247,686,691,train
15770495,10,R246W,SequenceVariant,rs121434244,702,707,train
15770495,11,del642T,SequenceVariant,c|DEL|642|T,718,725,train
15770495,12,G196S,SequenceVariant,rs121434250,736,741,train
15770495,13,217_218insC,SequenceVariant,c|INS|217_218|C,756,767,train
15770495,14,A49T,SequenceVariant,rs9282858,777,781,train
15770495,15,Q126R,SequenceVariant,rs368386747,860,865,train
15770495,16,IVS3+1G>A,SequenceVariant,c|SUB|G|IVS3+1|A,866,875,train
15770495,17,Q126R,SequenceVariant,rs368386747,886,891,train
15770495,18,del418T,SequenceVariant,c|DEL|418|T,892,899,train
15770495,19,Q126R,SequenceVariant,rs368386747,923,928,train
15770495,20,G158R,SequenceVariant,p|SUB|G|158|R,929,934,train
15770495,21,patients,OrganismTaxon,9606,943,951,train
15770495,22,A207D,SequenceVariant,rs767564684,974,979,train
15770495,23,G196S,SequenceVariant,rs121434250,981,986,train
15770495,24,R266W,SequenceVariant,p|SUB|R|266|W,992,997,train
15770495,25,V89L,SequenceVariant,rs523349,1017,1021,train
15770495,26,A207D,SequenceVariant,rs767564684,1083,1088,train
15770495,27,A49T,SequenceVariant,rs9282858,1150,1154,train
15770495,28,patients,OrganismTaxon,9606,1262,1270,train
15770495,29,SRD5A2,GeneOrGeneProduct,6716,1296,1302,train
15770495,30,del642T,SequenceVariant,c|DEL|642|T,1349,1356,train
15770495,31,G158R,SequenceVariant,p|SUB|G|158|R,1361,1366,train
15770495,32,IVS3+1G>A,SequenceVariant,c|SUB|G|IVS3+1|A,1420,1429,train
15770495,33,217_218insC,SequenceVariant,c|INS|217_218|C,1465,1476,train
15770495,34,SRD5A2,GeneOrGeneProduct,6716,1593,1599,train
15770495,35,G183S,SequenceVariant,rs121434247,1687,1692,train
15770495,36,patients,OrganismTaxon,9606,1742,1750,train
15970799,0,SLCO1B1,GeneOrGeneProduct,10599,31,38,train
15970799,1,OATP-C,GeneOrGeneProduct,10599,40,46,train
15970799,2,SLCO1B1,GeneOrGeneProduct,10599,58,65,train
15970799,3,SLCO1B1,GeneOrGeneProduct,10599,69,76,train
15970799,4,SLCO1B1,GeneOrGeneProduct,10599,84,91,train
15970799,5,C1007G,SequenceVariant,rs72559747,95,101,train
15970799,6,HeLa,CellLine,CVCL_0030,144,148,train
15970799,7,HEK293,CellLine,CVCL_0045,153,159,train
15970799,8,SLCO1B1,GeneOrGeneProduct,10599,179,186,train
15970799,9,SLCO1B1,GeneOrGeneProduct,10599,193,200,train
15970799,10,pravastatin,ChemicalEntity,D017035,250,261,train
15970799,11,SLCO1B1,GeneOrGeneProduct,10599,338,345,train
15970799,12,OATP1B1,GeneOrGeneProduct,10599,367,374,train
15970799,13,SLCO1B1,GeneOrGeneProduct,10599,412,419,train
15970799,14,OATP1B1,GeneOrGeneProduct,10599,442,449,train
15970799,15,SLCO1B1,GeneOrGeneProduct,10599,560,567,train
15970799,16,C1007G,SequenceVariant,rs72559747,583,589,train
15970799,17,patient,OrganismTaxon,9606,620,627,train
15970799,18,pravastatin,ChemicalEntity,D017035,633,644,train
15970799,19,myopathy,DiseaseOrPhenotypicFeature,D009135,653,661,train
15970799,20,OATP1B1,GeneOrGeneProduct,10599,695,702,train
15970799,21,HEK293,CellLine,CVCL_0045,738,744,train
15970799,22,HeLa,CellLine,CVCL_0030,749,753,train
15970799,23,tritium,ChemicalEntity,D014316,891,898,train
15970799,24,estradiol-17beta-D-glucuronide,ChemicalEntity,C025483,907,937,train
15970799,25,estrone-3-sulfate,ChemicalEntity,C017296,942,959,train
15970799,26,pravastatin,ChemicalEntity,D017035,977,988,train
15970799,27,atorvastatin,ChemicalEntity,D000069059,990,1002,train
15970799,28,cerivastatin,ChemicalEntity,C086276,1004,1016,train
15970799,29,simvastatin,ChemicalEntity,D019821,1021,1032,train
15970799,30,SLCO1B1,GeneOrGeneProduct,10599,1144,1151,train
15970799,31,C1007G,SequenceVariant,rs72559747,1167,1173,train
15970799,32,SLCO1B1,GeneOrGeneProduct,10599,1211,1218,train
15970799,33,C1007G,SequenceVariant,rs72559747,1227,1233,train
15970799,34,C1007G,SequenceVariant,rs72559747,1242,1248,train
15970799,35,simvastatin,ChemicalEntity,D019821,1310,1321,train
15970799,36,pravastatin,ChemicalEntity,D017035,1343,1354,train
15970799,37,atorvastatin,ChemicalEntity,D000069059,1359,1371,train
15970799,38,SLCO1B1,GeneOrGeneProduct,10599,1471,1478,train
15970799,39,C1007G,SequenceVariant,rs72559747,1494,1500,train
15970799,40,SLCO1B1,GeneOrGeneProduct,10599,1539,1546,train
15970799,41,C1007G,SequenceVariant,rs72559747,1562,1568,train
15970799,42,521T>C,SequenceVariant,c|SUB|T|521|C,1702,1708,train
15970799,43,SLCO1B1,GeneOrGeneProduct,10599,1731,1738,train
15970799,44,C1007G,SequenceVariant,rs72559747,1754,1760,train
15970799,45,SLCO1B1,GeneOrGeneProduct,10599,1855,1862,train
15970799,46,C1007G,SequenceVariant,rs72559747,1878,1884,train
16737910,0,ETV6,GeneOrGeneProduct,2120,56,60,train
16737910,1,TEL,GeneOrGeneProduct,2120,62,65,train
16737910,2,ETV6,GeneOrGeneProduct,2120,76,80,train
16737910,3,Translocation-Ets-Leukemia,GeneOrGeneProduct,2120,85,111,train
16737910,4,TEL,GeneOrGeneProduct,2120,113,116,train
16737910,5,human,OrganismTaxon,9606,296,301,train
16737910,6,cancer,DiseaseOrPhenotypicFeature,D009369,302,308,train
16737910,7,ETV6,GeneOrGeneProduct,2120,310,314,train
16737910,8,ETV6,GeneOrGeneProduct,2120,478,482,train
16737910,9,ETV6,GeneOrGeneProduct,2120,629,633,train
16737910,10,ETV6,GeneOrGeneProduct,2120,635,639,train
16737910,11,ETV6,GeneOrGeneProduct,2120,836,840,train
16737910,12,beta-galactosidase,GeneOrGeneProduct,2720,899,917,train
16737910,13,ETV6,GeneOrGeneProduct,2120,1063,1067,train
16822828,0,patients,OrganismTaxon,9606,27,35,train
16822828,1,17alpha-hydroxylase deficiency,DiseaseOrPhenotypicFeature,C538237,41,71,train
16822828,2,CYP17,GeneOrGeneProduct,1586,180,185,train
16822828,3,17alpha-Hydroxylase deficiency,DiseaseOrPhenotypicFeature,C538237,206,236,train
16822828,4,congenital adrenal hyperplasia,DiseaseOrPhenotypicFeature,D000312,255,285,train
16822828,5,CYP17,GeneOrGeneProduct,1586,296,301,train
16822828,6,patients,OrganismTaxon,9606,342,350,train
16822828,7,17alpha-hydroxylase deficiency,DiseaseOrPhenotypicFeature,C538237,356,386,train
16822828,8,PATIENTS,OrganismTaxon,9606,403,411,train
16822828,9,patients,OrganismTaxon,9606,422,430,train
16822828,10,17alpha-hydroxylase deficiency,DiseaseOrPhenotypicFeature,C538237,511,541,train
16822828,11,CYP17,GeneOrGeneProduct,1586,660,665,train
16822828,12,patients,OrganismTaxon,9606,708,716,train
16822828,13,V311fs,SequenceVariant,p|FS|V|311||,730,736,train
16822828,14,Y329fs,SequenceVariant,p|FS|Y|329||,741,747,train
16822828,15,V311fs,SequenceVariant,p|FS|V|311||,788,794,train
16822828,16,8-bp nucleotide (TTAAATGG) deletion,SequenceVariant,c|DEL||TTAAATGG,801,836,train
16822828,17,Y329fs,SequenceVariant,p|FS|Y|329||,848,854,train
16822828,18,(TAC-->AA) at codon 329,SequenceVariant,c|SUB|TAC|CODON329|AA,897,920,train
16822828,19,Y329fs,SequenceVariant,p|FS|Y|329||,952,958,train
16822828,20,Y329fs,SequenceVariant,p|FS|Y|329||,993,999,train
16822828,21,V311fs,SequenceVariant,p|FS|V|311||,1004,1010,train
16822828,22,D487_S488_F489 deletion,SequenceVariant,p|DEL|487_489|DSF,1089,1112,train
16822828,23,17alpha-hydroxylase deficiency,DiseaseOrPhenotypicFeature,C538237,1223,1253,train
16822828,24,D487_S488_F489 deletion,SequenceVariant,p|DEL|487_489|DSF,1259,1282,train
16822828,25,CYP17,GeneOrGeneProduct,1586,1474,1479,train
16822828,26,Y329fs,SequenceVariant,p|FS|Y|329||,1538,1544,train
16822828,27,CYP17,GeneOrGeneProduct,1586,1672,1677,train
16822828,28,patients,OrganismTaxon,9606,1723,1731,train
16822828,29,Y329fs,SequenceVariant,p|FS|Y|329||,1779,1785,train
16822828,30,17alpha-hydroxylase deficiency,DiseaseOrPhenotypicFeature,C538237,1859,1889,train
17351238,0,drop in blood pressure,DiseaseOrPhenotypicFeature,D007022,11,33,train
17351238,1,GTN,ChemicalEntity,D005996,56,59,train
17351238,2,chest pain,DiseaseOrPhenotypicFeature,D002637,125,135,train
17351238,3,chest pain,DiseaseOrPhenotypicFeature,D002637,147,157,train
17351238,4,patient,OrganismTaxon,9606,192,199,train
17351238,5,patient,OrganismTaxon,9606,227,234,train
17351238,6,oxygen,ChemicalEntity,D010100,297,303,train
17351238,7,glyceryl trinitrate,ChemicalEntity,D005996,324,343,train
17351238,8,GTN,ChemicalEntity,D005996,345,348,train
17351238,9,GTN,ChemicalEntity,D005996,377,380,train
17351238,10,patient,OrganismTaxon,9606,385,392,train
17351238,11,drop in blood pressure,DiseaseOrPhenotypicFeature,D007022,414,436,train
17351238,12,atropine sulphate,ChemicalEntity,D001285,475,492,train
17351238,13,patient,OrganismTaxon,9606,558,565,train
17351238,14,patient,OrganismTaxon,9606,901,908,train
17351238,15,syncopal episode,DiseaseOrPhenotypicFeature,D013575,916,932,train
17351238,16,patient,OrganismTaxon,9606,1056,1063,train
18189233,0,RNASEL,GeneOrGeneProduct,6041,0,6,train
18189233,1,RNASEL,GeneOrGeneProduct,6041,11,17,train
18189233,2,prostate cancer,DiseaseOrPhenotypicFeature,D011471,42,57,train
18189233,3,prostate cancer,DiseaseOrPhenotypicFeature,D011471,154,169,train
18189233,4,prostate cancer,DiseaseOrPhenotypicFeature,D011471,193,208,train
18189233,5,ribonuclease L,GeneOrGeneProduct,6041,329,343,train
18189233,6,RNASEL,GeneOrGeneProduct,6041,345,351,train
18189233,7,prostate cancer,DiseaseOrPhenotypicFeature,D011471,428,443,train
18189233,8,RNASEL,GeneOrGeneProduct,6041,462,468,train
18189233,9,prostate cancer,DiseaseOrPhenotypicFeature,D011471,516,531,train
18189233,10,RNASEL,GeneOrGeneProduct,6041,647,653,train
18189233,11,prostate cancer,DiseaseOrPhenotypicFeature,D011471,660,675,train
18189233,12,R462Q,SequenceVariant,rs486907,720,725,train
18189233,13,D541E,SequenceVariant,rs627928,730,735,train
18189233,14,prostate cancer,DiseaseOrPhenotypicFeature,D011471,757,772,train
18189233,15,RNASEL,GeneOrGeneProduct,6041,831,837,train
18189233,16,ABCE1,GeneOrGeneProduct,6059,839,844,train
18189233,17,prostate cancer,DiseaseOrPhenotypicFeature,D011471,876,891,train
18189233,18,R462Q,SequenceVariant,rs486907,951,956,train
18189233,19,D541E,SequenceVariant,rs627928,961,966,train
18189233,20,prostate cancer,DiseaseOrPhenotypicFeature,D011471,985,1000,train
18189233,21,K294E,SequenceVariant,rs143544690,1053,1058,train
18189233,22,prostate cancer,DiseaseOrPhenotypicFeature,D011471,1116,1131,train
18189233,23,"20 bp insertion/deletion polymorphism 1,109 bp upstream of the initiation codon",SequenceVariant,c|INDEL|1109|20,1152,1231,train
18189233,24,prostate cancer,DiseaseOrPhenotypicFeature,D011471,1274,1289,train
18189233,25,ABCE1,GeneOrGeneProduct,6059,1347,1352,train
18189233,26,"A/G transition -1,071 bp",SequenceVariant,c|SUB|A|-1071|G,1418,1442,train
18189233,27,prostate cancer,DiseaseOrPhenotypicFeature,D011471,1536,1551,train
18189233,28,prostate cancer,DiseaseOrPhenotypicFeature,D011471,1624,1639,train
18189233,29,RNASEL,GeneOrGeneProduct,6041,1661,1667,train
18189233,30,prostate cancer,DiseaseOrPhenotypicFeature,D011471,1723,1738,train
18483878,0,inflammatory,DiseaseOrPhenotypicFeature,D007249,26,38,train
18483878,1,vasoactive intestinal polypeptide,GeneOrGeneProduct,22353,52,85,train
18483878,2,VIP,GeneOrGeneProduct,22353,96,99,train
18483878,3,mice,OrganismTaxon,10090,104,108,train
18483878,4,cyclophosphamide,ChemicalEntity,D003520,114,130,train
18483878,5,CYP,ChemicalEntity,D003520,132,135,train
18483878,6,cystitis,DiseaseOrPhenotypicFeature,D003556,145,153,train
18483878,7,Vasoactive intestinal polypeptide,GeneOrGeneProduct,22353,155,188,train
18483878,8,VIP,GeneOrGeneProduct,22353,190,193,train
18483878,9,VIP,GeneOrGeneProduct,22353,268,271,train
18483878,10,mice,OrganismTaxon,10090,277,281,train
18483878,11,cyclophosphamide,ChemicalEntity,D003520,374,390,train
18483878,12,CYP,ChemicalEntity,D003520,392,395,train
18483878,13,cystitis,DiseaseOrPhenotypicFeature,D003556,405,413,train
18483878,14,VIP,GeneOrGeneProduct,22353,421,424,train
18483878,15,inflammatory,DiseaseOrPhenotypicFeature,D007249,443,455,train
18483878,16,VIP,GeneOrGeneProduct,22353,487,490,train
18483878,17,mice,OrganismTaxon,10090,496,500,train
18483878,18,inflammatory,DiseaseOrPhenotypicFeature,D007249,524,536,train
18483878,19,cystitis,DiseaseOrPhenotypicFeature,D003556,563,571,train
18483878,20,mouse,OrganismTaxon,10090,575,580,train
18483878,21,inflammatory,DiseaseOrPhenotypicFeature,D007249,581,593,train
18483878,22,VIP,GeneOrGeneProduct,22353,724,727,train
18483878,23,mice,OrganismTaxon,10090,733,737,train
18483878,24,CYP,ChemicalEntity,D003520,754,757,train
18483878,25,cystitis,DiseaseOrPhenotypicFeature,D003556,766,774,train
18483878,26,CYP,ChemicalEntity,D003520,853,856,train
18483878,27,VIP,GeneOrGeneProduct,22353,875,878,train
18483878,28,CYP,ChemicalEntity,D003520,899,902,train
18483878,29,VIP,GeneOrGeneProduct,22353,939,942,train
18483878,30,CYP,ChemicalEntity,D003520,969,972,train
18483878,31,VIP,GeneOrGeneProduct,22353,997,1000,train
18483878,32,CYP,ChemicalEntity,D003520,1011,1014,train
18483878,33,IL-1beta,GeneOrGeneProduct,16176,1267,1275,train
18483878,34,CXCL1,GeneOrGeneProduct,14825,1280,1285,train
18483878,35,CYP,ChemicalEntity,D003520,1287,1290,train
18483878,36,CXCL1,GeneOrGeneProduct,14825,1356,1361,train
18483878,37,IL-1beta,GeneOrGeneProduct,16176,1366,1374,train
18483878,38,VIP,GeneOrGeneProduct,22353,1408,1411,train
18483878,39,mice,OrganismTaxon,10090,1417,1421,train
18483878,40,VIP,GeneOrGeneProduct,22353,1441,1444,train
18483878,41,mice,OrganismTaxon,10090,1450,1454,train
18483878,42,CYP,ChemicalEntity,D003520,1460,1463,train
18483878,43,VIP,GeneOrGeneProduct,22353,1637,1640,train
18483878,44,mice,OrganismTaxon,10090,1646,1650,train
18483878,45,bladder inflammation,DiseaseOrPhenotypicFeature,D003556,1656,1676,train
18483878,46,inflammatory,DiseaseOrPhenotypicFeature,D007249,1678,1690,train
18483878,47,CYP,ChemicalEntity,D003520,1746,1749,train
18483878,48,bladder dysfunction,DiseaseOrPhenotypicFeature,D001745,1801,1820,train
18483878,49,VIP,GeneOrGeneProduct,22353,1824,1827,train
18483878,50,mice,OrganismTaxon,10090,1833,1837,train
18483878,51,bladder inflammation,DiseaseOrPhenotypicFeature,D003556,1843,1863,train
18631865,0,mToR inhibitors,ChemicalEntity,-,0,15,train
18631865,1,proteinuria,DiseaseOrPhenotypicFeature,D011507,24,35,train
18631865,2,calcineurin inhibitors,ChemicalEntity,D065095,153,175,train
18631865,3,mammalian target of rapamycin (mToR) inhibitors,ChemicalEntity,-,179,226,train
18631865,4,sirolimus,ChemicalEntity,D020123,239,248,train
18631865,5,chronic allograft nephropathy,DiseaseOrPhenotypicFeature,D051436,286,315,train
18631865,6,proteinuria,DiseaseOrPhenotypicFeature,D011507,325,336,train
18631865,7,proteinuria,DiseaseOrPhenotypicFeature,D011507,473,484,train
18631865,8,sirolimus,ChemicalEntity,D020123,496,505,train
18631865,9,calcineurin inhibitors,ChemicalEntity,D065095,531,553,train
18631865,10,proteinuria,DiseaseOrPhenotypicFeature,D011507,600,611,train
18631865,11,sirolimus,ChemicalEntity,D020123,637,646,train
18631865,12,patients,OrganismTaxon,9606,687,695,train
18631865,13,sirolimus,ChemicalEntity,D020123,709,718,train
18631865,14,glomerulosclerosis,DiseaseOrPhenotypicFeature,D005921,764,782,train
18631865,15,mToR,GeneOrGeneProduct,2475,804,808,train
18631865,16,patients,OrganismTaxon,9606,828,836,train
18631865,17,mToR,GeneOrGeneProduct,2475,965,969,train
18631865,18,proteinuria,DiseaseOrPhenotypicFeature,D011507,987,998,train
18791947,0,Bernard-Soulier Syndrome,DiseaseOrPhenotypicFeature,D001606,10,34,train
18791947,1,deletion (TGAG),SequenceVariant,c|DEL||TGAG,66,81,train
18791947,2,GPIbalpha,GeneOrGeneProduct,2811,85,94,train
18791947,3,GPIbalpha,GeneOrGeneProduct,2811,109,118,train
18791947,4,bleeding,DiseaseOrPhenotypicFeature,D006470,134,142,train
18791947,5,patients,OrganismTaxon,9606,229,237,train
18791947,6,Bernard-Soulier Syndrome,DiseaseOrPhenotypicFeature,D001606,243,267,train
18791947,7,BSS,DiseaseOrPhenotypicFeature,D001606,269,272,train
18791947,8,GPIbalpha,GeneOrGeneProduct,2811,336,345,train
18791947,9,bleeding,DiseaseOrPhenotypicFeature,D006470,424,432,train
18791947,10,BSS,DiseaseOrPhenotypicFeature,D001606,505,508,train
18791947,11,patient,OrganismTaxon,9606,509,516,train
18791947,12,deletion (TGAG),SequenceVariant,c|DEL||TGAG,557,572,train
18791947,13,gpIbalpha,GeneOrGeneProduct,2811,580,589,train
18791947,14,ristocetin,ChemicalEntity,D012310,760,770,train
18791947,15,thrombocytopenia,DiseaseOrPhenotypicFeature,D013921,873,889,train
18791947,16,GPIbalpha,GeneOrGeneProduct,2811,1033,1042,train
18791947,17,patient,OrganismTaxon,9606,1114,1121,train
18791947,18,deletion (TGAG),SequenceVariant,c|DEL||TGAG,1213,1228,train
18791947,19,GPIbalpha,GeneOrGeneProduct,2811,1460,1469,train
18791947,20,TGAG deletion,SequenceVariant,c|DEL||TGAG,1470,1483,train
18791947,21,bleeding tendency,DiseaseOrPhenotypicFeature,D006470,1648,1665,train
19370764,0,UDP-N-acetylglucosamine-1-phosphotransferase gamma subunit,GeneOrGeneProduct,84572,76,134,train
19370764,1,GNPTG,GeneOrGeneProduct,84572,136,141,train
19370764,2,patients,OrganismTaxon,9606,151,159,train
19370764,3,mucolipidosis III gamma,DiseaseOrPhenotypicFeature,C565367,165,188,train
19370764,4,Mucolipidosis type III,DiseaseOrPhenotypicFeature,D009081,190,212,train
19370764,5,MLIII,DiseaseOrPhenotypicFeature,D009081,214,219,train
19370764,6,autosomal recessive disorder,DiseaseOrPhenotypicFeature,D030342,227,255,train
19370764,7,patients,OrganismTaxon,9606,316,324,train
19370764,8,MLIII,DiseaseOrPhenotypicFeature,D009081,398,403,train
19370764,9,GNPTG,GeneOrGeneProduct,84572,415,420,train
19370764,10,p.T286M,SequenceVariant,rs193302860,478,485,train
19370764,11,p.W111X,SequenceVariant,rs137852884,501,508,train
19370764,12,AG-dinucleotide,SequenceVariant,rs193302855,553,568,train
19370764,13,c.610-2A>G,SequenceVariant,rs193302855,607,617,train
19370764,14,c.611delG,SequenceVariant,rs193302856,677,686,train
19370764,15,c.640_667del28,SequenceVariant,rs193302859,691,705,train
19370764,16,c.609+28_610-16del,SequenceVariant,c|DEL|609+28_610-16|,758,776,train
19370764,17,c.610-2A>G,SequenceVariant,rs193302855,839,849,train
19370764,18,p.G204_K247del,SequenceVariant,p|DEL|204_247|,1005,1019,train
19370764,19,p.G204VfsX28,SequenceVariant,p|FS|G|204|V|28,1058,1070,train
19370764,20,patient,OrganismTaxon,9606,1105,1112,train
19370764,21,c.609+28_610-16del,SequenceVariant,c|DEL|609+28_610-16|,1151,1169,train
19370764,22,GNPTG,GeneOrGeneProduct,84572,1193,1198,train
19370764,23,c.609+28_610-16del,SequenceVariant,c|DEL|609+28_610-16|,1237,1255,train
19370764,24,patient,OrganismTaxon,9606,1335,1342,train
19370764,25,anisomycin,ChemicalEntity,D000841,1407,1417,train
19370764,26,33-bp genomic deletion,SequenceVariant,g|DEL||33,1512,1534,train
19370764,27,GNPTG,GeneOrGeneProduct,84572,1584,1589,train
19370764,28,p.G204VfsX17,SequenceVariant,p|FS|G|204|V|17,1656,1668,train
19370764,29,GNPTG,GeneOrGeneProduct,84572,1721,1726,train
19370764,30,GNPTG,GeneOrGeneProduct,84572,2083,2088,train
20331935,0,risperidone,ChemicalEntity,D018967,46,57,train
20331935,1,selective serotonin reuptake inhibitors,ChemicalEntity,D017367,62,101,train
20331935,2,risperidone,ChemicalEntity,D018967,208,219,train
20331935,3,hyperprolactinemia,DiseaseOrPhenotypicFeature,D006966,228,246,train
20331935,4,risperidone,ChemicalEntity,D018967,420,431,train
20331935,5,outpatient,OrganismTaxon,9606,503,513,train
20331935,6,Hyperprolactinemia,DiseaseOrPhenotypicFeature,D006966,957,975,train
20331935,7,risperidone,ChemicalEntity,D018967,1028,1039,train
20331935,8,testosterone,ChemicalEntity,D013739,1071,1083,train
20331935,9,hyperprolactinemia,DiseaseOrPhenotypicFeature,D006966,1153,1171,train
20331935,10,prolactin,GeneOrGeneProduct,5617,1334,1343,train
20331935,11,selective serotonin reuptake inhibitors,ChemicalEntity,D017367,1504,1543,train
20331935,12,SSRIs,ChemicalEntity,D017367,1545,1550,train
20331935,13,patients,OrganismTaxon,9606,1755,1763,train
20331935,14,fractures,DiseaseOrPhenotypicFeature,D050723,1782,1791,train
20331935,15,risperidone,ChemicalEntity,D018967,1810,1821,train
20331935,16,SSRIs,ChemicalEntity,D017367,1826,1831,train
20331935,17,patients,OrganismTaxon,9606,1867,1875,train
20331935,18,hyperprolactinemia,DiseaseOrPhenotypicFeature,D006966,1881,1899,train
20331935,19,risperidone,ChemicalEntity,D018967,1946,1957,train
20331935,20,hyperprolactinemia,DiseaseOrPhenotypicFeature,D006966,1966,1984,train
20331935,21,SSRI,ChemicalEntity,D017367,1989,1993,train
20331935,22,fracture,DiseaseOrPhenotypicFeature,D050723,2181,2189,train
21059483,0,GALT,GeneOrGeneProduct,2592,4,8,train
21059483,1,GALT,GeneOrGeneProduct,2592,77,81,train
21059483,2,Classic galactosemia,DiseaseOrPhenotypicFeature,D005693,116,136,train
21059483,3,autosomal recessive disorder of galactose metabolism,DiseaseOrPhenotypicFeature,D005693,143,195,train
21059483,4,lactose,ChemicalEntity,D007785,312,319,train
21059483,5,patients,OrganismTaxon,9606,326,334,train
21059483,6,neurological deficits,DiseaseOrPhenotypicFeature,D009461,381,402,train
21059483,7,ovarian failure,DiseaseOrPhenotypicFeature,D016649,407,422,train
21059483,8,GALT,GeneOrGeneProduct,2592,479,483,train
21059483,9,galactosemia,DiseaseOrPhenotypicFeature,D005693,502,514,train
21059483,10,5.5 kb deletion,SequenceVariant,c|DEL||5.5K,574,589,train
21059483,11,GALT,GeneOrGeneProduct,2592,1132,1136,train
21059483,12,galactosemia,DiseaseOrPhenotypicFeature,D005693,1425,1437,train
21059483,13,patient,OrganismTaxon,9606,1446,1453,train
24055495,0,galactose,ChemicalEntity,D005690,15,24,train
24055495,1,cognitive deficits,DiseaseOrPhenotypicFeature,D003072,44,62,train
24055495,2,rats,OrganismTaxon,10116,78,82,train
24055495,3,streptozotocin,ChemicalEntity,D013311,122,136,train
24055495,4,dementia,DiseaseOrPhenotypicFeature,D003704,188,196,train
24055495,5,Alzheimer's disease,DiseaseOrPhenotypicFeature,D000544,209,228,train
24055495,6,sAD,DiseaseOrPhenotypicFeature,D000544,230,233,train
24055495,7,insulin-receptor,GeneOrGeneProduct,24954,278,294,train
24055495,8,IR,GeneOrGeneProduct,24954,296,298,train
24055495,9,glucose,ChemicalEntity,D005947,329,336,train
24055495,10,glucose,ChemicalEntity,D005947,351,358,train
24055495,11,GLUT4,GeneOrGeneProduct,25139,371,376,train
24055495,12,glucose,ChemicalEntity,D005947,391,398,train
24055495,13,d-galactose,ChemicalEntity,D005690,461,472,train
24055495,14,d-glucose,ChemicalEntity,D005947,492,501,train
24055495,15,insulin,GeneOrGeneProduct,24505,542,549,train
24055495,16,GLUT3,GeneOrGeneProduct,25551,562,567,train
24055495,17,glucose,ChemicalEntity,D005947,613,620,train
24055495,18,galactose,ChemicalEntity,D005690,688,697,train
24055495,19,memory deterioration,DiseaseOrPhenotypicFeature,D008569,705,725,train
24055495,20,galactose,ChemicalEntity,D005690,806,815,train
24055495,21,galactose,ChemicalEntity,D005690,931,940,train
24055495,22,cognitive deficits,DiseaseOrPhenotypicFeature,D003072,970,988,train
24055495,23,streptozotocin,ChemicalEntity,D013311,992,1006,train
24055495,24,STZ,ChemicalEntity,D013311,1016,1019,train
24055495,25,rat,OrganismTaxon,10116,1025,1028,train
24055495,26,sAD,DiseaseOrPhenotypicFeature,D000544,1038,1041,train
24055495,27,galactose,ChemicalEntity,D005690,1131,1140,train
24055495,28,STZ,ChemicalEntity,D013311,1183,1186,train
24055495,29,STZ,ChemicalEntity,D013311,1249,1252,train
24055495,30,cognitive deficits,DiseaseOrPhenotypicFeature,D003072,1265,1283,train
24055495,31,galactose,ChemicalEntity,D005690,1311,1320,train
24055495,32,rat,OrganismTaxon,10116,1344,1347,train
24055495,33,galactose,ChemicalEntity,D005690,1363,1372,train
24055495,34,galactose,ChemicalEntity,D005690,1432,1441,train
24055495,35,galactose,ChemicalEntity,D005690,1482,1491,train
24055495,36,galactose,ChemicalEntity,D005690,1522,1531,train
24055495,37,galactose,ChemicalEntity,D005690,1657,1666,train
24055495,38,galactose,ChemicalEntity,D005690,1678,1687,train
24055495,39,cognitive deficits,DiseaseOrPhenotypicFeature,D003072,1810,1828,train
24055495,40,glucose hypometabolism,DiseaseOrPhenotypicFeature,D018149,1845,1867,train
24055495,41,AD,DiseaseOrPhenotypicFeature,D000544,1871,1873,train
27084744,0,NOTCH1,GeneOrGeneProduct,4851,0,6,train
27084744,1,SOX10,GeneOrGeneProduct,6663,11,16,train
27084744,2,Cancer,DiseaseOrPhenotypicFeature,D009369,77,83,train
27084744,3,Adenoid Cystic Carcinoma,DiseaseOrPhenotypicFeature,D003528,103,127,train
27084744,4,cancer,DiseaseOrPhenotypicFeature,D009369,164,170,train
27084744,5,adenoid cystic carcinoma,DiseaseOrPhenotypicFeature,D003528,191,215,train
27084744,6,ACC,DiseaseOrPhenotypicFeature,D003528,217,220,train
27084744,7,ACC,DiseaseOrPhenotypicFeature,D003528,390,393,train
27084744,8,ACC,DiseaseOrPhenotypicFeature,D003528,511,514,train
27084744,9,ROCK,GeneOrGeneProduct,6093,546,550,train
27084744,10,ACC,DiseaseOrPhenotypicFeature,D003528,707,710,train
27084744,11,CD133,GeneOrGeneProduct,8842,711,716,train
27084744,12,NOTCH1,GeneOrGeneProduct,4851,745,751,train
27084744,13,SOX10,GeneOrGeneProduct,6663,756,761,train
27084744,14,tumors,DiseaseOrPhenotypicFeature,D009369,795,801,train
27084744,15,mice,OrganismTaxon,10090,810,814,train
27084744,16,CD133,GeneOrGeneProduct,8842,816,821,train
27084744,17,ACC,DiseaseOrPhenotypicFeature,D003528,824,827,train
27084744,18,NOTCH1,GeneOrGeneProduct,4851,853,859,train
27084744,19,N1ICD,GeneOrGeneProduct,4851,861,866,train
27084744,20,CD133,GeneOrGeneProduct,8842,882,887,train
27084744,21,JAG1,GeneOrGeneProduct,182,911,915,train
27084744,22,NR2F1,GeneOrGeneProduct,7025,958,963,train
27084744,23,NR2F2,GeneOrGeneProduct,7026,965,970,train
27084744,24,p27Kip1,GeneOrGeneProduct,1027,976,983,train
27084744,25,NOTCH1,GeneOrGeneProduct,4851,999,1005,train
27084744,26,SOX10,GeneOrGeneProduct,6663,1007,1012,train
27084744,27,FABP7,GeneOrGeneProduct,2173,1040,1045,train
27084744,28,FABP7,GeneOrGeneProduct,2173,1209,1214,train
27084744,29,NOTCH1,GeneOrGeneProduct,4851,1366,1372,train
27084744,30,FABP7,GeneOrGeneProduct,2173,1373,1378,train
27084744,31,SKP2,GeneOrGeneProduct,6502,1402,1406,train
27084744,32,p27Kip1,GeneOrGeneProduct,1027,1425,1432,train
27084744,33,g-secretase,GeneOrGeneProduct,55851,1436,1447,train
27084744,34,DAPT,ChemicalEntity,C419410,1459,1463,train
27084744,35,CD133,GeneOrGeneProduct,8842,1486,1491,train
27084744,36,N1ICD,GeneOrGeneProduct,4851,1512,1517,train
27084744,37,SKP2,GeneOrGeneProduct,6502,1522,1526,train
27084744,38,p27Kip1,GeneOrGeneProduct,1027,1536,1543,train
27084744,39,ACC,DiseaseOrPhenotypicFeature,D003528,1555,1558,train
27084744,40,CD133,GeneOrGeneProduct,8842,1589,1594,train
27084744,41,ACC,DiseaseOrPhenotypicFeature,D003528,1673,1676,train
27084744,42,CD133,GeneOrGeneProduct,8842,1736,1741,train
27084744,43,SOX10,GeneOrGeneProduct,6663,1799,1804,train
27084744,44,NOTCH1,GeneOrGeneProduct,4851,1806,1812,train
27084744,45,FABP7,GeneOrGeneProduct,2173,1818,1823,train
27084744,46,Notch,GeneOrGeneProduct,4851,1855,1860,train
27084744,47,SKP2,GeneOrGeneProduct,6502,1896,1900,train
27084744,48,ACC,DiseaseOrPhenotypicFeature,D003528,1938,1941,train
18235024,0,Cone dystrophy with supernormal rod response,DiseaseOrPhenotypicFeature,C563678,0,44,train
18235024,1,KCNV2,GeneOrGeneProduct,169522,86,91,train
18235024,2,Cone dystrophy with supernormal rod response,DiseaseOrPhenotypicFeature,C563678,102,146,train
18235024,3,CDSRR,DiseaseOrPhenotypicFeature,C563678,148,153,train
18235024,4,retinal disorder,DiseaseOrPhenotypicFeature,D012164,160,176,train
18235024,5,color vision defects,DiseaseOrPhenotypicFeature,D003117,217,237,train
18235024,6,PDE6H,GeneOrGeneProduct,5149,374,379,train
18235024,7,KCNV2,GeneOrGeneProduct,169522,387,392,train
18235024,8,CDSRR,DiseaseOrPhenotypicFeature,C563678,416,421,train
18235024,9,patients,OrganismTaxon,9606,490,498,train
18235024,10,CDSRR,DiseaseOrPhenotypicFeature,C563678,504,509,train
18235024,11,patients,OrganismTaxon,9606,558,566,train
18235024,12,PDE6C,GeneOrGeneProduct,5146,826,831,train
18235024,13,KCNV2,GeneOrGeneProduct,169522,836,841,train
18235024,14,PDE6H,GeneOrGeneProduct,5149,995,1000,train
18235024,15,KCNV2,GeneOrGeneProduct,169522,1020,1025,train
18235024,16,patients,OrganismTaxon,9606,1049,1057,train
18235024,17,CDSRR,DiseaseOrPhenotypicFeature,C563678,1351,1356,train
18235024,18,color vision defects,DiseaseOrPhenotypicFeature,D003117,1432,1452,train
18235024,19,atrophy,DiseaseOrPhenotypicFeature,D001284,1526,1533,train
18235024,20,patients,OrganismTaxon,9606,1555,1563,train
18235024,21,patients,OrganismTaxon,9606,1628,1636,train
18235024,22,cone dystrophy with supernormal rod response,DiseaseOrPhenotypicFeature,C563678,1688,1732,train
18235024,23,KCNV2,GeneOrGeneProduct,169522,1769,1774,train
19779499,0,CACNA1S,GeneOrGeneProduct,779,6,13,train
19779499,1,hypokalemic periodic paralysis,DiseaseOrPhenotypicFeature,D020514,49,79,train
19779499,2,Hypokalaemic periodic paralysis,DiseaseOrPhenotypicFeature,D020514,108,139,train
19779499,3,HypoPP,DiseaseOrPhenotypicFeature,D020514,141,147,train
19779499,4,autosomal dominant disorder,DiseaseOrPhenotypicFeature,D030342,155,182,train
19779499,5,muscle weakness,DiseaseOrPhenotypicFeature,D018908,230,245,train
19779499,6,potassium,ChemicalEntity,D011188,286,295,train
19779499,7,HypoPP,DiseaseOrPhenotypicFeature,D020514,336,342,train
19779499,8,CACNA1S,GeneOrGeneProduct,779,366,373,train
19779499,9,skeletal muscle calcium channel alpha-subunit,GeneOrGeneProduct,779,393,438,train
19779499,10,CACNA1S,GeneOrGeneProduct,779,538,545,train
19779499,11,HypoPP,DiseaseOrPhenotypicFeature,D020514,570,576,train
19779499,12,patients,OrganismTaxon,9606,577,585,train
19779499,13,CACNA1S,GeneOrGeneProduct,779,668,675,train
19779499,14,HypoPP,DiseaseOrPhenotypicFeature,D020514,809,815,train
19779499,15,V876E,SequenceVariant,rs267606698,853,858,train
19779499,16,HypoPP,DiseaseOrPhenotypicFeature,D020514,875,881,train
19779499,17,patients,OrganismTaxon,9606,882,890,train
19779499,18,V876E,SequenceVariant,rs267606698,1004,1009,train
19779499,19,death,DiseaseOrPhenotypicFeature,D003643,1146,1151,train
19779499,20,CACNA1S,GeneOrGeneProduct,779,1194,1201,train
19779499,21,CACNA1S,GeneOrGeneProduct,779,1229,1236,train
19779499,22,HypoPP,DiseaseOrPhenotypicFeature,D020514,1263,1269,train
19811499,0,tumor necrosis factor-alpha,GeneOrGeneProduct,"21926,7124",37,64,train
19811499,1,nuclear factor-kappaB,GeneOrGeneProduct,"18033,4790",66,87,train
19811499,2,bone morphogenetic protein-2,GeneOrGeneProduct,"12156,650",93,121,train
19811499,3,metastasis,DiseaseOrPhenotypicFeature,D009362,139,149,train
19811499,4,prostate cancer,DiseaseOrPhenotypicFeature,D011471,170,185,train
19811499,5,MC3T3-E1,CellLine,CVCL_0409,234,242,train
19811499,6,prostate cancer (PC) metastasis,DiseaseOrPhenotypicFeature,"D009362,D011471",303,334,train
19811499,7,phosphoinositide 3-kinase (PI3K)/protein kinase B,GeneOrGeneProduct,207,404,453,train
19811499,8,Akt,GeneOrGeneProduct,207,455,458,train
19811499,9,bone morphogenetic protein (BMP)-2,GeneOrGeneProduct,650,514,548,train
19811499,10,nuclear factor (NF)-kappaB,GeneOrGeneProduct,4790,562,588,train
19811499,11,prostate cancer,DiseaseOrPhenotypicFeature,D011471,608,623,train
19811499,12,NF-kappaB,GeneOrGeneProduct,4790,673,682,train
19811499,13,human,OrganismTaxon,9606,717,722,train
19811499,14,tumor necrosis factor (TNF)-alpha,GeneOrGeneProduct,7124,723,756,train
19811499,15,p65,GeneOrGeneProduct,5970,789,792,train
19811499,16,PC-3,CellLine,CVCL_0035,875,879,train
19811499,17,C4-2B,CellLine,CVCL_4784,884,889,train
19811499,18,LNCaP,CellLine,CVCL_0395,899,904,train
19811499,19,osteopontin,GeneOrGeneProduct,6696,999,1010,train
19811499,20,osteocalcin,GeneOrGeneProduct,632,1012,1023,train
19811499,21,collagen IA1,GeneOrGeneProduct,1277,1029,1041,train
19811499,22,PC,DiseaseOrPhenotypicFeature,D011471,1057,1059,train
19811499,23,PC,DiseaseOrPhenotypicFeature,D011471,1108,1110,train
19811499,24,BMP-4,GeneOrGeneProduct,652,1125,1130,train
19811499,25,BMP-2,GeneOrGeneProduct,650,1132,1137,train
19811499,26,C4-2B,CellLine,CVCL_4784,1182,1187,train
19811499,27,LNCaP,CellLine,CVCL_0395,1206,1211,train
19811499,28,Noggin,GeneOrGeneProduct,9241,1254,1260,train
19811499,29,BMP-2,GeneOrGeneProduct,650,1275,1280,train
19811499,30,TNF-alpha,GeneOrGeneProduct,7124,1290,1299,train
19811499,31,C4-2B,CellLine,CVCL_4784,1320,1325,train
19811499,32,NF-kappaB,GeneOrGeneProduct,4790,1337,1346,train
19811499,33,TNF-alpha,GeneOrGeneProduct,7124,1366,1375,train
19811499,34,TNF-alpha,GeneOrGeneProduct,7124,1405,1414,train
19811499,35,C4-2B,CellLine,CVCL_4784,1426,1431,train
19811499,36,BMP-2,GeneOrGeneProduct,12156,1450,1455,train
19811499,37,BMP,GeneOrGeneProduct,12156,1460,1463,train
19811499,38,Smad,GeneOrGeneProduct,17127,1474,1478,train
19811499,39,receptor activator of NF-kappaB ligand,GeneOrGeneProduct,21943,1505,1543,train
19811499,40,RAW 264.7,CellLine,CVCL_0493,1559,1568,train
19811499,41,TNF-alpha,GeneOrGeneProduct,7124,1738,1747,train
19811499,42,BMP2,GeneOrGeneProduct,650,1761,1765,train
19811499,43,C4-2B,CellLine,CVCL_4784,1777,1782,train
19811499,44,MC3T3-E1,CellLine,CVCL_0409,1824,1832,train
19811499,45,BMP-2,GeneOrGeneProduct,12156,1855,1860,train
19811499,46,NF-kappaB,GeneOrGeneProduct,4790,1875,1884,train
19811499,47,PC,DiseaseOrPhenotypicFeature,D011471,2082,2084,train
20801104,0,DRD4,GeneOrGeneProduct,1815,61,65,train
20801104,1,schizophrenia,DiseaseOrPhenotypicFeature,D012559,71,84,train
20801104,2,depression,DiseaseOrPhenotypicFeature,D003866,86,96,train
20801104,3,heroin addiction,DiseaseOrPhenotypicFeature,D006556,102,118,train
20801104,4,dopamine D4 receptor,GeneOrGeneProduct,1815,238,258,train
20801104,5,DRD4,GeneOrGeneProduct,1815,260,264,train
20801104,6,schizophrenia,DiseaseOrPhenotypicFeature,D012559,275,288,train
20801104,7,depression,DiseaseOrPhenotypicFeature,D003866,290,300,train
20801104,8,heroin addiction,DiseaseOrPhenotypicFeature,D006556,306,322,train
20801104,9,patients,OrganismTaxon,9606,399,407,train
20801104,10,schizophrenia,DiseaseOrPhenotypicFeature,D012559,413,426,train
20801104,11,patients,OrganismTaxon,9606,432,440,train
20801104,12,depression,DiseaseOrPhenotypicFeature,D003866,446,456,train
20801104,13,patients,OrganismTaxon,9606,462,470,train
20801104,14,heroin addiction,DiseaseOrPhenotypicFeature,D006556,476,492,train
20801104,15,DRD4,GeneOrGeneProduct,1815,573,577,train
20801104,16,-120 bp duplication,SequenceVariant,c|DUP|-120||,579,598,train
20801104,17,-616C/G,SequenceVariant,rs747302,600,607,train
20801104,18,-521C/T,SequenceVariant,rs1800955,613,620,train
20801104,19,-120 bp duplication,SequenceVariant,c|DUP|-120||,824,843,train
20801104,20,schizophrenia,DiseaseOrPhenotypicFeature,D012559,868,881,train
20801104,21,-1240 L/S,SequenceVariant,p|SUB|L|-1240|S,914,923,train
20801104,22,paranoid schizophrenia,DiseaseOrPhenotypicFeature,D012563,932,954,train
20801104,23,-521 C/T,SequenceVariant,rs1800955,1014,1022,train
20801104,24,heroin dependence,DiseaseOrPhenotypicFeature,D006556,1047,1064,train
20801104,25,-120-bp duplication,SequenceVariant,c|DUP|-120||,1122,1141,train
20801104,26,DRD4,GeneOrGeneProduct,1815,1158,1162,train
20801104,27,schizophrenia,DiseaseOrPhenotypicFeature,D012559,1182,1195,train
20801104,28,-521 C/T,SequenceVariant,rs1800955,1209,1217,train
20801104,29,heroin addiction,DiseaseOrPhenotypicFeature,D006556,1250,1266,train
21080147,0,CRELD1,GeneOrGeneProduct,78987,6,12,train
21080147,1,patients,OrganismTaxon,9606,31,39,train
21080147,2,atrioventricular septal defect,DiseaseOrPhenotypicFeature,C562831,45,75,train
21080147,3,Atrioventricular septal defects,DiseaseOrPhenotypicFeature,C562831,89,120,train
21080147,4,AVSDs,DiseaseOrPhenotypicFeature,C562831,122,127,train
21080147,5,autosomal dominant defects,DiseaseOrPhenotypicFeature,D030342,190,216,train
21080147,6,malformations,DiseaseOrPhenotypicFeature,D000013,248,261,train
21080147,7,AVSD,DiseaseOrPhenotypicFeature,C562831,394,398,train
21080147,8,CRELD1,GeneOrGeneProduct,78987,400,406,train
21080147,9,AVSD,DiseaseOrPhenotypicFeature,C562831,469,473,train
21080147,10,patients,OrganismTaxon,9606,508,516,train
21080147,11,AVSD,DiseaseOrPhenotypicFeature,C562831,522,526,train
21080147,12,CRELD1,GeneOrGeneProduct,78987,644,650,train
21080147,13,patients,OrganismTaxon,9606,779,787,train
21080147,14,patient,OrganismTaxon,9606,816,823,train
21080147,15,C-to-G transition was identified at nucleotide 857,SequenceVariant,c|SUB|C|857|G,827,877,train
21080147,16,alanine for proline at amino acid 286,SequenceVariant,p|SUB|A|286|P,923,960,train
21080147,17,calcium,ChemicalEntity,D002118,974,981,train
21080147,18,EGF,GeneOrGeneProduct,1950,990,993,train
21080147,19,patient,OrganismTaxon,9606,1007,1014,train
21080147,20,AVSD,DiseaseOrPhenotypicFeature,C562831,1039,1043,train
21080147,21,patient,OrganismTaxon,9606,1127,1134,train
21080147,22,AVSD,DiseaseOrPhenotypicFeature,C562831,1150,1154,train
21080147,23,Down syndrome,DiseaseOrPhenotypicFeature,D004314,1171,1184,train
21080147,24,c.973G>A,SequenceVariant,rs755981922,1203,1211,train
21080147,25,lysine for glutamic acid at amino acid 325,SequenceVariant,rs755981922,1263,1305,train
21080147,26,E325K,SequenceVariant,rs755981922,1307,1312,train
21080147,27,calcium,ChemicalEntity,D002118,1328,1335,train
21080147,28,EGF,GeneOrGeneProduct,1950,1344,1347,train
21080147,29,CRELD1,GeneOrGeneProduct,78987,1379,1385,train
21080147,30,calcium,ChemicalEntity,D002118,1419,1426,train
21080147,31,EGF,GeneOrGeneProduct,1950,1435,1438,train
21080147,32,patients,OrganismTaxon,9606,1449,1457,train
21080147,33,AVSD,DiseaseOrPhenotypicFeature,C562831,1463,1467,train
21080147,34,CRELD1,GeneOrGeneProduct,78987,1469,1475,train
21080147,35,AVSD,DiseaseOrPhenotypicFeature,C562831,1495,1499,train
21080147,36,CRELD1,GeneOrGeneProduct,78987,1524,1530,train
21080147,37,heart defect,DiseaseOrPhenotypicFeature,D006331,1579,1591,train
21135151,0,CCR5,GeneOrGeneProduct,1234,10,14,train
21135151,1,delta32,SequenceVariant,c|DEL||32,14,21,train
21135151,2,HIV-1,OrganismTaxon,11676,73,78,train
21135151,3,C-C chemokine receptor type 5,GeneOrGeneProduct,1234,206,235,train
21135151,4,CCR5,GeneOrGeneProduct,1234,237,241,train
21135151,5,HIV-1,OrganismTaxon,11676,303,308,train
21135151,6,CCR5,GeneOrGeneProduct,1234,933,937,train
21135151,7,gp120,GeneOrGeneProduct,3700,1028,1033,train
21135151,8,HIV-1,OrganismTaxon,11676,1065,1070,train
21135151,9,infection,DiseaseOrPhenotypicFeature,D007239,1130,1139,train
21135151,10,HIV-1-infected,DiseaseOrPhenotypicFeature,D015658,1160,1174,train
21135151,11,CCR5,GeneOrGeneProduct,1234,1205,1209,train
21135151,12,HIV-1,OrganismTaxon,11676,1216,1221,train
21135151,13,CCR5,GeneOrGeneProduct,1234,1276,1280,train
21135151,14,DD32,SequenceVariant,c|DEL||32,1284,1288,train
21135151,15,infection,DiseaseOrPhenotypicFeature,D007239,1352,1361,train
21135151,16,patient,OrganismTaxon,9606,1489,1496,train
21135151,17,patient,OrganismTaxon,9606,1839,1846,train
21135151,18,CCR5,GeneOrGeneProduct,1234,1975,1979,train
21135151,19,patient,OrganismTaxon,9606,2063,2070,train
21135151,20,AIDS,DiseaseOrPhenotypicFeature,D000163,2096,2100,train
22836123,0,scleroderma renal crisis,DiseaseOrPhenotypicFeature,D007674,11,35,train
22836123,1,tacrolimus,ChemicalEntity,D016559,47,57,train
22836123,2,prednisolone,ChemicalEntity,D011239,62,74,train
22836123,3,Scleroderma renal crisis,DiseaseOrPhenotypicFeature,D007674,91,115,train
22836123,4,SRC,DiseaseOrPhenotypicFeature,D007674,117,120,train
22836123,5,systemic sclerosis,DiseaseOrPhenotypicFeature,D012595,148,166,train
22836123,6,SSc,DiseaseOrPhenotypicFeature,D012595,168,171,train
22836123,7,corticosteroid,ChemicalEntity,D000305,281,295,train
22836123,8,SRC,DiseaseOrPhenotypicFeature,D007674,341,344,train
22836123,9,thrombotic microangiopathy,DiseaseOrPhenotypicFeature,D057049,386,412,train
22836123,10,cyclosporine,ChemicalEntity,D016572,429,441,train
22836123,11,patients,OrganismTaxon,9606,445,453,train
22836123,12,SSc,DiseaseOrPhenotypicFeature,D012595,459,462,train
22836123,13,patient,OrganismTaxon,9606,493,500,train
22836123,14,SRC,DiseaseOrPhenotypicFeature,D007674,506,509,train
22836123,15,tacrolimus,ChemicalEntity,D016559,521,531,train
22836123,16,corticosteroids,ChemicalEntity,D000305,536,551,train
22836123,17,tacrolimus,ChemicalEntity,D016559,610,620,train
22836123,18,patients,OrganismTaxon,9606,628,636,train
22836123,19,SSc,DiseaseOrPhenotypicFeature,D012595,642,645,train
25946186,0,TIPE2,GeneOrGeneProduct,79626,0,5,train
25946186,1,Lung Cancer,DiseaseOrPhenotypicFeature,D008175,15,26,train
25946186,2,TIPE2,GeneOrGeneProduct,79626,149,154,train
25946186,3,cancer,DiseaseOrPhenotypicFeature,D009369,171,177,train
25946186,4,TIPE2,GeneOrGeneProduct,79626,222,227,train
25946186,5,lung cancer,DiseaseOrPhenotypicFeature,D008175,231,242,train
25946186,6,TIPE2,GeneOrGeneProduct,79626,282,287,train
25946186,7,lung carcinogenesis,DiseaseOrPhenotypicFeature,D008175,291,310,train
25946186,8,TIPE2,GeneOrGeneProduct,79626,342,347,train
25946186,9,lung squamous cancer,DiseaseOrPhenotypicFeature,D002289,351,371,train
25946186,10,LSC,DiseaseOrPhenotypicFeature,D002289,373,376,train
25946186,11,small cell lung cancer,DiseaseOrPhenotypicFeature,D055752,379,401,train
25946186,12,lung adenocarcinoma,DiseaseOrPhenotypicFeature,D000077192,406,425,train
25946186,13,AdC,DiseaseOrPhenotypicFeature,D000077192,427,430,train
25946186,14,TIPE2,GeneOrGeneProduct,79626,455,460,train
25946186,15,small cell lung cancer,DiseaseOrPhenotypicFeature,D055752,484,506,train
25946186,16,tumor,DiseaseOrPhenotypicFeature,D009369,535,540,train
25946186,17,TIPE2,GeneOrGeneProduct,79626,568,573,train
25946186,18,lung cancer,DiseaseOrPhenotypicFeature,D008175,612,623,train
25946186,19,H446,CellLine,CVCL_1562,629,633,train
25946186,20,tumor,DiseaseOrPhenotypicFeature,D009369,663,668,train
25946186,21,TIPE2,GeneOrGeneProduct,79626,718,723,train
25946186,22,H446,CellLine,CVCL_1562,761,765,train
25946186,23,TIPE2,GeneOrGeneProduct,79626,770,775,train
25946186,24,caspase-3,GeneOrGeneProduct,836,799,808,train
25946186,25,caspase-9,GeneOrGeneProduct,842,810,819,train
25946186,26,Bax,GeneOrGeneProduct,581,825,828,train
25946186,27,Bcl-2,GeneOrGeneProduct,596,867,872,train
25946186,28,tumors,DiseaseOrPhenotypicFeature,D009369,960,966,train
25946186,29,mice,OrganismTaxon,10090,977,981,train
25946186,30,TIPE2,GeneOrGeneProduct,79626,983,988,train
25946186,31,Akt,GeneOrGeneProduct,207,1022,1025,train
25946186,32,P38,GeneOrGeneProduct,1432,1066,1069,train
25946186,33,IkBa,GeneOrGeneProduct,4792,1092,1096,train
25946186,34,ERK,GeneOrGeneProduct,5594,1101,1104,train
25946186,35,TIPE2,GeneOrGeneProduct,79626,1130,1135,train
25946186,36,lung cancer,DiseaseOrPhenotypicFeature,D008175,1145,1156,train
25946186,37,caspase-3,GeneOrGeneProduct,836,1218,1227,train
25946186,38,caspase-9,GeneOrGeneProduct,842,1229,1238,train
25946186,39,Bcl-2,GeneOrGeneProduct,596,1240,1245,train
25946186,40,Bax,GeneOrGeneProduct,581,1250,1253,train
25946186,41,P38,GeneOrGeneProduct,1432,1279,1282,train
25946186,42,Akt,GeneOrGeneProduct,207,1287,1290,train
25946186,43,TIPE2,GeneOrGeneProduct,79626,1317,1322,train
25946186,44,lung cancer,DiseaseOrPhenotypicFeature,D008175,1351,1362,train
27134166,0,mTOR,GeneOrGeneProduct,56717,96,100,train
27134166,1,tumor,DiseaseOrPhenotypicFeature,D009369,137,142,train
27134166,2,VEGF,GeneOrGeneProduct,"22339,7422",161,165,train
27134166,3,human,OrganismTaxon,9606,237,242,train
27134166,4,tumors,DiseaseOrPhenotypicFeature,D009369,243,249,train
27134166,5,mouse,OrganismTaxon,10090,254,259,train
27134166,6,cancer,DiseaseOrPhenotypicFeature,D009369,270,276,train
27134166,7,mouse,OrganismTaxon,10090,354,359,train
27134166,8,cancer,DiseaseOrPhenotypicFeature,D009369,437,443,train
27134166,9,GLUT1,GeneOrGeneProduct,20525,519,524,train
27134166,10,MCT4,GeneOrGeneProduct,80879,529,533,train
27134166,11,hypoxic,DiseaseOrPhenotypicFeature,D000860,556,563,train
27134166,12,HIF1a,GeneOrGeneProduct,15251,575,580,train
27134166,13,Tumor,DiseaseOrPhenotypicFeature,D009369,626,631,train
27134166,14,MCT1,GeneOrGeneProduct,20501,704,708,train
27134166,15,p-S6,GeneOrGeneProduct,72508,714,718,train
27134166,16,mTOR,GeneOrGeneProduct,56717,742,746,train
27134166,17,Normoxic cancer,DiseaseOrPhenotypicFeature,D009369,758,773,train
27134166,18,lactate,ChemicalEntity,D019344,802,809,train
27134166,19,mTOR,GeneOrGeneProduct,56717,840,844,train
27134166,20,glutamine,ChemicalEntity,D005973,859,868,train
27134166,21,lactate,ChemicalEntity,D019344,892,899,train
27134166,22,cancer,DiseaseOrPhenotypicFeature,D009369,1009,1015,train
27134166,23,glucose,ChemicalEntity,D005947,1029,1036,train
27134166,24,lactate,ChemicalEntity,D019344,1048,1055,train
27134166,25,lactate,ChemicalEntity,D019344,1100,1107,train
27134166,26,mTOR,GeneOrGeneProduct,56717,1109,1113,train
27134166,27,GLUT2,GeneOrGeneProduct,20526,1226,1231,train
27184800,0,Metallothionein-1,GeneOrGeneProduct,4495,0,17,train
27184800,1,hepatocellular carcinoma,DiseaseOrPhenotypicFeature,D006528,64,88,train
27184800,2,sorafenib,ChemicalEntity,D000077157,106,115,train
27184800,3,Sorafenib,ChemicalEntity,D000077157,129,138,train
27184800,4,tumours,DiseaseOrPhenotypicFeature,D009369,188,195,train
27184800,5,necrosis,DiseaseOrPhenotypicFeature,D009336,263,271,train
27184800,6,cancer,DiseaseOrPhenotypicFeature,D009369,281,287,train
27184800,7,sorafenib,ChemicalEntity,D000077157,355,364,train
27184800,8,cancer,DiseaseOrPhenotypicFeature,D009369,392,398,train
27184800,9,cancer,DiseaseOrPhenotypicFeature,D009369,611,617,train
27184800,10,sorafenib,ChemicalEntity,D000077157,627,636,train
27184800,11,Tumour,DiseaseOrPhenotypicFeature,D009369,638,644,train
27184800,12,hepatocellular carcinoma,DiseaseOrPhenotypicFeature,D006528,677,701,train
27184800,13,HCC,DiseaseOrPhenotypicFeature,D006528,703,706,train
27184800,14,HCC,DiseaseOrPhenotypicFeature,D006528,748,751,train
27184800,15,patients,OrganismTaxon,9606,752,760,train
27184800,16,sorafenib,ChemicalEntity,D000077157,771,780,train
27184800,17,metallothionein-1,GeneOrGeneProduct,4495,836,853,train
27184800,18,MT1,GeneOrGeneProduct,4495,855,858,train
27184800,19,HCC,DiseaseOrPhenotypicFeature,D006528,886,889,train
27184800,20,Huh7,CellLine,CVCL_0336,900,904,train
27184800,21,sorafenib,ChemicalEntity,D000077157,916,925,train
27184800,22,Sorafenib,ChemicalEntity,D000077157,927,936,train
27184800,23,MT1G,GeneOrGeneProduct,4495,965,969,train
27184800,24,human,OrganismTaxon,9606,989,994,train
27184800,25,cancer,DiseaseOrPhenotypicFeature,D009369,995,1001,train
27184800,26,MT1G,GeneOrGeneProduct,4495,1137,1141,train
27184800,27,sorafenib,ChemicalEntity,D000077157,1180,1189,train
27184800,28,NRF2,GeneOrGeneProduct,4780,1324,1328,train
27184800,29,Nuclear factor erythroid 2-Related Factor 2,GeneOrGeneProduct,4780,1330,1373,train
27184800,30,MT1G,GeneOrGeneProduct,4495,1458,1462,train
27184800,31,tumour,DiseaseOrPhenotypicFeature,D009369,1471,1477,train
27184800,32,HCC,DiseaseOrPhenotypicFeature,D006528,1510,1513,train
27184800,33,MT1,GeneOrGeneProduct,4495,1569,1572,train
27184800,34,HCC,DiseaseOrPhenotypicFeature,D006528,1603,1606,train
27184800,35,patients,OrganismTaxon,9606,1607,1615,train
27184800,36,sorafenib,ChemicalEntity,D000077157,1626,1635,train
27184800,37,MT1,GeneOrGeneProduct,4495,1734,1737,train
27184800,38,sorafenib,ChemicalEntity,D000077157,1797,1806,train
27184800,39,cancer,DiseaseOrPhenotypicFeature,D009369,1834,1840,train
27974047,0,FGFR1,GeneOrGeneProduct,2260,0,5,train
27974047,1,NTRK3,GeneOrGeneProduct,4916,10,15,train
27974047,2,gastrointestinal stromal tumors,DiseaseOrPhenotypicFeature,D046152,54,85,train
27974047,3,gastrointestinal stromal tumors,DiseaseOrPhenotypicFeature,D046152,142,173,train
27974047,4,GIST,DiseaseOrPhenotypicFeature,D046152,175,179,train
27974047,5,KIT,GeneOrGeneProduct,3815,199,202,train
27974047,6,PDGFRA,GeneOrGeneProduct,5156,204,210,train
27974047,7,SDHx,GeneOrGeneProduct,6390,212,216,train
27974047,8,RAS,GeneOrGeneProduct,3845,221,224,train
27974047,9,KRAS,GeneOrGeneProduct,3845,245,249,train
27974047,10,BRAF,GeneOrGeneProduct,673,251,255,train
27974047,11,NF1,GeneOrGeneProduct,4763,257,260,train
27974047,12,tumors,DiseaseOrPhenotypicFeature,D009369,333,339,train
27974047,13,cancer,DiseaseOrPhenotypicFeature,D009369,543,549,train
27974047,14,GISTs,DiseaseOrPhenotypicFeature,D046152,571,576,train
27974047,15,GIST,DiseaseOrPhenotypicFeature,D046152,644,648,train
27974047,16,KIT,GeneOrGeneProduct,3815,686,689,train
27974047,17,PDGFRA,GeneOrGeneProduct,5156,690,696,train
27974047,18,RAS,GeneOrGeneProduct,3845,697,700,train
27974047,19,SDHx,GeneOrGeneProduct,6390,732,736,train
27974047,20,patients,OrganismTaxon,9606,759,767,train
27974047,21,tumors,DiseaseOrPhenotypicFeature,D009369,798,804,train
27974047,22,nodal metastases,DiseaseOrPhenotypicFeature,D009362,823,839,train
27974047,23,GIST,DiseaseOrPhenotypicFeature,D046152,850,854,train
27974047,24,ARID1B,GeneOrGeneProduct,57492,894,900,train
27974047,25,ATR,GeneOrGeneProduct,545,902,905,train
27974047,26,FGFR1,GeneOrGeneProduct,2260,907,912,train
27974047,27,LTK,GeneOrGeneProduct,4058,914,917,train
27974047,28,SUFU,GeneOrGeneProduct,51684,919,923,train
27974047,29,PARK2,GeneOrGeneProduct,5071,925,930,train
27974047,30,ZNF217,GeneOrGeneProduct,7764,935,941,train
27974047,31,tumors,DiseaseOrPhenotypicFeature,D009369,947,953,train
27974047,32,FGFR1,GeneOrGeneProduct,2260,963,968,train
27974047,33,FGFR1,GeneOrGeneProduct,2260,983,988,train
27974047,34,HOOK3,GeneOrGeneProduct,84376,989,994,train
27974047,35,FGFR1,GeneOrGeneProduct,2260,996,1001,train
27974047,36,TACC1,GeneOrGeneProduct,6867,1002,1007,train
27974047,37,ETV6,GeneOrGeneProduct,2120,1029,1033,train
27974047,38,NTRK3,GeneOrGeneProduct,4916,1034,1039,train
27974047,39,TRK,GeneOrGeneProduct,4914,1065,1068,train
27974047,40,GIST,DiseaseOrPhenotypicFeature,D046152,1127,1131,train
27974047,41,KIT,GeneOrGeneProduct,3815,1165,1168,train
27974047,42,PDGFRA,GeneOrGeneProduct,5156,1169,1175,train
27974047,43,SDHx,GeneOrGeneProduct,6390,1176,1180,train
27974047,44,RAS,GeneOrGeneProduct,3845,1181,1184,train
27974047,45,FGFR1,GeneOrGeneProduct,2260,1231,1236,train
27974047,46,TACC1,GeneOrGeneProduct,6867,1237,1242,train
27974047,47,ETV6,GeneOrGeneProduct,2120,1247,1251,train
27974047,48,NTRK3,GeneOrGeneProduct,4916,1252,1257,train
27974047,49,patient,OrganismTaxon,9606,1286,1293,train
27974047,50,tumor,DiseaseOrPhenotypicFeature,D009369,1308,1313,train
27974047,51,GIST,DiseaseOrPhenotypicFeature,D046152,1353,1357,train
27974047,52,patients,OrganismTaxon,9606,1414,1422,train
27974047,53,metastasize to lymph nodes,DiseaseOrPhenotypicFeature,D009362,1435,1461,train
27974047,54,FGFR1,GeneOrGeneProduct,2260,1546,1551,train
27974047,55,NTRK3,GeneOrGeneProduct,4916,1556,1561,train
27974047,56,GIST,DiseaseOrPhenotypicFeature,D046152,1671,1675,train
27974047,57,patients,OrganismTaxon,9606,1751,1759,train
27974047,58,GIST,DiseaseOrPhenotypicFeature,D046152,1765,1769,train
28204828,0,TIEG1,GeneOrGeneProduct,21847,0,5,train
28204828,1,infarcted heart,DiseaseOrPhenotypicFeature,D009203,63,78,train
28204828,2,Pten,GeneOrGeneProduct,19211,96,100,train
28204828,3,Akt,GeneOrGeneProduct,11651,101,104,train
28204828,4,transforming growth factor (TGF)-b-inducible early gene-1,GeneOrGeneProduct,21847,129,186,train
28204828,5,TIEG1,GeneOrGeneProduct,21847,188,193,train
28204828,6,pancreatic cancer,DiseaseOrPhenotypicFeature,D010190,298,315,train
28204828,7,leukaemia,DiseaseOrPhenotypicFeature,D007938,317,326,train
28204828,8,osteoporosis,DiseaseOrPhenotypicFeature,D010024,331,343,train
28204828,9,TIEG1,GeneOrGeneProduct,21847,377,382,train
28204828,10,TIEG1,GeneOrGeneProduct,21847,473,478,train
28204828,11,ischaemic heart disease,DiseaseOrPhenotypicFeature,D017202,482,505,train
28204828,12,TIEG1,GeneOrGeneProduct,21847,572,577,train
28204828,13,mice,OrganismTaxon,10090,611,615,train
28204828,14,myocardial infarction,DiseaseOrPhenotypicFeature,D009203,917,938,train
28204828,15,MI,DiseaseOrPhenotypicFeature,D009203,940,942,train
28204828,16,TIEG1,GeneOrGeneProduct,21847,971,976,train
28204828,17,mice,OrganismTaxon,10090,987,991,train
28204828,18,MI,DiseaseOrPhenotypicFeature,D009203,1046,1048,train
28204828,19,MI,DiseaseOrPhenotypicFeature,D009203,1108,1110,train
28204828,20,infarct,DiseaseOrPhenotypicFeature,D007238,1180,1187,train
28204828,21,terminal deoxynucleotidyltransferase,GeneOrGeneProduct,1791,1226,1262,train
28204828,22,dUTP,ChemicalEntity,C027078,1272,1276,train
28204828,23,a-smooth muscle actin,GeneOrGeneProduct,11475,1335,1356,train
28204828,24,a-SMA,GeneOrGeneProduct,11475,1358,1363,train
28204828,25,CD31,GeneOrGeneProduct,18613,1365,1369,train
28204828,26,TIEG1,GeneOrGeneProduct,21847,1488,1493,train
28204828,27,TIEG1,GeneOrGeneProduct,21847,1674,1679,train
28204828,28,TIEG1,GeneOrGeneProduct,21847,1908,1913,train
28204828,29,mice,OrganismTaxon,10090,1917,1921,train
28204828,30,phosphatase and tensin homolog,GeneOrGeneProduct,19211,1970,2000,train
28204828,31,Pten,GeneOrGeneProduct,19211,2002,2006,train
28204828,32,Akt,GeneOrGeneProduct,11651,2009,2012,train
28204828,33,Bcl-2,GeneOrGeneProduct,12043,2017,2022,train
28204828,34,Bax,GeneOrGeneProduct,12028,2023,2026,train
28204828,35,vascular endothelial growth factor,GeneOrGeneProduct,22339,2039,2073,train
28204828,36,VEGF,GeneOrGeneProduct,22339,2075,2079,train
28204828,37,TIEG1,GeneOrGeneProduct,21847,2138,2143,train
28204828,38,ischaemic heart disease,DiseaseOrPhenotypicFeature,D017202,2177,2200,train
28204828,39,Pten,GeneOrGeneProduct,19211,2225,2229,train
28204828,40,Akt,GeneOrGeneProduct,11651,2230,2233,train
16001362,0,autosomal dominant cerebellar ataxia,DiseaseOrPhenotypicFeature,OMIM:604121,3,39,train
16001362,1,Rho guanine-nucleotide exchange-factor,GeneOrGeneProduct,9138,207,245,train
16001362,2,Autosomal dominant cerebellar ataxia,DiseaseOrPhenotypicFeature,OMIM:604121,255,291,train
16001362,3,ADCA,DiseaseOrPhenotypicFeature,OMIM:604121,293,297,train
16001362,4,neurodegenerative disorders,DiseaseOrPhenotypicFeature,D019636,327,354,train
16001362,5,degenerative ataxia,DiseaseOrPhenotypicFeature,D001259,442,461,train
16001362,6,ADCA,DiseaseOrPhenotypicFeature,OMIM:604121,489,493,train
16001362,7,cerebellar ataxia,DiseaseOrPhenotypicFeature,D002524,534,551,train
16001362,8,sensorineural hearing impairment,DiseaseOrPhenotypicFeature,D034381,609,641,train
16001362,9,ataxia,DiseaseOrPhenotypicFeature,D001259,665,671,train
16001362,10,patients,OrganismTaxon,9606,791,799,train
16001362,11,C-->T,SequenceVariant,c|SUB|C||T,858,863,train
16001362,12,DKFZP434I216,GeneOrGeneProduct,25894,994,1006,train
16001362,13,puratrophin-1,GeneOrGeneProduct,25894,1030,1043,train
16001362,14,Purkinje cell atrophy associated protein-1,GeneOrGeneProduct,25894,1046,1088,train
16001362,15,puratrophin-1,GeneOrGeneProduct,25894,1107,1120,train
16001362,16,guanine-nucleotide exchange factor,GeneOrGeneProduct,9138,1243,1277,train
16001362,17,GEF,GeneOrGeneProduct,9138,1279,1282,train
16001362,18,Rho GTPases,GeneOrGeneProduct,387,1288,1299,train
16001362,19,puratrophin-1,GeneOrGeneProduct,25894,1368,1381,train
16001362,20,actin,GeneOrGeneProduct,60,1413,1418,train
16001362,21,Puratrophin-1,GeneOrGeneProduct,25894,1452,1465,train
16001362,22,ADCA,DiseaseOrPhenotypicFeature,OMIM:604121,1626,1630,train
16001362,23,puratrophin-1,GeneOrGeneProduct,25894,1686,1699,train
16001362,24,human,OrganismTaxon,9606,1903,1908,train
16001362,25,GEF,GeneOrGeneProduct,9138,2048,2051,train
16001362,26,cerebellar degeneration,DiseaseOrPhenotypicFeature,D013132,2079,2102,train
16001362,27,humans,OrganismTaxon,9606,2106,2112,train
16158428,0,OPHN1,GeneOrGeneProduct,4983,54,59,train
16158428,1,OPHN1,GeneOrGeneProduct,4983,200,205,train
16158428,2,mental retardation,DiseaseOrPhenotypicFeature,D008607,269,287,train
16158428,3,cerebellar hypoplasia,DiseaseOrPhenotypicFeature,C562568,331,352,train
16158428,4,patients,OrganismTaxon,9606,388,396,train
16158428,5,X-linked mental retardation,DiseaseOrPhenotypicFeature,D038901,448,475,train
16158428,6,OPHN1,GeneOrGeneProduct,4983,495,500,train
16158428,7,cerebellar hypoplasia,DiseaseOrPhenotypicFeature,C562568,683,704,train
16158428,8,mental retardation,DiseaseOrPhenotypicFeature,D008607,853,871,train
16786513,0,McArdle disease,DiseaseOrPhenotypicFeature,D006012,0,15,train
16786513,1,PYGM,GeneOrGeneProduct,5837,42,46,train
16786513,2,Deficiency of the muscle isozyme of glycogen phosphorylase,DiseaseOrPhenotypicFeature,D006012,74,132,train
16786513,3,McArdle disease,DiseaseOrPhenotypicFeature,D006012,149,164,train
16786513,4,Glycogen storage disease type V,DiseaseOrPhenotypicFeature,D006012,168,199,train
16786513,5,GSD-V,DiseaseOrPhenotypicFeature,D006012,201,206,train
16786513,6,autosomal recessive disorder,DiseaseOrPhenotypicFeature,D030342,225,253,train
16786513,7,glycogen,ChemicalEntity,D006003,257,265,train
16786513,8,cramps,DiseaseOrPhenotypicFeature,D009120,358,364,train
16786513,9,myoglobinuria,DiseaseOrPhenotypicFeature,D009212,380,393,train
16786513,10,PYGM,GeneOrGeneProduct,5837,424,428,train
16786513,11,GSD-V,DiseaseOrPhenotypicFeature,D006012,456,461,train
16786513,12,patients,OrganismTaxon,9606,462,470,train
16786513,13,patients,OrganismTaxon,9606,520,528,train
16786513,14,PYGM,GeneOrGeneProduct,5837,574,578,train
16786513,15,c.475G>A,SequenceVariant,rs760654579,703,711,train
16786513,16,p.G159R,SequenceVariant,rs760654579,713,720,train
16786513,17,c.689C>G,SequenceVariant,c|SUB|C|689|G,722,730,train
16786513,18,p.P230R,SequenceVariant,p|SUB|P|230|R,732,739,train
16786513,19,c.1094C>T,SequenceVariant,c|SUB|C|1094|T,741,750,train
16786513,20,p.A365E,SequenceVariant,p|SUB|A|365|E,752,759,train
16786513,21,c.1151C>A,SequenceVariant,c|SUB|C|1151|A,761,770,train
16786513,22,p.A384D,SequenceVariant,p|SUB|A|384|D,772,779,train
16786513,23,"c.1182C>T,",SequenceVariant,rs750700202,781,791,train
16786513,24,p.R428C,SequenceVariant,rs750700202,792,799,train
16786513,25,c.1471C>T,SequenceVariant,rs759977194,801,810,train
16786513,26,p.R491C,SequenceVariant,rs759977194,812,819,train
16786513,27,c.2444A>C,SequenceVariant,c|SUB|A|2444|C,821,830,train
16786513,28,p.D815A,SequenceVariant,p|SUB|D|815|A,832,839,train
16786513,29,c.2477G>C,SequenceVariant,c|SUB|G|2477|C,841,850,train
16786513,30,p.W826S,SequenceVariant,p|SUB|W|826|S,852,859,train
16786513,31,c.1475G>A,SequenceVariant,c|SUB|G|1475|A,886,895,train
16786513,32,p.W492X,SequenceVariant,p|SUB|W|492|X,897,904,train
16786513,33,c.1627A>T,SequenceVariant,c|SUB|A|1627|T,906,915,train
16786513,34,p.K543X,SequenceVariant,p|SUB|K|543|X,917,924,train
16786513,35,c.855 +1G>C,SequenceVariant,c|SUB|C|855+1|C,955,966,train
16786513,36,c.1092 +1G>A,SequenceVariant,c|SUB|G|1092+1|A,968,980,train
16786513,37,c. 1093-1G>T,SequenceVariant,c|SUB|G|1093-1|T,982,994,train
16786513,38,c.1239 +1G>A,SequenceVariant,c|SUB|G|1239+1|A,996,1008,train
16786513,39,c.2380 +1G>A,SequenceVariant,c|SUB|G|2380+1|A,1010,1022,train
16786513,40,c.715_717delGTC,SequenceVariant,c|DEL|715_717|GTC,1045,1060,train
16786513,41,p.V239del,SequenceVariant,p|DEL|239|V,1062,1071,train
16786513,42,c.304delA,SequenceVariant,c|DEL|304|A,1073,1082,train
16786513,43,p.N102DfsX4,SequenceVariant,p|FS|N|102|D|4,1084,1095,train
16786513,44,c.1970_2177del,SequenceVariant,c|DEL|1970_2177|,1097,1111,train
16786513,45,p.V657_G726,SequenceVariant,p|DEL|657_726|,1113,1124,train
16786513,46,c.2113_2114delGG,SequenceVariant,c|DEL|2113_2114|GG,1126,1142,train
16786513,47,p.G705RfsX16,SequenceVariant,p|FS|G|705|R|16,1144,1156,train
16786513,48,p.R50X,SequenceVariant,rs116987552,1308,1314,train
16786513,49,patients,OrganismTaxon,9606,1440,1448,train
17965424,0,etoricoxib,ChemicalEntity,D000077613,33,43,train
17965424,1,rheumatoid arthritis,DiseaseOrPhenotypicFeature,D001172,47,67,train
17965424,2,patients,OrganismTaxon,9606,68,76,train
17965424,3,etoricoxib,ChemicalEntity,D000077613,93,103,train
17965424,4,diclofenac sodium,ChemicalEntity,D004008,107,124,train
17965424,5,etoricoxib,ChemicalEntity,D000077613,308,318,train
17965424,6,diclofenac,ChemicalEntity,D004008,323,333,train
17965424,7,patients,OrganismTaxon,9606,337,345,train
17965424,8,rheumatoid arthritis,DiseaseOrPhenotypicFeature,D001172,351,371,train
17965424,9,RA,DiseaseOrPhenotypicFeature,D001172,373,375,train
17965424,10,PATIENTS,OrganismTaxon,9606,378,386,train
17965424,11,patients,OrganismTaxon,9606,416,424,train
17965424,12,RA,DiseaseOrPhenotypicFeature,D001172,462,464,train
17965424,13,etoricoxib,ChemicalEntity,D000077613,492,502,train
17965424,14,diclofenac,ChemicalEntity,D004008,529,539,train
17965424,15,aspirin,ChemicalEntity,D001241,614,621,train
17965424,16,patient,OrganismTaxon,9606,706,713,train
17965424,17,GI adverse experiences,DiseaseOrPhenotypicFeature,D005767,762,784,train
17965424,18,thrombotic cardiovascular,DiseaseOrPhenotypicFeature,D002318,848,873,train
17965424,19,Patient,OrganismTaxon,9606,919,926,train
17965424,20,etoricoxib,ChemicalEntity,D000077613,1097,1107,train
17965424,21,diclofenac,ChemicalEntity,D004008,1112,1122,train
17965424,22,GI AEs,DiseaseOrPhenotypicFeature,D005767,1188,1194,train
17965424,23,etoricoxib,ChemicalEntity,D000077613,1224,1234,train
17965424,24,diclofenac,ChemicalEntity,D004008,1240,1250,train
17965424,25,patient,OrganismTaxon,9606,1278,1285,train
17965424,26,hypertension,DiseaseOrPhenotypicFeature,D006973,1398,1410,train
17965424,27,oedema,DiseaseOrPhenotypicFeature,D004487,1423,1429,train
17965424,28,etoricoxib,ChemicalEntity,D000077613,1473,1483,train
17965424,29,diclofenac,ChemicalEntity,D004008,1527,1537,train
17965424,30,hypertension,DiseaseOrPhenotypicFeature,D006973,1579,1591,train
17965424,31,oedema,DiseaseOrPhenotypicFeature,D004487,1607,1613,train
17965424,32,Etoricoxib,ChemicalEntity,D000077613,1616,1626,train
17965424,33,diclofenac,ChemicalEntity,D004008,1631,1641,train
17965424,34,Etoricoxib,ChemicalEntity,D000077613,1759,1769,train
17965424,35,GI AEs,DiseaseOrPhenotypicFeature,D005767,1851,1857,train
17965424,36,diclofenac,ChemicalEntity,D004008,1872,1882,train
17965424,37,GI AEs,DiseaseOrPhenotypicFeature,D005767,1979,1985,train
17965424,38,etoricoxib,ChemicalEntity,D000077613,2018,2028,train
18672102,0,GATA4,GeneOrGeneProduct,2626,0,5,train
18672102,1,patients,OrganismTaxon,9606,31,39,train
18672102,2,congenital heart disease,DiseaseOrPhenotypicFeature,D006331,45,69,train
18672102,3,GATA4,GeneOrGeneProduct,2626,122,127,train
18672102,4,congenital heart disease,DiseaseOrPhenotypicFeature,D006331,150,174,train
18672102,5,CHD,DiseaseOrPhenotypicFeature,D006331,176,179,train
18672102,6,GATA4,GeneOrGeneProduct,2626,209,214,train
18672102,7,CHD,DiseaseOrPhenotypicFeature,D006331,228,231,train
18672102,8,GATA4,GeneOrGeneProduct,2626,264,269,train
18672102,9,CHD,DiseaseOrPhenotypicFeature,D006331,283,286,train
18672102,10,GATA4,GeneOrGeneProduct,2626,424,429,train
18672102,11,CHD,DiseaseOrPhenotypicFeature,D006331,442,445,train
18672102,12,patients,OrganismTaxon,9606,446,454,train
18672102,13,46delS,SequenceVariant,|DEL|46|S,623,629,train
18672102,14,118-119insA,SequenceVariant,|INS|118_119|A,663,674,train
18672102,15,125-126insAA,SequenceVariant,|INS|125_126|AA,679,691,train
18672102,16,A6V,SequenceVariant,rs199922907,728,731,train
18672102,17,P163S,SequenceVariant,rs387906769,733,738,train
18672102,18,E359K,SequenceVariant,rs368489876,740,745,train
18672102,19,P407Q,SequenceVariant,rs115099192,747,752,train
18672102,20,S429T,SequenceVariant,p|SUB|S|429|T,754,759,train
18672102,21,A442V,SequenceVariant,rs146017816,764,769,train
18672102,22,patients,OrganismTaxon,9606,804,812,train
18672102,23,ventricular septal defect,DiseaseOrPhenotypicFeature,D006345,824,849,train
18672102,24,Tetralogy of Fallot,DiseaseOrPhenotypicFeature,D013771,860,879,train
18672102,25,endocardial cushion defect,DiseaseOrPhenotypicFeature,D004694,894,920,train
18672102,26,patients,OrganismTaxon,9606,936,944,train
18672102,27,E359K,SequenceVariant,rs368489876,954,959,train
18672102,28,ventricular septal defect,DiseaseOrPhenotypicFeature,D006345,1014,1039,train
18672102,29,VSD,DiseaseOrPhenotypicFeature,D006345,1041,1044,train
18672102,30,c.1146+25insA,SequenceVariant,c|INS|1146+25|A,1088,1101,train
18672102,31,VSD,DiseaseOrPhenotypicFeature,D006345,1133,1136,train
18672102,32,patients,OrganismTaxon,9606,1137,1145,train
18672102,33,GATA4,GeneOrGeneProduct,2626,1246,1251,train
18672102,34,GATA4,GeneOrGeneProduct,2626,1294,1299,train
18672102,35,CHD,DiseaseOrPhenotypicFeature,D006331,1317,1320,train
18672102,36,patients,OrganismTaxon,9606,1342,1350,train
18768591,0,Serum- and glucocorticoid-inducible kinase 1,GeneOrGeneProduct,20393,0,44,train
18768591,1,doxorubicin,ChemicalEntity,D004317,48,59,train
18768591,2,nephrotic syndrome,DiseaseOrPhenotypicFeature,D009404,68,86,train
18768591,3,Doxorubicin,ChemicalEntity,D004317,88,99,train
18768591,4,nephropathy,DiseaseOrPhenotypicFeature,D007674,108,119,train
18768591,5,sodium,ChemicalEntity,D012964,140,146,train
18768591,6,volume retention,DiseaseOrPhenotypicFeature,D016055,172,188,train
18768591,7,renal fibrosis,DiseaseOrPhenotypicFeature,D007674,193,207,train
18768591,8,aldosterone,ChemicalEntity,D000450,213,224,train
18768591,9,serum- and glucocorticoid-inducible kinase,GeneOrGeneProduct,20393,235,277,train
18768591,10,SGK1,GeneOrGeneProduct,20393,278,282,train
18768591,11,renal fibrosis,DiseaseOrPhenotypicFeature,D007674,355,369,train
18768591,12,mineralocorticoid,ChemicalEntity,D008901,380,397,train
18768591,13,salt,ChemicalEntity,D012492,402,406,train
18768591,14,SGK1,GeneOrGeneProduct,20393,472,476,train
18768591,15,volume retention,DiseaseOrPhenotypicFeature,D016055,484,500,train
18768591,16,fibrosis,DiseaseOrPhenotypicFeature,D005355,505,513,train
18768591,17,nephrotic syndrome,DiseaseOrPhenotypicFeature,D009404,521,539,train
18768591,18,doxorubicin,ChemicalEntity,D004317,554,565,train
18768591,19,mice,OrganismTaxon,10090,631,635,train
18768591,20,SGK1,GeneOrGeneProduct,20393,644,648,train
18768591,21,sgk1,GeneOrGeneProduct,20393,650,654,train
18768591,22,sgk1,GeneOrGeneProduct,20393,694,698,train
18768591,23,Doxorubicin,ChemicalEntity,D004317,706,717,train
18768591,24,proteinuria,DiseaseOrPhenotypicFeature,D011507,746,757,train
18768591,25,crea,ChemicalEntity,D003404,778,782,train
18768591,26,sgk1,GeneOrGeneProduct,20393,796,800,train
18768591,27,sgk1,GeneOrGeneProduct,20393,819,823,train
18768591,28,mice,OrganismTaxon,10090,829,833,train
18768591,29,nephrotic syndrome,DiseaseOrPhenotypicFeature,D009404,852,870,train
18768591,30,ascites,DiseaseOrPhenotypicFeature,D001201,876,883,train
18768591,31,lipidemia,DiseaseOrPhenotypicFeature,D006949,885,894,train
18768591,32,hypoalbuminemia,DiseaseOrPhenotypicFeature,D034141,900,915,train
18768591,33,aldosterone,ChemicalEntity,D000450,942,953,train
18768591,34,nephrotic,DiseaseOrPhenotypicFeature,D009404,974,983,train
18768591,35,mice,OrganismTaxon,10090,984,988,train
18768591,36,SGK1,GeneOrGeneProduct,20393,1037,1041,train
18768591,37,sgk1,GeneOrGeneProduct,20393,1064,1068,train
18768591,38,mice,OrganismTaxon,10090,1074,1078,train
18768591,39,sodium,ChemicalEntity,D012964,1088,1094,train
18768591,40,sgk1,GeneOrGeneProduct,20393,1142,1146,train
18768591,41,mice,OrganismTaxon,10090,1152,1156,train
18768591,42,crea,ChemicalEntity,D003404,1176,1180,train
18768591,43,sgk1,GeneOrGeneProduct,20393,1190,1194,train
18768591,44,mice,OrganismTaxon,10090,1200,1204,train
18768591,45,crea,ChemicalEntity,D003404,1224,1228,train
18768591,46,weight gain,DiseaseOrPhenotypicFeature,D015430,1282,1293,train
18768591,47,sgk1,GeneOrGeneProduct,20393,1297,1301,train
18768591,48,sgk1,GeneOrGeneProduct,20393,1321,1325,train
18768591,49,mice,OrganismTaxon,10090,1331,1335,train
18768591,50,nephrotic syndrome,DiseaseOrPhenotypicFeature,D009404,1392,1410,train
18768591,51,urea,ChemicalEntity,D014508,1418,1422,train
18768591,52,sgk1,GeneOrGeneProduct,20393,1472,1476,train
18768591,53,mice,OrganismTaxon,10090,1482,1486,train
18768591,54,sgk1,GeneOrGeneProduct,20393,1495,1499,train
18768591,55,mice,OrganismTaxon,10090,1505,1509,train
18768591,56,uremia,DiseaseOrPhenotypicFeature,D014511,1521,1527,train
18768591,57,sgk1,GeneOrGeneProduct,20393,1561,1565,train
18768591,58,mice,OrganismTaxon,10090,1571,1575,train
18768591,59,sgk1,GeneOrGeneProduct,20393,1595,1599,train
18768591,60,mice,OrganismTaxon,10090,1605,1609,train
18768591,61,mice,OrganismTaxon,10090,1641,1645,train
18768591,62,SGK1,GeneOrGeneProduct,20393,1654,1658,train
18768591,63,volume retention,DiseaseOrPhenotypicFeature,D016055,1674,1690,train
18768591,64,renal fibrosis,DiseaseOrPhenotypicFeature,D007674,1723,1737,train
18768591,65,nephrotic syndrome,DiseaseOrPhenotypicFeature,D009404,1758,1776,train
20431083,0,Antithrombotic drug,ChemicalEntity,D005343,0,19,train
20431083,1,cerebral microbleeds,DiseaseOrPhenotypicFeature,D002543,25,45,train
20431083,2,intracerebral hemorrhage,DiseaseOrPhenotypicFeature,D002543,51,75,train
20431083,3,Cerebral microbleeds,DiseaseOrPhenotypicFeature,D002543,159,179,train
20431083,4,MB,DiseaseOrPhenotypicFeature,D002543,181,183,train
20431083,5,intracerebral hemorrhage,DiseaseOrPhenotypicFeature,D002543,216,240,train
20431083,6,ICH,DiseaseOrPhenotypicFeature,D002543,242,245,train
20431083,7,antithrombotic drugs,ChemicalEntity,D005343,306,326,train
20431083,8,MB,DiseaseOrPhenotypicFeature,D002543,372,374,train
20431083,9,ICH,DiseaseOrPhenotypicFeature,D002543,434,437,train
20431083,10,ischemic stroke,DiseaseOrPhenotypicFeature,D002544,442,457,train
20431083,11,IS,DiseaseOrPhenotypicFeature,D002544,459,461,train
20431083,12,transient ischemic attack,DiseaseOrPhenotypicFeature,D002546,463,488,train
20431083,13,TIA,DiseaseOrPhenotypicFeature,D002546,490,493,train
20431083,14,stroke,DiseaseOrPhenotypicFeature,D020521,590,596,train
20431083,15,TIA,DiseaseOrPhenotypicFeature,D002546,600,603,train
20431083,16,MB,DiseaseOrPhenotypicFeature,D002543,631,633,train
20431083,17,ICH,DiseaseOrPhenotypicFeature,D002543,695,698,train
20431083,18,IS,DiseaseOrPhenotypicFeature,D002544,742,744,train
20431083,19,TIA,DiseaseOrPhenotypicFeature,D002546,745,748,train
20431083,20,ICH,DiseaseOrPhenotypicFeature,D002543,758,761,train
20431083,21,ischemic,DiseaseOrPhenotypicFeature,D007511,765,773,train
20431083,22,ICH,DiseaseOrPhenotypicFeature,D002543,898,901,train
20431083,23,MB,DiseaseOrPhenotypicFeature,D002543,931,933,train
20431083,24,ICH,DiseaseOrPhenotypicFeature,D002543,973,976,train
20431083,25,IS,DiseaseOrPhenotypicFeature,D002544,986,988,train
20431083,26,TIA,DiseaseOrPhenotypicFeature,D002546,989,992,train
20431083,27,MB,DiseaseOrPhenotypicFeature,D002543,994,996,train
20431083,28,ICH,DiseaseOrPhenotypicFeature,D002543,1019,1022,train
20431083,29,IS,DiseaseOrPhenotypicFeature,D002544,1026,1028,train
20431083,30,TIA,DiseaseOrPhenotypicFeature,D002546,1029,1032,train
20431083,31,warfarin,ChemicalEntity,D014859,1223,1231,train
20431083,32,MB,DiseaseOrPhenotypicFeature,D002543,1287,1289,train
20431083,33,warfarin,ChemicalEntity,D014859,1293,1301,train
20431083,34,ICH,DiseaseOrPhenotypicFeature,D002543,1325,1328,train
20431083,35,warfarin,ChemicalEntity,D014859,1377,1385,train
20431083,36,IS,DiseaseOrPhenotypicFeature,D002544,1397,1399,train
20431083,37,TIA,DiseaseOrPhenotypicFeature,D002546,1400,1403,train
20431083,38,MB,DiseaseOrPhenotypicFeature,D002543,1489,1491,train
20431083,39,ICH,DiseaseOrPhenotypicFeature,D002543,1531,1534,train
20431083,40,IS,DiseaseOrPhenotypicFeature,D002544,1626,1628,train
20431083,41,TIA,DiseaseOrPhenotypicFeature,D002546,1629,1632,train
20431083,42,MB,DiseaseOrPhenotypicFeature,D002543,1756,1758,train
20431083,43,ICH,DiseaseOrPhenotypicFeature,D002543,1836,1839,train
20431083,44,MB,DiseaseOrPhenotypicFeature,D002543,1906,1908,train
20431083,45,warfarin,ChemicalEntity,D014859,1912,1920,train
20431083,46,ICH,DiseaseOrPhenotypicFeature,D002543,1932,1935,train
20431083,47,MB,DiseaseOrPhenotypicFeature,D002543,1975,1977,train
20431083,48,warfarin,ChemicalEntity,D014859,1999,2007,train
20431083,49,ICH,DiseaseOrPhenotypicFeature,D002543,2019,2022,train
21070631,0,dopamine b-hydroxylase,GeneOrGeneProduct,1621,4,26,train
21070631,1,-1021C/T,SequenceVariant,rs1611115,27,35,train
21070631,2,Alzheimer's disease,DiseaseOrPhenotypicFeature,D000544,80,99,train
21070631,3,Alzheimer's disease,DiseaseOrPhenotypicFeature,D000544,218,237,train
21070631,4,AD,DiseaseOrPhenotypicFeature,D000544,239,241,train
21070631,5,Dopamine b-hydroxylase,GeneOrGeneProduct,1621,244,266,train
21070631,6,DBH,GeneOrGeneProduct,1621,268,271,train
21070631,7,dopamine,ChemicalEntity,D004298,301,309,train
21070631,8,noradrenaline,ChemicalEntity,D009638,313,326,train
21070631,9,-1021T,SequenceVariant,rs1611115,385,391,train
21070631,10,rs1611115,SequenceVariant,rs1611115,400,409,train
21070631,11,DBH,GeneOrGeneProduct,1621,414,417,train
21070631,12,inflammatory,DiseaseOrPhenotypicFeature,D007249,447,459,train
21070631,13,IL1A,GeneOrGeneProduct,3552,476,480,train
21070631,14,IL6,GeneOrGeneProduct,3569,485,488,train
21070631,15,AD,DiseaseOrPhenotypicFeature,D000544,518,520,train
21070631,16,AD,DiseaseOrPhenotypicFeature,D000544,566,568,train
21070631,17,DBH,GeneOrGeneProduct,1621,576,579,train
21070631,18,-1021T,SequenceVariant,rs1611115,580,586,train
21070631,19,AD,DiseaseOrPhenotypicFeature,D000544,669,671,train
21070631,20,DBH,GeneOrGeneProduct,1621,786,789,train
21070631,21,IL1A,GeneOrGeneProduct,3552,791,795,train
21070631,22,IL6,GeneOrGeneProduct,3569,800,803,train
21070631,23,AD,DiseaseOrPhenotypicFeature,D000544,924,926,train
21070631,24,-1021T,SequenceVariant,rs1611115,971,977,train
21070631,25,AD,DiseaseOrPhenotypicFeature,D000544,1005,1007,train
21070631,26,men,OrganismTaxon,9606,1116,1119,train
21070631,27,DBH,GeneOrGeneProduct,1621,1225,1228,train
21070631,28,-1021T,SequenceVariant,rs1611115,1229,1235,train
21070631,29,-889TT,SequenceVariant,rs1800587,1244,1250,train
21070631,30,rs1800587,SequenceVariant,rs1800587,1261,1270,train
21070631,31,IL1A,GeneOrGeneProduct,3552,1275,1279,train
21070631,32,noradrenaline,ChemicalEntity,D009638,1482,1495,train
21070631,33,inflammation,DiseaseOrPhenotypicFeature,D007249,1514,1526,train
21070631,34,-1021T,SequenceVariant,rs1611115,1551,1557,train
21070631,35,inflammation,DiseaseOrPhenotypicFeature,D007249,1632,1644,train
21070631,36,AD,DiseaseOrPhenotypicFeature,D000544,1685,1687,train
22859398,0,IL10,GeneOrGeneProduct,3586,13,17,train
22859398,1,prostate cancer,DiseaseOrPhenotypicFeature,D011471,87,102,train
22859398,2,IL10,GeneOrGeneProduct,3586,216,220,train
22859398,3,reactive oxygen species,ChemicalEntity,D017382,255,278,train
22859398,4,prostate cancer,DiseaseOrPhenotypicFeature,D011471,367,382,train
22859398,5,men,OrganismTaxon,9606,437,440,train
22859398,6,paraffin,ChemicalEntity,D010232,630,638,train
22859398,7,IL10,GeneOrGeneProduct,3586,736,740,train
22859398,8,CRP,GeneOrGeneProduct,1401,742,745,train
22859398,9,GPX1,GeneOrGeneProduct,2876,747,751,train
22859398,10,GSR,GeneOrGeneProduct,2936,753,756,train
22859398,11,GSTP1,GeneOrGeneProduct,2950,758,763,train
22859398,12,hOGG1,GeneOrGeneProduct,4968,765,770,train
22859398,13,IL1B,GeneOrGeneProduct,3553,772,776,train
22859398,14,IL1RN,GeneOrGeneProduct,3557,778,783,train
22859398,15,IL6,GeneOrGeneProduct,3569,785,788,train
22859398,16,IL8,GeneOrGeneProduct,3576,790,793,train
22859398,17,MPO,GeneOrGeneProduct,4353,795,798,train
22859398,18,NOS2,GeneOrGeneProduct,4843,800,804,train
22859398,19,NOS3,GeneOrGeneProduct,4846,806,810,train
22859398,20,SOD1,GeneOrGeneProduct,6647,812,816,train
22859398,21,SOD2,GeneOrGeneProduct,6648,818,822,train
22859398,22,SOD3,GeneOrGeneProduct,6649,824,828,train
22859398,23,TLR4,GeneOrGeneProduct,7099,830,834,train
22859398,24,TNF,GeneOrGeneProduct,7124,840,843,train
22859398,25,IL10,GeneOrGeneProduct,3586,864,868,train
22859398,26,CRP,GeneOrGeneProduct,1401,870,873,train
22859398,27,GSR,GeneOrGeneProduct,2936,875,878,train
22859398,28,IL1RN,GeneOrGeneProduct,3557,880,885,train
22859398,29,IL6,GeneOrGeneProduct,3569,887,890,train
22859398,30,NOS2,GeneOrGeneProduct,4843,892,896,train
22859398,31,NOS3,GeneOrGeneProduct,4846,902,906,train
22859398,32,IL10,GeneOrGeneProduct,3586,1031,1035,train
22859398,33,rs1800872,SequenceVariant,rs1800872,1036,1045,train
22859398,34,interleukin-10,GeneOrGeneProduct,3586,1069,1083,train
22859398,35,IL-10,GeneOrGeneProduct,3586,1085,1090,train
22859398,36,rs1800896,SequenceVariant,rs1800896,1201,1210,train
22859398,37,IL-10,GeneOrGeneProduct,3586,1234,1239,train
22859398,38,CRP,GeneOrGeneProduct,1401,1372,1375,train
22859398,39,GSTP1,GeneOrGeneProduct,2950,1377,1382,train
22859398,40,IL1B,GeneOrGeneProduct,3553,1388,1392,train
22859398,41,IL10,GeneOrGeneProduct,3586,1403,1407,train
22859398,42,NOS2,GeneOrGeneProduct,4843,1431,1435,train
22859398,43,IL10,GeneOrGeneProduct,3586,1505,1509,train
22859398,44,CRP,GeneOrGeneProduct,1401,1511,1514,train
22859398,45,GSTP1,GeneOrGeneProduct,2950,1516,1521,train
22859398,46,IL1B,GeneOrGeneProduct,3553,1523,1527,train
22859398,47,NOS2,GeneOrGeneProduct,4843,1533,1537,train
22859398,48,prostate cancer,DiseaseOrPhenotypicFeature,D011471,1558,1573,train
22859398,49,prostate cancer,DiseaseOrPhenotypicFeature,D011471,1725,1740,train
27292643,0,Chromosome Instability,DiseaseOrPhenotypicFeature,D043171,23,45,train
27292643,1,Mad2,GeneOrGeneProduct,56150,57,61,train
27292643,2,Breast Cancer,DiseaseOrPhenotypicFeature,D001943,83,96,train
27292643,3,Chromosome instability,DiseaseOrPhenotypicFeature,D043171,144,166,train
27292643,4,CIN,DiseaseOrPhenotypicFeature,D043171,168,171,train
27292643,5,malignancies,DiseaseOrPhenotypicFeature,D009369,245,257,train
27292643,6,CIN,DiseaseOrPhenotypicFeature,D043171,285,288,train
27292643,7,Mad2,GeneOrGeneProduct,56150,409,413,train
27292643,8,Kras,GeneOrGeneProduct,16653,419,423,train
27292643,9,G12D,GeneOrGeneProduct,16653,424,428,train
27292643,10,Her2,GeneOrGeneProduct,13866,433,437,train
27292643,11,mice,OrganismTaxon,10090,465,469,train
27292643,12,tumor,DiseaseOrPhenotypicFeature,D009369,530,535,train
27292643,13,tumor,DiseaseOrPhenotypicFeature,D009369,619,624,train
27292643,14,Mad2,GeneOrGeneProduct,56150,713,717,train
27292643,15,Kras,GeneOrGeneProduct,16653,776,780,train
27292643,16,tumors,DiseaseOrPhenotypicFeature,D009369,781,787,train
27292643,17,Mad2,GeneOrGeneProduct,56150,847,851,train
27292643,18,tumors,DiseaseOrPhenotypicFeature,D009369,861,867,train
28512644,0,SOD1,GeneOrGeneProduct,6647,67,71,train
28512644,1,SOD2,GeneOrGeneProduct,6648,73,77,train
28512644,2,CAT,GeneOrGeneProduct,847,83,86,train
28512644,3,Erysipelas,DiseaseOrPhenotypicFeature,D004886,90,100,train
28512644,4,Patients,OrganismTaxon,9606,101,109,train
28512644,5,streptococcus infection,DiseaseOrPhenotypicFeature,D013290,193,216,train
28512644,6,erysipelas,DiseaseOrPhenotypicFeature,D004886,237,247,train
28512644,7,patients,OrganismTaxon,9606,248,256,train
28512644,8,CAT,GeneOrGeneProduct,847,310,313,train
28512644,9,SOD1,GeneOrGeneProduct,6647,315,319,train
28512644,10,SOD2,GeneOrGeneProduct,6648,325,329,train
28512644,11,erysipelas,DiseaseOrPhenotypicFeature,D004886,384,394,train
28512644,12,erysipelas infection,DiseaseOrPhenotypicFeature,D004886,473,493,train
28512644,13,patients,OrganismTaxon,9606,510,518,train
28512644,14,erysipelas,DiseaseOrPhenotypicFeature,D004886,550,560,train
28512644,15,patients,OrganismTaxon,9606,567,575,train
28512644,16,infection,DiseaseOrPhenotypicFeature,D007239,626,635,train
28512644,17,SOD1,GeneOrGeneProduct,6647,653,657,train
28512644,18,G7958,SequenceVariant,c|Aelle|G|7958,658,663,train
28512644,19,SOD2,GeneOrGeneProduct,6648,665,669,train
28512644,20,T2734,SequenceVariant,c|Aelle|T|2734,670,675,train
28512644,21,CAT,GeneOrGeneProduct,847,681,684,train
28512644,22,C262,SequenceVariant,c|Aelle|C|262,685,689,train
28512644,23,erysipelas,DiseaseOrPhenotypicFeature,D004886,712,722,train
28512644,24,SOD2,GeneOrGeneProduct,6648,759,763,train
28512644,25,T2734C,SequenceVariant,c|SYB|T2734|C,764,770,train
28512644,26,patients,OrganismTaxon,9606,799,807,train
28512644,27,erythematous erysipelas,DiseaseOrPhenotypicFeature,D004886,825,848,train
28512644,28,SOD1,GeneOrGeneProduct,6647,883,887,train
28512644,29,G7958A,SequenceVariant,rs4998557,888,894,train
28512644,30,infection,DiseaseOrPhenotypicFeature,D007239,983,992,train
28512644,31,IL-1beta,GeneOrGeneProduct,3553,1024,1032,train
28512644,32,CCL11,GeneOrGeneProduct,6356,1034,1039,train
28512644,33,IL-2Ralpha,GeneOrGeneProduct,3559,1041,1051,train
28512644,34,CXCL9,GeneOrGeneProduct,4283,1053,1058,train
28512644,35,TRAIL,GeneOrGeneProduct,8743,1060,1065,train
28512644,36,PDGF-BB,GeneOrGeneProduct,5155,1067,1074,train
28512644,37,CCL4,GeneOrGeneProduct,6351,1080,1084,train
28512644,38,infection,DiseaseOrPhenotypicFeature,D007239,1132,1141,train
28512644,39,IL-6,GeneOrGeneProduct,3569,1149,1153,train
28512644,40,IL-9,GeneOrGeneProduct,3578,1155,1159,train
28512644,41,IL-10,GeneOrGeneProduct,3586,1161,1166,train
28512644,42,IL-13,GeneOrGeneProduct,3596,1168,1173,train
28512644,43,IL-15,GeneOrGeneProduct,3600,1175,1180,train
28512644,44,IL-17,GeneOrGeneProduct,3605,1182,1187,train
28512644,45,G-CSF,GeneOrGeneProduct,1440,1189,1194,train
28512644,46,VEGF,GeneOrGeneProduct,7422,1200,1204,train
28512644,47,erysipelas,DiseaseOrPhenotypicFeature,D004886,1259,1269,train
28512644,48,IL-1beta,GeneOrGeneProduct,3553,1291,1299,train
28512644,49,IL-7,GeneOrGeneProduct,3574,1301,1305,train
28512644,50,IL-8,GeneOrGeneProduct,3576,1307,1311,train
28512644,51,IL-17,GeneOrGeneProduct,3605,1313,1318,train
28512644,52,CCL5,GeneOrGeneProduct,6352,1320,1324,train
28512644,53,HGF,GeneOrGeneProduct,3082,1330,1333,train
28512644,54,SOD2,GeneOrGeneProduct,6648,1359,1363,train
28512644,55,T2734C,SequenceVariant,c|SYB|T2734|C,1364,1370,train
28512644,56,PDFG-BB,GeneOrGeneProduct,5155,1390,1397,train
28512644,57,CCL2,GeneOrGeneProduct,6347,1402,1406,train
28512644,58,CAT,GeneOrGeneProduct,847,1432,1435,train
28512644,59,C262T,SequenceVariant,c|SUB|C|262|T,1436,1441,train
28851297,0,Ag-globin,GeneOrGeneProduct,3047,3,12,train
28851297,1,G->A,SequenceVariant,rs368698783,13,17,train
28851297,2,b(0)39 thalassemia globin,GeneOrGeneProduct,3043,52,77,train
28851297,3,fetal hemoglobin,GeneOrGeneProduct,"3040,3048",92,108,train
28851297,4,g-globin,GeneOrGeneProduct,"3047,3048",163,171,train
28851297,5,fetal hemoglobin,GeneOrGeneProduct,"3040,3048",200,216,train
28851297,6,HbF,GeneOrGeneProduct,"3040,3048",218,221,train
28851297,7,b-thalassemia,DiseaseOrPhenotypicFeature,D017086,226,239,train
28851297,8,patients,OrganismTaxon,9606,240,248,train
28851297,9,HbF,GeneOrGeneProduct,"3040,3048",341,344,train
28851297,10,BCL11A,GeneOrGeneProduct,53335,389,395,train
28851297,11,MYB,GeneOrGeneProduct,4602,400,403,train
28851297,12,b-thalassemia,DiseaseOrPhenotypicFeature,D017086,477,490,train
28851297,13,patients,OrganismTaxon,9606,491,499,train
28851297,14,HbF,GeneOrGeneProduct,"3040,3048",598,601,train
28851297,15,Ag-globin,GeneOrGeneProduct,3047,664,673,train
28851297,16,b-thalassemia,DiseaseOrPhenotypicFeature,D017086,747,760,train
28851297,17,patients,OrganismTaxon,9606,761,769,train
28851297,18,rs368698783,SequenceVariant,rs368698783,940,951,train
28851297,19,b-thalassemia,DiseaseOrPhenotypicFeature,D017086,979,992,train
28851297,20,patients,OrganismTaxon,9606,993,1001,train
28851297,21,Ag-globin,GeneOrGeneProduct,3047,1037,1046,train
28851297,22,LYAR,GeneOrGeneProduct,55646,1073,1077,train
28851297,23,human,OrganismTaxon,9606,1079,1084,train
28851297,24,mouse,OrganismTaxon,10090,1098,1103,train
28851297,25,Ly-1 antibody reactive clone,GeneOrGeneProduct,17089,1104,1132,train
28851297,26,Ag,GeneOrGeneProduct,3047,1166,1168,train
28851297,27,+25 G->A,SequenceVariant,rs368698783,1169,1177,train
28851297,28,Gg-globin,GeneOrGeneProduct,3048,1215,1224,train
28851297,29,b(0)39-globin,GeneOrGeneProduct,3043,1272,1285,train
28851297,30,b(+)IVSI-110-globin,GeneOrGeneProduct,3043,1309,1328,train
28851297,31,LYAR,GeneOrGeneProduct,55646,1399,1403,train
28851297,32,Ag,GeneOrGeneProduct,3047,1440,1442,train
28851297,33,+25 G->A,SequenceVariant,rs368698783,1443,1451,train
28851297,34,Gg-globin,GeneOrGeneProduct,3048,1457,1466,train
28851297,35,HbF,GeneOrGeneProduct,"3040,3048",1511,1514,train
28851297,36,b(0)39/b(0)39 thalassemia,DiseaseOrPhenotypicFeature,D017086,1558,1583,train
28851297,37,patients,OrganismTaxon,9606,1584,1592,train
28851297,38,b-thalassemia,DiseaseOrPhenotypicFeature,D017086,1674,1687,train
28851297,39,Gg-globin,GeneOrGeneProduct,3048,1692,1701,train
28851297,40,Ag-globin,GeneOrGeneProduct,3047,1707,1716,train
28851297,41,G->A,SequenceVariant,rs368698783,1718,1722,train
28851297,42,b(0)-thalassemia,DiseaseOrPhenotypicFeature,D017086,1774,1790,train
28851297,43,b(+)-thalassemia,DiseaseOrPhenotypicFeature,D017086,1819,1835,train
28851297,44,b(0)-thalassemia,DiseaseOrPhenotypicFeature,D017086,1955,1971,train
28851297,45,patients,OrganismTaxon,9606,1972,1980,train
28851297,46,HbF,GeneOrGeneProduct,"3040,3048",2022,2025,train
28851297,47,rs368698783,SequenceVariant,rs368698783,2072,2083,train
28851297,48,+25 G->A,SequenceVariant,rs368698783,2085,2093,train
28851297,49,Ag-globin,GeneOrGeneProduct,3047,2115,2124,train
28851297,50,b(0)39 thalassemia,DiseaseOrPhenotypicFeature,D017086,2144,2162,train
28851297,51,patients,OrganismTaxon,9606,2163,2171,train
28851297,52,HbF,GeneOrGeneProduct,"3040,3048",2182,2185,train
15122711,0,POLG,GeneOrGeneProduct,5428,0,4,train
15122711,1,Alpers' syndrome,DiseaseOrPhenotypicFeature,D002549,31,47,train
15122711,2,mitochondrial DNA depletion,DiseaseOrPhenotypicFeature,D028361,52,79,train
15122711,3,Alpers' syndrome,DiseaseOrPhenotypicFeature,D002549,81,97,train
15122711,4,neurogenetic disorder,DiseaseOrPhenotypicFeature,D009422,109,130,train
15122711,5,mitochondrial DNA depletion,DiseaseOrPhenotypicFeature,D028361,215,242,train
15122711,6,DNA polymerase gamma,GeneOrGeneProduct,5428,297,317,train
15122711,7,POLG,GeneOrGeneProduct,5428,319,323,train
15122711,8,seizures,DiseaseOrPhenotypicFeature,D012640,356,364,train
15122711,9,neurodegeneration,DiseaseOrPhenotypicFeature,D019636,366,383,train
15122711,10,liver disease,DiseaseOrPhenotypicFeature,D008107,389,402,train
15122711,11,Alpers' syndrome,DiseaseOrPhenotypicFeature,D002549,434,450,train
15122711,12,POLG,GeneOrGeneProduct,5428,531,535,train
15122711,13,Glu873Stop,SequenceVariant,rs121918047,556,566,train
15122711,14,G1681A,SequenceVariant,rs113994095,689,695,train
15122711,15,Ala467Thr,SequenceVariant,rs113994095,730,739,train
15122711,16,POLG,GeneOrGeneProduct,5428,756,760,train
15817013,0,atrial fibrillation,DiseaseOrPhenotypicFeature,D001281,23,42,train
15817013,1,warfarin,ChemicalEntity,D014859,46,54,train
15817013,2,hemorrhage,DiseaseOrPhenotypicFeature,D006470,74,84,train
15817013,3,stroke,DiseaseOrPhenotypicFeature,D020521,89,95,train
15817013,4,patient,OrganismTaxon,9606,113,120,train
15817013,5,hemorrhage,DiseaseOrPhenotypicFeature,D006470,189,199,train
15817013,6,stroke,DiseaseOrPhenotypicFeature,D020521,204,210,train
15817013,7,atrial fibrillation,DiseaseOrPhenotypicFeature,D001281,244,263,train
15817013,8,warfarin,ChemicalEntity,D014859,281,289,train
15817013,9,patients,OrganismTaxon,9606,500,508,train
15817013,10,atrial fibrillation,DiseaseOrPhenotypicFeature,D001281,612,631,train
15817013,11,warfarin,ChemicalEntity,D014859,635,643,train
15817013,12,bleeding,DiseaseOrPhenotypicFeature,D006470,701,709,train
15817013,13,strokes,DiseaseOrPhenotypicFeature,D020521,720,727,train
15817013,14,warfarin,ChemicalEntity,D014859,733,741,train
15817013,15,patients,OrganismTaxon,9606,764,772,train
15817013,16,patients,OrganismTaxon,9606,860,868,train
15817013,17,men,OrganismTaxon,9606,874,877,train
15817013,18,warfarin,ChemicalEntity,D014859,967,975,train
15817013,19,hemorrhages,DiseaseOrPhenotypicFeature,D006470,1028,1039,train
15817013,20,bleeds,DiseaseOrPhenotypicFeature,D006470,1130,1136,train
15817013,21,stroke,DiseaseOrPhenotypicFeature,D020521,1149,1155,train
15817013,22,warfarin,ChemicalEntity,D014859,1181,1189,train
15817013,23,hemorrhage,DiseaseOrPhenotypicFeature,D006470,1230,1240,train
15817013,24,stroke,DiseaseOrPhenotypicFeature,D020521,1345,1351,train
15817013,25,warfarin,ChemicalEntity,D014859,1360,1368,train
15817013,26,warfarin,ChemicalEntity,D014859,1406,1414,train
17304550,0,synaptotagmin,GeneOrGeneProduct,255928,16,29,train
17304550,1,SYT14,GeneOrGeneProduct,255928,31,36,train
17304550,2,neurodevelopmental abnormalities,DiseaseOrPhenotypicFeature,D009421,54,86,train
17304550,3,cerebral atrophy,DiseaseOrPhenotypicFeature,D001927,247,263,train
17304550,4,macrocephaly,DiseaseOrPhenotypicFeature,D058627,265,277,train
17304550,5,seizures,DiseaseOrPhenotypicFeature,D012640,278,286,train
17304550,6,developmental delay,DiseaseOrPhenotypicFeature,D002658,292,311,train
17304550,7,synaptotagmin,GeneOrGeneProduct,255928,428,441,train
17304550,8,SYT14,GeneOrGeneProduct,255928,448,453,train
17304550,9,SYT14,GeneOrGeneProduct,255928,493,498,train
17304550,10,human,OrganismTaxon,9606,502,507,train
17304550,11,synaptotagmin,GeneOrGeneProduct,255928,576,589,train
17304550,12,calcium,ChemicalEntity,D002118,650,657,train
17304550,13,SYT14,GeneOrGeneProduct,255928,761,766,train
17304550,14,SYT14,GeneOrGeneProduct,255928,899,904,train
17304550,15,SYT14,GeneOrGeneProduct,255928,1021,1026,train
18808529,0,Isoproterenol,ChemicalEntity,D007545,0,13,train
18808529,1,dystrophin,GeneOrGeneProduct,24907,38,48,train
18808529,2,rat,OrganismTaxon,10116,52,55,train
18808529,3,myocardial injury,DiseaseOrPhenotypicFeature,D009202,81,98,train
18808529,4,isoproterenol,ChemicalEntity,D007545,117,130,train
18808529,5,myocardial damage,DiseaseOrPhenotypicFeature,D009202,139,156,train
18808529,6,oxygen,ChemicalEntity,D010100,187,193,train
18808529,7,hypotension,DiseaseOrPhenotypicFeature,D007022,231,242,train
18808529,8,myocardial hyperactivity,DiseaseOrPhenotypicFeature,D009202,247,271,train
18808529,9,isoproterenol,ChemicalEntity,D007545,470,483,train
18808529,10,dystrophin,GeneOrGeneProduct,24907,557,567,train
18808529,11,glycoprotein,GeneOrGeneProduct,11820,568,580,train
18808529,12,actin,GeneOrGeneProduct,60,609,614,train
18808529,13,laminin,GeneOrGeneProduct,309368,619,626,train
18808529,14,isoproterenol,ChemicalEntity,D007545,732,745,train
18808529,15,isoproterenol,ChemicalEntity,D007545,876,889,train
18808529,16,dystrophin,GeneOrGeneProduct,24907,960,970,train
18808529,17,actin,GeneOrGeneProduct,60,1029,1034,train
18808529,18,actin,GeneOrGeneProduct,60,1114,1119,train
18808529,19,dystrophin,GeneOrGeneProduct,24907,1172,1182,train
18808529,20,gamma-sarcoglycan,GeneOrGeneProduct,305941,1227,1244,train
18808529,21,beta-dystroglycan,GeneOrGeneProduct,114489,1246,1263,train
18808529,22,beta1-integrin,GeneOrGeneProduct,24511,1265,1279,train
18808529,23,laminin alpha-2,GeneOrGeneProduct,309368,1285,1300,train
18808529,24,isoproterenol,ChemicalEntity,D007545,1433,1446,train
18808529,25,rats,OrganismTaxon,10116,1450,1454,train
18808529,26,dystrophin,GeneOrGeneProduct,24907,1482,1492,train
18808529,27,ischaemic injury,DiseaseOrPhenotypicFeature,D007511,1665,1681,train
18808529,28,isoproterenol,ChemicalEntity,D007545,1830,1843,train
20415560,0,Vitamin E,ChemicalEntity,D014810,0,9,train
20415560,1,cardiovascular disease,DiseaseOrPhenotypicFeature,D002318,18,40,train
20415560,2,diabetes mellitus,DiseaseOrPhenotypicFeature,D003920,61,78,train
20415560,3,haptoglobin,GeneOrGeneProduct,3240,87,98,train
20415560,4,diabetes mellitus,DiseaseOrPhenotypicFeature,D003920,141,158,train
20415560,5,DM,DiseaseOrPhenotypicFeature,D003920,160,162,train
20415560,6,Haptoglobin,GeneOrGeneProduct,3240,172,183,train
20415560,7,Hp,GeneOrGeneProduct,3240,185,187,train
20415560,8,cardiovascular disease,DiseaseOrPhenotypicFeature,D002318,227,249,train
20415560,9,Hp,GeneOrGeneProduct,3240,286,288,train
20415560,10,antioxidant,ChemicalEntity,D000975,368,379,train
20415560,11,vitamin E,ChemicalEntity,D014810,380,389,train
20415560,12,Hp,GeneOrGeneProduct,3240,449,451,train
20415560,13,DM,DiseaseOrPhenotypicFeature,D003920,456,458,train
20415560,14,Hp,GeneOrGeneProduct,3240,511,513,train
20415560,15,DM,DiseaseOrPhenotypicFeature,D003920,526,528,train
20415560,16,vitamin E,ChemicalEntity,D014810,602,611,train
20415560,17,Hp,GeneOrGeneProduct,3240,615,617,train
20415560,18,stroke,DiseaseOrPhenotypicFeature,D020521,682,688,train
20415560,19,myocardial infarction,DiseaseOrPhenotypicFeature,D009203,690,711,train
20415560,20,cardiovascular death,DiseaseOrPhenotypicFeature,D002318,716,736,train
20415560,21,Hp,GeneOrGeneProduct,3240,1100,1102,train
20415560,22,DM,DiseaseOrPhenotypicFeature,D003920,1107,1109,train
20415560,23,vitamin E,ChemicalEntity,D014810,1127,1136,train
20415560,24,Hp,GeneOrGeneProduct,3240,1249,1251,train
20415560,25,vitamin E,ChemicalEntity,D014810,1265,1274,train
20415560,26,Hp,GeneOrGeneProduct,3240,1320,1322,train
20415560,27,DM,DiseaseOrPhenotypicFeature,D003920,1336,1338,train
20415560,28,Hp,GeneOrGeneProduct,3240,1379,1381,train
20415560,29,vitamin E,ChemicalEntity,D014810,1391,1400,train
20415560,30,myocardial infarct,DiseaseOrPhenotypicFeature,D009203,1415,1433,train
20415560,31,stroke,DiseaseOrPhenotypicFeature,D020521,1435,1441,train
20415560,32,cardiovascular death,DiseaseOrPhenotypicFeature,D002318,1445,1465,train
20415560,33,vitamin E,ChemicalEntity,D014810,1494,1503,train
20415560,34,Hp,GeneOrGeneProduct,3240,1507,1509,train
20415560,35,DM,DiseaseOrPhenotypicFeature,D003920,1514,1516,train
20415560,36,DM,DiseaseOrPhenotypicFeature,D003920,1655,1657,train
20415560,37,Hp,GeneOrGeneProduct,3240,1678,1680,train
20415560,38,Hp,GeneOrGeneProduct,3240,1714,1716,train
20415560,39,vitamin E,ChemicalEntity,D014810,1726,1735,train
20523265,0,complement factor H,GeneOrGeneProduct,3075,21,40,train
20523265,1,C2,GeneOrGeneProduct,717,42,44,train
20523265,2,CFB,GeneOrGeneProduct,629,46,49,train
20523265,3,C3,GeneOrGeneProduct,718,55,57,train
20523265,4,age-related macular degeneration,DiseaseOrPhenotypicFeature,D008268,62,94,train
20523265,5,complement factor H,GeneOrGeneProduct,3075,176,195,train
20523265,6,CFH,GeneOrGeneProduct,3075,197,200,train
20523265,7,C2/BF,GeneOrGeneProduct,"629,717",203,208,train
20523265,8,C3,GeneOrGeneProduct,718,214,216,train
20523265,9,age-related macular degeneration,DiseaseOrPhenotypicFeature,D008268,259,291,train
20523265,10,AMD,DiseaseOrPhenotypicFeature,D008268,293,296,train
20523265,11,patients,OrganismTaxon,9606,500,508,train
20523265,12,AMD,DiseaseOrPhenotypicFeature,D008268,518,521,train
20523265,13,patients,OrganismTaxon,9606,526,534,train
20523265,14,drusen,DiseaseOrPhenotypicFeature,D005128,545,551,train
20523265,15,CFH,GeneOrGeneProduct,3075,652,655,train
20523265,16,C2,GeneOrGeneProduct,717,672,674,train
20523265,17,CFB,GeneOrGeneProduct,629,676,679,train
20523265,18,C3,GeneOrGeneProduct,718,686,688,train
20523265,19,CFHR1,GeneOrGeneProduct,3078,780,785,train
20523265,20,CFHR3,GeneOrGeneProduct,10878,790,795,train
20523265,21,rs3753394,SequenceVariant,rs3753394,906,915,train
20523265,22,rs800292,SequenceVariant,rs800292,930,938,train
20523265,23,rs1061170,SequenceVariant,rs1061170,953,962,train
20523265,24,rs1329428,SequenceVariant,rs1329428,982,991,train
20523265,25,CFH,GeneOrGeneProduct,3075,1009,1012,train
20523265,26,AMD,DiseaseOrPhenotypicFeature,D008268,1055,1058,train
20523265,27,AMD,DiseaseOrPhenotypicFeature,D008268,1176,1179,train
20523265,28,rs2274700,SequenceVariant,rs2274700,1298,1307,train
20523265,29,rs1410996,SequenceVariant,rs1410996,1312,1321,train
20523265,30,AMD,DiseaseOrPhenotypicFeature,D008268,1366,1369,train
20523265,31,CFH,GeneOrGeneProduct,3075,1431,1434,train
20523265,32,drusen,DiseaseOrPhenotypicFeature,D005128,1473,1479,train
20523265,33,CFH,GeneOrGeneProduct,3075,1505,1508,train
20523265,34,C2,GeneOrGeneProduct,717,1510,1512,train
20523265,35,CFB,GeneOrGeneProduct,629,1514,1517,train
20523265,36,C3,GeneOrGeneProduct,718,1523,1525,train
20523265,37,AMD,DiseaseOrPhenotypicFeature,D008268,1575,1578,train
20523265,38,drusen,DiseaseOrPhenotypicFeature,D005128,1582,1588,train
20523265,39,CFHR1,GeneOrGeneProduct,3078,1622,1627,train
20523265,40,CFHR3,GeneOrGeneProduct,10878,1632,1637,train
20523265,41,AMD,DiseaseOrPhenotypicFeature,D008268,1725,1728,train
20523265,42,drusen,DiseaseOrPhenotypicFeature,D005128,1732,1738,train
20523265,43,rs3753394,SequenceVariant,rs3753394,1780,1789,train
20523265,44,rs800292,SequenceVariant,rs800292,1804,1812,train
20523265,45,rs1061170,SequenceVariant,rs1061170,1827,1836,train
20523265,46,rs1329428,SequenceVariant,rs1329428,1856,1865,train
20523265,47,rs7535263,SequenceVariant,rs7535263,1888,1897,train
20523265,48,rs1410996,SequenceVariant,rs1410996,1899,1908,train
20523265,49,rs2274700,SequenceVariant,rs2274700,1913,1922,train
20523265,50,CFH,GeneOrGeneProduct,3075,1927,1930,train
20523265,51,AMD,DiseaseOrPhenotypicFeature,D008268,1970,1973,train
20523265,52,CFH,GeneOrGeneProduct,3075,2035,2038,train
20523265,53,AMD,DiseaseOrPhenotypicFeature,D008268,2061,2064,train
20523265,54,CFHR1,GeneOrGeneProduct,3078,2127,2132,train
20523265,55,CFHR3,GeneOrGeneProduct,10878,2137,2142,train
20523265,56,AMD,DiseaseOrPhenotypicFeature,D008268,2262,2265,train
20523265,57,C2,GeneOrGeneProduct,717,2291,2293,train
20523265,58,CFB,GeneOrGeneProduct,629,2295,2298,train
20523265,59,C3,GeneOrGeneProduct,718,2304,2306,train
20523265,60,AMD,DiseaseOrPhenotypicFeature,D008268,2351,2354,train
20949073,0,cystic fibrosis,DiseaseOrPhenotypicFeature,D003550,531,546,train
20949073,1,patients,OrganismTaxon,9606,547,555,train
20949073,2,E831X,SequenceVariant,rs397508387,575,580,train
20949073,3,2623G>T,SequenceVariant,rs397508387,591,598,train
20949073,4,CFTR,GeneOrGeneProduct,1080,607,611,train
20973483,0,adenosine A2A/A1 receptor antagonist,ChemicalEntity,D058915,35,71,train
20973483,1,Parkinson's disease,DiseaseOrPhenotypicFeature,D010300,92,111,train
20973483,2,adenosine A(2A)/A(1) receptor antagonist,ChemicalEntity,D058915,152,192,train
20973483,3,Parkinson's disease,DiseaseOrPhenotypicFeature,D010300,221,240,train
20973483,4,A(2A)/A(1) receptor antagonist,ChemicalEntity,D058915,441,471,train
20973483,5,Parkinson's disease,DiseaseOrPhenotypicFeature,D010300,616,635,train
20973483,6,mouse,OrganismTaxon,10090,646,651,train
20973483,7,rat,OrganismTaxon,10116,656,659,train
20973483,8,haloperidol,ChemicalEntity,D006220,670,681,train
20973483,9,catalepsy,DiseaseOrPhenotypicFeature,D002375,690,699,train
20973483,10,mouse,OrganismTaxon,10090,701,706,train
20973483,11,reserpine,ChemicalEntity,D012110,716,725,train
20973483,12,akinesia,DiseaseOrPhenotypicFeature,D004409,734,742,train
20973483,13,rat,OrganismTaxon,10116,744,747,train
20973483,14,6-hydroxydopamine,ChemicalEntity,D016627,748,765,train
20973483,15,6-OHDA,ChemicalEntity,D016627,767,773,train
20973483,16,MPTP,ChemicalEntity,D015632,818,822,train
20973483,17,human,OrganismTaxon,9606,835,840,train
21533187,0,PTPN11,GeneOrGeneProduct,5781,30,36,train
21533187,1,metachondromatosis,DiseaseOrPhenotypicFeature,C562938,43,61,train
21533187,2,Ollier disease,DiseaseOrPhenotypicFeature,D004687,71,85,train
21533187,3,Maffucci syndrome,DiseaseOrPhenotypicFeature,D004687,89,106,train
21533187,4,Metachondromatosis,DiseaseOrPhenotypicFeature,C562938,108,126,train
21533187,5,MC,DiseaseOrPhenotypicFeature,C562938,128,130,train
21533187,6,exostosis,DiseaseOrPhenotypicFeature,D005096,195,204,train
21533187,7,enchondromatosis tumor syndrome,DiseaseOrPhenotypicFeature,D004687,209,240,train
21533187,8,MC,DiseaseOrPhenotypicFeature,C562938,242,244,train
21533187,9,multiple exostosis,DiseaseOrPhenotypicFeature,D005097,279,297,train
21533187,10,multiple enchondromatosis syndromes,DiseaseOrPhenotypicFeature,D004687,301,336,train
21533187,11,EXT1,GeneOrGeneProduct,2131,356,360,train
21533187,12,EXT2,GeneOrGeneProduct,2132,365,369,train
21533187,13,multiple osteochondromas,DiseaseOrPhenotypicFeature,D005097,416,440,train
21533187,14,MO,DiseaseOrPhenotypicFeature,D005097,442,444,train
21533187,15,MC,DiseaseOrPhenotypicFeature,C562938,470,472,train
21533187,16,MC,DiseaseOrPhenotypicFeature,C562938,667,669,train
21533187,17,PTPN11,GeneOrGeneProduct,5781,866,872,train
21533187,18,PTPN11,GeneOrGeneProduct,5781,926,932,train
21533187,19,MC,DiseaseOrPhenotypicFeature,C562938,965,967,train
21533187,20,PTPN11,GeneOrGeneProduct,5781,1166,1172,train
21533187,21,15 kb deletion,SequenceVariant,c|DEL||15K,1217,1231,train
21533187,22,PTPN11,GeneOrGeneProduct,5781,1251,1257,train
21533187,23,MC,DiseaseOrPhenotypicFeature,C562938,1274,1276,train
21533187,24,patients,OrganismTaxon,9606,1294,1302,train
21533187,25,PTPN11,GeneOrGeneProduct,5781,1308,1314,train
21533187,26,PTPN11,GeneOrGeneProduct,5781,1405,1411,train
21533187,27,patients,OrganismTaxon,9606,1435,1443,train
21533187,28,enchondromatosis disorders Ollier disease,DiseaseOrPhenotypicFeature,D004687,1462,1503,train
21533187,29,Maffucci syndrome,DiseaseOrPhenotypicFeature,D004687,1507,1524,train
21533187,30,PTPN11,GeneOrGeneProduct,5781,1555,1561,train
21533187,31,PTPN11,GeneOrGeneProduct,5781,1633,1639,train
21533187,32,MC,DiseaseOrPhenotypicFeature,C562938,1664,1666,train
21533187,33,patients,OrganismTaxon,9606,1684,1692,train
21533187,34,MC,DiseaseOrPhenotypicFeature,C562938,1698,1700,train
21533187,35,MC,DiseaseOrPhenotypicFeature,C562938,1748,1750,train
21533187,36,PTPN11,GeneOrGeneProduct,5781,1861,1867,train
21533187,37,PTPN11,GeneOrGeneProduct,5781,1888,1894,train
21533187,38,Ollier disease,DiseaseOrPhenotypicFeature,D004687,1931,1945,train
21533187,39,Maffucci syndrome,DiseaseOrPhenotypicFeature,D004687,1949,1966,train
23952588,0,levodopa,ChemicalEntity,D007980,31,39,train
23952588,1,dyskinesia,DiseaseOrPhenotypicFeature,D004409,48,58,train
23952588,2,Parkinson's disease,DiseaseOrPhenotypicFeature,D010300,93,112,train
23952588,3,levodopa,ChemicalEntity,D007980,132,140,train
23952588,4,Parkinson's disease,DiseaseOrPhenotypicFeature,D010300,153,172,train
23952588,5,PD,DiseaseOrPhenotypicFeature,D010300,174,176,train
23952588,6,dyskinesia,DiseaseOrPhenotypicFeature,D004409,229,239,train
23952588,7,levodopa,ChemicalEntity,D007980,285,293,train
23952588,8,dyskinesia,DiseaseOrPhenotypicFeature,D004409,302,312,train
23952588,9,patients,OrganismTaxon,9606,341,349,train
23952588,10,PD,DiseaseOrPhenotypicFeature,D010300,355,357,train
23952588,11,patients,OrganismTaxon,9606,413,421,train
23952588,12,PD,DiseaseOrPhenotypicFeature,D010300,427,429,train
23952588,13,levodopa,ChemicalEntity,D007980,447,455,train
23952588,14,dyskinesia,DiseaseOrPhenotypicFeature,D004409,555,565,train
23952588,15,Dyskinesia,DiseaseOrPhenotypicFeature,D004409,761,771,train
23952588,16,levodopa,ChemicalEntity,D007980,812,820,train
23952588,17,patients,OrganismTaxon,9606,943,951,train
23952588,18,dyskinesia,DiseaseOrPhenotypicFeature,D004409,957,967,train
23952588,19,Patients,OrganismTaxon,9606,995,1003,train
23952588,20,dyskinesia,DiseaseOrPhenotypicFeature,D004409,1009,1019,train
23952588,21,levodopa,ChemicalEntity,D007980,1073,1081,train
23952588,22,levodopa,ChemicalEntity,D007980,1161,1169,train
23952588,23,patients,OrganismTaxon,9606,1237,1245,train
23952588,24,dyskinesia,DiseaseOrPhenotypicFeature,D004409,1254,1264,train
23952588,25,dyskinesia,DiseaseOrPhenotypicFeature,D004409,1302,1312,train
23952588,26,levodopa,ChemicalEntity,D007980,1330,1338,train
23952588,27,levodopa,ChemicalEntity,D007980,1375,1383,train
23952588,28,levodopa,ChemicalEntity,D007980,1421,1429,train
23952588,29,dyskinesia,DiseaseOrPhenotypicFeature,D004409,1438,1448,train
23952588,30,patients,OrganismTaxon,9606,1456,1464,train
23952588,31,levodopa,ChemicalEntity,D007980,1523,1531,train
23952588,32,levodopa,ChemicalEntity,D007980,1553,1561,train
25305591,0,VPAC2,GeneOrGeneProduct,22355,0,5,train
25305591,1,vasoactive intestinal peptide receptor type 2,GeneOrGeneProduct,22355,7,52,train
25305591,2,mice,OrganismTaxon,10090,73,77,train
25305591,3,experimental autoimmune encephalomyelitis,DiseaseOrPhenotypicFeature,D004681,98,139,train
25305591,4,Vasoactive intestinal peptide,GeneOrGeneProduct,22353,196,225,train
25305591,5,VIP,GeneOrGeneProduct,22353,227,230,train
25305591,6,pituitary adenylyl cyclase-activating polypeptide,GeneOrGeneProduct,11516,236,285,train
25305591,7,PACAP,GeneOrGeneProduct,11516,287,292,train
25305591,8,inflammatory,DiseaseOrPhenotypicFeature,D007249,483,495,train
25305591,9,inflammatory disease,DiseaseOrPhenotypicFeature,D007249,542,562,train
25305591,10,mice,OrganismTaxon,10090,564,568,train
25305591,11,VIP,GeneOrGeneProduct,22353,582,585,train
25305591,12,PACAP,GeneOrGeneProduct,11516,590,595,train
25305591,13,experimental autoimmune encephalomyelitis,DiseaseOrPhenotypicFeature,D004681,707,748,train
25305591,14,EAE,DiseaseOrPhenotypicFeature,D004681,750,753,train
25305591,15,VPAC1,GeneOrGeneProduct,22354,867,872,train
25305591,16,VPAC2,GeneOrGeneProduct,22355,874,879,train
25305591,17,PAC1,GeneOrGeneProduct,11517,885,889,train
25305591,18,mice,OrganismTaxon,10090,933,937,train
25305591,19,VIPR2,GeneOrGeneProduct,22355,965,970,train
25305591,20,VPAC2 receptor,GeneOrGeneProduct,22355,985,999,train
25305591,21,MOG35-55,GeneOrGeneProduct,4340,1024,1032,train
25305591,22,EAE,DiseaseOrPhenotypicFeature,D004681,1042,1045,train
25305591,23,mice,OrganismTaxon,10090,1068,1072,train
25305591,24,proinflammatory cytokines,GeneOrGeneProduct,"15978,16171,16193,21926",1151,1176,train
25305591,25,TNF-alpha,GeneOrGeneProduct,21926,1178,1187,train
25305591,26,IL-6,GeneOrGeneProduct,16193,1189,1193,train
25305591,27,IFN-gamma,GeneOrGeneProduct,15978,1195,1204,train
25305591,28,IL-17,GeneOrGeneProduct,16171,1216,1221,train
25305591,29,anti-inflammatory cytokines,GeneOrGeneProduct,"16153,16189,21803",1242,1269,train
25305591,30,IL-10,GeneOrGeneProduct,16153,1271,1276,train
25305591,31,TGFbeta,GeneOrGeneProduct,21803,1278,1285,train
25305591,32,IL-4,GeneOrGeneProduct,16189,1291,1295,train
25305591,33,CD4,GeneOrGeneProduct,12504,1409,1412,train
25305591,34,CD25,GeneOrGeneProduct,16184,1415,1419,train
25305591,35,FoxP3,GeneOrGeneProduct,20371,1422,1427,train
25305591,36,VPAC2,GeneOrGeneProduct,22355,1464,1469,train
25305591,37,mice,OrganismTaxon,10090,1480,1484,train
25305591,38,EAE,DiseaseOrPhenotypicFeature,D004681,1490,1493,train
25305591,39,VPAC2,GeneOrGeneProduct,22355,1575,1580,train
25305591,40,mice,OrganismTaxon,10090,1591,1595,train
25305591,41,PACAP,GeneOrGeneProduct,11516,1673,1678,train
25305591,42,VPAC2 receptor,GeneOrGeneProduct,22355,1687,1701,train
27643404,0,Alcohol,ChemicalEntity,D000438,0,7,train
27643404,1,prostate cancer,DiseaseOrPhenotypicFeature,D011471,24,39,train
27643404,2,Prostate cancer,DiseaseOrPhenotypicFeature,D011471,100,115,train
27643404,3,cancer,DiseaseOrPhenotypicFeature,D009369,135,141,train
27643404,4,men,OrganismTaxon,9606,145,148,train
27643404,5,alcohol,ChemicalEntity,D000438,235,242,train
27643404,6,prostate cancer,DiseaseOrPhenotypicFeature,D011471,258,273,train
27643404,7,alcohol,ChemicalEntity,D000438,456,463,train
27643404,8,prostate cancer,DiseaseOrPhenotypicFeature,D011471,488,503,train
27643404,9,men,OrganismTaxon,9606,557,560,train
27643404,10,prostate cancer,DiseaseOrPhenotypicFeature,D011471,566,581,train
27643404,11,alcohol,ChemicalEntity,D000438,743,750,train
27643404,12,Alcohol Dehydrogenases,GeneOrGeneProduct,125,771,793,train
27643404,13,ADHs,GeneOrGeneProduct,125,795,799,train
27643404,14,Aldehyde Dehydrogenases,GeneOrGeneProduct,8854,805,828,train
27643404,15,ALDHs,GeneOrGeneProduct,8854,830,835,train
27643404,16,prostate cancer,DiseaseOrPhenotypicFeature,D011471,843,858,train
27643404,17,prostate cancer,DiseaseOrPhenotypicFeature,D011471,873,888,train
27643404,18,alcohol,ChemicalEntity,D000438,1127,1134,train
27643404,19,prostate cancer,DiseaseOrPhenotypicFeature,D011471,1175,1190,train
27643404,20,prostate cancer,DiseaseOrPhenotypicFeature,D011471,1291,1306,train
27643404,21,ALDH1A2,GeneOrGeneProduct,8854,1360,1367,train
27643404,22,prostate cancer,DiseaseOrPhenotypicFeature,D011471,1384,1399,train
27643404,23,rs1441817,SequenceVariant,rs1441817,1415,1424,train
27643404,24,rs12910509,SequenceVariant,rs12910509,1533,1543,train
27643404,25,rs8041922,SequenceVariant,rs8041922,1602,1611,train
27643404,26,ALDH1B1,GeneOrGeneProduct,219,1728,1735,train
27643404,27,rs10973794,SequenceVariant,rs10973794,1737,1747,train
27643404,28,prostate cancer,DiseaseOrPhenotypicFeature,D011471,1821,1836,train
27643404,29,men,OrganismTaxon,9606,1850,1853,train
27643404,30,prostate cancer,DiseaseOrPhenotypicFeature,D011471,1869,1884,train
27643404,31,alcohol,ChemicalEntity,D000438,1913,1920,train
27643404,32,prostate cancer,DiseaseOrPhenotypicFeature,D011471,1955,1970,train
15686794,0,low back pain,DiseaseOrPhenotypicFeature,D017116,6,19,train
15686794,1,amiodarone,ChemicalEntity,D000638,57,67,train
15686794,2,Amiodarone,ChemicalEntity,D000638,92,102,train
15686794,3,antiarrhythmic drug,ChemicalEntity,D000889,127,146,train
15686794,4,atrial fibrillation,DiseaseOrPhenotypicFeature,D001281,181,200,train
15686794,5,AF,DiseaseOrPhenotypicFeature,D001281,202,204,train
15686794,6,patients,OrganismTaxon,9606,263,271,train
15686794,7,atrial fibrillation,DiseaseOrPhenotypicFeature,D001281,300,319,train
15686794,8,low back pain,DiseaseOrPhenotypicFeature,D017116,358,371,train
15686794,9,amiodarone,ChemicalEntity,D000638,418,428,train
15755837,0,dihydrofolate reductase,GeneOrGeneProduct,1719,7,30,train
15755837,1,19-base pair deletion,SequenceVariant,c|DEL||19,31,52,train
15755837,2,preterm delivery,DiseaseOrPhenotypicFeature,D047928,85,101,train
15755837,3,Folate,ChemicalEntity,D005492,115,121,train
15755837,4,Dihydrofolate reductase,GeneOrGeneProduct,1719,194,217,train
15755837,5,DHFR,GeneOrGeneProduct,1719,219,223,train
15755837,6,folic acid,ChemicalEntity,D005492,252,262,train
15755837,7,dihydrofolate,ChemicalEntity,C010920,318,331,train
15755837,8,thymidylate synthase,GeneOrGeneProduct,7298,344,364,train
15755837,9,folate,ChemicalEntity,D005492,401,407,train
15755837,10,DHFR,GeneOrGeneProduct,1719,532,536,train
15755837,11,preterm delivery,DiseaseOrPhenotypicFeature,D047928,563,579,train
15755837,12,women,OrganismTaxon,9606,633,638,train
15755837,13,Folate,ChemicalEntity,D005492,656,662,train
15755837,14,folate,ChemicalEntity,D005492,688,694,train
15755837,15,women,OrganismTaxon,9606,824,829,train
15755837,16,Women,OrganismTaxon,9606,867,872,train
15755837,17,preterm delivery,DiseaseOrPhenotypicFeature,D047928,932,948,train
15755837,18,Women,OrganismTaxon,9606,1052,1057,train
15755837,19,DHFR,GeneOrGeneProduct,1719,1070,1074,train
15755837,20,folate,ChemicalEntity,D005492,1099,1105,train
15755837,21,preterm delivery,DiseaseOrPhenotypicFeature,D047928,1192,1208,train
15755837,22,women,OrganismTaxon,9606,1375,1380,train
15755837,23,folate,ChemicalEntity,D005492,1418,1424,train
15755837,24,DHFR,GeneOrGeneProduct,1719,1466,1470,train
15755837,25,19-base pair deletion,SequenceVariant,c|DEL||19,1471,1492,train
15755837,26,preterm delivery,DiseaseOrPhenotypicFeature,D047928,1525,1541,train
15755837,27,folate,ChemicalEntity,D005492,1574,1580,train
15851735,0,glycine encephalopathy,DiseaseOrPhenotypicFeature,D020158,5,27,train
15851735,1,NKH,DiseaseOrPhenotypicFeature,D020158,29,32,train
15851735,2,GLDC,GeneOrGeneProduct,2731,76,80,train
15851735,3,glycine encephalopathy,DiseaseOrPhenotypicFeature,D020158,133,155,train
15851735,4,GE,DiseaseOrPhenotypicFeature,D020158,157,159,train
15851735,5,GE,DiseaseOrPhenotypicFeature,D020158,389,391,train
15851735,6,GLDC,GeneOrGeneProduct,2731,494,498,train
15851735,7,AMT,GeneOrGeneProduct,275,500,503,train
15851735,8,GCSH,GeneOrGeneProduct,2653,509,513,train
15851735,9,GLDC,GeneOrGeneProduct,2731,530,534,train
15851735,10,hypotonia,DiseaseOrPhenotypicFeature,D009123,667,676,train
15851735,11,abnormal movements,DiseaseOrPhenotypicFeature,D009069,678,696,train
15851735,12,convulsions,DiseaseOrPhenotypicFeature,D012640,698,709,train
15851735,13,mental retardation,DiseaseOrPhenotypicFeature,D008607,724,742,train
15851735,14,Aggression,DiseaseOrPhenotypicFeature,D001523,849,859,train
15851735,15,irritability,DiseaseOrPhenotypicFeature,D001523,864,876,train
15851735,16,patients,OrganismTaxon,9606,965,973,train
15851735,17,GLDC,GeneOrGeneProduct,2731,1057,1061,train
15851735,18,c.2607C>A,SequenceVariant,rs386833565,1083,1092,train
15851735,19,GLDC,GeneOrGeneProduct,2731,1106,1110,train
15851735,20,c.2607C>A,SequenceVariant,rs386833565,1305,1314,train
15851735,21,patient,OrganismTaxon,9606,1380,1387,train
15851735,22,GE,DiseaseOrPhenotypicFeature,D020158,1454,1456,train
15851735,23,GLDC,GeneOrGeneProduct,2731,1626,1630,train
15851735,24,glycine decarboxylase,GeneOrGeneProduct,2731,1632,1653,train
15851735,25,GLDC,GeneOrGeneProduct,2731,1699,1703,train
15851735,26,patients,OrganismTaxon,9606,1716,1724,train
15851735,27,patients,OrganismTaxon,9606,1799,1807,train
15851735,28,glycine encephalopathy,DiseaseOrPhenotypicFeature,D020158,1821,1843,train
18262054,0,BMPR1A,GeneOrGeneProduct,657,52,58,train
18262054,1,juvenile polyposis,DiseaseOrPhenotypicFeature,C537702,67,85,train
18262054,2,BMPR1A,GeneOrGeneProduct,657,128,134,train
18262054,3,juvenile polyposis,DiseaseOrPhenotypicFeature,C537702,152,170,train
18262054,4,colon cancer,DiseaseOrPhenotypicFeature,D003110,175,187,train
18262054,5,735-6 TG>AT,SequenceVariant,c|SUB|TG|735_736|AT,246,257,train
18262054,6,Y245X,SequenceVariant,p|SUB|Y|245|X,294,299,train
18262054,7,G246X,SequenceVariant,p|SUB|G|246|X,301,306,train
18262054,8,human,OrganismTaxon,9606,487,492,train
18470323,0,lattice corneal dystrophy type I,DiseaseOrPhenotypicFeature,C537881,25,57,train
18470323,1,R124C,SequenceVariant,rs121909210,63,68,train
18470323,2,TGFBI,GeneOrGeneProduct,7045,85,90,train
18470323,3,BIGH3,GeneOrGeneProduct,7045,92,97,train
18470323,4,lattice corneal dystrophy type I,DiseaseOrPhenotypicFeature,C537881,182,214,train
18470323,5,LCDI,DiseaseOrPhenotypicFeature,C537881,216,220,train
18470323,6,lattice corneal dystrophy type I,DiseaseOrPhenotypicFeature,C537881,513,545,train
18470323,7,transforming growth factor-induced gene,GeneOrGeneProduct,7045,561,600,train
18470323,8,TGFBI,GeneOrGeneProduct,7045,602,607,train
18470323,9,R124C,SequenceVariant,rs121909210,654,659,train
18470323,10,PstI,GeneOrGeneProduct,6690,868,872,train
18470323,11,lattice corneal dystrophy,DiseaseOrPhenotypicFeature,C537881,1065,1090,train
18470323,12,LCD1,DiseaseOrPhenotypicFeature,C537881,1122,1126,train
18470323,13,patients,OrganismTaxon,9606,1408,1416,train
18470323,14,TGFBI,GeneOrGeneProduct,7045,1566,1571,train
18470323,15,C417T,SequenceVariant,rs121909210,1641,1646,train
18470323,16,R124C,SequenceVariant,rs121909210,1684,1689,train
18470323,17,TGF-induced protein,GeneOrGeneProduct,7045,1706,1725,train
18470323,18,R124C,SequenceVariant,rs121909210,1872,1877,train
18470323,19,TGFBI,GeneOrGeneProduct,7045,1890,1895,train
18470323,20,LCD type I,DiseaseOrPhenotypicFeature,C537881,1914,1924,train
18470323,21,LCD type I,DiseaseOrPhenotypicFeature,C537881,2005,2015,train
18470323,22,patients,OrganismTaxon,9606,2027,2035,train
18772193,0,alpha-synuclein,GeneOrGeneProduct,6622,21,36,train
18772193,1,toxicity,DiseaseOrPhenotypicFeature,D064420,37,45,train
18772193,2,yeast,OrganismTaxon,4932,63,68,train
18772193,3,Parkinson's disease,DiseaseOrPhenotypicFeature,D010300,97,116,train
18772193,4,alpha-synuclein,GeneOrGeneProduct,6622,133,148,train
18772193,5,alpha-syn,GeneOrGeneProduct,6622,150,159,train
18772193,6,neurodegeneration,DiseaseOrPhenotypicFeature,D019636,168,185,train
18772193,7,alpha-syn,GeneOrGeneProduct,6622,258,267,train
18772193,8,yeast,OrganismTaxon,4932,350,355,train
18772193,9,Saccharomyces cerevisiae,OrganismTaxon,4932,356,380,train
18772193,10,alpha-syn,GeneOrGeneProduct,6622,392,401,train
18772193,11,hydrogen peroxide,ChemicalEntity,D006861,416,433,train
18772193,12,ubiquitin,GeneOrGeneProduct,850620,450,459,train
18772193,13,ENT3,GeneOrGeneProduct,853589,601,605,train
18772193,14,IDP3,GeneOrGeneProduct,855723,607,611,train
18772193,15,JEM1,GeneOrGeneProduct,853372,613,617,train
18772193,16,ARG2,GeneOrGeneProduct,853374,619,623,train
18772193,17,HSP82,GeneOrGeneProduct,855836,628,633,train
18772193,18,alpha-syn,GeneOrGeneProduct,6622,676,685,train
18772193,19,reactive oxygen species,ChemicalEntity,D017382,694,717,train
18772193,20,toxicity,DiseaseOrPhenotypicFeature,D064420,841,849,train
18772193,21,alpha-syn,GeneOrGeneProduct,6622,853,862,train
18772193,22,alpha-syn,GeneOrGeneProduct,6622,932,941,train
18772193,23,alpha-syn,GeneOrGeneProduct,6622,995,1004,train
18772193,24,alpha-syn,GeneOrGeneProduct,6622,1058,1067,train
18772193,25,toxicity,DiseaseOrPhenotypicFeature,D064420,1112,1120,train
18772193,26,A30P,SequenceVariant,p|SUB|A|30|P,1150,1154,train
18772193,27,A53T,SequenceVariant,p|SUB|A|53|T,1158,1162,train
18772193,28,alpha-syn,GeneOrGeneProduct,6622,1191,1200,train
18772193,29,toxicity,DiseaseOrPhenotypicFeature,D064420,1208,1216,train
18772193,30,Ent3p,GeneOrGeneProduct,853589,1314,1319,train
18772193,31,clathrin,ChemicalEntity,D002966,1332,1340,train
18772193,32,alpha-syn,GeneOrGeneProduct,6622,1429,1438,train
18772193,33,Ent3p,GeneOrGeneProduct,853589,1546,1551,train
18772193,34,alpha-syn,GeneOrGeneProduct,6622,1578,1587,train
18772193,35,clathrin,ChemicalEntity,D002966,1642,1650,train
18772193,36,epsinR,GeneOrGeneProduct,9685,1668,1674,train
18772193,37,humans,OrganismTaxon,9606,1686,1692,train
19101703,0,oculopharyngeal muscular dystrophy,DiseaseOrPhenotypicFeature,D039141,33,67,train
19101703,1,Oculopharyngeal muscular dystrophy,DiseaseOrPhenotypicFeature,D039141,81,115,train
19101703,2,OPMD,DiseaseOrPhenotypicFeature,D039141,117,121,train
19101703,3,autosomal dominant muscle disorder,DiseaseOrPhenotypicFeature,D030342,139,173,train
19101703,4,OPMD,DiseaseOrPhenotypicFeature,D039141,175,179,train
19101703,5,polyalanine,ChemicalEntity,C019529,253,264,train
19101703,6,polyadenylate binding-protein nuclear 1,GeneOrGeneProduct,8106,278,317,train
19101703,7,PABPN1,GeneOrGeneProduct,8106,319,325,train
19101703,8,PABPN1,GeneOrGeneProduct,8106,367,373,train
19101703,9,OPMD,DiseaseOrPhenotypicFeature,D039141,410,414,train
19101703,10,OPMD,DiseaseOrPhenotypicFeature,D039141,516,520,train
19101703,11,PABPN1,GeneOrGeneProduct,8106,556,562,train
19101703,12,OPMD,DiseaseOrPhenotypicFeature,D039141,641,645,train
19101703,13,PABPN1,GeneOrGeneProduct,8106,741,747,train
19101703,14,(GCG)6(GCA)3GCG sequence was replaced by (GCG)6(GCA)(GCG)4(GCA)3GCG,SequenceVariant,c|SUB|(GCG)6(GCA)3GCG||(GCG)6(GCA)(GCG)4(GCA)3GCG,765,832,train
19101703,15,insertion of (GCG)4GCA,SequenceVariant,c|INS|(GCG)4GCA,843,865,train
19101703,16,OPMD,DiseaseOrPhenotypicFeature,D039141,906,910,train
19101703,17,OPMD,DiseaseOrPhenotypicFeature,D039141,983,987,train
19101703,18,patients,OrganismTaxon,9606,988,996,train
19101703,19,insertion of (GCG)4GCA,SequenceVariant,c|INS|(GCG)4GCA,1019,1041,train
19101703,20,PABPN1,GeneOrGeneProduct,8106,1049,1055,train
19101703,21,OPMD,DiseaseOrPhenotypicFeature,D039141,1088,1092,train
19101703,22,PABPN1,GeneOrGeneProduct,8106,1211,1217,train
19536134,0,TAK1,GeneOrGeneProduct,26409,0,4,train
19536134,1,BMP,GeneOrGeneProduct,12159,34,37,train
19536134,2,TGFbeta activated kinase 1,GeneOrGeneProduct,26409,63,89,train
19536134,3,TAK1,GeneOrGeneProduct,26409,91,95,train
19536134,4,MAPKKK,GeneOrGeneProduct,26409,114,120,train
19536134,5,TAK1,GeneOrGeneProduct,26409,288,292,train
19536134,6,mice,OrganismTaxon,10090,320,324,train
19536134,7,Tak1,GeneOrGeneProduct,26409,356,360,train
19536134,8,collagen 2,GeneOrGeneProduct,12824,375,385,train
19536134,9,Tak1,GeneOrGeneProduct,26409,396,400,train
19536134,10,col2,GeneOrGeneProduct,12824,401,405,train
19536134,11,mice,OrganismTaxon,10090,407,411,train
19536134,12,chondrodysplasia,DiseaseOrPhenotypicFeature,D010009,429,445,train
19536134,13,joint abnormalities,DiseaseOrPhenotypicFeature,D007592,521,540,train
19536134,14,elbow dislocation,DiseaseOrPhenotypicFeature,D004204,551,568,train
19536134,15,tarsal fusion,DiseaseOrPhenotypicFeature,D000070604,573,586,train
19536134,16,bone morphogenetic protein receptor (BMPR)1,GeneOrGeneProduct,12166,621,664,train
19536134,17,Gdf5,GeneOrGeneProduct,14563,669,673,train
19536134,18,mice,OrganismTaxon,10090,684,688,train
19536134,19,BMPR,GeneOrGeneProduct,12166,690,694,train
19536134,20,TAK1,GeneOrGeneProduct,26409,731,735,train
19536134,21,BMP,GeneOrGeneProduct,12159,803,806,train
19536134,22,Smad1/5/8,GeneOrGeneProduct,"17125,17129,55994",858,867,train
19536134,23,p38,GeneOrGeneProduct,26416,872,875,train
19536134,24,Jnk,GeneOrGeneProduct,26419,876,879,train
19536134,25,Erk,GeneOrGeneProduct,26413,880,883,train
19536134,26,MAP kinases,GeneOrGeneProduct,"26413,26416,26419",884,895,train
19536134,27,TAK1,GeneOrGeneProduct,26409,897,901,train
19536134,28,Smad1,GeneOrGeneProduct,17125,911,916,train
19536134,29,TAK1,GeneOrGeneProduct,26409,1041,1045,train
19536134,30,BMP,GeneOrGeneProduct,12159,1062,1065,train
19536134,31,Smad1/5/8,GeneOrGeneProduct,"17125,17129,55994",1128,1137,train
19536134,32,MAP kinase,GeneOrGeneProduct,"26413,26416,26419",1182,1192,train
19536134,33,TAK1,GeneOrGeneProduct,26409,1248,1252,train
20428796,0,TGF-beta1,GeneOrGeneProduct,4052,28,37,train
20428796,1,oligonucleotides,ChemicalEntity,D009841,51,67,train
20428796,2,TGF-beta-isoforms and their receptors I and II,GeneOrGeneProduct,"7046,7048",89,135,train
20428796,3,keloid scars,DiseaseOrPhenotypicFeature,D007627,165,177,train
20428796,4,keloid,DiseaseOrPhenotypicFeature,D007627,343,349,train
20428796,5,Keloid disease,DiseaseOrPhenotypicFeature,D007627,377,391,train
20428796,6,tumor,DiseaseOrPhenotypicFeature,D009369,438,443,train
20428796,7,humans,OrganismTaxon,9606,462,468,train
20428796,8,TGF-beta,GeneOrGeneProduct,"7040,7042,7043",470,478,train
20428796,9,TGF-beta1,GeneOrGeneProduct,4052,593,602,train
20428796,10,TGF-beta2,GeneOrGeneProduct,7042,607,616,train
20428796,11,TGF-beta3,GeneOrGeneProduct,7043,654,663,train
20428796,12,TGF-beta,GeneOrGeneProduct,"7040,7042,7043",697,705,train
20428796,13,type I and type II TGF-beta receptors,GeneOrGeneProduct,"7046,7048",741,778,train
20428796,14,TGF-beta1,GeneOrGeneProduct,4052,916,925,train
20428796,15,oligonucleotides,ChemicalEntity,D009841,949,965,train
20428796,16,TGF-beta,GeneOrGeneProduct,"7040,7042,7043",1013,1021,train
20428796,17,keloid,DiseaseOrPhenotypicFeature,D007627,1054,1060,train
20428796,18,TGF-beta1 and -beta2,GeneOrGeneProduct,"4052,7042",1172,1192,train
20428796,19,keloid,DiseaseOrPhenotypicFeature,D007627,1224,1230,train
20428796,20,TGF-beta3,GeneOrGeneProduct,7043,1270,1279,train
20428796,21,TGF-betaRII,GeneOrGeneProduct,7048,1287,1298,train
20428796,22,TGF-beta1,GeneOrGeneProduct,4052,1366,1375,train
20428796,23,TGF-beta1 and -beta2,GeneOrGeneProduct,"4052,7042",1409,1429,train
20428796,24,TGF-beta2,GeneOrGeneProduct,7042,1454,1463,train
20428796,25,TGF-beta3,GeneOrGeneProduct,7043,1496,1505,train
20428796,26,patients,OrganismTaxon,9606,1560,1568,train
20428796,27,TGF-betaRI,GeneOrGeneProduct,7046,1589,1599,train
20428796,28,TGF-betaRII,GeneOrGeneProduct,7048,1653,1664,train
20428796,29,TGF-beta1,GeneOrGeneProduct,4052,1788,1797,train
20428796,30,TGF-beta,GeneOrGeneProduct,"7040,7042,7043",1901,1909,train
20428796,31,TGF-beta,GeneOrGeneProduct,"7040,7042,7043",2135,2143,train
20428796,32,keloid disease,DiseaseOrPhenotypicFeature,D007627,2147,2161,train
20428796,33,keloid disease,DiseaseOrPhenotypicFeature,D007627,2253,2267,train
21238926,0,Brat,GeneOrGeneProduct,35197,0,4,train
21238926,1,BMP,GeneOrGeneProduct,33432,88,91,train
21238926,2,Drosophila,OrganismTaxon,7227,103,113,train
21238926,3,Dpp,GeneOrGeneProduct,33432,167,170,train
21238926,4,Pumilio,GeneOrGeneProduct,41094,189,196,train
21238926,5,Pum,GeneOrGeneProduct,41094,198,201,train
21238926,6,Nanos,GeneOrGeneProduct,42297,207,212,train
21238926,7,Nos,GeneOrGeneProduct,42297,214,217,train
21238926,8,Dpp,GeneOrGeneProduct,33432,260,263,train
21238926,9,Nos,GeneOrGeneProduct,42297,295,298,train
21238926,10,Pum,GeneOrGeneProduct,41094,430,433,train
21238926,11,Nos,GeneOrGeneProduct,42297,434,437,train
21238926,12,Dpp,GeneOrGeneProduct,33432,495,498,train
21238926,13,Brain Tumor,GeneOrGeneProduct,35197,529,540,train
21238926,14,Brat,GeneOrGeneProduct,35197,542,546,train
21238926,15,Pum,GeneOrGeneProduct,41094,597,600,train
21238926,16,Nos,GeneOrGeneProduct,42297,601,604,train
21238926,17,Brat,GeneOrGeneProduct,35197,617,621,train
21238926,18,Pum,GeneOrGeneProduct,41094,647,650,train
21238926,19,Nos,GeneOrGeneProduct,42297,651,654,train
21238926,20,Pum,GeneOrGeneProduct,41094,674,677,train
21238926,21,Mad,GeneOrGeneProduct,33529,744,747,train
21238926,22,dMyc,GeneOrGeneProduct,31310,752,756,train
21238926,23,Dpp,GeneOrGeneProduct,33432,840,843,train
21238926,24,Brat,GeneOrGeneProduct,35197,986,990,train
21238926,25,Brat,GeneOrGeneProduct,35197,1066,1070,train
21238926,26,Dpp,GeneOrGeneProduct,33432,1094,1097,train
21904390,0,PAX6,GeneOrGeneProduct,5080,27,31,train
21904390,1,patients,OrganismTaxon,9606,88,96,train
21904390,2,Aniridia,DiseaseOrPhenotypicFeature,D015783,107,115,train
21904390,3,AN,DiseaseOrPhenotypicFeature,D015783,117,119,train
21904390,4,congenital panocular disorder,DiseaseOrPhenotypicFeature,D000013,131,160,train
21904390,5,paired box homeotic gene 6,GeneOrGeneProduct,5080,192,218,train
21904390,6,PAX6,GeneOrGeneProduct,5080,219,223,train
21904390,7,PAX6,GeneOrGeneProduct,5080,235,239,train
21904390,8,anterior segment malformations,DiseaseOrPhenotypicFeature,C537775,271,301,train
21904390,9,Peters anomaly,DiseaseOrPhenotypicFeature,C537884,312,326,train
21904390,10,PAX6,GeneOrGeneProduct,5080,343,347,train
21904390,11,AN,DiseaseOrPhenotypicFeature,D015783,443,445,train
21904390,12,coloboma of iris and choroid,DiseaseOrPhenotypicFeature,D003103,447,475,train
21904390,13,anterior segment malformations,DiseaseOrPhenotypicFeature,C537775,480,510,train
21904390,14,PATIENTS,OrganismTaxon,9606,512,520,train
21904390,15,patients,OrganismTaxon,9606,573,581,train
21904390,16,PAX6,GeneOrGeneProduct,5080,753,757,train
21904390,17,patients,OrganismTaxon,9606,965,973,train
21904390,18,AN,DiseaseOrPhenotypicFeature,D015783,1038,1040,train
21904390,19,coloboma of iris and choroids,DiseaseOrPhenotypicFeature,D003103,1042,1071,train
21904390,20,anterior segment malformations,DiseaseOrPhenotypicFeature,C537775,1081,1111,train
21904390,21,peters anomaly,DiseaseOrPhenotypicFeature,C537884,1122,1136,train
21904390,22,PAX6,GeneOrGeneProduct,5080,1156,1160,train
21904390,23,c.357-3C>G,SequenceVariant,c|SUB|C|357-3|G,1249,1259,train
21904390,24,p.Ser119fsX,SequenceVariant,p|FS|S|119||,1261,1272,train
21904390,25,patients,OrganismTaxon,9606,1297,1305,train
21904390,26,AN,DiseaseOrPhenotypicFeature,D015783,1313,1315,train
21904390,27,c.643T>C,SequenceVariant,c|SUB|T|643|C,1349,1357,train
21904390,28,p.S216P,SequenceVariant,p|SUB|S|216|P,1359,1366,train
21904390,29,anterior segment malformation,DiseaseOrPhenotypicFeature,C537775,1388,1417,train
21904390,30,p.S216P,SequenceVariant,p|SUB|S|216|P,1438,1445,train
21904390,31,PAX6,GeneOrGeneProduct,5080,1487,1491,train
21904390,32,Peters anomaly,DiseaseOrPhenotypicFeature,C537884,1516,1530,train
21904390,33,PAX6,GeneOrGeneProduct,5080,1631,1635,train
21904390,34,DKFZ p686k1684,GeneOrGeneProduct,-,1645,1659,train
21904390,35,patient,OrganismTaxon,9606,1694,1701,train
21904390,36,AN,DiseaseOrPhenotypicFeature,D015783,1711,1713,train
21904390,37,coloboma of iris and choroid,DiseaseOrPhenotypicFeature,D003103,1801,1829,train
21904390,38,PAX6,GeneOrGeneProduct,5080,2043,2047,train
24709919,0,ginsenosides,ChemicalEntity,D036145,11,23,train
24709919,1,opioid,ChemicalEntity,D000701,27,33,train
24709919,2,hyperalgesia,DiseaseOrPhenotypicFeature,D006930,42,54,train
24709919,3,mice,OrganismTaxon,10090,58,62,train
24709919,4,Opioid,ChemicalEntity,D000701,64,70,train
24709919,5,hyperalgesia,DiseaseOrPhenotypicFeature,D006930,79,91,train
24709919,6,OIH,DiseaseOrPhenotypicFeature,D006930,93,96,train
24709919,7,opioid,ChemicalEntity,D000701,179,185,train
24709919,8,OIH,DiseaseOrPhenotypicFeature,D006930,191,194,train
24709919,9,opioid,ChemicalEntity,D000701,225,231,train
24709919,10,opioid addiction,DiseaseOrPhenotypicFeature,D009293,274,290,train
24709919,11,"Re, Rg1, and Rb1 ginsenosides",ChemicalEntity,"C035054,C049864,C442759",338,367,train
24709919,12,ginseng,OrganismTaxon,4054,397,404,train
24709919,13,OIH,DiseaseOrPhenotypicFeature,D006930,409,412,train
24709919,14,OIH,DiseaseOrPhenotypicFeature,D006930,414,417,train
24709919,15,mice,OrganismTaxon,10090,434,438,train
24709919,16,morphine,ChemicalEntity,D009020,476,484,train
24709919,17,mice,OrganismTaxon,10090,569,573,train
24709919,18,Re,ChemicalEntity,C049864,592,594,train
24709919,19,Rg1,ChemicalEntity,C035054,596,599,train
24709919,20,Rb1,ChemicalEntity,C442759,604,607,train
24709919,21,mice,OrganismTaxon,10090,670,674,train
24709919,22,acetic acid,ChemicalEntity,D019342,730,741,train
24709919,23,Re,ChemicalEntity,C049864,765,767,train
24709919,24,OIH,DiseaseOrPhenotypicFeature,D006930,790,793,train
24709919,25,acetic acid,ChemicalEntity,D019342,839,850,train
24709919,26,Rg1 and Rb1 ginsenosides,ChemicalEntity,"C035054,C442759",887,911,train
24709919,27,OIH,DiseaseOrPhenotypicFeature,D006930,930,933,train
24709919,28,Rg1,ChemicalEntity,C035054,963,966,train
24709919,29,OIH,DiseaseOrPhenotypicFeature,D006930,998,1001,train
24709919,30,acetic acid,ChemicalEntity,D019342,1009,1020,train
24709919,31,ginsenoside Re,ChemicalEntity,C049864,1072,1086,train
24709919,32,Rg1,ChemicalEntity,C035054,1096,1099,train
24709919,33,Rb1,ChemicalEntity,C442759,1103,1106,train
24709919,34,OIH,DiseaseOrPhenotypicFeature,D006930,1142,1145,train
27630165,0,CD4,GeneOrGeneProduct,12504,11,14,train
27630165,1,IFN-g,GeneOrGeneProduct,15978,15,20,train
27630165,2,CD4,GeneOrGeneProduct,12504,54,57,train
27630165,3,IFN-g,GeneOrGeneProduct,15978,58,63,train
27630165,4,IL-10,GeneOrGeneProduct,16153,64,69,train
27630165,5,IL-10,GeneOrGeneProduct,16153,94,99,train
27630165,6,Malaria Infection,DiseaseOrPhenotypicFeature,D008288,168,185,train
27630165,7,CD4,GeneOrGeneProduct,12504,187,190,train
27630165,8,IFN-g,GeneOrGeneProduct,15978,215,220,train
27630165,9,IL-10,GeneOrGeneProduct,16153,255,260,train
27630165,10,infection,DiseaseOrPhenotypicFeature,D007239,276,285,train
27630165,11,CD4,GeneOrGeneProduct,12504,368,371,train
27630165,12,IFN-g,GeneOrGeneProduct,15978,374,379,train
27630165,13,IL-10,GeneOrGeneProduct,16153,382,387,train
27630165,14,infection,DiseaseOrPhenotypicFeature,D007239,430,439,train
27630165,15,IFN-g,GeneOrGeneProduct,15978,565,570,train
27630165,16,IL-10,GeneOrGeneProduct,16153,608,613,train
27630165,17,mice,OrganismTaxon,10090,632,636,train
27630165,18,malaria infection,DiseaseOrPhenotypicFeature,D008288,659,676,train
27630165,19,CD4,GeneOrGeneProduct,12504,685,688,train
27630165,20,IL-10,GeneOrGeneProduct,16153,765,770,train
27630165,21,CD4,GeneOrGeneProduct,12504,828,831,train
27630165,22,CD4,GeneOrGeneProduct,12504,904,907,train
27630165,23,PD-1,GeneOrGeneProduct,18566,1062,1066,train
27630165,24,Lag-3,GeneOrGeneProduct,16768,1068,1073,train
27630165,25,TIGIT,GeneOrGeneProduct,100043314,1079,1084,train
27630165,26,CD4,GeneOrGeneProduct,12504,1149,1152,train
27630165,27,infection,DiseaseOrPhenotypicFeature,D007239,1269,1278,train
27630165,28,CD4,GeneOrGeneProduct,12504,1293,1296,train
27630165,29,IL-10,GeneOrGeneProduct,16153,1366,1371,train
27630165,30,infection,DiseaseOrPhenotypicFeature,D007239,1400,1409,train
27630165,31,CD4,GeneOrGeneProduct,12504,1428,1431,train
27630165,32,IL-10,GeneOrGeneProduct,16153,1504,1509,train
27630165,33,malaria infection,DiseaseOrPhenotypicFeature,D008288,1555,1572,train
27630165,34,IL-10,GeneOrGeneProduct,16153,1583,1588,train
27630165,35,CD4,GeneOrGeneProduct,12504,1654,1657,train
27630165,36,IL-10,GeneOrGeneProduct,16153,1820,1825,train
27630165,37,CD4,GeneOrGeneProduct,12504,1836,1839,train
27630165,38,IL-10,GeneOrGeneProduct,16153,1896,1901,train
27630165,39,malaria infections,DiseaseOrPhenotypicFeature,D008288,2007,2025,train
28260077,0,Atorvastatin,ChemicalEntity,D000069059,0,12,train
28260077,1,contrast-induced nephropathy,DiseaseOrPhenotypicFeature,D007674,30,58,train
28260077,2,Hsp27,GeneOrGeneProduct,24471,101,106,train
28260077,3,Contrast-induced nephropathy,DiseaseOrPhenotypicFeature,D007674,129,157,train
28260077,4,CIN,DiseaseOrPhenotypicFeature,D007674,159,162,train
28260077,5,acute renal failure,DiseaseOrPhenotypicFeature,D058186,181,200,train
28260077,6,CIN,DiseaseOrPhenotypicFeature,D007674,331,334,train
28260077,7,atorvastatin,ChemicalEntity,D000069059,413,425,train
28260077,8,CIN,DiseaseOrPhenotypicFeature,D007674,443,446,train
28260077,9,Hsp27,GeneOrGeneProduct,24471,497,502,train
28260077,10,atorvastatin,ChemicalEntity,D000069059,546,558,train
28260077,11,CIN,DiseaseOrPhenotypicFeature,D007674,570,573,train
28260077,12,inflammatory,DiseaseOrPhenotypicFeature,D007249,579,591,train
28260077,13,rat,OrganismTaxon,10116,639,642,train
28260077,14,iopamidol,ChemicalEntity,D007479,652,661,train
28260077,15,CIN,DiseaseOrPhenotypicFeature,D007674,670,673,train
28260077,16,human,OrganismTaxon,9606,688,693,train
28260077,17,HK2,CellLine,CVCL_0302,721,724,train
28260077,18,rats,OrganismTaxon,10116,756,760,train
28260077,19,rats,OrganismTaxon,10116,830,834,train
28260077,20,rats,OrganismTaxon,10116,836,840,train
28260077,21,atorvastatin,ChemicalEntity,D000069059,841,853,train
28260077,22,rats,OrganismTaxon,10116,855,859,train
28260077,23,iopamidol,ChemicalEntity,D007479,862,871,train
28260077,24,rats,OrganismTaxon,10116,873,877,train
28260077,25,iopamidol,ChemicalEntity,D007479,878,887,train
28260077,26,atorvastatin,ChemicalEntity,D000069059,888,900,train
28260077,27,HK2,CellLine,CVCL_0302,916,919,train
28260077,28,iopamidol,ChemicalEntity,D007479,944,953,train
28260077,29,atorvastatin,ChemicalEntity,D000069059,984,996,train
28260077,30,heat shock protein (Hsp)27,GeneOrGeneProduct,3315,998,1024,train
28260077,31,Hsp27,GeneOrGeneProduct,3315,1063,1068,train
28260077,32,atorvastatin,ChemicalEntity,D000069059,1187,1199,train
28260077,33,apoptosis and deterioration of renal function,DiseaseOrPhenotypicFeature,D007674,1216,1261,train
28260077,34,atorvastatin,ChemicalEntity,D000069059,1285,1297,train
28260077,35,iopamidol,ChemicalEntity,D007479,1310,1319,train
28260077,36,B cell lymphoma-2 (Bcl-2)-associated X protein,GeneOrGeneProduct,24887,1340,1386,train
28260077,37,Bax,GeneOrGeneProduct,24887,1388,1391,train
28260077,38,caspase-3,GeneOrGeneProduct,25402,1393,1402,train
28260077,39,Bcl-2,GeneOrGeneProduct,24224,1435,1440,train
28260077,40,Hsp27,GeneOrGeneProduct,3315,1497,1502,train
28260077,41,Hsp27,GeneOrGeneProduct,3315,1521,1526,train
28260077,42,iopamidol,ChemicalEntity,D007479,1546,1555,train
28260077,43,Bax,GeneOrGeneProduct,581,1597,1600,train
28260077,44,caspase-3,GeneOrGeneProduct,836,1601,1610,train
28260077,45,Bcl-2,GeneOrGeneProduct,596,1633,1638,train
28260077,46,HK2,CellLine,CVCL_0302,1646,1649,train
28260077,47,atorvastatin,ChemicalEntity,D000069059,1719,1731,train
28260077,48,contrast-induced renal tubular cell apoptosis,DiseaseOrPhenotypicFeature,D007674,1750,1795,train
28260077,49,Hsp27,GeneOrGeneProduct,24471,1824,1829,train
28346429,0,liver kinase B1,GeneOrGeneProduct,20869,38,53,train
28346429,1,tumor,DiseaseOrPhenotypicFeature,D009369,81,86,train
28346429,2,vascular endothelial growth factor,GeneOrGeneProduct,22339,98,132,train
28346429,3,Liver kinase B1,GeneOrGeneProduct,20869,134,149,train
28346429,4,LKB1,GeneOrGeneProduct,20869,151,155,train
28346429,5,serine/threonine protein kinase,GeneOrGeneProduct,20869,162,193,train
28346429,6,Peutz-Jeghers syndrome,DiseaseOrPhenotypicFeature,D010580,264,286,train
28346429,7,tumor,DiseaseOrPhenotypicFeature,D009369,292,297,train
28346429,8,LKB1,GeneOrGeneProduct,20869,335,339,train
28346429,9,tumor,DiseaseOrPhenotypicFeature,D009369,367,372,train
28346429,10,LKB1,GeneOrGeneProduct,20869,446,450,train
28346429,11,LKB1,GeneOrGeneProduct,20869,461,465,train
28346429,12,mice,OrganismTaxon,10090,476,480,train
28346429,13,vascular endothelial-cadherin,GeneOrGeneProduct,12562,498,527,train
28346429,14,mice,OrganismTaxon,10090,532,536,train
28346429,15,LKB1,GeneOrGeneProduct,20869,542,546,train
28346429,16,mice,OrganismTaxon,10090,558,562,train
28346429,17,Vascular endothelial growth factor,GeneOrGeneProduct,22339,564,598,train
28346429,18,VEGF,GeneOrGeneProduct,22339,600,604,train
28346429,19,LKB1,GeneOrGeneProduct,20869,681,685,train
28346429,20,mice,OrganismTaxon,10090,695,699,train
28346429,21,LKB1,GeneOrGeneProduct,20869,715,719,train
28346429,22,mouse,OrganismTaxon,10090,729,734,train
28346429,23,Tumors,DiseaseOrPhenotypicFeature,D009369,826,832,train
28346429,24,LKB1,GeneOrGeneProduct,20869,846,850,train
28346429,25,mice,OrganismTaxon,10090,860,864,train
28346429,26,LKB1,GeneOrGeneProduct,20869,893,897,train
28346429,27,mice,OrganismTaxon,10090,907,911,train
28346429,28,mice,OrganismTaxon,10090,1039,1043,train
28346429,29,VEGF,GeneOrGeneProduct,22339,1058,1062,train
28346429,30,tumor,DiseaseOrPhenotypicFeature,D009369,1174,1179,train
28346429,31,LKB1,GeneOrGeneProduct,20869,1209,1213,train
28346429,32,mouse,OrganismTaxon,10090,1232,1237,train
28346429,33,VEGF,GeneOrGeneProduct,22339,1286,1290,train
28346429,34,LKB1,GeneOrGeneProduct,20869,1389,1393,train
28346429,35,VEGF receptor 2,GeneOrGeneProduct,16542,1410,1425,train
28346429,36,LKB1,GeneOrGeneProduct,20869,1485,1489,train
28346429,37,LKB1,GeneOrGeneProduct,20869,1523,1527,train
28346429,38,VEGF,GeneOrGeneProduct,22339,1546,1550,train
28346429,39,specificity protein 1,GeneOrGeneProduct,20683,1573,1594,train
28346429,40,Sp1,GeneOrGeneProduct,20683,1596,1599,train
28346429,41,Sp1,GeneOrGeneProduct,20683,1638,1641,train
28346429,42,VEGF,GeneOrGeneProduct,22339,1649,1653,train
28346429,43,VEGF,GeneOrGeneProduct,22339,1673,1677,train
28346429,44,LKB1,GeneOrGeneProduct,20869,1702,1706,train
28346429,45,tumor,DiseaseOrPhenotypicFeature,D009369,1749,1754,train
28346429,46,Sp1,GeneOrGeneProduct,20683,1776,1779,train
28346429,47,VEGF,GeneOrGeneProduct,22339,1789,1793,train
15241482,0,Paraoxonase 1,GeneOrGeneProduct,5444,0,13,train
15241482,1,paraoxonase 1,GeneOrGeneProduct,5444,65,78,train
15241482,2,PON1,GeneOrGeneProduct,5444,80,84,train
15241482,3,coronary heart disease,DiseaseOrPhenotypicFeature,D003327,145,167,train
15241482,4,CHD,DiseaseOrPhenotypicFeature,D003327,169,172,train
15241482,5,death,DiseaseOrPhenotypicFeature,D003643,201,206,train
15241482,6,55M/L,SequenceVariant,p|SUB|M|55|L,255,260,train
15241482,7,192Q/R,SequenceVariant,p|SUB|Q|192|R,265,271,train
15241482,8,-107C/T,SequenceVariant,c|SUB|C|-107|T,297,304,train
15241482,9,CHD,DiseaseOrPhenotypicFeature,D003327,369,372,train
15241482,10,192RR,SequenceVariant,p|Allele|R|192,843,848,train
15241482,11,women,OrganismTaxon,9606,1148,1153,train
15241482,12,ischemic heart disease,DiseaseOrPhenotypicFeature,D017202,1183,1205,train
15241482,13,PON,GeneOrGeneProduct,5444,1236,1239,train
15241482,14,192Q/R,SequenceVariant,p|SUB|Q|192|R,1240,1246,train
15241482,15,CHD,DiseaseOrPhenotypicFeature,D003327,1281,1284,train
15241482,16,192RR,SequenceVariant,p|Allele|R|192,1326,1331,train
15241482,17,women,OrganismTaxon,9606,1348,1353,train
15241482,18,PON1,GeneOrGeneProduct,5444,1407,1411,train
15241482,19,192RR,SequenceVariant,p|Allele|R|192,1412,1417,train
15241482,20,women,OrganismTaxon,9606,1473,1478,train
15241482,21,CHD,DiseaseOrPhenotypicFeature,D003327,1563,1566,train
15241482,22,CHD,DiseaseOrPhenotypicFeature,D003327,1595,1598,train
15241482,23,CHD,DiseaseOrPhenotypicFeature,D003327,1644,1647,train
17273972,0,Human,OrganismTaxon,9606,0,5,train
17273972,1,TBX1,GeneOrGeneProduct,6899,6,10,train
17273972,2,22q11.2 deletions,DiseaseOrPhenotypicFeature,D004062,88,105,train
17273972,3,Deletion 22q11.2 syndrome,DiseaseOrPhenotypicFeature,D004062,107,132,train
17273972,4,DiGeorge and Shprintzen (velocardiofacial) syndromes,DiseaseOrPhenotypicFeature,D004062,245,297,train
17273972,5,T-box transcription factor,GeneOrGeneProduct,6899,334,360,train
17273972,6,TBX1,GeneOrGeneProduct,6899,366,370,train
17273972,7,TBX1,GeneOrGeneProduct,6899,454,458,train
17273972,8,22q11.2 deletion syndrome,DiseaseOrPhenotypicFeature,D004062,527,552,train
17273972,9,H194Q,SequenceVariant,rs74315522,749,754,train
17273972,10,Shprintzen syndrome,DiseaseOrPhenotypicFeature,D004062,778,797,train
17273972,11,TBX1,GeneOrGeneProduct,6899,988,992,train
17959715,0,MLH1,GeneOrGeneProduct,4292,12,16,train
17959715,1,cancer,DiseaseOrPhenotypicFeature,D009369,29,35,train
17959715,2,Hodgkin lymphoma,DiseaseOrPhenotypicFeature,D006689,71,87,train
17959715,3,Hodgkin lymphoma,DiseaseOrPhenotypicFeature,D006689,172,188,train
17959715,4,cancers,DiseaseOrPhenotypicFeature,D009369,248,255,train
17959715,5,Cytotoxicity,DiseaseOrPhenotypicFeature,D064420,257,269,train
17959715,6,MLH1,GeneOrGeneProduct,4292,363,367,train
17959715,7,cytotoxic,DiseaseOrPhenotypicFeature,D064420,427,436,train
17959715,8,MLH1,GeneOrGeneProduct,4292,614,618,train
17959715,9,rs1800734,SequenceVariant,rs1800734,634,643,train
17959715,10,cancer,DiseaseOrPhenotypicFeature,D009369,666,672,train
17959715,11,patients,OrganismTaxon,9606,718,726,train
17959715,12,cancer,DiseaseOrPhenotypicFeature,D009369,741,747,train
17959715,13,patients,OrganismTaxon,9606,806,814,train
17959715,14,myeloid leukaemia,DiseaseOrPhenotypicFeature,D007938,838,855,train
17959715,15,patients,OrganismTaxon,9606,861,869,train
17959715,16,primary Hodgkin lymphoma,DiseaseOrPhenotypicFeature,D006689,885,909,train
17959715,17,MLH1,GeneOrGeneProduct,4292,960,964,train
17959715,18,cancer,DiseaseOrPhenotypicFeature,D009369,1137,1143,train
17959715,19,MLH1,GeneOrGeneProduct,4292,1152,1156,train
17959715,20,MLH1,GeneOrGeneProduct,4292,1338,1342,train
17959715,21,patients,OrganismTaxon,9606,1369,1377,train
17959715,22,acute myeloid leukaemia,DiseaseOrPhenotypicFeature,D015470,1408,1431,train
17959715,23,AML,DiseaseOrPhenotypicFeature,D015470,1435,1438,train
17959715,24,breast cancer,DiseaseOrPhenotypicFeature,D001943,1459,1472,train
17959715,25,Hodgkin lymphoma,DiseaseOrPhenotypicFeature,D006689,1524,1540,train
17959715,26,patients,OrganismTaxon,9606,1553,1561,train
17959715,27,AML,DiseaseOrPhenotypicFeature,D015470,1603,1606,train
17959715,28,breast cancer,DiseaseOrPhenotypicFeature,D001943,1623,1636,train
17959715,29,patients,OrganismTaxon,9606,1637,1645,train
17959715,30,MLH1,GeneOrGeneProduct,4292,1667,1671,train
17959715,31,AML,DiseaseOrPhenotypicFeature,D015470,1722,1725,train
17959715,32,AML,DiseaseOrPhenotypicFeature,D015470,1757,1760,train
17959715,33,AML,DiseaseOrPhenotypicFeature,D015470,1894,1897,train
17959715,34,patients,OrganismTaxon,9606,1968,1976,train
17959715,35,MLH1,GeneOrGeneProduct,4292,2138,2142,train
17959715,36,cancer,DiseaseOrPhenotypicFeature,D009369,2188,2194,train
17959715,37,Hodgkin lymphoma,DiseaseOrPhenotypicFeature,D006689,2230,2246,train
18050247,0,systemic lupus erythematosus,DiseaseOrPhenotypicFeature,D008180,64,92,train
18050247,1,systemic lupus erythematosus,DiseaseOrPhenotypicFeature,D008180,179,207,train
18050247,2,SLE,DiseaseOrPhenotypicFeature,D008180,209,212,train
18050247,3,patients,OrganismTaxon,9606,244,252,train
18050247,4,SLE,DiseaseOrPhenotypicFeature,D008180,354,357,train
18050247,5,patients,OrganismTaxon,9606,450,458,train
18050247,6,SLE,DiseaseOrPhenotypicFeature,D008180,480,483,train
18050247,7,SLE,DiseaseOrPhenotypicFeature,D008180,839,842,train
18050247,8,SLE,DiseaseOrPhenotypicFeature,D008180,1018,1021,train
18050247,9,N673S,SequenceVariant,rs3917815,1029,1034,train
18050247,10,P-selectin,GeneOrGeneProduct,6403,1055,1065,train
18050247,11,SELP,GeneOrGeneProduct,6403,1072,1076,train
18050247,12,C203S,SequenceVariant,rs10127175,1104,1109,train
18050247,13,interleukin-1 receptor-associated kinase 1,GeneOrGeneProduct,3654,1130,1172,train
18050247,14,IRAK1,GeneOrGeneProduct,3654,1179,1184,train
18050247,15,SLE,DiseaseOrPhenotypicFeature,D008180,1430,1433,train
18050247,16,TNFRSF6,GeneOrGeneProduct,355,1522,1529,train
18050247,17,Fas,GeneOrGeneProduct,355,1531,1534,train
18050247,18,IRF5,GeneOrGeneProduct,3663,1540,1544,train
18050247,19,SLE,DiseaseOrPhenotypicFeature,D008180,1601,1604,train
18050247,20,SELP,GeneOrGeneProduct,6403,1631,1635,train
18050247,21,IRAK1,GeneOrGeneProduct,3654,1640,1645,train
18050247,22,SLE,DiseaseOrPhenotypicFeature,D008180,1671,1674,train
18050247,23,SLE,DiseaseOrPhenotypicFeature,D008180,1791,1794,train
18541230,0,antithrombin,ChemicalEntity,D000991,22,34,train
18541230,1,puromycin aminonucleoside,ChemicalEntity,D011692,38,63,train
18541230,2,nephrosis,DiseaseOrPhenotypicFeature,D009401,64,73,train
18541230,3,rats,OrganismTaxon,10116,77,81,train
18541230,4,antithrombin,ChemicalEntity,D000991,114,126,train
18541230,5,rats,OrganismTaxon,10116,174,178,train
18541230,6,puromycin aminonucleoside,ChemicalEntity,D011692,184,209,train
18541230,7,nephrosis,DiseaseOrPhenotypicFeature,D009401,218,227,train
18541230,8,human,OrganismTaxon,9606,263,268,train
18541230,9,nephrotic syndrome,DiseaseOrPhenotypicFeature,D009404,269,287,train
18541230,10,Antithrombin,ChemicalEntity,D000991,289,301,train
18541230,11,rats,OrganismTaxon,10116,345,349,train
18541230,12,puromycin aminonucleoside,ChemicalEntity,D011692,408,433,train
18541230,13,antithrombin,ChemicalEntity,D000991,466,478,train
18541230,14,puromycin aminonucleoside,ChemicalEntity,D011692,494,519,train
18541230,15,hematological abnormalities,DiseaseOrPhenotypicFeature,D006402,528,555,train
18541230,16,Puromycin aminonucleoside,ChemicalEntity,D011692,557,582,train
18541230,17,renal dysfunction,DiseaseOrPhenotypicFeature,D007674,591,608,train
18541230,18,hyperlipidemia,DiseaseOrPhenotypicFeature,D006949,613,627,train
18541230,19,renal damage,DiseaseOrPhenotypicFeature,D007674,696,708,train
18541230,20,rats,OrganismTaxon,10116,794,798,train
18541230,21,antithrombin,ChemicalEntity,D000991,847,859,train
18541230,22,rats,OrganismTaxon,10116,868,872,train
18541230,23,antithrombin,ChemicalEntity,D000991,887,899,train
18541230,24,puromycin aminonucleoside,ChemicalEntity,D011692,930,955,train
18541230,25,puromycin aminonucleoside,ChemicalEntity,D011692,1022,1047,train
18541230,26,thrombin,GeneOrGeneProduct,29251,1141,1149,train
18541230,27,puromycin aminonucleoside,ChemicalEntity,D011692,1197,1222,train
18541230,28,nephrotic syndrome,DiseaseOrPhenotypicFeature,D009404,1231,1249,train
18541230,29,antithrombin,ChemicalEntity,D000991,1266,1278,train
18541230,30,patients,OrganismTaxon,9606,1310,1318,train
18541230,31,nephrotic syndrome,DiseaseOrPhenotypicFeature,D009404,1324,1342,train
19048115,0,Neurofibromin 1,GeneOrGeneProduct,4763,0,15,train
19048115,1,NF1,GeneOrGeneProduct,4763,17,20,train
19048115,2,human,OrganismTaxon,9606,44,49,train
19048115,3,ovarian serous carcinomas,DiseaseOrPhenotypicFeature,D010051,50,75,train
19048115,4,TP53,GeneOrGeneProduct,7157,94,98,train
19048115,5,Ovarian serous carcinoma,DiseaseOrPhenotypicFeature,D010051,110,134,train
19048115,6,OSC,DiseaseOrPhenotypicFeature,D010051,136,139,train
19048115,7,ovarian epithelial malignancy,DiseaseOrPhenotypicFeature,D002277,190,219,train
19048115,8,TP53,GeneOrGeneProduct,7157,234,238,train
19048115,9,Brca1,GeneOrGeneProduct,672,262,267,train
19048115,10,Brca2,GeneOrGeneProduct,675,275,280,train
19048115,11,tumor,DiseaseOrPhenotypicFeature,D009369,281,286,train
19048115,12,OSCs,DiseaseOrPhenotypicFeature,D010051,381,385,train
19048115,13,tumor,DiseaseOrPhenotypicFeature,D009369,444,449,train
19048115,14,OSCs,DiseaseOrPhenotypicFeature,D010051,565,569,train
19048115,15,tumors,DiseaseOrPhenotypicFeature,D009369,589,595,train
19048115,16,NF1,GeneOrGeneProduct,4763,638,641,train
19048115,17,ovarian carcinoma,DiseaseOrPhenotypicFeature,D010051,665,682,train
19048115,18,OSCs,DiseaseOrPhenotypicFeature,D010051,717,721,train
19048115,19,NF1,GeneOrGeneProduct,4763,741,744,train
19048115,20,Nf1,GeneOrGeneProduct,4763,799,802,train
19048115,21,NF1,GeneOrGeneProduct,4763,929,932,train
19048115,22,NF1,GeneOrGeneProduct,4763,1002,1005,train
19048115,23,NF1,GeneOrGeneProduct,4763,1070,1073,train
19048115,24,NF1,GeneOrGeneProduct,4763,1097,1100,train
19048115,25,OSCs,DiseaseOrPhenotypicFeature,D010051,1208,1212,train
19048115,26,tumors,DiseaseOrPhenotypicFeature,D009369,1227,1233,train
19048115,27,NF1,GeneOrGeneProduct,4763,1254,1257,train
19048115,28,KRAS,GeneOrGeneProduct,3845,1286,1290,train
19048115,29,BRAF,GeneOrGeneProduct,673,1294,1298,train
19048115,30,Ras,GeneOrGeneProduct,3845,1310,1313,train
19048115,31,MAPK,GeneOrGeneProduct,5594,1390,1394,train
19048115,32,tumors,DiseaseOrPhenotypicFeature,D009369,1404,1410,train
19048115,33,GTP,ChemicalEntity,D006160,1435,1438,train
19048115,34,Ras,GeneOrGeneProduct,3845,1445,1448,train
19048115,35,TP53,GeneOrGeneProduct,7157,1467,1471,train
19048115,36,tumor,DiseaseOrPhenotypicFeature,D009369,1472,1477,train
19048115,37,OSCs,DiseaseOrPhenotypicFeature,D010051,1513,1517,train
19048115,38,NF1,GeneOrGeneProduct,4763,1534,1537,train
19048115,39,tumor,DiseaseOrPhenotypicFeature,D009369,1600,1605,train
19048115,40,ovarian carcinomas,DiseaseOrPhenotypicFeature,D010051,1664,1682,train
19463742,0,Melanocortin-4 receptor,GeneOrGeneProduct,"17202,25635,4160",0,23,train
19463742,1,c-Jun N-terminal kinase,GeneOrGeneProduct,"116554,26419,5599",44,67,train
19463742,2,insulin,GeneOrGeneProduct,"16333,24505,3630",90,97,train
19463742,3,melanocortin,GeneOrGeneProduct,5443,113,125,train
19463742,4,melanocortin receptor type 4,GeneOrGeneProduct,4160,185,213,train
19463742,5,MC4R,GeneOrGeneProduct,4160,215,219,train
19463742,6,insulin,GeneOrGeneProduct,3630,231,238,train
19463742,7,c-Jun N-terminal kinase,GeneOrGeneProduct,5599,264,287,train
19463742,8,JNK,GeneOrGeneProduct,5599,289,292,train
19463742,9,melanocortin,GeneOrGeneProduct,5443,299,311,train
19463742,10,NDP-MSH,ChemicalEntity,C027756,320,327,train
19463742,11,JNK,GeneOrGeneProduct,5599,355,358,train
19463742,12,HEK293,CellLine,CVCL_0045,371,377,train
19463742,13,human,OrganismTaxon,9606,406,411,train
19463742,14,MC4R,GeneOrGeneProduct,4160,412,416,train
19463742,15,melanocortin receptor,GeneOrGeneProduct,4160,443,464,train
19463742,16,NDP-MSH,ChemicalEntity,C027756,477,484,train
19463742,17,IRS-1,GeneOrGeneProduct,3667,522,527,train
19463742,18,melanocortin receptor,GeneOrGeneProduct,4160,589,610,train
19463742,19,NDP-MSH,ChemicalEntity,C027756,623,630,train
19463742,20,insulin,GeneOrGeneProduct,3630,641,648,train
19463742,21,AKT,GeneOrGeneProduct,207,660,663,train
19463742,22,melanocortin,GeneOrGeneProduct,5443,694,706,train
19463742,23,melanotan II,ChemicalEntity,C079282,715,727,train
19463742,24,insulin,GeneOrGeneProduct,24505,738,745,train
19463742,25,AKT,GeneOrGeneProduct,24185,757,760,train
19463742,26,rat,OrganismTaxon,10116,784,787,train
19463742,27,NDP-MSH,ChemicalEntity,C027756,810,817,train
19463742,28,insulin,GeneOrGeneProduct,16333,828,835,train
19463742,29,glucose,ChemicalEntity,D005947,847,854,train
19463742,30,GT1-1,CellLine,CVCL_6236,878,883,train
19463742,31,insulin,GeneOrGeneProduct,"16333,24505,3630",964,971,train
19463742,32,JNK,GeneOrGeneProduct,"116554,26419,5599",1003,1006,train
24588023,0,tranexamic acid,ChemicalEntity,D014148,24,39,train
24588023,1,convulsive seizures,DiseaseOrPhenotypicFeature,D012640,44,63,train
24588023,2,patients,OrganismTaxon,9606,121,129,train
24588023,3,seizures,DiseaseOrPhenotypicFeature,D012640,180,188,train
24588023,4,patients,OrganismTaxon,9606,294,302,train
24588023,5,convulsive seizure,DiseaseOrPhenotypicFeature,D012640,381,399,train
24588023,6,abnormal involuntary motor movements,DiseaseOrPhenotypicFeature,D004409,480,516,train
24588023,7,seizures,DiseaseOrPhenotypicFeature,D012640,617,625,train
24588023,8,patients,OrganismTaxon,9606,649,657,train
24588023,9,convulsive seizures,DiseaseOrPhenotypicFeature,D012640,682,701,train
24588023,10,Generalised and focal seizures,DiseaseOrPhenotypicFeature,D012640,703,733,train
24588023,11,patients,OrganismTaxon,9606,763,771,train
24588023,12,seizure,DiseaseOrPhenotypicFeature,D012640,840,847,train
24588023,13,patients,OrganismTaxon,9606,981,989,train
24588023,14,seizures,DiseaseOrPhenotypicFeature,D012640,1031,1039,train
24588023,15,calcification of ascending aorta,DiseaseOrPhenotypicFeature,D001018,1088,1120,train
24588023,16,congestive heart failure,DiseaseOrPhenotypicFeature,D006333,1122,1146,train
24588023,17,hypothermic,DiseaseOrPhenotypicFeature,D007035,1153,1164,train
24588023,18,tranexamic acid,ChemicalEntity,D014148,1220,1235,train
24588023,19,tranexamic acid,ChemicalEntity,D014148,1288,1303,train
24588023,20,seizures,DiseaseOrPhenotypicFeature,D012640,1342,1350,train
24588023,21,Patients,OrganismTaxon,9606,1390,1398,train
24588023,22,convulsive seizures,DiseaseOrPhenotypicFeature,D012640,1404,1423,train
24588023,23,patients,OrganismTaxon,9606,1525,1533,train
24588023,24,convulsive seizures,DiseaseOrPhenotypicFeature,D012640,1542,1561,train
24588023,25,patients,OrganismTaxon,9606,1655,1663,train
24588023,26,convulsive seizures,DiseaseOrPhenotypicFeature,D012640,1669,1688,train
24588023,27,patients,OrganismTaxon,9606,1729,1737,train
24588023,28,seizures,DiseaseOrPhenotypicFeature,D012640,1746,1754,train
24588023,29,Convulsive seizures,DiseaseOrPhenotypicFeature,D012640,1768,1787,train
24588023,30,postoperative complication,DiseaseOrPhenotypicFeature,D011183,1802,1828,train
24588023,31,tranexamic acid,ChemicalEntity,D014148,1855,1870,train
24588023,32,seizures,DiseaseOrPhenotypicFeature,D012640,2020,2028,train
26516699,0,pancreatic cancer,DiseaseOrPhenotypicFeature,D010190,46,63,train
26516699,1,Kras,GeneOrGeneProduct,3845,120,124,train
26516699,2,G12D,SequenceVariant,p|SUB|G|12|D,124,128,train
26516699,3,Pdx1,GeneOrGeneProduct,18609,129,133,train
26516699,4,mouse,OrganismTaxon,10090,138,143,train
26516699,5,cancers,DiseaseOrPhenotypicFeature,D009369,235,242,train
26516699,6,pancreatic cancer,DiseaseOrPhenotypicFeature,D010190,254,271,train
26516699,7,PC,DiseaseOrPhenotypicFeature,D010190,273,275,train
26516699,8,PC,DiseaseOrPhenotypicFeature,D010190,333,335,train
26516699,9,PC,DiseaseOrPhenotypicFeature,D010190,384,386,train
26516699,10,PC,DiseaseOrPhenotypicFeature,D010190,539,541,train
26516699,11,Kras,GeneOrGeneProduct,3845,564,568,train
26516699,12,G12D,SequenceVariant,p|SUB|G|12|D,568,572,train
26516699,13,Pdx1,GeneOrGeneProduct,18609,573,577,train
26516699,14,mouse,OrganismTaxon,10090,587,592,train
26516699,15,miR-150,GeneOrGeneProduct,387168,682,689,train
26516699,16,miR-494,GeneOrGeneProduct,723878,691,698,train
26516699,17,miR-138,GeneOrGeneProduct,"387156,723956",700,707,train
26516699,18,miR-148a,GeneOrGeneProduct,387166,709,717,train
26516699,19,miR-216a,GeneOrGeneProduct,387212,719,727,train
26516699,20,miR-217,GeneOrGeneProduct,387213,733,740,train
26516699,21,miR-146b,GeneOrGeneProduct,751550,761,769,train
26516699,22,miR-205,GeneOrGeneProduct,387201,771,778,train
26516699,23,miR-31,GeneOrGeneProduct,723895,780,786,train
26516699,24,miR-192,GeneOrGeneProduct,387187,788,795,train
26516699,25,miR-21,GeneOrGeneProduct,387140,801,807,train
26516699,26,mice,OrganismTaxon,10090,814,818,train
26516699,27,Dicer,GeneOrGeneProduct,192119,903,908,train
26516699,28,Exportin-5,GeneOrGeneProduct,72322,910,920,train
26516699,29,TRKRA,GeneOrGeneProduct,18211,922,927,train
26516699,30,TARBP2,GeneOrGeneProduct,21357,933,939,train
26516699,31,DGCR8,GeneOrGeneProduct,94223,966,971,train
26516699,32,Ago2,GeneOrGeneProduct,239528,976,980,train
26516699,33,mice,OrganismTaxon,10090,1004,1008,train
26516699,34,mice,OrganismTaxon,10090,1102,1106,train
26516699,35,miR-216,GeneOrGeneProduct,387212,1134,1141,train
26516699,36,miR-217,GeneOrGeneProduct,387213,1143,1150,train
26516699,37,miR-100,GeneOrGeneProduct,723892,1152,1159,train
26516699,38,miR-345,GeneOrGeneProduct,723946,1161,1168,train
26516699,39,miR-141,GeneOrGeneProduct,387159,1170,1177,train
26516699,40,miR-483-3p,GeneOrGeneProduct,723874,1179,1189,train
26516699,41,miR-26b,GeneOrGeneProduct,387219,1191,1198,train
26516699,42,miR-150,GeneOrGeneProduct,387168,1200,1207,train
26516699,43,miR-195,GeneOrGeneProduct,387190,1209,1216,train
26516699,44,Let-7b,GeneOrGeneProduct,387245,1218,1224,train
26516699,45,Let-96,GeneOrGeneProduct,-,1229,1235,train
26516699,46,miR-21,GeneOrGeneProduct,387140,1256,1262,train
26516699,47,miR-205,GeneOrGeneProduct,387201,1264,1271,train
26516699,48,miR-146b,GeneOrGeneProduct,751550,1273,1281,train
26516699,49,miR-34c,GeneOrGeneProduct,723932,1283,1290,train
26516699,50,miR-1273,GeneOrGeneProduct,100422821,1292,1300,train
26516699,51,miR-223,GeneOrGeneProduct,723814,1302,1309,train
26516699,52,miR-195,GeneOrGeneProduct,387190,1314,1321,train
26516699,53,mice,OrganismTaxon,10090,1342,1346,train
26516699,54,mice,OrganismTaxon,10090,1403,1407,train
26516699,55,human,OrganismTaxon,9606,1455,1460,train
26516699,56,PC,DiseaseOrPhenotypicFeature,D010190,1461,1463,train
26516699,57,Let-7b,GeneOrGeneProduct,406884,1517,1523,train
26516699,58,CD18/HPAF,CellLine,CVCL_0313,1527,1536,train
26516699,59,Capan1,CellLine,CVCL_0237,1541,1547,train
26516699,60,KRAS,GeneOrGeneProduct,3845,1588,1592,train
26516699,61,MSST1,GeneOrGeneProduct,-,1597,1602,train
26516699,62,PC,DiseaseOrPhenotypicFeature,D010190,1700,1702,train
26731607,0,GADD45A,GeneOrGeneProduct,13197,25,32,train
26731607,1,Growth arrest and DNA-damage-inducible 45 alpha,GeneOrGeneProduct,13197,293,340,train
26731607,2,GADD45A,GeneOrGeneProduct,13197,342,349,train
26731607,3,GADD45A,GeneOrGeneProduct,13197,391,398,train
26731607,4,GADD45A,GeneOrGeneProduct,13197,514,521,train
26731607,5,GADD45A,GeneOrGeneProduct,13197,704,711,train
26731607,6,murine,OrganismTaxon,10090,779,785,train
26731607,7,GADD45A,GeneOrGeneProduct,13197,837,844,train
26731607,8,GADD45A,GeneOrGeneProduct,13197,911,918,train
26731607,9,GADD45A,GeneOrGeneProduct,13197,1054,1061,train
26731607,10,GADD45A,GeneOrGeneProduct,13197,1236,1243,train
26731607,11,GADD45A,GeneOrGeneProduct,13197,1322,1329,train
26731607,12,GADD45A,GeneOrGeneProduct,13197,1545,1552,train
26731607,13,GADD45A,GeneOrGeneProduct,13197,1587,1594,train
26731607,14,p38 Mitogen-activated protein kinase,GeneOrGeneProduct,26416,1625,1661,train
26731607,15,MAPK,GeneOrGeneProduct,26416,1663,1667,train
26731607,16,GADD45A,GeneOrGeneProduct,13197,1817,1824,train
27172902,0,Cisplatin,ChemicalEntity,D002945,0,9,train
27172902,1,TLR,GeneOrGeneProduct,13982,61,64,train
27172902,2,IL-10,GeneOrGeneProduct,16153,105,110,train
27172902,3,cisplatin,ChemicalEntity,D002945,203,212,train
27172902,4,cis-diamminedichloroplatinum,ChemicalEntity,D002945,214,242,train
27172902,5,CDDP,ChemicalEntity,D002945,249,253,train
27172902,6,cancer,DiseaseOrPhenotypicFeature,D009369,277,283,train
27172902,7,cisplatin,ChemicalEntity,D002945,323,332,train
27172902,8,cisplatin,ChemicalEntity,D002945,462,471,train
27172902,9,toll-like receptor,GeneOrGeneProduct,13982,553,571,train
27172902,10,TLR,GeneOrGeneProduct,13982,573,576,train
27172902,11,Cisplatin,ChemicalEntity,D002945,591,600,train
27172902,12,CD80,GeneOrGeneProduct,12519,670,674,train
27172902,13,CD86,GeneOrGeneProduct,12524,676,680,train
27172902,14,MHC class I and II,GeneOrGeneProduct,"14961,14972",682,700,train
27172902,15,TLR,GeneOrGeneProduct,13982,796,799,train
27172902,16,cisplatin,ChemicalEntity,D002945,810,819,train
27172902,17,IL-10,GeneOrGeneProduct,16153,858,863,train
27172902,18,p38 MAPK,GeneOrGeneProduct,26416,901,909,train
27172902,19,NF-kappaB,GeneOrGeneProduct,18033,914,923,train
27172902,20,TNF-alpha,GeneOrGeneProduct,21926,974,983,train
27172902,21,IL-12p70,GeneOrGeneProduct,16185,988,996,train
27172902,22,cisplatin,ChemicalEntity,D002945,1013,1022,train
27172902,23,IL-10,GeneOrGeneProduct,16153,1109,1114,train
27172902,24,IL-10,GeneOrGeneProduct,16153,1154,1159,train
27172902,25,mice,OrganismTaxon,10090,1163,1167,train
27172902,26,IL-10,GeneOrGeneProduct,16153,1172,1177,train
27172902,27,cisplatin,ChemicalEntity,D002945,1266,1275,train
27172902,28,lipopolysaccharide,ChemicalEntity,D008070,1280,1298,train
27172902,29,LPS,ChemicalEntity,D008070,1300,1303,train
27172902,30,IL-10,GeneOrGeneProduct,16153,1562,1567,train
27172902,31,CD3,GeneOrGeneProduct,12501,1578,1581,train
27172902,32,CD4,GeneOrGeneProduct,12504,1582,1585,train
27172902,33,LAG-3,GeneOrGeneProduct,16768,1586,1591,train
27172902,34,CD49b,GeneOrGeneProduct,16398,1592,1597,train
27172902,35,CD25,GeneOrGeneProduct,16184,1598,1602,train
27172902,36,Foxp3,GeneOrGeneProduct,20371,1603,1608,train
27172902,37,Foxp3,GeneOrGeneProduct,20371,1675,1680,train
27172902,38,cisplatin,ChemicalEntity,D002945,1753,1762,train
27172902,39,TLR agonist,ChemicalEntity,-,1809,1820,train
27172902,40,inflammatory,DiseaseOrPhenotypicFeature,D007249,1829,1841,train
27172902,41,IL-10,GeneOrGeneProduct,16153,1866,1871,train
27172902,42,cancer,DiseaseOrPhenotypicFeature,D009369,1981,1987,train
27248656,0,Hsp90beta,GeneOrGeneProduct,301252,0,9,train
27248656,1,salt,ChemicalEntity,D012492,49,53,train
27248656,2,nephropathy,DiseaseOrPhenotypicFeature,D007674,67,78,train
27248656,3,salt,ChemicalEntity,D012492,136,140,train
27248656,4,renal hypoxia,DiseaseOrPhenotypicFeature,D007674,192,205,train
27248656,5,hypertensive,DiseaseOrPhenotypicFeature,D006973,332,344,train
27248656,6,rats,OrganismTaxon,10116,355,359,train
27248656,7,salt,ChemicalEntity,D012492,371,375,train
27248656,8,proteinuria,DiseaseOrPhenotypicFeature,D011507,398,409,train
27248656,9,renal inflammation,DiseaseOrPhenotypicFeature,D007674,437,455,train
27248656,10,fibrosis,DiseaseOrPhenotypicFeature,D005355,457,465,train
27248656,11,Hsp90beta,GeneOrGeneProduct,301252,557,566,train
27248656,12,"TGF-beta,",GeneOrGeneProduct,59086,568,577,train
27248656,13,HIF-1alpha,GeneOrGeneProduct,29560,578,588,train
27248656,14,TNF-alpha,GeneOrGeneProduct,24835,590,599,train
27248656,15,IL-6,GeneOrGeneProduct,24498,601,605,train
27248656,16,MCP-1,GeneOrGeneProduct,24770,610,615,train
27248656,17,salt,ChemicalEntity,D012492,665,669,train
27248656,18,Hsp90beta,GeneOrGeneProduct,301252,699,708,train
27248656,19,salt,ChemicalEntity,D012492,768,772,train
27248656,20,NF-kappaB,GeneOrGeneProduct,81736,843,852,train
27248656,21,p38,GeneOrGeneProduct,81649,854,857,train
27248656,22,Bcl-2,GeneOrGeneProduct,24224,873,878,train
27248656,23,Hsp90beta,GeneOrGeneProduct,301252,893,902,train
27248656,24,17-dimethylaminoethylamino-17-demethoxygeldanamycin,ChemicalEntity,C448659,1069,1120,train
27248656,25,17-DMAG,ChemicalEntity,C448659,1122,1129,train
27248656,26,Hsp90beta,GeneOrGeneProduct,301252,1134,1143,train
27248656,27,salt,ChemicalEntity,D012492,1187,1191,train
27248656,28,proteinuria,DiseaseOrPhenotypicFeature,D011507,1205,1216,train
27248656,29,renal damage,DiseaseOrPhenotypicFeature,D007674,1221,1233,train
27248656,30,NF-kappaB,GeneOrGeneProduct,81736,1313,1322,train
27248656,31,mTOR,GeneOrGeneProduct,56718,1324,1328,train
27248656,32,p38,GeneOrGeneProduct,81649,1333,1336,train
27248656,33,Hsp90beta,GeneOrGeneProduct,301252,1401,1410,train
27248656,34,TAK1,GeneOrGeneProduct,313121,1445,1449,train
27248656,35,AMPKalpha,GeneOrGeneProduct,65248,1451,1460,train
27248656,36,IKKalpha/beta,GeneOrGeneProduct,"309361,84351",1462,1475,train
27248656,37,HIF-1alpha,GeneOrGeneProduct,29560,1477,1487,train
27248656,38,Raptor,GeneOrGeneProduct,287871,1492,1498,train
27248656,39,Hsp90beta,GeneOrGeneProduct,301252,1508,1517,train
27248656,40,Hsp90beta,GeneOrGeneProduct,301252,1566,1575,train
27248656,41,salt,ChemicalEntity,D012492,1688,1692,train
27248656,42,proteinuria,DiseaseOrPhenotypicFeature,D011507,1750,1761,train
27248656,43,renal dysfunction,DiseaseOrPhenotypicFeature,D051437,1766,1783,train
27248656,44,rats,OrganismTaxon,10116,1795,1799,train
27248656,45,Hsp90beta,GeneOrGeneProduct,301252,1801,1810,train
27248656,46,nephropathy,DiseaseOrPhenotypicFeature,D007674,1950,1961,train
27248656,47,renal hypoxia,DiseaseOrPhenotypicFeature,D007674,1971,1984,train
28660748,0,Angiotensin II subtype 1a receptor,GeneOrGeneProduct,11607,0,34,train
28660748,1,liver metastasis,DiseaseOrPhenotypicFeature,D008113,85,101,train
28660748,2,Liver metastases,DiseaseOrPhenotypicFeature,D008113,113,129,train
28660748,3,colorectal cancer,DiseaseOrPhenotypicFeature,D015179,135,152,train
28660748,4,CRC,DiseaseOrPhenotypicFeature,D015179,154,157,train
28660748,5,renin,GeneOrGeneProduct,19701,201,206,train
28660748,6,angiotensin,GeneOrGeneProduct,11606,207,218,train
28660748,7,tumor,DiseaseOrPhenotypicFeature,D009369,241,246,train
28660748,8,metastases,DiseaseOrPhenotypicFeature,D009362,258,268,train
28660748,9,angiotensin II subtype receptor 1a,GeneOrGeneProduct,11607,318,352,train
28660748,10,AT1a,GeneOrGeneProduct,11607,354,358,train
28660748,11,liver metastasis,DiseaseOrPhenotypicFeature,D008113,380,396,train
28660748,12,CRC,DiseaseOrPhenotypicFeature,D015179,400,403,train
28660748,13,liver metastasis,DiseaseOrPhenotypicFeature,D008113,416,432,train
28660748,14,mouse,OrganismTaxon,10090,476,481,train
28660748,15,colon cancer,DiseaseOrPhenotypicFeature,D015179,482,494,train
28660748,16,CMT-93,CellLine,CVCL_1986,496,502,train
28660748,17,AT1a,GeneOrGeneProduct,11607,509,513,train
28660748,18,mice,OrganismTaxon,10090,523,527,train
28660748,19,AT1a,GeneOrGeneProduct,11607,529,533,train
28660748,20,C57BL/6,CellLine,CVCL_5746,552,559,train
28660748,21,mice,OrganismTaxon,10090,561,565,train
28660748,22,mice,OrganismTaxon,10090,589,593,train
28660748,23,liver metastatic,DiseaseOrPhenotypicFeature,D008113,616,632,train
28660748,24,AT1a,GeneOrGeneProduct,11607,666,670,train
28660748,25,CD31,GeneOrGeneProduct,18613,693,697,train
28660748,26,transforming growth factor- b1,GeneOrGeneProduct,21803,699,729,train
28660748,27,TGF-b1,GeneOrGeneProduct,21803,731,737,train
28660748,28,F4/80,GeneOrGeneProduct,13733,744,749,train
28660748,29,AT1a,GeneOrGeneProduct,11607,769,773,train
28660748,30,F4/80,GeneOrGeneProduct,13733,867,872,train
28660748,31,TGF-b1,GeneOrGeneProduct,21803,893,899,train
28660748,32,AT1a,GeneOrGeneProduct,11607,945,949,train
28660748,33,AT1a,GeneOrGeneProduct,11607,957,961,train
28660748,34,AT1a,GeneOrGeneProduct,11607,982,986,train
28660748,35,liver metastasis,DiseaseOrPhenotypicFeature,D008113,1027,1043,train
28660748,36,metastasis,DiseaseOrPhenotypicFeature,D009362,1094,1104,train
28660748,37,AT1a,GeneOrGeneProduct,11607,1137,1141,train
28660748,38,AT1a,GeneOrGeneProduct,11607,1158,1162,train
28660748,39,F4/80,GeneOrGeneProduct,13733,1197,1202,train
28660748,40,liver metastasis,DiseaseOrPhenotypicFeature,D008113,1219,1235,train
28660748,41,F4/80,GeneOrGeneProduct,13733,1256,1261,train
28660748,42,F4/80,GeneOrGeneProduct,13733,1300,1305,train
28660748,43,F4/80,GeneOrGeneProduct,13733,1343,1348,train
28660748,44,TGF-b1,GeneOrGeneProduct,21803,1376,1382,train
28660748,45,Angiotensin II,GeneOrGeneProduct,11606,1384,1398,train
28660748,46,TGF-b1,GeneOrGeneProduct,21803,1408,1414,train
28660748,47,clodronate,ChemicalEntity,D004002,1465,1475,train
28660748,48,liver metastasis,DiseaseOrPhenotypicFeature,D008113,1497,1513,train
28660748,49,TGF-b1,GeneOrGeneProduct,21803,1529,1535,train
28660748,50,F4/80,GeneOrGeneProduct,13733,1539,1544,train
28660748,51,liver metastasis,DiseaseOrPhenotypicFeature,D008113,1585,1601,train
28660748,52,collagen,GeneOrGeneProduct,12842,1618,1626,train
28660748,53,AT1a,GeneOrGeneProduct,11607,1685,1689,train
28660748,54,liver metastasis,DiseaseOrPhenotypicFeature,D008113,1767,1783,train
28660748,55,TGF-b1,GeneOrGeneProduct,21803,1810,1816,train
28660748,56,AT1a,GeneOrGeneProduct,11607,1825,1829,train
15983230,0,SLC2A2,GeneOrGeneProduct,6514,21,27,train
15983230,1,GLUT2,GeneOrGeneProduct,6514,29,34,train
15983230,2,impaired glucose tolerance,DiseaseOrPhenotypicFeature,D018149,81,107,train
15983230,3,type 2 diabetes,DiseaseOrPhenotypicFeature,D003924,111,126,train
15983230,4,Diabetes,DiseaseOrPhenotypicFeature,D003920,140,148,train
15983230,5,Impaired insulin secretion,DiseaseOrPhenotypicFeature,D003920,167,193,train
15983230,6,type 2 diabetes,DiseaseOrPhenotypicFeature,D003924,221,236,train
15983230,7,insulin,GeneOrGeneProduct,3630,350,357,train
15983230,8,SLC2A2,GeneOrGeneProduct,6514,369,375,train
15983230,9,GLUT2,GeneOrGeneProduct,6514,386,391,train
15983230,10,GCK,GeneOrGeneProduct,2645,394,397,train
15983230,11,TCF1,GeneOrGeneProduct,6927,399,403,train
15983230,12,HNF-1alpha,GeneOrGeneProduct,6927,414,424,train
15983230,13,HNF4A,GeneOrGeneProduct,3172,427,432,train
15983230,14,GIP,GeneOrGeneProduct,2695,434,437,train
15983230,15,GLP1R,GeneOrGeneProduct,2740,443,448,train
15983230,16,impaired glucose tolerance,DiseaseOrPhenotypicFeature,D018149,490,516,train
15983230,17,IGT,DiseaseOrPhenotypicFeature,D018149,518,521,train
15983230,18,type 2 diabetes,DiseaseOrPhenotypicFeature,D003924,526,541,train
15983230,19,Diabetes,DiseaseOrPhenotypicFeature,D003920,573,581,train
15983230,20,SLC2A2,GeneOrGeneProduct,6514,622,628,train
15983230,21,type 2 diabetes,DiseaseOrPhenotypicFeature,D003924,679,694,train
15983230,22,SLC2A2,GeneOrGeneProduct,6514,713,719,train
15983230,23,diabetes,DiseaseOrPhenotypicFeature,D003920,748,756,train
15983230,24,rs5393,SequenceVariant,rs5393,762,768,train
15983230,25,type 2 diabetes,DiseaseOrPhenotypicFeature,D003924,805,820,train
15983230,26,type 2 diabetes,DiseaseOrPhenotypicFeature,D003924,926,941,train
15983230,27,SLC2A2,GeneOrGeneProduct,6514,1100,1106,train
15983230,28,diabetes,DiseaseOrPhenotypicFeature,D003920,1133,1141,train
15983230,29,obese,DiseaseOrPhenotypicFeature,D009765,1145,1150,train
15983230,30,IGT,DiseaseOrPhenotypicFeature,D018149,1165,1168,train
16412238,0,Peroxisomal proliferator activated receptor-gamma,GeneOrGeneProduct,5468,0,49,train
16412238,1,familial partial lipodystrophy type 3,DiseaseOrPhenotypicFeature,D052496,88,125,train
16412238,2,FPLD3,DiseaseOrPhenotypicFeature,D052496,127,132,train
16412238,3,Familial partial lipodystrophy (Dunnigan) type 3,DiseaseOrPhenotypicFeature,D052496,147,195,train
16412238,4,FPLD3,DiseaseOrPhenotypicFeature,D052496,197,202,train
16412238,5,Mendelian Inheritance in Man [MIM] 604367,DiseaseOrPhenotypicFeature,D052496,204,245,train
16412238,6,PPARG,GeneOrGeneProduct,5468,286,291,train
16412238,7,peroxisomal proliferator-activated receptor-gamma,GeneOrGeneProduct,5468,301,350,train
16412238,8,FPLD3,DiseaseOrPhenotypicFeature,D052496,480,485,train
16412238,9,insulin resistance,DiseaseOrPhenotypicFeature,D007333,638,656,train
16412238,10,diabetes,DiseaseOrPhenotypicFeature,D003920,658,666,train
16412238,11,hypertriglyceridemia,DiseaseOrPhenotypicFeature,D015228,675,695,train
16412238,12,pancreatitis,DiseaseOrPhenotypicFeature,D010195,710,722,train
16412238,13,triglycerides,ChemicalEntity,D014280,805,818,train
16412238,14,C-peptide,ChemicalEntity,D002096,823,832,train
16412238,15,high-density lipoprotein cholesterol,ChemicalEntity,D008076,847,883,train
16412238,16,PPARG,GeneOrGeneProduct,5468,945,950,train
16412238,17,Y355X,SequenceVariant,p|SUB|Y|355|X,969,974,train
16412238,18,human,OrganismTaxon,9606,1222,1227,train
16412238,19,PPARG,GeneOrGeneProduct,5468,1228,1233,train
16412238,20,PPAR-gamma,GeneOrGeneProduct,5468,1273,1283,train
16412238,21,FPLD3,DiseaseOrPhenotypicFeature,D052496,1465,1470,train
18270997,0,Catechol-O-methyltransferase,GeneOrGeneProduct,1312,0,28,train
18270997,1,COMT,GeneOrGeneProduct,1312,30,34,train
18270997,2,Val158Met,SequenceVariant,rs4680,79,88,train
18270997,3,opiate addiction,DiseaseOrPhenotypicFeature,D009293,102,118,train
18270997,4,women,OrganismTaxon,9606,131,136,train
18270997,5,Catechol-O-methyltransferase,GeneOrGeneProduct,1312,138,166,train
18270997,6,COMT,GeneOrGeneProduct,1312,168,172,train
18270997,7,catechol neurotransmitters,ChemicalEntity,D002395,201,227,train
18270997,8,dopamine,ChemicalEntity,D004298,239,247,train
18270997,9,G472A,SequenceVariant,rs4680,341,346,train
18270997,10,Val158Met,SequenceVariant,rs4680,360,369,train
18270997,11,COMT,GeneOrGeneProduct,1312,469,473,train
18270997,12,opioid,ChemicalEntity,D018847,608,614,train
18270997,13,G472A,SequenceVariant,rs4680,679,684,train
18270997,14,G472A,SequenceVariant,rs4680,899,904,train
18270997,15,opiate addiction,DiseaseOrPhenotypicFeature,D009293,935,951,train
18270997,16,G472A,SequenceVariant,rs4680,973,978,train
18270997,17,opiate addiction,DiseaseOrPhenotypicFeature,D009293,1131,1147,train
18270997,18,women,OrganismTaxon,9606,1151,1156,train
18270997,19,men,OrganismTaxon,9606,1166,1169,train
18487244,0,patients,OrganismTaxon,9606,59,67,train
18487244,1,POLG1,GeneOrGeneProduct,5428,73,78,train
18487244,2,mitochondrial DNA (mtDNA) gamma polymerase,GeneOrGeneProduct,5428,249,291,train
18487244,3,POLG1,GeneOrGeneProduct,5428,293,298,train
18487244,4,Alpers syndrome,DiseaseOrPhenotypicFeature,D002549,316,331,train
18487244,5,POLG1,GeneOrGeneProduct,5428,354,359,train
18487244,6,hepatoencephalopathy,DiseaseOrPhenotypicFeature,C563797,402,422,train
18487244,7,Patients,OrganismTaxon,9606,541,549,train
18487244,8,patients,OrganismTaxon,9606,702,710,train
18487244,9,patients,OrganismTaxon,9606,805,813,train
18487244,10,POLG1,GeneOrGeneProduct,5428,858,863,train
18487244,11,patients,OrganismTaxon,9606,957,965,train
18487244,12,Epilepsy,DiseaseOrPhenotypicFeature,D004827,1041,1049,train
18487244,13,movement disorder,DiseaseOrPhenotypicFeature,D009069,1057,1074,train
18487244,14,patient,OrganismTaxon,9606,1328,1335,train
18487244,15,POLG1,GeneOrGeneProduct,5428,1415,1420,train
18487244,16,POLG1,GeneOrGeneProduct,5428,1500,1505,train
19037252,0,phospholipase C epsilon 1,GeneOrGeneProduct,51196,13,38,train
19037252,1,diffuse mesangial sclerosis,DiseaseOrPhenotypicFeature,C537346,67,94,train
19037252,2,Diffuse mesangial sclerosis,DiseaseOrPhenotypicFeature,C537346,96,123,train
19037252,3,phospholipase C epsilon 1,GeneOrGeneProduct,51196,209,234,train
19037252,4,PLCE1,GeneOrGeneProduct,51196,236,241,train
19037252,5,diffuse mesangial sclerosis,DiseaseOrPhenotypicFeature,C537346,410,437,train
19037252,6,congenital or infantile nephrotic syndrome,DiseaseOrPhenotypicFeature,C535761,457,499,train
19037252,7,PLCE1,GeneOrGeneProduct,51196,525,530,train
19037252,8,KIAA1516,GeneOrGeneProduct,51196,546,554,train
19037252,9,PLCE,GeneOrGeneProduct,51196,556,560,train
19037252,10,NPHS3,GeneOrGeneProduct,51196,565,570,train
19037252,11,four-basepair deletion,SequenceVariant,c|DEL||4,698,720,train
19037252,12,PLCE1,GeneOrGeneProduct,51196,1014,1019,train
19037252,13,diffuse mesangial sclerosis,DiseaseOrPhenotypicFeature,C537346,1054,1081,train
19707748,0,Seizures,DiseaseOrPhenotypicFeature,D012640,0,8,train
19707748,1,levofloxacin,ChemicalEntity,D064704,25,37,train
19707748,2,patient,OrganismTaxon,9606,112,119,train
19707748,3,seizures,DiseaseOrPhenotypicFeature,D012640,134,142,train
19707748,4,levofloxacin,ChemicalEntity,D064704,183,195,train
19707748,5,cytochrome P450 (CYP) 1A2,GeneOrGeneProduct,1544,277,302,train
19707748,6,levofloxacin,ChemicalEntity,D064704,347,359,train
19707748,7,seizures,DiseaseOrPhenotypicFeature,D012640,368,376,train
19707748,8,levofloxacin,ChemicalEntity,D064704,520,532,train
19707748,9,levofloxacin,ChemicalEntity,D064704,612,624,train
19707748,10,seizures,DiseaseOrPhenotypicFeature,D012640,633,641,train
19707748,11,CYP1A2,GeneOrGeneProduct,1544,732,738,train
19707748,12,levofloxacin,ChemicalEntity,D064704,742,754,train
19707748,13,levofloxacin,ChemicalEntity,D064704,891,903,train
19707748,14,patients,OrganismTaxon,9606,915,923,train
19707748,15,CYP1A2,GeneOrGeneProduct,1544,982,988,train
20129423,0,carbamazepine,ChemicalEntity,D002220,6,19,train
20129423,1,hypersensitivity,DiseaseOrPhenotypicFeature,D006967,52,68,train
20129423,2,myocarditis,DiseaseOrPhenotypicFeature,D009205,70,81,train
20129423,3,drug hypersensitivity,DiseaseOrPhenotypicFeature,D004342,167,188,train
20129423,4,carbamazepine,ChemicalEntity,D002220,254,267,train
20129423,5,carbamazepine,ChemicalEntity,D002220,419,432,train
20129423,6,hypersensitivity,DiseaseOrPhenotypicFeature,D006967,462,478,train
20129423,7,myocarditis,DiseaseOrPhenotypicFeature,D009205,480,491,train
20129423,8,hypersensitivity,DiseaseOrPhenotypicFeature,D006967,513,529,train
20129423,9,myocarditis,DiseaseOrPhenotypicFeature,D009205,530,541,train
20129423,10,carbamazepine,ChemicalEntity,D002220,573,586,train
20129423,11,hypersensitivity,DiseaseOrPhenotypicFeature,D006967,594,610,train
20129423,12,myocarditis,DiseaseOrPhenotypicFeature,D009205,611,622,train
20129423,13,death,DiseaseOrPhenotypicFeature,D003643,815,820,train
20129423,14,cardiogenic shock,DiseaseOrPhenotypicFeature,D012770,832,849,train
20129423,15,carbamazepine,ChemicalEntity,D002220,909,922,train
20129423,16,myocarditis,DiseaseOrPhenotypicFeature,D009205,931,942,train
20651814,0,ADRA2B,GeneOrGeneProduct,151,28,34,train
20651814,1,-4825 gene insertion/deletion,SequenceVariant,c|INDEL|-4825||,34,63,train
20651814,2,migraine,DiseaseOrPhenotypicFeature,D008881,81,89,train
20651814,3,migraine,DiseaseOrPhenotypicFeature,D008881,206,214,train
20651814,4,12-nucleotide insertion/deletion (indel),SequenceVariant,c|INDEL||12,223,263,train
20651814,5,alpha(2B)-adrenergic receptor,GeneOrGeneProduct,151,299,328,train
20651814,6,ADRA2B,GeneOrGeneProduct,151,335,341,train
20651814,7,migraine,DiseaseOrPhenotypicFeature,D008881,440,448,train
20651814,8,migraine,DiseaseOrPhenotypicFeature,D008881,623,631,train
20651814,9,migraine,DiseaseOrPhenotypicFeature,D008881,773,781,train
20651814,10,ADRA2B,GeneOrGeneProduct,151,898,904,train
20651814,11,indel polymorphism at position -4825,SequenceVariant,c|INDEL|-4825||,905,941,train
20651814,12,migraine,DiseaseOrPhenotypicFeature,D008881,1028,1036,train
21325775,0,apolipoprotein E,GeneOrGeneProduct,348,8,24,train
21325775,1,ApoE,GeneOrGeneProduct,348,35,39,train
21325775,2,Arg158 Pro,SequenceVariant,p|SUB|R|158|P,47,57,train
21325775,3,dyslipidemic,DiseaseOrPhenotypicFeature,D050171,65,77,train
21325775,4,patient,OrganismTaxon,9606,78,85,train
21325775,5,lipoprotein glomerulopathy,DiseaseOrPhenotypicFeature,C567089,91,117,train
21325775,6,Lipoprotein glomerulopathy,DiseaseOrPhenotypicFeature,C567089,119,145,train
21325775,7,LPG,DiseaseOrPhenotypicFeature,C567089,147,150,train
21325775,8,apolipoprotein E,GeneOrGeneProduct,348,317,333,train
21325775,9,apoE,GeneOrGeneProduct,348,335,339,train
21325775,10,apoE,GeneOrGeneProduct,348,374,378,train
21325775,11,LPG,DiseaseOrPhenotypicFeature,C567089,420,423,train
21325775,12,LPG,DiseaseOrPhenotypicFeature,C567089,460,463,train
21325775,13,patient,OrganismTaxon,9606,464,471,train
21325775,14,apoE,GeneOrGeneProduct,348,485,489,train
21325775,15,apoE,GeneOrGeneProduct,348,500,504,train
21325775,16,patient,OrganismTaxon,9606,516,523,train
21325775,17,man,OrganismTaxon,9606,542,545,train
21325775,18,nephrotic syndrome,DiseaseOrPhenotypicFeature,D009404,574,592,train
21325775,19,LPG,DiseaseOrPhenotypicFeature,C567089,696,699,train
21325775,20,lamellate thrombi,DiseaseOrPhenotypicFeature,D013927,711,728,train
21325775,21,apoE,GeneOrGeneProduct,348,781,785,train
21325775,22,apoE3/2,GeneOrGeneProduct,348,800,807,train
21325775,23,dyslipidemia,DiseaseOrPhenotypicFeature,D050171,824,836,train
21325775,24,polyacrylamide,ChemicalEntity,-,856,870,train
21325775,25,apoE,GeneOrGeneProduct,348,924,928,train
21325775,26,apoE,GeneOrGeneProduct,348,995,999,train
21325775,27,ApoE,GeneOrGeneProduct,348,1078,1082,train
21325775,28,G to C at codon 158,SequenceVariant,c|SUB|G|CODON158|C,1133,1152,train
21325775,29,arginine residue for the proline residue at position 158,SequenceVariant,p|SUB|R|158|P,1216,1272,train
21325775,30,apoE,GeneOrGeneProduct,348,1276,1280,train
21325775,31,apoE,GeneOrGeneProduct,348,1437,1441,train
21325775,32,apoE,GeneOrGeneProduct,348,1491,1495,train
21325775,33,apoE,GeneOrGeneProduct,348,1549,1553,train
21325775,34,LPG,DiseaseOrPhenotypicFeature,C567089,1656,1659,train
21325775,35,apoE,GeneOrGeneProduct,348,1673,1677,train
21699520,0,PTCH1,GeneOrGeneProduct,5727,0,5,train
21699520,1,human,OrganismTaxon,9606,110,115,train
21699520,2,basal cell carcinomas,DiseaseOrPhenotypicFeature,D002280,116,137,train
21699520,3,Basal cell carcinomas,DiseaseOrPhenotypicFeature,D002280,151,172,train
21699520,4,BCCs,DiseaseOrPhenotypicFeature,D002280,174,178,train
21699520,5,human,OrganismTaxon,9606,202,207,train
21699520,6,cancer,DiseaseOrPhenotypicFeature,D009369,208,214,train
21699520,7,Gorlin syndrome,DiseaseOrPhenotypicFeature,D001478,291,306,train
21699520,8,inherited autosomal dominant disease,DiseaseOrPhenotypicFeature,D030342,317,353,train
21699520,9,BCCs,DiseaseOrPhenotypicFeature,D002280,385,389,train
21699520,10,birth defects,DiseaseOrPhenotypicFeature,D000013,400,413,train
21699520,11,BCCs,DiseaseOrPhenotypicFeature,D002280,443,447,train
21699520,12,tumor,DiseaseOrPhenotypicFeature,D009369,485,490,train
21699520,13,PTCH1,GeneOrGeneProduct,5727,507,512,train
21699520,14,PTCH2,GeneOrGeneProduct,8643,572,577,train
21699520,15,BCCs,DiseaseOrPhenotypicFeature,D002280,665,669,train
21699520,16,tumor,DiseaseOrPhenotypicFeature,D009369,713,718,train
21699520,17,PTCH1,GeneOrGeneProduct,5727,792,797,train
21699520,18,PTCH2,GeneOrGeneProduct,8643,802,807,train
21699520,19,BCCs,DiseaseOrPhenotypicFeature,D002280,987,991,train
21699520,20,BCC,DiseaseOrPhenotypicFeature,D002280,1039,1042,train
21699520,21,g.2885G>C,SequenceVariant,g|SUB|G|2885|C,1066,1075,train
21699520,22,PTCH1,GeneOrGeneProduct,5727,1090,1095,train
21699520,23,p.R962T,SequenceVariant,p|SUB|R|962|T,1129,1136,train
21699520,24,tumor,DiseaseOrPhenotypicFeature,D009369,1207,1212,train
21699520,25,patient,OrganismTaxon,9606,1226,1233,train
21699520,26,Gorlin syndrome,DiseaseOrPhenotypicFeature,D001478,1239,1254,train
21699520,27,g.2839T>G,SequenceVariant,g|SUB|T|2839|G,1275,1284,train
21699520,28,p.E947stop,SequenceVariant,p|SUB|E|947|X,1329,1339,train
21699520,29,tumor,DiseaseOrPhenotypicFeature,D009369,1379,1384,train
21699520,30,IVS9 + 217T,SequenceVariant,c|Allele|T|IVS9+217,1403,1414,train
21699520,31,PTCH1,GeneOrGeneProduct,5727,1430,1435,train
21699520,32,PTCH1,GeneOrGeneProduct,5727,1472,1477,train
21699520,33,BCCs,DiseaseOrPhenotypicFeature,D002280,1575,1579,train
22104738,0,MLYCD,GeneOrGeneProduct,23417,40,45,train
22104738,1,patient,OrganismTaxon,9606,59,66,train
22104738,2,malonic aciduria,DiseaseOrPhenotypicFeature,C535702,72,88,train
22104738,3,malonic aciduria,DiseaseOrPhenotypicFeature,C535702,161,177,train
22104738,4,developmental delay,DiseaseOrPhenotypicFeature,D002658,189,208,train
22104738,5,short stature,DiseaseOrPhenotypicFeature,D006130,210,223,train
22104738,6,brain abnormalities,DiseaseOrPhenotypicFeature,D001927,225,244,train
22104738,7,malonic acid,ChemicalEntity,C030290,270,282,train
22104738,8,methylmalonic acid,ChemicalEntity,D008764,287,305,train
22104738,9,MLYCD,GeneOrGeneProduct,23417,421,426,train
22104738,10,c.920T>G,SequenceVariant,c|SUB|T|920|G,466,474,train
22104738,11,p.Leu307Arg,SequenceVariant,p|SUB|L|307|R,476,487,train
22104738,12,patient,OrganismTaxon,9606,496,503,train
22104738,13,patient,OrganismTaxon,9606,572,579,train
22104738,14,c.920T>G,SequenceVariant,c|SUB|T|920|G,619,627,train
22104738,15,MLYCD,GeneOrGeneProduct,23417,797,802,train
25218136,0,Sepsis,DiseaseOrPhenotypicFeature,D018805,0,6,train
25218136,1,amino acid transporters,GeneOrGeneProduct,"246235,25648,29642,84551",26,49,train
25218136,2,leucine,ChemicalEntity,D007930,54,61,train
25218136,3,mTOR,GeneOrGeneProduct,56718,76,80,train
25218136,4,sepsis,DiseaseOrPhenotypicFeature,D018805,146,152,train
25218136,5,leucine,ChemicalEntity,D007930,161,168,train
25218136,6,Leu,ChemicalEntity,D007930,170,173,train
25218136,7,amino acid transporters,GeneOrGeneProduct,"246235,25648,29642,84551",245,268,train
25218136,8,Leu,ChemicalEntity,D007930,293,296,train
25218136,9,Leu,ChemicalEntity,D007930,343,346,train
25218136,10,mTOR,GeneOrGeneProduct,56718,357,361,train
25218136,11,Ragulator complex,GeneOrGeneProduct,"295234,308869",362,379,train
25218136,12,Sepsis,DiseaseOrPhenotypicFeature,D018805,381,387,train
25218136,13,rats,OrganismTaxon,10116,402,406,train
25218136,14,mTOR,GeneOrGeneProduct,56718,490,494,train
25218136,15,4E-BP1,GeneOrGeneProduct,116636,532,538,train
25218136,16,S6K1,GeneOrGeneProduct,83840,543,547,train
25218136,17,Leu,ChemicalEntity,D007930,585,588,train
25218136,18,mTOR,GeneOrGeneProduct,56718,623,627,train
25218136,19,sepsis,DiseaseOrPhenotypicFeature,D018805,670,676,train
25218136,20,Sepsis,DiseaseOrPhenotypicFeature,D018805,678,684,train
25218136,21,CAT1,GeneOrGeneProduct,25648,695,699,train
25218136,22,LAT2,GeneOrGeneProduct,84551,701,705,train
25218136,23,SNAT2,GeneOrGeneProduct,29642,710,715,train
25218136,24,CAT1,GeneOrGeneProduct,25648,780,784,train
25218136,25,sepsis,DiseaseOrPhenotypicFeature,D018805,837,843,train
25218136,26,proton-assisted amino acid transporter (PAT)-2,GeneOrGeneProduct,246235,858,904,train
25218136,27,PAT2,GeneOrGeneProduct,246235,954,958,train
25218136,28,sepsis,DiseaseOrPhenotypicFeature,D018805,981,987,train
25218136,29,Leu,ChemicalEntity,D007930,991,994,train
25218136,30,RagA-D,GeneOrGeneProduct,"117043,117044,297960,298514",1029,1035,train
25218136,31,LAMTOR-1 and -2,GeneOrGeneProduct,"295234,308869",1037,1052,train
25218136,32,raptor,GeneOrGeneProduct,287871,1054,1060,train
25218136,33,Rheb,GeneOrGeneProduct,26954,1062,1066,train
25218136,34,mTOR,GeneOrGeneProduct,56718,1070,1074,train
25218136,35,mTOR,GeneOrGeneProduct,56718,1101,1105,train
25218136,36,PRAS40,GeneOrGeneProduct,292887,1107,1113,train
25218136,37,RagC,GeneOrGeneProduct,298514,1118,1122,train
25218136,38,raptor,GeneOrGeneProduct,287871,1126,1132,train
25218136,39,Leu,ChemicalEntity,D007930,1215,1218,train
25218136,40,PRAS40,GeneOrGeneProduct,292887,1239,1245,train
25218136,41,raptor,GeneOrGeneProduct,287871,1246,1252,train
25218136,42,RagC,GeneOrGeneProduct,298514,1269,1273,train
25218136,43,raptor,GeneOrGeneProduct,287871,1274,1280,train
25218136,44,sepsis,DiseaseOrPhenotypicFeature,D018805,1318,1324,train
25218136,45,Leu,ChemicalEntity,D007930,1344,1347,train
25218136,46,Leu,ChemicalEntity,D007930,1441,1444,train
25218136,47,Leu,ChemicalEntity,D007930,1481,1484,train
25218136,48,rats,OrganismTaxon,10116,1536,1540,train
25218136,49,amino acid transporters,GeneOrGeneProduct,"246235,25648,29642,84551",1577,1600,train
25218136,50,sepsis,DiseaseOrPhenotypicFeature,D018805,1640,1646,train
25218136,51,Leu,ChemicalEntity,D007930,1655,1658,train
25218136,52,Leu,ChemicalEntity,D007930,1675,1678,train
25218136,53,raptor,GeneOrGeneProduct,287871,1701,1707,train
25218136,54,RagC,GeneOrGeneProduct,298514,1713,1717,train
25218136,55,mTOR,GeneOrGeneProduct,56718,1741,1745,train
25218136,56,raptor,GeneOrGeneProduct,287871,1746,1752,train
25218136,57,Leu,ChemicalEntity,D007930,1830,1833,train
25218136,58,mTOR,GeneOrGeneProduct,56718,1852,1856,train
28151486,0,Star-PAP,GeneOrGeneProduct,64852,0,8,train
28151486,1,poly(A) polymerase,GeneOrGeneProduct,64852,12,30,train
28151486,2,tumor,DiseaseOrPhenotypicFeature,D009369,47,52,train
28151486,3,human,OrganismTaxon,9606,81,86,train
28151486,4,breast cancer,DiseaseOrPhenotypicFeature,D001943,87,100,train
28151486,5,Star-PAP,GeneOrGeneProduct,64852,108,116,train
28151486,6,poly(A) polymerase,GeneOrGeneProduct,64852,135,153,train
28151486,7,Star-PAP,GeneOrGeneProduct,64852,246,254,train
28151486,8,cancer,DiseaseOrPhenotypicFeature,D009369,258,264,train
28151486,9,Star-PAP,GeneOrGeneProduct,64852,341,349,train
28151486,10,breast cancer,DiseaseOrPhenotypicFeature,D001943,353,366,train
28151486,11,Star-PAP,GeneOrGeneProduct,64852,399,407,train
28151486,12,breast cancer,DiseaseOrPhenotypicFeature,D001943,480,493,train
28151486,13,breast cancer,DiseaseOrPhenotypicFeature,D001943,504,517,train
28151486,14,patients,OrganismTaxon,9606,518,526,train
28151486,15,Star-PAP,GeneOrGeneProduct,64852,543,551,train
28151486,16,BIK,GeneOrGeneProduct,638,633,636,train
28151486,17,BCL2-interacting killer,GeneOrGeneProduct,638,638,661,train
28151486,18,Star-PAP,GeneOrGeneProduct,64852,664,672,train
28151486,19,breast cancer,DiseaseOrPhenotypicFeature,D001943,694,707,train
28151486,20,breast cancer,DiseaseOrPhenotypicFeature,D001943,763,776,train
28151486,21,SCID,DiseaseOrPhenotypicFeature,D016511,795,799,train
28151486,22,mice,OrganismTaxon,10090,800,804,train
28151486,23,doxycycline,ChemicalEntity,D004318,831,842,train
28151486,24,Star-PAP,GeneOrGeneProduct,64852,851,859,train
28151486,25,Star-PAP,GeneOrGeneProduct,64852,889,897,train
28151486,26,breast cancer,DiseaseOrPhenotypicFeature,D001943,909,922,train
28151486,27,Star-PAP,GeneOrGeneProduct,64852,1007,1015,train
28151486,28,Star-PAP,GeneOrGeneProduct,64852,1159,1167,train
28151486,29,tumor,DiseaseOrPhenotypicFeature,D009369,1178,1183,train
28151486,30,cancer,DiseaseOrPhenotypicFeature,D009369,1253,1259,train
15200408,0,human,OrganismTaxon,9606,29,34,train
15200408,1,uroplakin,GeneOrGeneProduct,"11045,7380",35,44,train
15200408,2,vesicoureteral reflux,DiseaseOrPhenotypicFeature,C564042,54,75,train
15200408,3,vesicoureteral reflux,DiseaseOrPhenotypicFeature,C564042,137,158,train
15200408,4,VUR,DiseaseOrPhenotypicFeature,C564042,160,163,train
15200408,5,hereditary disorder,DiseaseOrPhenotypicFeature,D030342,170,189,train
15200408,6,hereditary diseases,DiseaseOrPhenotypicFeature,D030342,343,362,train
15200408,7,nephropathy,DiseaseOrPhenotypicFeature,D007674,379,390,train
15200408,8,end-stage renal failure,DiseaseOrPhenotypicFeature,D007676,416,439,train
15200408,9,mouse,OrganismTaxon,10090,513,518,train
15200408,10,uroplakin (UP) III,GeneOrGeneProduct,22270,519,537,train
15200408,11,VUR,DiseaseOrPhenotypicFeature,C564042,647,650,train
15200408,12,hydronephrosis,DiseaseOrPhenotypicFeature,D006869,655,669,train
15200408,13,UP,GeneOrGeneProduct,"11045,7380",723,725,train
15200408,14,human,OrganismTaxon,9606,753,758,train
15200408,15,VUR,DiseaseOrPhenotypicFeature,C564042,759,762,train
15200408,16,UP,GeneOrGeneProduct,"11045,7380",786,788,train
15200408,17,patients,OrganismTaxon,9606,801,809,train
15200408,18,VUR,DiseaseOrPhenotypicFeature,C564042,845,848,train
15200408,19,VUR,DiseaseOrPhenotypicFeature,C564042,1162,1165,train
15200408,20,VUR,DiseaseOrPhenotypicFeature,C564042,1214,1217,train
15200408,21,VUR,DiseaseOrPhenotypicFeature,C564042,1298,1301,train
15200408,22,patients,OrganismTaxon,9606,1302,1310,train
15200408,23,VUR,DiseaseOrPhenotypicFeature,C564042,1425,1428,train
15200408,24,UP Ia,GeneOrGeneProduct,11045,1447,1452,train
15200408,25,C to T,SequenceVariant,rs373513519,1470,1476,train
15200408,26,Ala7Val,SequenceVariant,rs373513519,1495,1502,train
15200408,27,UP III,GeneOrGeneProduct,7380,1523,1529,train
15200408,28,C to G,SequenceVariant,c|SUB|C||G,1542,1548,train
15200408,29,Pro154Ala,SequenceVariant,p|SUB|P|154|A,1566,1575,train
15200408,30,VUR,DiseaseOrPhenotypicFeature,C564042,1616,1619,train
15200408,31,UP III,GeneOrGeneProduct,7380,1766,1772,train
15200408,32,VUR,DiseaseOrPhenotypicFeature,C564042,1781,1784,train
15200408,33,uroplakin,GeneOrGeneProduct,"11045,7380",1982,1991,train
15200408,34,VUR,DiseaseOrPhenotypicFeature,C564042,2037,2040,train
15200408,35,humans,OrganismTaxon,9606,2044,2050,train
15200408,36,VUR,DiseaseOrPhenotypicFeature,C564042,2219,2222,train
15200408,37,patients,OrganismTaxon,9606,2223,2231,train
15200408,38,UP III,GeneOrGeneProduct,22270,2293,2299,train
15200408,39,mice,OrganismTaxon,10090,2309,2313,train
15200408,40,VUR,DiseaseOrPhenotypicFeature,C564042,2347,2350,train
15200408,41,hydronephrosis,DiseaseOrPhenotypicFeature,D006869,2368,2382,train
15200408,42,neonatal death,DiseaseOrPhenotypicFeature,D066087,2387,2401,train
15200408,43,uroplakin,GeneOrGeneProduct,"11045,7380",2437,2446,train
15200408,44,humans,OrganismTaxon,9606,2505,2511,train
16309808,0,domperidone,ChemicalEntity,D004294,5,16,train
16309808,1,mirtazapine,ChemicalEntity,D000078785,28,39,train
16309808,2,restless legs syndrome,DiseaseOrPhenotypicFeature,D012148,51,73,train
16309808,3,restless legs syndrome,DiseaseOrPhenotypicFeature,D012148,154,176,train
16309808,4,RLS,DiseaseOrPhenotypicFeature,D012148,178,181,train
16309808,5,RLS,DiseaseOrPhenotypicFeature,D012148,213,216,train
16309808,6,levodopa,ChemicalEntity,D007980,249,257,train
16309808,7,dopamine,ChemicalEntity,D004298,262,270,train
16309808,8,dopamine D2 receptor antagonists,ChemicalEntity,D065127,297,329,train
16309808,9,RLS,DiseaseOrPhenotypicFeature,D012148,354,357,train
16309808,10,domperidone,ChemicalEntity,D004294,432,443,train
16309808,11,dopamine D2 receptor,GeneOrGeneProduct,1813,458,478,train
16309808,12,RLS,DiseaseOrPhenotypicFeature,D012148,532,535,train
16309808,13,Mirtazapine,ChemicalEntity,D000078785,537,548,train
16309808,14,noradrenergic and specific serotonergic antidepressant,ChemicalEntity,D000928,560,614,train
16309808,15,NaSSA,ChemicalEntity,D000928,616,621,train
16309808,16,RLS,DiseaseOrPhenotypicFeature,D012148,649,652,train
16309808,17,depressed,DiseaseOrPhenotypicFeature,D003866,711,720,train
16309808,18,patient,OrganismTaxon,9606,721,728,train
16309808,19,postprandial dyspepsia,DiseaseOrPhenotypicFeature,D004415,743,765,train
16309808,20,RLS,DiseaseOrPhenotypicFeature,D012148,780,783,train
16309808,21,mirtazapine,ChemicalEntity,D000078785,790,801,train
16309808,22,domperidone,ChemicalEntity,D004294,824,835,train
16309808,23,patient,OrganismTaxon,9606,849,856,train
16309808,24,RLS,DiseaseOrPhenotypicFeature,D012148,885,888,train
16309808,25,mirtazapine,ChemicalEntity,D000078785,925,936,train
16309808,26,RLS,DiseaseOrPhenotypicFeature,D012148,946,949,train
16309808,27,mirtazapine,ChemicalEntity,D000078785,1007,1018,train
16309808,28,mirtazapine,ChemicalEntity,D000078785,1068,1079,train
16309808,29,RLS,DiseaseOrPhenotypicFeature,D012148,1100,1103,train
16309808,30,patient,OrganismTaxon,9606,1111,1118,train
16309808,31,domperione,ChemicalEntity,D004294,1160,1170,train
16309808,32,mirtazapine,ChemicalEntity,D000078785,1174,1185,train
16309808,33,RLS,DiseaseOrPhenotypicFeature,D012148,1197,1200,train
16309808,34,mirtazapine,ChemicalEntity,D000078785,1262,1273,train
16309808,35,RLS,DiseaseOrPhenotypicFeature,D012148,1297,1300,train
16309808,36,dopamine D2 receptor antagonists,ChemicalEntity,D065127,1361,1393,train
18000905,0,oral clefts,DiseaseOrPhenotypicFeature,D002972,39,50,train
18000905,1,cleft lip,DiseaseOrPhenotypicFeature,D002971,149,158,train
18000905,2,cleft palate,DiseaseOrPhenotypicFeature,D002972,163,175,train
18000905,3,CL/P,DiseaseOrPhenotypicFeature,"D002971,D002972",177,181,train
18000905,4,cleft palate,DiseaseOrPhenotypicFeature,D002972,188,200,train
18000905,5,CPO,DiseaseOrPhenotypicFeature,D002972,207,210,train
18000905,6,CL/P,DiseaseOrPhenotypicFeature,"D002971,D002972",382,386,train
18000905,7,CPO,DiseaseOrPhenotypicFeature,D002972,400,403,train
18000905,8,clefts,DiseaseOrPhenotypicFeature,"D002971,D002972",1114,1120,train
18000905,9,CL/P,DiseaseOrPhenotypicFeature,"D002971,D002972",1262,1266,train
18000905,10,CPO,DiseaseOrPhenotypicFeature,D002972,1281,1284,train
18000905,11,CL/P,DiseaseOrPhenotypicFeature,"D002971,D002972",1321,1325,train
18000905,12,microtia,DiseaseOrPhenotypicFeature,D065817,1436,1444,train
18000905,13,CL/P,DiseaseOrPhenotypicFeature,"D002971,D002972",1450,1454,train
18000905,14,CPO,DiseaseOrPhenotypicFeature,D002972,1694,1697,train
18000905,15,CPO,DiseaseOrPhenotypicFeature,D002972,1767,1770,train
18397285,0,L1503R,SequenceVariant,rs61750097,0,6,train
18397285,1,VWF,GeneOrGeneProduct,7450,100,103,train
18397285,2,patients,OrganismTaxon,9606,134,142,train
18397285,3,type 2A von Willebrand disease,DiseaseOrPhenotypicFeature,D056728,148,178,train
18397285,4,Type 2A von Willebrand disease,DiseaseOrPhenotypicFeature,D056728,180,210,train
18397285,5,VWD,DiseaseOrPhenotypicFeature,D014842,212,215,train
18397285,6,von Willebrand factor,GeneOrGeneProduct,7450,278,299,train
18397285,7,VWF,GeneOrGeneProduct,7450,301,304,train
18397285,8,VWF,GeneOrGeneProduct,7450,411,414,train
18397285,9,type 2A VWD,DiseaseOrPhenotypicFeature,D056728,439,450,train
18397285,10,patients,OrganismTaxon,9606,451,459,train
18397285,11,T-->G transversion at nucleotide 4508,SequenceVariant,rs61750097,501,538,train
18397285,12,L1503R,SequenceVariant,rs61750097,573,579,train
18397285,13,VWF,GeneOrGeneProduct,7450,587,590,train
18397285,14,VWF,GeneOrGeneProduct,7450,711,714,train
18397285,15,293T,CellLine,CVCL_0063,750,754,train
18397285,16,VWF,GeneOrGeneProduct,7450,794,797,train
18397285,17,293T,CellLine,CVCL_0063,856,860,train
18397285,18,VWF,GeneOrGeneProduct,7450,1038,1041,train
18397285,19,VWF,GeneOrGeneProduct,7450,1095,1098,train
18397285,20,L1503R,SequenceVariant,rs61750097,1194,1200,train
18397285,21,L1503Q,SequenceVariant,rs61750097,1329,1335,train
18397285,22,ADAMTS13,GeneOrGeneProduct,11093,1410,1418,train
18397285,23,L1503R,SequenceVariant,rs61750097,1455,1461,train
18397285,24,VWF,GeneOrGeneProduct,7450,1536,1539,train
18397285,25,VWF,GeneOrGeneProduct,7450,1574,1577,train
18790087,0,HIV-1,OrganismTaxon,11676,44,49,train
18790087,1,CCR5,GeneOrGeneProduct,1234,60,64,train
18790087,2,Delta32,SequenceVariant,c|DEL||32,65,72,train
18790087,3,chemokine receptor,GeneOrGeneProduct,1234,357,375,train
18790087,4,CCR5,GeneOrGeneProduct,1234,381,385,train
18790087,5,32-bp deletion,SequenceVariant,c|DEL||32,398,412,train
18790087,6,CCR5,GeneOrGeneProduct,1234,414,418,train
18790087,7,Delta32,SequenceVariant,c|DEL||32,419,426,train
18790087,8,CCR5,GeneOrGeneProduct,1234,486,490,train
18790087,9,Delta32,SequenceVariant,c|DEL||32,491,498,train
18790087,10,HIV-1 infection,DiseaseOrPhenotypicFeature,D015658,679,694,train
18790087,11,AIDS,DiseaseOrPhenotypicFeature,D000163,728,732,train
18790087,12,HIV,OrganismTaxon,11676,743,746,train
18790087,13,CCR5,GeneOrGeneProduct,1234,816,820,train
18790087,14,West Nile virus,OrganismTaxon,11082,1511,1526,train
18790087,15,CCR5,GeneOrGeneProduct,1234,1541,1545,train
18790087,16,infections,DiseaseOrPhenotypicFeature,D007239,2047,2057,train
20401977,0,human,OrganismTaxon,9606,4,9,train
20401977,1,AHR,GeneOrGeneProduct,196,10,13,train
20401977,2,"2,3,7,8-tetrachlorodibenzo-p-dioxin",ChemicalEntity,D000072317,121,156,train
20401977,3,dioxin,ChemicalEntity,D004147,169,175,train
20401977,4,aryl hydrocarbon receptor,GeneOrGeneProduct,196,258,283,train
20401977,5,AHR,GeneOrGeneProduct,196,285,288,train
20401977,6,human,OrganismTaxon,9606,295,300,train
20401977,7,AHR,GeneOrGeneProduct,196,301,304,train
20401977,8,dioxins,ChemicalEntity,D004147,502,509,train
20401977,9,AHR,GeneOrGeneProduct,196,616,619,train
20401977,10,human,OrganismTaxon,9606,684,689,train
20401977,11,AHR,GeneOrGeneProduct,196,690,693,train
20401977,12,AHR,GeneOrGeneProduct,196,817,820,train
20401977,13,AHR,GeneOrGeneProduct,196,1158,1161,train
20401977,14,human,OrganismTaxon,9606,1367,1372,train
20401977,15,AHR,GeneOrGeneProduct,196,1373,1376,train
20401977,16,human,OrganismTaxon,9606,1536,1541,train
20401977,17,AHR,GeneOrGeneProduct,196,1542,1545,train
20401977,18,human,OrganismTaxon,9606,1642,1647,train
20588063,0,puromycin aminonucleoside,ChemicalEntity,D011692,109,134,train
20588063,1,nephrosis,DiseaseOrPhenotypicFeature,D009401,135,144,train
20588063,2,proteinuria,DiseaseOrPhenotypicFeature,D011507,219,230,train
20588063,3,puromycin aminonucleoside,ChemicalEntity,D011692,245,270,train
20588063,4,nephrosis,DiseaseOrPhenotypicFeature,D009401,271,280,train
20588063,5,PAN,DiseaseOrPhenotypicFeature,D009401,282,285,train
20588063,6,rats,OrganismTaxon,10116,287,291,train
20588063,7,nephrin,GeneOrGeneProduct,64563,418,425,train
20588063,8,a-actinin,GeneOrGeneProduct,81634,427,436,train
20588063,9,dendrin,GeneOrGeneProduct,25113,438,445,train
20588063,10,plekhh2,GeneOrGeneProduct,313866,451,458,train
20588063,11,ACE,GeneOrGeneProduct,24310,725,728,train
20588063,12,proteinuria,DiseaseOrPhenotypicFeature,D011507,816,827,train
20588063,13,nephrin,GeneOrGeneProduct,64563,853,860,train
20588063,14,proteinuria,DiseaseOrPhenotypicFeature,D011507,1036,1047,train
20588063,15,Nephrin,GeneOrGeneProduct,64563,1104,1111,train
20588063,16,dendrin,GeneOrGeneProduct,25113,1137,1144,train
20588063,17,plekhh2,GeneOrGeneProduct,313866,1149,1156,train
20588063,18,a-actinin,GeneOrGeneProduct,81634,1176,1185,train
20588063,19,ACE,GeneOrGeneProduct,24310,1206,1209,train
20588063,20,PAN,DiseaseOrPhenotypicFeature,D009401,1272,1275,train
20588063,21,proteinuria,DiseaseOrPhenotypicFeature,D011507,1357,1368,train
20588063,22,nephrin,GeneOrGeneProduct,64563,1399,1406,train
20588063,23,dendrin,GeneOrGeneProduct,25113,1490,1497,train
20588063,24,plekhh2,GeneOrGeneProduct,313866,1502,1509,train
20588063,25,PAN,DiseaseOrPhenotypicFeature,D009401,1549,1552,train
20588063,26,a-actinin,GeneOrGeneProduct,81634,1562,1571,train
20854438,0,SLURP1,GeneOrGeneProduct,57152,0,6,train
20854438,1,mal de Meleda,DiseaseOrPhenotypicFeature,D007645,60,73,train
20854438,2,Mal de Meleda,DiseaseOrPhenotypicFeature,D007645,87,100,train
20854438,3,MDM,DiseaseOrPhenotypicFeature,D007645,102,105,train
20854438,4,palmoplantar erythrokeratoderma,DiseaseOrPhenotypicFeature,C563781,110,141,train
20854438,5,SLURP-1,GeneOrGeneProduct,57152,231,238,train
20854438,6,lymphocyte antigen 6,GeneOrGeneProduct,57152,240,260,train
20854438,7,urokinase-type plasminogen activator receptor related protein-1,GeneOrGeneProduct,57152,261,324,train
20854438,8,SLURP-1,GeneOrGeneProduct,57152,327,334,train
20854438,9,nicotinic acetylcholine receptor,GeneOrGeneProduct,1137,367,399,train
20854438,10,nAchR,GeneOrGeneProduct,1137,401,406,train
20854438,11,murine,OrganismTaxon,10090,461,467,train
20854438,12,nAchR,GeneOrGeneProduct,11441,492,497,train
20854438,13,patients,OrganismTaxon,9606,587,595,train
20854438,14,SLURP1,GeneOrGeneProduct,57152,616,622,train
20854438,15,melanoma,DiseaseOrPhenotypicFeature,D008545,683,691,train
20854438,16,viral infection,DiseaseOrPhenotypicFeature,D014777,696,711,train
20854438,17,SLURP1,GeneOrGeneProduct,57152,860,866,train
20854438,18,MDM,DiseaseOrPhenotypicFeature,D007645,931,934,train
20854438,19,SLURP-1,GeneOrGeneProduct,57152,949,956,train
20854438,20,Human,OrganismTaxon,9606,1002,1007,train
20854438,21,MDM,DiseaseOrPhenotypicFeature,D007645,1082,1085,train
20854438,22,G to A substitution in nucleotide 256,SequenceVariant,rs28937888,1105,1142,train
20854438,23,SLURP1,GeneOrGeneProduct,57152,1150,1156,train
20854438,24,glycine to arginine substitution at amino acid 86,SequenceVariant,rs28937888,1182,1231,train
20854438,25,G86R,SequenceVariant,rs28937888,1233,1237,train
20854438,26,SLURP-1,GeneOrGeneProduct,57152,1246,1253,train
20854438,27,CD3,GeneOrGeneProduct,915,1335,1338,train
20854438,28,CD28,GeneOrGeneProduct,940,1344,1348,train
20854438,29,SLURP-1,GeneOrGeneProduct,57152,1488,1495,train
20854438,30,G86R,SequenceVariant,rs28937888,1496,1500,train
20854438,31,human,OrganismTaxon,9606,1606,1611,train
20854438,32,SLURP-1,GeneOrGeneProduct,57152,1612,1619,train
20854438,33,Patients,OrganismTaxon,9606,1642,1650,train
20854438,34,MDM,DiseaseOrPhenotypicFeature,D007645,1656,1659,train
20854438,35,SLURP-1,GeneOrGeneProduct,57152,1680,1687,train
20854438,36,G86R,SequenceVariant,rs28937888,1688,1692,train
20854438,37,SLURP-1,GeneOrGeneProduct,57152,1768,1775,train
21771880,0,IRS2,GeneOrGeneProduct,8660,16,20,train
21771880,1,obesity,DiseaseOrPhenotypicFeature,D009765,47,54,train
21771880,2,glucose,ChemicalEntity,D005947,71,78,train
21771880,3,insulin receptor substrate 2,GeneOrGeneProduct,8660,145,173,train
21771880,4,IRS2,GeneOrGeneProduct,8660,175,179,train
21771880,5,obesity,DiseaseOrPhenotypicFeature,D009765,218,225,train
21771880,6,diabetes,DiseaseOrPhenotypicFeature,D003920,231,239,train
21771880,7,IRS2,GeneOrGeneProduct,8660,337,341,train
21771880,8,obesity,DiseaseOrPhenotypicFeature,D009765,639,646,train
21771880,9,diabetes,DiseaseOrPhenotypicFeature,D003920,651,659,train
21771880,10,obesity,DiseaseOrPhenotypicFeature,D009765,1223,1230,train
21771880,11,SNP 10510452_139,SequenceVariant,10510452_139,1266,1282,train
21771880,12,SNP 10510452_139,SequenceVariant,10510452_139,1445,1461,train
21771880,13,diabetes,DiseaseOrPhenotypicFeature,D003920,1598,1606,train
21771880,14,glucose,ChemicalEntity,D005947,1723,1730,train
21771880,15,IRS2,GeneOrGeneProduct,8660,1752,1756,train
21771880,16,glucose,ChemicalEntity,D005947,1852,1859,train
24100257,0,Takotsubo syndrome,DiseaseOrPhenotypicFeature,D054549,0,18,train
24100257,1,apical ballooning syndrome,DiseaseOrPhenotypicFeature,D054549,23,49,train
24100257,2,Zolmitriptan,ChemicalEntity,C089750,64,76,train
24100257,3,Takotsubo syndrome,DiseaseOrPhenotypicFeature,D054549,78,96,train
24100257,4,TS,DiseaseOrPhenotypicFeature,D054549,98,100,train
24100257,5,broken heart syndrome,DiseaseOrPhenotypicFeature,D054549,117,138,train
24100257,6,acute coronary syndrome,DiseaseOrPhenotypicFeature,D054058,276,299,train
24100257,7,woman,OrganismTaxon,9606,403,408,train
24100257,8,mitral valve prolapse,DiseaseOrPhenotypicFeature,D008945,433,454,train
24100257,9,migraines,DiseaseOrPhenotypicFeature,D008881,459,468,train
24100257,10,chest pain,DiseaseOrPhenotypicFeature,D002637,518,528,train
24100257,11,motion abnormalities,DiseaseOrPhenotypicFeature,D009041,782,802,train
24100257,12,TS,DiseaseOrPhenotypicFeature,D054549,819,821,train
24100257,13,patient,OrganismTaxon,9606,883,890,train
24100257,14,zolmitriptan,ChemicalEntity,C089750,896,908,train
24100257,15,migraines,DiseaseOrPhenotypicFeature,D008881,937,946,train
24100257,16,zolmitriptan,ChemicalEntity,C089750,986,998,train
24100257,17,migraine headache,DiseaseOrPhenotypicFeature,D008881,1056,1073,train
24100257,18,horses,OrganismTaxon,9796,1130,1136,train
24100257,19,status migrainosus,DiseaseOrPhenotypicFeature,D008881,1256,1274,train
24100257,20,coronary artery vasospasm,DiseaseOrPhenotypicFeature,D003329,1331,1356,train
24100257,21,zolmitriptan,ChemicalEntity,C089750,1370,1382,train
24100257,22,TS,DiseaseOrPhenotypicFeature,D054549,1427,1429,train
25263533,0,CD25,GeneOrGeneProduct,3559,0,4,train
25263533,1,Bcl6,GeneOrGeneProduct,604,8,12,train
25263533,2,human,OrganismTaxon,9606,100,105,train
25263533,3,CXCR5,GeneOrGeneProduct,643,130,135,train
25263533,4,PD1,GeneOrGeneProduct,5133,139,142,train
25263533,5,CD4,GeneOrGeneProduct,920,146,149,train
25263533,6,CD25,GeneOrGeneProduct,3559,199,203,train
25263533,7,Bcl6,GeneOrGeneProduct,604,207,211,train
25263533,8,CD25,GeneOrGeneProduct,3559,260,264,train
25263533,9,Bcl6,GeneOrGeneProduct,604,268,272,train
25263533,10,FoxP3,GeneOrGeneProduct,50943,297,302,train
25263533,11,CD25,GeneOrGeneProduct,3559,417,421,train
25263533,12,Bcl6,GeneOrGeneProduct,604,425,429,train
25263533,13,IL-2,GeneOrGeneProduct,3558,474,478,train
25263533,14,CD25,GeneOrGeneProduct,3559,486,490,train
25263533,15,ICOS,GeneOrGeneProduct,29851,552,556,train
25263533,16,OX40,GeneOrGeneProduct,7293,560,564,train
25263533,17,cMaf,GeneOrGeneProduct,4094,599,603,train
25263533,18,IL-21,GeneOrGeneProduct,59067,624,629,train
25263533,19,IL-17,GeneOrGeneProduct,3605,631,636,train
25263533,20,IL-10,GeneOrGeneProduct,3586,642,647,train
25263533,21,Bcl2,GeneOrGeneProduct,596,696,700,train
25263533,22,CD25,GeneOrGeneProduct,3559,725,729,train
25263533,23,BCl6,GeneOrGeneProduct,604,733,737,train
25263533,24,activation-induced cytidine deaminase,GeneOrGeneProduct,57379,798,835,train
25263533,25,AID,GeneOrGeneProduct,57379,837,840,train
25263533,26,CD45RO,GeneOrGeneProduct,5788,857,863,train
25263533,27,IgG,GeneOrGeneProduct,3500,873,876,train
25263533,28,IgA,GeneOrGeneProduct,3493,880,883,train
25263533,29,MHC class II,GeneOrGeneProduct,3108,889,901,train
25263533,30,CD25,GeneOrGeneProduct,3559,942,946,train
25263533,31,Bcl6,GeneOrGeneProduct,604,950,954,train
25263533,32,IL-2,GeneOrGeneProduct,3558,976,980,train
25263533,33,T-cell receptor,GeneOrGeneProduct,6955,1101,1116,train
25263533,34,IL-2 receptor,GeneOrGeneProduct,"3559,3560",1165,1178,train
25263533,35,IL-2,GeneOrGeneProduct,3558,1196,1200,train
25263533,36,Bcl6,GeneOrGeneProduct,604,1229,1233,train
25263533,37,CD25,GeneOrGeneProduct,3559,1235,1239,train
25263533,38,IL-2,GeneOrGeneProduct,3558,1288,1292,train
27779699,0,filamin B,GeneOrGeneProduct,2317,27,36,train
27779699,1,giant cell tumor,DiseaseOrPhenotypicFeature,D005870,56,72,train
27779699,2,Giant cell tumor of bone,DiseaseOrPhenotypicFeature,D018212,80,104,train
27779699,3,GCT,DiseaseOrPhenotypicFeature,D005870,106,109,train
27779699,4,bone tumor,DiseaseOrPhenotypicFeature,D001859,155,165,train
27779699,5,tumor,DiseaseOrPhenotypicFeature,D009369,193,198,train
27779699,6,tumor,DiseaseOrPhenotypicFeature,D009369,307,312,train
27779699,7,Filamins,GeneOrGeneProduct,"2316,2317,2318",343,351,train
27779699,8,actin-binding proteins,GeneOrGeneProduct,"2316,2317,2318",356,378,train
27779699,9,"filamin A, B and C",GeneOrGeneProduct,"2316,2317,2318",415,433,train
27779699,10,FLNA,GeneOrGeneProduct,2316,483,487,train
27779699,11,FLNB,GeneOrGeneProduct,2317,489,493,train
27779699,12,FLNC,GeneOrGeneProduct,2318,498,502,train
27779699,13,FLNBv2,GeneOrGeneProduct,2317,620,626,train
27779699,14,FLNBv4,GeneOrGeneProduct,2317,631,637,train
27779699,15,GCT,DiseaseOrPhenotypicFeature,D005870,645,648,train
27779699,16,FLNBv2,GeneOrGeneProduct,2317,684,690,train
27779699,17,FLNBv4,GeneOrGeneProduct,2317,695,701,train
27779699,18,FLNBv4,GeneOrGeneProduct,2317,710,716,train
27779699,19,FLNBv4,GeneOrGeneProduct,2317,790,796,train
27779699,20,GCT,DiseaseOrPhenotypicFeature,D005870,820,823,train
27779699,21,FLNBv4,GeneOrGeneProduct,2317,865,871,train
27779699,22,FLNBv4,GeneOrGeneProduct,2317,970,976,train
27779699,23,RANKL,GeneOrGeneProduct,8600,1000,1005,train
27779699,24,OCN,GeneOrGeneProduct,632,1007,1010,train
27779699,25,OPG,GeneOrGeneProduct,4982,1012,1015,train
27779699,26,RUNX2,GeneOrGeneProduct,860,1020,1025,train
27779699,27,GCT,DiseaseOrPhenotypicFeature,D005870,1056,1059,train
27779699,28,FLNBv4,GeneOrGeneProduct,2317,1105,1111,train
27779699,29,GCT,DiseaseOrPhenotypicFeature,D005870,1160,1163,train
27779699,30,FLNBv2,GeneOrGeneProduct,2317,1188,1194,train
27779699,31,FLNB,GeneOrGeneProduct,2317,1232,1236,train
27779699,32,GCT,DiseaseOrPhenotypicFeature,D005870,1269,1272,train
27779699,33,tumor,DiseaseOrPhenotypicFeature,D009369,1343,1348,train
28075473,0,Spirulina,OrganismTaxon,551299,0,9,train
28075473,1,lipopolysaccharides,ChemicalEntity,D008070,10,29,train
28075473,2,tumor,DiseaseOrPhenotypicFeature,D009369,38,43,train
28075473,3,Toll-like receptor 4,GeneOrGeneProduct,21898,56,76,train
28075473,4,interleukin-17,GeneOrGeneProduct,16171,131,145,train
28075473,5,interleukin-23,GeneOrGeneProduct,83430,146,160,train
28075473,6,interferon-g,GeneOrGeneProduct,15978,164,176,train
28075473,7,interleukin (IL)-17,GeneOrGeneProduct,"16171,3605",220,239,train
28075473,8,tumor,DiseaseOrPhenotypicFeature,D009369,267,272,train
28075473,9,humans,OrganismTaxon,9606,288,294,train
28075473,10,mice,OrganismTaxon,10090,302,306,train
28075473,11,IL-6,GeneOrGeneProduct,16193,308,312,train
28075473,12,IL-23,GeneOrGeneProduct,83430,317,322,train
28075473,13,lipopolysaccharides,ChemicalEntity,D008070,425,444,train
28075473,14,LPS,ChemicalEntity,D008070,446,449,train
28075473,15,inflammatory cytokines,GeneOrGeneProduct,-,503,525,train
28075473,16,Escherichia coli,OrganismTaxon,562,539,555,train
28075473,17,E. coli,OrganismTaxon,562,557,564,train
28075473,18,LPS,ChemicalEntity,D008070,566,569,train
28075473,19,LPS,ChemicalEntity,D008070,571,574,train
28075473,20,Spirulina,OrganismTaxon,551299,580,589,train
28075473,21,toxicity,DiseaseOrPhenotypicFeature,D064420,598,606,train
28075473,22,IL-6,GeneOrGeneProduct,16193,648,652,train
28075473,23,IL-23,GeneOrGeneProduct,83430,657,662,train
28075473,24,mice,OrganismTaxon,10090,666,670,train
28075473,25,Spirulina,OrganismTaxon,551299,709,718,train
28075473,26,LPS,ChemicalEntity,D008070,719,722,train
28075473,27,E. coli,OrganismTaxon,562,735,742,train
28075473,28,LPS,ChemicalEntity,D008070,743,746,train
28075473,29,MH134,CellLine,CVCL_8111,753,758,train
28075473,30,hepatoma,DiseaseOrPhenotypicFeature,D006528,759,767,train
28075473,31,Spirulina,OrganismTaxon,551299,793,802,train
28075473,32,LPS,ChemicalEntity,D008070,803,806,train
28075473,33,tumor,DiseaseOrPhenotypicFeature,D009369,818,823,train
28075473,34,mice,OrganismTaxon,10090,842,846,train
28075473,35,Toll-like receptor 4,GeneOrGeneProduct,21898,859,879,train
28075473,36,TLR4,GeneOrGeneProduct,21898,881,885,train
28075473,37,mice,OrganismTaxon,10090,902,906,train
28075473,38,IL-17,GeneOrGeneProduct,16171,936,941,train
28075473,39,IL-23,GeneOrGeneProduct,83430,946,951,train
28075473,40,interferon (IFN)-g,GeneOrGeneProduct,15978,970,988,train
28075473,41,IFN-g,GeneOrGeneProduct,15978,1024,1029,train
28075473,42,Spirulina,OrganismTaxon,551299,1110,1119,train
28075473,43,LPS,ChemicalEntity,D008070,1120,1123,train
28075473,44,IL-17,GeneOrGeneProduct,16171,1197,1202,train
28075473,45,toll-like receptor (TLR)4,GeneOrGeneProduct,21898,1224,1249,train
28075473,46,IL-17,GeneOrGeneProduct,16171,1295,1300,train
28075473,47,tumor,DiseaseOrPhenotypicFeature,D009369,1313,1318,train
28075473,48,mice,OrganismTaxon,10090,1335,1339,train
28075473,49,Spirulina,OrganismTaxon,551299,1358,1367,train
28075473,50,LPS,ChemicalEntity,D008070,1368,1371,train
28075473,51,tumor,DiseaseOrPhenotypicFeature,D009369,1392,1397,train
28075473,52,IFN-g,GeneOrGeneProduct,15978,1419,1424,train
28075473,53,IFN-g,GeneOrGeneProduct,15978,1478,1483,train
28075473,54,IL-17,GeneOrGeneProduct,16171,1488,1493,train
28075473,55,IL-23,GeneOrGeneProduct,83430,1494,1499,train
28075473,56,tumor,DiseaseOrPhenotypicFeature,D009369,1544,1549,train
28075473,57,Spirulina,OrganismTaxon,551299,1569,1578,train
28075473,58,LPS,ChemicalEntity,D008070,1579,1582,train
28075473,59,IFN-g,GeneOrGeneProduct,15978,1612,1617,train
28075473,60,IL-17,GeneOrGeneProduct,16171,1618,1623,train
28075473,61,IL-23,GeneOrGeneProduct,83430,1624,1629,train
28075473,62,IFN-g,GeneOrGeneProduct,15978,1643,1648,train
28075473,63,tumor,DiseaseOrPhenotypicFeature,D009369,1676,1681,train
28075473,64,Spirulina,OrganismTaxon,551299,1707,1716,train
28075473,65,LPS,ChemicalEntity,D008070,1717,1720,train
28075473,66,mammary tumors,DiseaseOrPhenotypicFeature,D001943,1774,1788,train
28075473,67,TLR,GeneOrGeneProduct,21898,1852,1855,train
28075473,68,cancer,DiseaseOrPhenotypicFeature,D009369,1883,1889,train
28260056,0,Insulin-like growth factor 1 receptor,GeneOrGeneProduct,16001,0,37,train
28260056,1,hypoxia,DiseaseOrPhenotypicFeature,D000860,64,71,train
28260056,2,PI3K,GeneOrGeneProduct,18706,133,137,train
28260056,3,Akt,GeneOrGeneProduct,11651,138,141,train
28260056,4,mTOR,GeneOrGeneProduct,56717,142,146,train
28260056,5,Hypoxia,DiseaseOrPhenotypicFeature,D000860,166,173,train
28260056,6,Insulin-like growth factor-1,GeneOrGeneProduct,16000,325,353,train
28260056,7,IGF-1,GeneOrGeneProduct,16000,355,360,train
28260056,8,Hypoxia,DiseaseOrPhenotypicFeature,D000860,455,462,train
28260056,9,IGF,GeneOrGeneProduct,16000,493,496,train
28260056,10,IGF-1 receptor,GeneOrGeneProduct,16001,529,543,train
28260056,11,IGF-1R,GeneOrGeneProduct,16001,545,551,train
28260056,12,hypoxia,DiseaseOrPhenotypicFeature,D000860,556,563,train
28260056,13,IGF-1R,GeneOrGeneProduct,16001,671,677,train
28260056,14,hypoxic,DiseaseOrPhenotypicFeature,D000860,705,712,train
28260056,15,Mouse,OrganismTaxon,10090,725,730,train
28260056,16,IGF-1R,GeneOrGeneProduct,16001,796,802,train
28260056,17,reactive oxygen species,ChemicalEntity,D017382,901,924,train
28260056,18,ROS,ChemicalEntity,D017382,926,929,train
28260056,19,3-methyladenine,ChemicalEntity,C025946,956,971,train
28260056,20,ROS,ChemicalEntity,D017382,1018,1021,train
28260056,21,hypoxic,DiseaseOrPhenotypicFeature,D000860,1053,1060,train
28260056,22,phosphatidylinositol 3-kinase,GeneOrGeneProduct,18706,1124,1153,train
28260056,23,PI3K,GeneOrGeneProduct,18706,1155,1159,train
28260056,24,threonine protein kinase B,GeneOrGeneProduct,11651,1161,1187,train
28260056,25,Akt,GeneOrGeneProduct,11651,1189,1192,train
28260056,26,mammalian target of rapamycin,GeneOrGeneProduct,56717,1194,1223,train
28260056,27,mTOR,GeneOrGeneProduct,56717,1225,1229,train
28260056,28,hypoxia,DiseaseOrPhenotypicFeature,D000860,1301,1308,train
28260056,29,ROS,ChemicalEntity,D017382,1338,1341,train
28260056,30,ROS,ChemicalEntity,D017382,1510,1513,train
28260056,31,ROS,ChemicalEntity,D017382,1646,1649,train
28260056,32,IGF-1R,GeneOrGeneProduct,16001,1740,1746,train
28260056,33,PI3K,GeneOrGeneProduct,18706,1763,1767,train
28260056,34,Akt,GeneOrGeneProduct,11651,1768,1771,train
28260056,35,mTOR,GeneOrGeneProduct,56717,1772,1776,train
28260056,36,PI3K,GeneOrGeneProduct,18706,1897,1901,train
28260056,37,LY294002,ChemicalEntity,C085911,1912,1920,train
28260056,38,IGF-1R,GeneOrGeneProduct,16001,1951,1957,train
28260056,39,hypoxic,DiseaseOrPhenotypicFeature,D000860,1992,1999,train
28260056,40,ROS,ChemicalEntity,D017382,2049,2052,train
28260056,41,PI3K,GeneOrGeneProduct,18706,2086,2090,train
28260056,42,Akt,GeneOrGeneProduct,11651,2091,2094,train
28260056,43,mTOR,GeneOrGeneProduct,56717,2095,2099,train
15075188,0,ENaC subunits,GeneOrGeneProduct,"24767,24768,25122",51,64,train
15075188,1,puromycin aminonucleoside,ChemicalEntity,D011692,68,93,train
15075188,2,nephrotic syndrome,DiseaseOrPhenotypicFeature,D009404,102,120,train
15075188,3,rats,OrganismTaxon,10116,124,128,train
15075188,4,Nephrotic syndrome,DiseaseOrPhenotypicFeature,D009404,130,148,train
15075188,5,sodium,ChemicalEntity,D012964,173,179,train
15075188,6,edema,DiseaseOrPhenotypicFeature,D004487,206,211,train
15075188,7,sodium,ChemicalEntity,D012964,266,272,train
15075188,8,epithelial Na channel (ENaC) subunit,GeneOrGeneProduct,"24767,24768,25122",323,359,train
15075188,9,sodium,ChemicalEntity,D012964,411,417,train
15075188,10,rats,OrganismTaxon,10116,454,458,train
15075188,11,puromycin aminonucleoside,ChemicalEntity,D011692,476,501,train
15075188,12,PAN,ChemicalEntity,D011692,503,506,train
15075188,13,PAN,ChemicalEntity,D011692,586,589,train
15075188,14,proteinuria,DiseaseOrPhenotypicFeature,D011507,620,631,train
15075188,15,hypoalbuminemia,DiseaseOrPhenotypicFeature,D034141,633,648,train
15075188,16,sodium,ChemicalEntity,D012964,668,674,train
15075188,17,ascites,DiseaseOrPhenotypicFeature,D001201,700,707,train
15075188,18,alpha-ENaC,GeneOrGeneProduct,25122,734,744,train
15075188,19,beta-ENaC,GeneOrGeneProduct,24767,749,758,train
15075188,20,gamma-ENaC,GeneOrGeneProduct,24768,886,896,train
15075188,21,alpha-ENaC,GeneOrGeneProduct,25122,1068,1078,train
15075188,22,beta-ENaC,GeneOrGeneProduct,24767,1080,1089,train
15075188,23,gamma-ENaC,GeneOrGeneProduct,24768,1095,1105,train
15075188,24,alpha-ENaC,GeneOrGeneProduct,25122,1325,1335,train
15075188,25,PAN,ChemicalEntity,D011692,1413,1416,train
15075188,26,rats,OrganismTaxon,10116,1425,1429,train
15075188,27,alpha-ENaC,GeneOrGeneProduct,25122,1471,1481,train
15075188,28,Na(+)/H(+) exchanger type 3,GeneOrGeneProduct,24784,1531,1558,train
15075188,29,NHE3,GeneOrGeneProduct,24784,1560,1564,train
15075188,30,Na(+)-K(+)-2Cl(-) cotransporter,GeneOrGeneProduct,25065,1567,1598,train
15075188,31,BSC-1,GeneOrGeneProduct,25065,1600,1605,train
15075188,32,thiazide-sensitive Na(+)-Cl(-) cotransporter,GeneOrGeneProduct,54300,1612,1656,train
15075188,33,TSC,GeneOrGeneProduct,54300,1658,1661,train
15075188,34,alpha(1)-subunit of the Na-K-ATPase,GeneOrGeneProduct,24211,1710,1745,train
15075188,35,ENaC subunits,GeneOrGeneProduct,"24767,24768,25122",1877,1890,train
15075188,36,sodium,ChemicalEntity,D012964,2017,2023,train
15075188,37,PAN,ChemicalEntity,D011692,2050,2053,train
15075188,38,nephrotic syndrome,DiseaseOrPhenotypicFeature,D009404,2062,2080,train
15075188,39,NHE3,GeneOrGeneProduct,24784,2109,2113,train
15075188,40,BSC-1,GeneOrGeneProduct,25065,2115,2120,train
15075188,41,TSC,GeneOrGeneProduct,54300,2122,2125,train
15075188,42,Na-K-ATPase,GeneOrGeneProduct,24211,2131,2142,train
15075188,43,sodium,ChemicalEntity,D012964,2183,2189,train
15145918,0,estrogen,ChemicalEntity,D004967,27,35,train
15145918,1,alpha2-adrenergic and I1-imidazoline receptor,GeneOrGeneProduct,"25083,64652",39,84,train
15145918,2,hypotension,DiseaseOrPhenotypicFeature,D007022,94,105,train
15145918,3,rats,OrganismTaxon,10116,116,120,train
15145918,4,estrogen,ChemicalEntity,D004967,150,158,train
15145918,5,hypotensive,DiseaseOrPhenotypicFeature,D007022,184,195,train
15145918,6,clonidine,ChemicalEntity,D003000,206,215,train
15145918,7,alpha2-/I1-receptor,GeneOrGeneProduct,"25083,64652",223,242,train
15145918,8,rats,OrganismTaxon,10116,262,266,train
15145918,9,estrogen,ChemicalEntity,D004967,394,402,train
15145918,10,alpha2- and/or I1-receptors,GeneOrGeneProduct,"25083,64652",429,456,train
15145918,11,rilmenidine,ChemicalEntity,C032302,514,525,train
15145918,12,alpha-methyldopa,ChemicalEntity,D008750,545,561,train
15145918,13,I1- and alpha2-receptor,GeneOrGeneProduct,"25083,64652",585,608,train
15145918,14,rats,OrganismTaxon,10116,795,799,train
15145918,15,estrogen,ChemicalEntity,D004967,822,830,train
15145918,16,rats,OrganismTaxon,10116,1201,1205,train
15145918,17,rilmenidine,ChemicalEntity,C032302,1207,1218,train
15145918,18,alpha-methyldopa,ChemicalEntity,D008750,1222,1238,train
15145918,19,hypotension,DiseaseOrPhenotypicFeature,D007022,1256,1267,train
15145918,20,alpha-methyldopa,ChemicalEntity,D008750,1402,1418,train
15145918,21,hypotensive,DiseaseOrPhenotypicFeature,D007022,1451,1462,train
15145918,22,alpha-methyldopa,ChemicalEntity,D008750,1475,1491,train
15145918,23,rilmenidine,ChemicalEntity,C032302,1521,1532,train
15145918,24,hypotension,DiseaseOrPhenotypicFeature,D007022,1533,1544,train
15145918,25,alpha-methyldopa,ChemicalEntity,D008750,1559,1575,train
15145918,26,hypotension,DiseaseOrPhenotypicFeature,D007022,1576,1587,train
15145918,27,rats,OrganismTaxon,10116,1595,1599,train
15145918,28,a reduced locomotor activity,DiseaseOrPhenotypicFeature,D001523,1650,1678,train
15145918,29,17beta-estradiol,ChemicalEntity,D004958,1702,1718,train
15145918,30,rats,OrganismTaxon,10116,1771,1775,train
15145918,31,alpha-methyldopa,ChemicalEntity,D008750,1826,1842,train
15145918,32,estrogen,ChemicalEntity,D004967,1896,1904,train
15145918,33,alpha2- but not I1-receptor,GeneOrGeneProduct,25083,1919,1946,train
15145918,34,hypotension,DiseaseOrPhenotypicFeature,D007022,1956,1967,train
15145918,35,alpha-methyldopa,ChemicalEntity,D008750,2026,2042,train
15145918,36,estrogen,ChemicalEntity,D004967,2043,2051,train
15278670,0,sevoflurane,ChemicalEntity,C009250,15,26,train
15278670,1,lidocaine,ChemicalEntity,D008012,30,39,train
15278670,2,convulsions,DiseaseOrPhenotypicFeature,D012640,48,59,train
15278670,3,sevoflurane,ChemicalEntity,C009250,78,89,train
15278670,4,lidocaine,ChemicalEntity,D008012,93,102,train
15278670,5,convulsions,DiseaseOrPhenotypicFeature,D012640,111,122,train
15278670,6,cats,OrganismTaxon,9685,138,142,train
15278670,7,convulsive,DiseaseOrPhenotypicFeature,D012640,148,158,train
15278670,8,lidocaine,ChemicalEntity,D008012,215,224,train
15278670,9,sevoflurane,ChemicalEntity,C009250,345,356,train
15278670,10,sevoflurane,ChemicalEntity,C009250,427,438,train
15278670,11,sevoflurane,ChemicalEntity,C009250,481,492,train
15278670,12,convulsive,DiseaseOrPhenotypicFeature,D012640,566,576,train
15278670,13,sevoflurane,ChemicalEntity,C009250,595,606,train
15278670,14,enflurane,ChemicalEntity,D004737,611,620,train
15278670,15,sevoflurane,ChemicalEntity,C009250,698,709,train
15278670,16,enflurane,ChemicalEntity,D004737,713,722,train
15278670,17,convulsions,DiseaseOrPhenotypicFeature,D012640,767,778,train
15278670,18,sevoflurane,ChemicalEntity,C009250,811,822,train
15278670,19,enflurane,ChemicalEntity,D004737,845,854,train
15278670,20,lidocaine,ChemicalEntity,D008012,908,917,train
15278670,21,Apamin,ChemicalEntity,D001030,991,997,train
15278670,22,calcium,ChemicalEntity,D002118,1022,1029,train
15278670,23,potassium,ChemicalEntity,D011188,1040,1049,train
15278670,24,rats,OrganismTaxon,10116,1106,1110,train
15278670,25,sevoflurane,ChemicalEntity,C009250,1134,1145,train
15278670,26,Apamin,ChemicalEntity,D001030,1206,1212,train
15278670,27,convulsive,DiseaseOrPhenotypicFeature,D012640,1252,1262,train
15278670,28,sevoflurane,ChemicalEntity,C009250,1379,1390,train
15278670,29,convulsive,DiseaseOrPhenotypicFeature,D012640,1403,1413,train
15278670,30,lidocaine,ChemicalEntity,D008012,1424,1433,train
15278670,31,toxicity,DiseaseOrPhenotypicFeature,D064420,1434,1442,train
15278670,32,depression,DiseaseOrPhenotypicFeature,D003866,1484,1494,train
15614572,0,trazodone,ChemicalEntity,D014196,30,39,train
15614572,1,5-HT 2A/2C receptor,GeneOrGeneProduct,"25187,29595",43,62,train
15614572,2,dopamine,ChemicalEntity,D004298,78,86,train
15614572,3,rats,OrganismTaxon,10116,110,114,train
15614572,4,5-Hydroxytryptamine,ChemicalEntity,D012701,127,146,train
15614572,5,5-HT 2C receptors,GeneOrGeneProduct,25187,167,184,train
15614572,6,5-HT 2A receptors,GeneOrGeneProduct,29595,279,296,train
15614572,7,trazodone,ChemicalEntity,D014196,363,372,train
15614572,8,5-HT 2A/2C receptor,GeneOrGeneProduct,"25187,29595",378,397,train
15614572,9,trazodone,ChemicalEntity,D014196,448,457,train
15614572,10,trazodone,ChemicalEntity,D014196,594,603,train
15614572,11,dexamphetamine,ChemicalEntity,D003913,607,621,train
15614572,12,apomorphine,ChemicalEntity,D001058,627,638,train
15614572,13,oral stereotypies,DiseaseOrPhenotypicFeature,D009062,647,664,train
15614572,14,catalepsy,DiseaseOrPhenotypicFeature,D002375,669,678,train
15614572,15,haloperidol,ChemicalEntity,D006220,690,701,train
15614572,16,apomorphine,ChemicalEntity,D001058,706,717,train
15614572,17,ergometrine,ChemicalEntity,D004874,741,752,train
15614572,18,fluoxetine,ChemicalEntity,D005473,794,804,train
15614572,19,rats,OrganismTaxon,10116,845,849,train
15614572,20,trazodone,ChemicalEntity,D014196,880,889,train
15614572,21,catalepsy,DiseaseOrPhenotypicFeature,D002375,898,907,train
15614572,22,rats,OrganismTaxon,10116,911,915,train
15614572,23,Trazodone,ChemicalEntity,D014196,926,935,train
15614572,24,catalepsy,DiseaseOrPhenotypicFeature,D002375,972,981,train
15614572,25,apomorphine,ChemicalEntity,D001058,1006,1017,train
15614572,26,apomorphine,ChemicalEntity,D001058,1051,1062,train
15614572,27,catalepsy,DiseaseOrPhenotypicFeature,D002375,1084,1093,train
15614572,28,trazodone,ChemicalEntity,D014196,1146,1155,train
15614572,29,dexamphetamine,ChemicalEntity,D003913,1165,1179,train
15614572,30,haloperidol,ChemicalEntity,D006220,1208,1219,train
15614572,31,catalepsy,DiseaseOrPhenotypicFeature,D002375,1220,1229,train
15614572,32,ergometrine,ChemicalEntity,D004874,1231,1242,train
15614572,33,fluoxetine,ChemicalEntity,D005473,1268,1278,train
15614572,34,Trazodone,ChemicalEntity,D014196,1305,1314,train
15614572,35,catalepsy,DiseaseOrPhenotypicFeature,D002375,1351,1360,train
15614572,36,apomorphine,ChemicalEntity,D001058,1377,1388,train
15614572,37,dexamphetamine,ChemicalEntity,D003913,1393,1407,train
15614572,38,trazodone,ChemicalEntity,D014196,1461,1470,train
15614572,39,D2 DA receptors,GeneOrGeneProduct,24318,1533,1548,train
15614572,40,D2 DA receptors,GeneOrGeneProduct,24318,1611,1626,train
15614572,41,trazodone,ChemicalEntity,D014196,1664,1673,train
15614572,42,5-HT 2A and 5-HT 2C receptors,GeneOrGeneProduct,"25187,29595",1681,1710,train
15614572,43,trazodone,ChemicalEntity,D014196,1728,1737,train
15614572,44,5-HT 2C receptors,GeneOrGeneProduct,25187,1776,1793,train
15614572,45,5-HT,ChemicalEntity,D012701,1870,1874,train
15614572,46,dexamphetamine,ChemicalEntity,D003913,1900,1914,train
15614572,47,haloperidol,ChemicalEntity,D006220,1942,1953,train
15614572,48,catalepsy,DiseaseOrPhenotypicFeature,D002375,1954,1963,train
15630069,0,Glucose,ChemicalEntity,D005947,0,7,train
15630069,1,patients,OrganismTaxon,9606,22,30,train
15630069,2,schizophrenia,DiseaseOrPhenotypicFeature,D012559,36,49,train
15630069,3,antipsychotic agents,ChemicalEntity,D014150,72,92,train
15630069,4,glucose,ChemicalEntity,D005947,127,134,train
15630069,5,diabetes mellitus,DiseaseOrPhenotypicFeature,D003920,223,240,train
15630069,6,patients,OrganismTaxon,9606,262,270,train
15630069,7,schizophrenia,DiseaseOrPhenotypicFeature,D012559,276,289,train
15630069,8,antipsychotic agents,ChemicalEntity,D014150,320,340,train
15630069,9,glucose,ChemicalEntity,D005947,408,415,train
15630069,10,diabetes,DiseaseOrPhenotypicFeature,D003920,471,479,train
15630069,11,clozapine,ChemicalEntity,D003024,538,547,train
15630069,12,olanzapine,ChemicalEntity,C076029,552,562,train
15630069,13,risperidone,ChemicalEntity,D018967,568,579,train
15630069,14,glucose,ChemicalEntity,D005947,619,626,train
15630069,15,patients,OrganismTaxon,9606,695,703,train
15630069,16,schizophrenia,DiseaseOrPhenotypicFeature,D012559,709,722,train
15630069,17,glucose,ChemicalEntity,D005947,772,779,train
15630069,18,Patients,OrganismTaxon,9606,969,977,train
15630069,19,glucose,ChemicalEntity,D005947,1069,1076,train
15630069,20,schizophrenia,DiseaseOrPhenotypicFeature,D012559,1127,1140,train
15630069,21,schizoaffective disorder,DiseaseOrPhenotypicFeature,D011618,1144,1168,train
15630069,22,clozapine,ChemicalEntity,D003024,1221,1230,train
15630069,23,olanzapine,ChemicalEntity,C076029,1232,1242,train
15630069,24,risperidone,ChemicalEntity,D018967,1247,1258,train
15630069,25,glucose,ChemicalEntity,D005947,1329,1336,train
15630069,26,insulin,ChemicalEntity,D007328,1355,1362,train
15630069,27,insulin resistance,DiseaseOrPhenotypicFeature,D007333,1430,1448,train
15630069,28,glucose,ChemicalEntity,D005947,1454,1461,train
15630069,29,antipsychotic agent,ChemicalEntity,D014150,1553,1572,train
15630069,30,clozapine,ChemicalEntity,D003024,1599,1608,train
15630069,31,olanzapine,ChemicalEntity,C076029,1633,1643,train
15630069,32,risperidone,ChemicalEntity,D018967,1665,1676,train
15630069,33,insulin,ChemicalEntity,D007328,1693,1700,train
15630069,34,clozapine,ChemicalEntity,D003024,1764,1773,train
15630069,35,olanzapine,ChemicalEntity,C076029,1774,1784,train
15630069,36,risperidone,ChemicalEntity,D018967,1785,1796,train
15630069,37,clozapine,ChemicalEntity,D003024,1835,1844,train
15630069,38,risperidone,ChemicalEntity,D018967,1849,1860,train
15630069,39,olanzapine,ChemicalEntity,C076029,1889,1899,train
15630069,40,risperidone,ChemicalEntity,D018967,1904,1915,train
15630069,41,clozapine,ChemicalEntity,D003024,2043,2052,train
15630069,42,olanzapine,ChemicalEntity,C076029,2053,2063,train
15630069,43,risperidone,ChemicalEntity,D018967,2064,2075,train
15630069,44,clozapine,ChemicalEntity,D003024,2105,2114,train
15630069,45,olanzapine,ChemicalEntity,C076029,2119,2129,train
15630069,46,insulin resistance,DiseaseOrPhenotypicFeature,D007333,2153,2171,train
15630069,47,risperidone,ChemicalEntity,D018967,2217,2228,train
15630069,48,clozapine,ChemicalEntity,D003024,2230,2239,train
15630069,49,risperidone,ChemicalEntity,D018967,2243,2254,train
15630069,50,olanzapine,ChemicalEntity,C076029,2279,2289,train
15630069,51,risperidone,ChemicalEntity,D018967,2293,2304,train
15630069,52,insulin resistance,DiseaseOrPhenotypicFeature,D007333,2377,2395,train
15630069,53,clozapine,ChemicalEntity,D003024,2462,2471,train
15630069,54,olanzapine,ChemicalEntity,C076029,2472,2482,train
15630069,55,risperidone,ChemicalEntity,D018967,2483,2494,train
15630069,56,clozapine,ChemicalEntity,D003024,2497,2506,train
15630069,57,risperidone,ChemicalEntity,D018967,2510,2521,train
15630069,58,olanzapine,ChemicalEntity,C076029,2547,2557,train
15630069,59,risperidone,ChemicalEntity,D018967,2561,2572,train
15630069,60,glucose,ChemicalEntity,D005947,2649,2656,train
15630069,61,clozapine,ChemicalEntity,D003024,2696,2705,train
15630069,62,olanzapine,ChemicalEntity,C076029,2706,2716,train
15630069,63,risperidone,ChemicalEntity,D018967,2717,2728,train
15630069,64,clozapine,ChemicalEntity,D003024,2767,2776,train
15630069,65,risperidone,ChemicalEntity,D018967,2781,2792,train
15630069,66,olanzapine,ChemicalEntity,C076029,2822,2832,train
15630069,67,risperidone,ChemicalEntity,D018967,2837,2848,train
15630069,68,clozapine,ChemicalEntity,D003024,2902,2911,train
15630069,69,olanzapine,ChemicalEntity,C076029,2917,2927,train
15630069,70,insulin resistance,DiseaseOrPhenotypicFeature,D007333,2965,2983,train
15630069,71,glucose,ChemicalEntity,D005947,3002,3009,train
15630069,72,risperidone,ChemicalEntity,D018967,3038,3049,train
15630069,73,Patients,OrganismTaxon,9606,3068,3076,train
15630069,74,clozapine,ChemicalEntity,D003024,3084,3093,train
15630069,75,olanzapine,ChemicalEntity,C076029,3098,3108,train
15630069,76,insulin resistance,DiseaseOrPhenotypicFeature,D007333,3130,3148,train
15858223,0,Valproic acid,ChemicalEntity,D014635,0,13,train
15858223,1,lipid,ChemicalEntity,D008055,32,37,train
15858223,2,liver toxicity,DiseaseOrPhenotypicFeature,D056486,63,77,train
15858223,3,valproic acid,ChemicalEntity,D014635,83,96,train
15858223,4,rats,OrganismTaxon,10116,118,122,train
15858223,5,valproic acid,ChemicalEntity,D014635,141,154,train
15858223,6,VPA,ChemicalEntity,D014635,156,159,train
15858223,7,antiepileptic drug,ChemicalEntity,D000927,185,203,train
15858223,8,rats,OrganismTaxon,10116,244,248,train
15858223,9,15-F(2t)-isoprostane,ChemicalEntity,C075750,297,317,train
15858223,10,15-F(2t)-IsoP,ChemicalEntity,C075750,319,332,train
15858223,11,VPA,ChemicalEntity,D014635,398,401,train
15858223,12,hepatotoxicity,DiseaseOrPhenotypicFeature,D056486,434,448,train
15858223,13,rats,OrganismTaxon,10116,476,480,train
15858223,14,VPA,ChemicalEntity,D014635,502,505,train
15858223,15,15-F(2t)-IsoP,ChemicalEntity,C075750,655,668,train
15858223,16,lipid hydroperoxides,ChemicalEntity,D008054,670,690,train
15858223,17,LPO,ChemicalEntity,D008054,692,695,train
15858223,18,thiobarbituric acid reactive substances,ChemicalEntity,D017392,702,741,train
15858223,19,TBARs,ChemicalEntity,D017392,743,748,train
15858223,20,15-F(2t)-IsoP,ChemicalEntity,C075750,768,781,train
15858223,21,VPA,ChemicalEntity,D014635,833,836,train
15858223,22,LPO,ChemicalEntity,D008054,874,877,train
15858223,23,TBARs,ChemicalEntity,D017392,982,987,train
15858223,24,Liver toxicity,DiseaseOrPhenotypicFeature,D056486,1053,1067,train
15858223,25,alpha-glutathione S-transferase,GeneOrGeneProduct,24421,1107,1138,train
15858223,26,alpha-GST,GeneOrGeneProduct,24421,1140,1149,train
15858223,27,alpha-GST,GeneOrGeneProduct,24421,1175,1184,train
15858223,28,hepatotoxicity,DiseaseOrPhenotypicFeature,D056486,1252,1266,train
15858223,29,inflammation of the liver capsule,DiseaseOrPhenotypicFeature,D006505,1307,1340,train
15858223,30,necrosis,DiseaseOrPhenotypicFeature,D009336,1342,1350,train
15858223,31,steatosis,DiseaseOrPhenotypicFeature,D005234,1356,1365,train
15858223,32,VPA,ChemicalEntity,D014635,1438,1441,train
15858223,33,4-ene-VPA,ChemicalEntity,C045022,1488,1497,train
15858223,34,"2,4-diene-VPA",ChemicalEntity,C556631,1506,1519,train
15858223,35,VPA,ChemicalEntity,D014635,1598,1601,train
15858223,36,15-F(2t)-IsoP,ChemicalEntity,C075750,1666,1679,train
15858223,37,necrosis,DiseaseOrPhenotypicFeature,D009336,1709,1717,train
15858223,38,steatosis,DiseaseOrPhenotypicFeature,D005234,1719,1728,train
15858223,39,alpha-GST,GeneOrGeneProduct,24421,1759,1768,train
15859361,0,celecoxib,ChemicalEntity,C105934,10,19,train
15859361,1,patients,OrganismTaxon,9606,23,31,train
15859361,2,skin reactions,DiseaseOrPhenotypicFeature,D003875,45,59,train
15859361,3,acetaminophen,ChemicalEntity,D000082,63,76,train
15859361,4,paracetamol,ChemicalEntity,D000082,78,89,train
15859361,5,nimesulide,ChemicalEntity,C012655,95,105,train
15859361,6,non-steroidal anti-inflammatory drugs,ChemicalEntity,D000894,136,173,train
15859361,7,Acetaminophen,ChemicalEntity,D000082,187,200,train
15859361,8,paracetamol,ChemicalEntity,D000082,202,213,train
15859361,9,P,ChemicalEntity,D000082,215,216,train
15859361,10,Nimesulide,ChemicalEntity,C012655,222,232,train
15859361,11,N,ChemicalEntity,C012655,234,235,train
15859361,12,antipyretic,ChemicalEntity,D058633,263,274,train
15859361,13,anti-inflammatory drugs,ChemicalEntity,D000893,275,298,train
15859361,14,hypersensitivity,DiseaseOrPhenotypicFeature,D004342,320,336,train
15859361,15,non-steroidal anti-inflammatory drugs,ChemicalEntity,D000894,397,434,train
15859361,16,NSAIDs,ChemicalEntity,D000894,436,442,train
15859361,17,Celecoxib,ChemicalEntity,C105934,485,494,train
15859361,18,CE,ChemicalEntity,C105934,496,498,train
15859361,19,COX-2,GeneOrGeneProduct,4513,556,561,train
15859361,20,CE,ChemicalEntity,C105934,614,616,train
15859361,21,patients,OrganismTaxon,9606,631,639,train
15859361,22,cutaneous reactions,DiseaseOrPhenotypicFeature,D003875,675,694,train
15859361,23,P,ChemicalEntity,D000082,698,699,train
15859361,24,N,ChemicalEntity,C012655,704,705,train
15859361,25,NSAIDs,ChemicalEntity,D000894,735,741,train
15859361,26,patients,OrganismTaxon,9606,765,773,train
15859361,27,hypersensitivity,DiseaseOrPhenotypicFeature,D004342,779,795,train
15859361,28,P,ChemicalEntity,D000082,799,800,train
15859361,29,N,ChemicalEntity,C012655,805,806,train
15859361,30,NSAIDs,ChemicalEntity,D000894,855,861,train
15859361,31,P,ChemicalEntity,D000082,880,881,train
15859361,32,N,ChemicalEntity,C012655,886,887,train
15859361,33,skin reactions,DiseaseOrPhenotypicFeature,D003875,896,910,train
15859361,34,CE,ChemicalEntity,C105934,1064,1066,train
15859361,35,patients,OrganismTaxon,9606,1160,1168,train
15859361,36,erythema,DiseaseOrPhenotypicFeature,D004890,1363,1371,train
15859361,37,urticaria,DiseaseOrPhenotypicFeature,D014581,1381,1390,train
15859361,38,angioedema,DiseaseOrPhenotypicFeature,D000799,1391,1401,train
15859361,39,patients,OrganismTaxon,9606,1460,1468,train
15859361,40,CE,ChemicalEntity,C105934,1487,1489,train
15859361,41,patient,OrganismTaxon,9606,1500,1507,train
15859361,42,angioedema,DiseaseOrPhenotypicFeature,D000799,1529,1539,train
15859361,43,hypersensitivity,DiseaseOrPhenotypicFeature,D004342,1574,1590,train
15859361,44,CE,ChemicalEntity,C105934,1603,1605,train
15859361,45,P,ChemicalEntity,D000082,1629,1630,train
15859361,46,N,ChemicalEntity,C012655,1635,1636,train
15859361,47,NSAIDs,ChemicalEntity,D000894,1644,1650,train
15859361,48,patients,OrganismTaxon,9606,1662,1670,train
15859361,49,CE,ChemicalEntity,C105934,1695,1697,train
15859361,50,P,ChemicalEntity,D000082,1774,1775,train
15859361,51,N,ChemicalEntity,C012655,1780,1781,train
15897593,0,Dexrazoxane,ChemicalEntity,D064730,0,11,train
15897593,1,myelosuppression,DiseaseOrPhenotypicFeature,D001855,29,45,train
15897593,2,etoposide,ChemicalEntity,D005047,84,93,train
15897593,3,daunorubicin,ChemicalEntity,D003630,98,110,train
15897593,4,doxorubicin,ChemicalEntity,D004317,119,130,train
15897593,5,anthracyclines,ChemicalEntity,D018943,145,159,train
15897593,6,daunorubicin,ChemicalEntity,D003630,160,172,train
15897593,7,doxorubicin,ChemicalEntity,D004317,177,188,train
15897593,8,epipodophyllotoxin,ChemicalEntity,D011034,197,215,train
15897593,9,etoposide,ChemicalEntity,D005047,216,225,train
15897593,10,myelosuppression,DiseaseOrPhenotypicFeature,D001855,318,334,train
15897593,11,cardiac toxicity,DiseaseOrPhenotypicFeature,D066126,339,355,train
15897593,12,Dexrazoxane,ChemicalEntity,D064730,373,384,train
15897593,13,ICRF-187,ChemicalEntity,D064730,386,394,train
15897593,14,anthracycline,ChemicalEntity,D018943,434,447,train
15897593,15,cardiotoxicity,DiseaseOrPhenotypicFeature,D066126,456,470,train
15897593,16,hematologic toxicity,DiseaseOrPhenotypicFeature,D006402,530,550,train
15897593,17,dexrazoxane,ChemicalEntity,D064730,581,592,train
15897593,18,human,OrganismTaxon,9606,688,693,train
15897593,19,murine,OrganismTaxon,10090,698,704,train
15897593,20,etoposide,ChemicalEntity,D005047,731,740,train
15897593,21,daunorubicin,ChemicalEntity,D003630,742,754,train
15897593,22,doxorubicin,ChemicalEntity,D004317,760,771,train
15897593,23,dexrazoxane,ChemicalEntity,D064730,776,787,train
15897593,24,mice,OrganismTaxon,10090,878,882,train
15897593,25,etoposide,ChemicalEntity,D005047,901,910,train
15897593,26,daunorubicin,ChemicalEntity,D003630,912,924,train
15897593,27,doxorubicin,ChemicalEntity,D004317,930,941,train
15897593,28,dexrazoxane,ChemicalEntity,D064730,959,970,train
15897593,29,dexrazoxane,ChemicalEntity,D064730,1081,1092,train
15897593,30,myelosuppression,DiseaseOrPhenotypicFeature,D001855,1101,1117,train
15897593,31,weight loss,DiseaseOrPhenotypicFeature,D015431,1122,1133,train
15897593,32,daunorubicin,ChemicalEntity,D003630,1139,1151,train
15897593,33,etoposide,ChemicalEntity,D005047,1156,1165,train
15897593,34,mice,OrganismTaxon,10090,1169,1173,train
15897593,35,dexrazoxane,ChemicalEntity,D064730,1252,1263,train
15897593,36,myelosuppression,DiseaseOrPhenotypicFeature,D001855,1280,1296,train
15897593,37,weight loss,DiseaseOrPhenotypicFeature,D015431,1298,1309,train
15897593,38,cytotoxicity,DiseaseOrPhenotypicFeature,D064420,1328,1340,train
15897593,39,doxorubicin,ChemicalEntity,D004317,1346,1357,train
15897593,40,dexrazoxane,ChemicalEntity,D064730,1422,1433,train
15897593,41,doxorubicin,ChemicalEntity,D004317,1499,1510,train
15897593,42,daunorubicin,ChemicalEntity,D003630,1548,1560,train
15897593,43,etoposide,ChemicalEntity,D005047,1718,1727,train
15897593,44,dexrazoxane,ChemicalEntity,D064730,1778,1789,train
15897593,45,patients,OrganismTaxon,9606,1810,1818,train
15897593,46,metastases,DiseaseOrPhenotypicFeature,D009362,1830,1840,train
15897593,47,dexrazoxane,ChemicalEntity,D064730,1851,1862,train
15897593,48,etoposide,ChemicalEntity,D005047,1881,1890,train
15897593,49,hematologic toxicity,DiseaseOrPhenotypicFeature,D006402,1957,1977,train
15897593,50,cytotoxic,DiseaseOrPhenotypicFeature,D064420,2082,2091,train
15957009,0,5-HT6 receptor,GeneOrGeneProduct,64354,14,28,train
15957009,1,Ro4368554,ChemicalEntity,C507242,40,49,train
15957009,2,cholinergic,ChemicalEntity,D018678,81,92,train
15957009,3,serotonergic,ChemicalEntity,D018490,97,109,train
15957009,4,memory deficiency,DiseaseOrPhenotypicFeature,D008569,120,137,train
15957009,5,rat,OrganismTaxon,10116,145,148,train
15957009,6,serotonin type 6 (5-HT(6)) receptors,GeneOrGeneProduct,64354,165,201,train
15957009,7,acetylcholine,ChemicalEntity,D000109,353,366,train
15957009,8,ACh,ChemicalEntity,D000109,368,371,train
15957009,9,5-HT(6),GeneOrGeneProduct,64354,461,468,train
15957009,10,Ro4368554,ChemicalEntity,C507242,480,489,train
15957009,11,3-benzenesulfonyl-7-(4-methyl-piperazin-1-yl)1H-indole,ChemicalEntity,C507242,491,545,train
15957009,12,rat,OrganismTaxon,10116,552,555,train
15957009,13,cholinergic,ChemicalEntity,D018678,592,603,train
15957009,14,scopolamine,ChemicalEntity,D012601,605,616,train
15957009,15,serotonergic,ChemicalEntity,D018490,637,649,train
15957009,16,tryptophan,ChemicalEntity,D014364,652,662,train
15957009,17,TRP,ChemicalEntity,D014364,664,667,train
15957009,18,acetylcholinesterase,GeneOrGeneProduct,83817,749,769,train
15957009,19,metrifonate,ChemicalEntity,D014236,780,791,train
15957009,20,metrifonate,ChemicalEntity,D014236,909,920,train
15957009,21,Ro4368554,ChemicalEntity,C507242,985,994,train
15957009,22,Ro4368554,ChemicalEntity,C507242,1015,1024,train
15957009,23,metrifonate,ChemicalEntity,D014236,1072,1083,train
15957009,24,memory deficits,DiseaseOrPhenotypicFeature,D008569,1124,1139,train
15957009,25,scopolamine,ChemicalEntity,D012601,1151,1162,train
15957009,26,TRP,ChemicalEntity,D014364,1167,1170,train
15957009,27,Ro4368554,ChemicalEntity,C507242,1256,1265,train
15957009,28,cholinergic,ChemicalEntity,D018678,1330,1341,train
15957009,29,serotonergic,ChemicalEntity,D018490,1348,1360,train
15957009,30,memory deficit,DiseaseOrPhenotypicFeature,D008569,1361,1375,train
15957009,31,Ro4368554,ChemicalEntity,C507242,1465,1474,train
15957009,32,5-HT(6) receptor antagonists,ChemicalEntity,D012702,1496,1524,train
16364460,0,ritanserin,ChemicalEntity,D016713,18,28,train
16364460,1,scopolamine,ChemicalEntity,D012601,73,84,train
16364460,2,amnesia,DiseaseOrPhenotypicFeature,D000647,93,100,train
16364460,3,rats,OrganismTaxon,10116,115,119,train
16364460,4,ritanserin,ChemicalEntity,D016713,135,145,train
16364460,5,5-HT2,GeneOrGeneProduct,29595,147,152,train
16364460,6,scopolamine,ChemicalEntity,D012601,168,179,train
16364460,7,muscarinic cholinergic,GeneOrGeneProduct,25229,181,203,train
16364460,8,amnesia,DiseaseOrPhenotypicFeature,D000647,224,231,train
16364460,9,Rats,OrganismTaxon,10116,277,281,train
16364460,10,DMSO,ChemicalEntity,D004121,435,439,train
16364460,11,DMSO,ChemicalEntity,D004121,448,452,train
16364460,12,scopolamine,ChemicalEntity,D012601,455,466,train
16364460,13,ritanserin,ChemicalEntity,D016713,526,536,train
16364460,14,DMSO,ChemicalEntity,D004121,567,571,train
16364460,15,scopolamine,ChemicalEntity,D012601,606,617,train
16364460,16,ritanserin,ChemicalEntity,D016713,654,664,train
16364460,17,ritanserin,ChemicalEntity,D016713,676,686,train
16364460,18,DMSO,ChemicalEntity,D004121,708,712,train
16364460,19,scopolamine,ChemicalEntity,D012601,1129,1140,train
16364460,20,Ritanserin,ChemicalEntity,D016713,1184,1194,train
16364460,21,rats,OrganismTaxon,10116,1203,1207,train
16364460,22,DMSO,ChemicalEntity,D004121,1308,1312,train
16364460,23,scopolamine,ChemicalEntity,D012601,1337,1348,train
16364460,24,ritanserin,ChemicalEntity,D016713,1353,1363,train
16364460,25,scopolamine,ChemicalEntity,D012601,1479,1490,train
16364460,26,rats,OrganismTaxon,10116,1499,1503,train
16364460,27,ritanserin,ChemicalEntity,D016713,1546,1556,train
16364460,28,scopolamine,ChemicalEntity,D012601,1609,1620,train
16364460,29,amnesia,DiseaseOrPhenotypicFeature,D000647,1629,1636,train
16574713,0,serotonin transporter,GeneOrGeneProduct,6532,20,41,train
16574713,1,ecstasy,ChemicalEntity,D018817,72,79,train
16574713,2,MDMA,ChemicalEntity,D018817,81,85,train
16574713,3,"3,4-methylenedioxymethamphetamine",ChemicalEntity,D018817,103,136,train
16574713,4,MDMA,ChemicalEntity,D018817,138,142,train
16574713,5,ecstasy,ChemicalEntity,D018817,146,153,train
16574713,6,serotonin,ChemicalEntity,D012701,186,195,train
16574713,7,5-HT,ChemicalEntity,D012701,197,201,train
16574713,8,humans,OrganismTaxon,9606,235,241,train
16574713,9,MDMA,ChemicalEntity,D018817,295,299,train
16574713,10,5-HT,ChemicalEntity,D012701,308,312,train
16574713,11,neurotoxic lesions,DiseaseOrPhenotypicFeature,D020258,313,331,train
16574713,12,5-HT,ChemicalEntity,D012701,354,358,train
16574713,13,5-HT,ChemicalEntity,D012701,408,412,train
16574713,14,5-HT,ChemicalEntity,D012701,475,479,train
16574713,15,5-HT transporter promoter gene region,GeneOrGeneProduct,6532,585,622,train
16574713,16,5-HTTLPR,GeneOrGeneProduct,6532,624,632,train
16574713,17,MDMA,ChemicalEntity,D018817,663,667,train
16574713,18,MDMA,ChemicalEntity,D018817,776,780,train
16574713,19,MDMA,ChemicalEntity,D018817,860,864,train
16574713,20,5-HTTLPR,GeneOrGeneProduct,6532,892,900,train
16574713,21,MDMA,ChemicalEntity,D018817,1014,1018,train
16574713,22,MDMA,ChemicalEntity,D018817,1058,1062,train
16574713,23,MDMA,ChemicalEntity,D018817,1100,1104,train
16574713,24,5-HTTLPR,GeneOrGeneProduct,6532,1269,1277,train
16574713,25,MDMA,ChemicalEntity,D018817,1505,1509,train
16574713,26,memory impairment,DiseaseOrPhenotypicFeature,D008569,1607,1624,train
16574713,27,MDMA,ChemicalEntity,D018817,1650,1654,train
16574713,28,5-HTTLPR,GeneOrGeneProduct,6532,1687,1695,train
16574713,29,MDMA,ChemicalEntity,D018817,1737,1741,train
16574713,30,impaired memory functioning,DiseaseOrPhenotypicFeature,D008569,1813,1840,train
16574713,31,MDMA,ChemicalEntity,D018817,1855,1859,train
16574713,32,memory impairments,DiseaseOrPhenotypicFeature,D008569,1889,1907,train
16574713,33,5-HTTLPR,GeneOrGeneProduct,6532,1922,1930,train
16574713,34,MDMA,ChemicalEntity,D018817,1963,1967,train
16584858,0,mangiferin,ChemicalEntity,C013592,8,18,train
16584858,1,isoproterenol,ChemicalEntity,D007545,72,85,train
16584858,2,myocardial infarction,DiseaseOrPhenotypicFeature,D009203,94,115,train
16584858,3,rats,OrganismTaxon,10116,119,123,train
16584858,4,mangiferin,ChemicalEntity,C013592,177,187,train
16584858,5,polyphenol,ChemicalEntity,D059808,191,201,train
16584858,6,Mangifera indica Linn,OrganismTaxon,29780,207,228,train
16584858,7,isoproterenol,ChemicalEntity,D007545,250,263,train
16584858,8,ISPH,ChemicalEntity,D007545,265,269,train
16584858,9,myocardial infarction,DiseaseOrPhenotypicFeature,D009203,279,300,train
16584858,10,MI,DiseaseOrPhenotypicFeature,D009203,302,304,train
16584858,11,rats,OrganismTaxon,10116,309,313,train
16584858,12,ISPH,ChemicalEntity,D007545,377,381,train
16584858,13,rats,OrganismTaxon,10116,424,428,train
16584858,14,myocardial damage,DiseaseOrPhenotypicFeature,D009202,459,476,train
16584858,15,rat,OrganismTaxon,10116,480,483,train
16584858,16,lactate dehydrogenase,GeneOrGeneProduct,24533,547,568,train
16584858,17,LDH,GeneOrGeneProduct,24533,570,573,train
16584858,18,creatine phosphokinase isoenzymes,GeneOrGeneProduct,24264,579,612,train
16584858,19,CK-MB,GeneOrGeneProduct,24264,614,619,train
16584858,20,uric acid,ChemicalEntity,D014527,632,641,train
16584858,21,iron,ChemicalEntity,D007501,667,671,train
16584858,22,mangiferin,ChemicalEntity,C013592,713,723,train
16584858,23,triphenyl tetrazolium chloride,ChemicalEntity,C009591,740,770,train
16584858,24,TTC,ChemicalEntity,C009591,772,775,train
16584858,25,ischemic myocardium,DiseaseOrPhenotypicFeature,D017202,831,850,train
16584858,26,superoxide dismutase,GeneOrGeneProduct,24786,897,917,train
16584858,27,catalase,GeneOrGeneProduct,24248,919,927,train
16584858,28,glutathione peroxidase,GeneOrGeneProduct,24404,929,951,train
16584858,29,glutathione transferase,GeneOrGeneProduct,24421,953,976,train
16584858,30,glutathione reductase,GeneOrGeneProduct,116686,981,1002,train
16584858,31,cerruloplasmin,GeneOrGeneProduct,1356,1048,1062,train
16584858,32,Vitamin C,ChemicalEntity,D001205,1064,1073,train
16584858,33,Vitamin E,ChemicalEntity,D014810,1075,1084,train
16584858,34,glutathione,ChemicalEntity,D005978,1089,1100,train
16584858,35,MI,DiseaseOrPhenotypicFeature,D009203,1124,1126,train
16584858,36,rats,OrganismTaxon,10116,1127,1131,train
16584858,37,mangiferin,ChemicalEntity,C013592,1156,1166,train
16584858,38,dimethyl sulphoxide,ChemicalEntity,D004121,1211,1230,train
16584858,39,MI,DiseaseOrPhenotypicFeature,D009203,1271,1273,train
16584858,40,rats,OrganismTaxon,10116,1274,1278,train
16584858,41,mangiferin,ChemicalEntity,C013592,1466,1476,train
16584858,42,ISPH,ChemicalEntity,D007545,1507,1511,train
16584858,43,MI,DiseaseOrPhenotypicFeature,D009203,1520,1522,train
16584858,44,rats,OrganismTaxon,10116,1523,1527,train
16584858,45,mangiferin,ChemicalEntity,C013592,1573,1583,train
16584858,46,ISPH,ChemicalEntity,D007545,1619,1623,train
16584858,47,MI,DiseaseOrPhenotypicFeature,D009203,1632,1634,train
16584858,48,cardiac damage,DiseaseOrPhenotypicFeature,D006331,1720,1734,train
16586083,0,cyclooxygenase inhibitors,ChemicalEntity,D016861,25,50,train
16586083,1,myocardial infarction,DiseaseOrPhenotypicFeature,D009203,190,211,train
16586083,2,stroke,DiseaseOrPhenotypicFeature,D020521,213,219,train
16586083,3,hypertension,DiseaseOrPhenotypicFeature,D006973,221,233,train
16586083,4,heart failure,DiseaseOrPhenotypicFeature,D006333,238,251,train
16586083,5,cyclooxygenase inhibitors,ChemicalEntity,D016861,274,299,train
16586083,6,patients,OrganismTaxon,9606,373,381,train
16586083,7,Cyclooxygenase inhibitors,ChemicalEntity,D016861,413,438,train
16586083,8,prostanoid,ChemicalEntity,D011453,492,502,train
16586083,9,cardiovascular adverse events,DiseaseOrPhenotypicFeature,D002318,589,618,train
16586083,10,cyclooxygenase inhibitors,ChemicalEntity,D016861,735,760,train
16586083,11,prostaglandin,ChemicalEntity,D011453,912,925,train
16586083,12,N-terminal pro brain natriuretic peptide,ChemicalEntity,C109794,974,1014,train
16586083,13,NT-proBNP,ChemicalEntity,C109794,1016,1025,train
16586083,14,C-reactive protein,GeneOrGeneProduct,1401,1045,1063,train
16586083,15,patients,OrganismTaxon,9606,1106,1114,train
16586083,16,cardiovascular toxicity,DiseaseOrPhenotypicFeature,D002318,1164,1187,train
16634859,0,alcohol,ChemicalEntity,D000431,10,17,train
16634859,1,alcohol,ChemicalEntity,D000431,197,204,train
16634859,2,alcohol,ChemicalEntity,D000431,340,347,train
16634859,3,alcohol,ChemicalEntity,D000431,470,477,train
16634859,4,growth impairment,DiseaseOrPhenotypicFeature,D006130,492,509,train
16634859,5,alcohol,ChemicalEntity,D000431,660,667,train
16634859,6,women,OrganismTaxon,9606,711,716,train
16634859,7,women,OrganismTaxon,9606,794,799,train
16634859,8,alcohol,ChemicalEntity,D000431,893,900,train
16634859,9,alcohol,ChemicalEntity,D000431,1045,1052,train
16634859,10,drug abuse,DiseaseOrPhenotypicFeature,D019966,1395,1405,train
16634859,11,women,OrganismTaxon,9606,1505,1510,train
16634859,12,alcohol,ChemicalEntity,D000431,1630,1637,train
16634859,13,alcohol,ChemicalEntity,D000431,1696,1703,train
16634859,14,reduced cerebellar growth,DiseaseOrPhenotypicFeature,D006130,1779,1804,train
16634859,15,decreased cranial to body growth,DiseaseOrPhenotypicFeature,D006130,1816,1848,train
16634859,16,women,OrganismTaxon,9606,1868,1873,train
16634859,17,Amphetamine,ChemicalEntity,D000661,1924,1935,train
16634859,18,alcohol,ChemicalEntity,D000431,2378,2385,train
16725121,0,norepinephrine transporter,GeneOrGeneProduct,20538,19,45,train
16725121,1,desipramine,ChemicalEntity,D003891,92,103,train
16725121,2,anesthetics,ChemicalEntity,D000777,154,165,train
16725121,3,convulsions,DiseaseOrPhenotypicFeature,D012640,174,185,train
16725121,4,anesthetics,ChemicalEntity,D000777,240,251,train
16725121,5,norepinephrine transporter,GeneOrGeneProduct,20538,268,294,train
16725121,6,NET,GeneOrGeneProduct,20538,296,299,train
16725121,7,NET,GeneOrGeneProduct,20538,335,338,train
16725121,8,seizures,DiseaseOrPhenotypicFeature,D012640,371,379,train
16725121,9,cocaine,ChemicalEntity,D003042,390,397,train
16725121,10,anesthetics,ChemicalEntity,D000777,408,419,train
16725121,11,mice,OrganismTaxon,10090,436,440,train
16725121,12,desipramine,ChemicalEntity,D003891,466,477,train
16725121,13,NET,GeneOrGeneProduct,20538,499,502,train
16725121,14,[(3)H]norepinephrine,ChemicalEntity,D009638,525,545,train
16725121,15,lidocaine,ChemicalEntity,D008012,648,657,train
16725121,16,bupivacaine,ChemicalEntity,D002045,659,670,train
16725121,17,tricaine,ChemicalEntity,C003636,674,682,train
16725121,18,desipramine,ChemicalEntity,D003891,688,699,train
16725121,19,cocaine,ChemicalEntity,D003042,741,748,train
16725121,20,[(3)H]norepinephrine,ChemicalEntity,D009638,759,779,train
16725121,21,desipramine,ChemicalEntity,D003891,833,844,train
16725121,22,lidocaine,ChemicalEntity,D008012,886,895,train
16725121,23,convulsions,DiseaseOrPhenotypicFeature,D012640,904,915,train
16725121,24,cocaine,ChemicalEntity,D003042,938,945,train
16725121,25,convulsions,DiseaseOrPhenotypicFeature,D012640,954,965,train
16725121,26,lidocaine,ChemicalEntity,D008012,988,997,train
16725121,27,desipramine,ChemicalEntity,D003891,1003,1014,train
16725121,28,convulsive,DiseaseOrPhenotypicFeature,D012640,1039,1049,train
16725121,29,lidocaine,ChemicalEntity,D008012,1062,1071,train
16725121,30,cocaine,ChemicalEntity,D003042,1076,1083,train
16725121,31,desipramine,ChemicalEntity,D003891,1122,1133,train
16725121,32,NET,GeneOrGeneProduct,20538,1193,1196,train
16725121,33,desipramine,ChemicalEntity,D003891,1234,1245,train
16725121,34,desipramine,ChemicalEntity,D003891,1265,1276,train
16725121,35,lidocaine,ChemicalEntity,D008012,1302,1311,train
16725121,36,convulsions,DiseaseOrPhenotypicFeature,D012640,1312,1323,train
16725121,37,Na(+),ChemicalEntity,D012964,1339,1344,train
16725121,38,anesthetics,ChemicalEntity,D000777,1363,1374,train
16725121,39,desipramine,ChemicalEntity,D003891,1388,1399,train
16725121,40,NET,GeneOrGeneProduct,20538,1427,1430,train
16725121,41,cocaine,ChemicalEntity,D003042,1468,1475,train
16725121,42,NET,GeneOrGeneProduct,20538,1513,1516,train
16725121,43,Desipramine,ChemicalEntity,D003891,1527,1538,train
16725121,44,lidocaine,ChemicalEntity,D008012,1564,1573,train
16725121,45,seizures,DiseaseOrPhenotypicFeature,D012640,1574,1582,train
16725121,46,cocaine,ChemicalEntity,D003042,1669,1676,train
16755009,0,Daucus carota,OrganismTaxon,4039,46,59,train
16755009,1,cognitive dysfunctions,DiseaseOrPhenotypicFeature,D003072,81,103,train
16755009,2,Daucus carota,OrganismTaxon,4039,165,178,train
16755009,3,cholesterol,ChemicalEntity,D002784,221,232,train
16755009,4,cholinesterase,GeneOrGeneProduct,12038,250,264,train
16755009,5,mice,OrganismTaxon,10090,277,281,train
16755009,6,extract of Daucus carota seeds,ChemicalEntity,D010936,297,327,train
16755009,7,DCE,ChemicalEntity,D010936,329,332,train
16755009,8,mice,OrganismTaxon,10090,459,463,train
16755009,9,Diazepam,ChemicalEntity,D003975,582,590,train
16755009,10,scopolamine,ChemicalEntity,D012601,593,604,train
16755009,11,amnesia,DiseaseOrPhenotypicFeature,D000647,625,632,train
16755009,12,DCE,ChemicalEntity,D010936,680,683,train
16755009,13,mice,OrganismTaxon,10090,773,777,train
16755009,14,DCE,ChemicalEntity,D010936,822,825,train
16755009,15,mice,OrganismTaxon,10090,901,905,train
16755009,16,mice,OrganismTaxon,10090,1042,1046,train
16755009,17,DCE,ChemicalEntity,D010936,1061,1064,train
16755009,18,amnesia,DiseaseOrPhenotypicFeature,D000647,1078,1085,train
16755009,19,scopolamine,ChemicalEntity,D012601,1097,1108,train
16755009,20,diazepam,ChemicalEntity,D003975,1131,1139,train
16755009,21,Daucus carota extract,ChemicalEntity,D010936,1157,1178,train
16755009,22,acetylcholinesterase,GeneOrGeneProduct,11423,1234,1254,train
16755009,23,cholesterol,ChemicalEntity,D002784,1268,1279,train
16755009,24,mice,OrganismTaxon,10090,1305,1309,train
16755009,25,cholinesterase,GeneOrGeneProduct,12038,1345,1359,train
16755009,26,DCE,ChemicalEntity,D010936,1379,1382,train
16755009,27,mice,OrganismTaxon,10090,1441,1445,train
16755009,28,cholesterol,ChemicalEntity,D002784,1489,1500,train
16755009,29,DCE,ChemicalEntity,D010936,1588,1591,train
16755009,30,DCE,ChemicalEntity,D010936,1604,1607,train
16755009,31,cognitive dysfunctions,DiseaseOrPhenotypicFeature,D003072,1662,1684,train
16755009,32,cholesterol,ChemicalEntity,D002784,1771,1782,train
16810074,0,hypertension,DiseaseOrPhenotypicFeature,D006973,14,26,train
16810074,1,nitric oxide,ChemicalEntity,D009569,38,50,train
16810074,2,NO,ChemicalEntity,D009569,52,54,train
16810074,3,nitric oxide,ChemicalEntity,D009569,127,139,train
16810074,4,NO,ChemicalEntity,D009569,141,143,train
16810074,5,hypertension,DiseaseOrPhenotypicFeature,D006973,148,160,train
16810074,6,arterial dysfunction,DiseaseOrPhenotypicFeature,D018754,178,198,train
16810074,7,hypertension,DiseaseOrPhenotypicFeature,D006973,213,225,train
16810074,8,NO,ChemicalEntity,D009569,252,254,train
16810074,9,endothelin-1,GeneOrGeneProduct,24323,365,377,train
16810074,10,ET-1,GeneOrGeneProduct,24323,379,383,train
16810074,11,Nomega-nitro-L-arginine,ChemicalEntity,D019335,564,587,train
16810074,12,LNNA,ChemicalEntity,D019335,589,593,train
16810074,13,hypertension,DiseaseOrPhenotypicFeature,D006973,595,607,train
16810074,14,Rats,OrganismTaxon,10116,634,638,train
16810074,15,NO synthase,GeneOrGeneProduct,24598,661,672,train
16810074,16,LNNA,ChemicalEntity,D019335,683,687,train
16810074,17,rats,OrganismTaxon,10116,765,769,train
16810074,18,LNNA,ChemicalEntity,D019335,824,828,train
16810074,19,rats,OrganismTaxon,10116,829,833,train
16810074,20,norepinephrine,ChemicalEntity,D009638,953,967,train
16810074,21,LNNA,ChemicalEntity,D019335,1006,1010,train
16810074,22,rats,OrganismTaxon,10116,1033,1037,train
16810074,23,ET-1,GeneOrGeneProduct,24323,1073,1077,train
16810074,24,norepinephrine,ChemicalEntity,D009638,1155,1169,train
16810074,25,ET-1,GeneOrGeneProduct,24323,1230,1234,train
16810074,26,LNNA,ChemicalEntity,D019335,1342,1346,train
16810074,27,hypertension,DiseaseOrPhenotypicFeature,D006973,1347,1359,train
16810074,28,LNNA,ChemicalEntity,D019335,1382,1386,train
16810074,29,superoxide,ChemicalEntity,D013481,1392,1402,train
16810074,30,tempol,ChemicalEntity,C001803,1413,1419,train
16810074,31,rats,OrganismTaxon,10116,1503,1507,train
16810074,32,LNNA,ChemicalEntity,D019335,1548,1552,train
16810074,33,rats,OrganismTaxon,10116,1553,1557,train
16810074,34,hexamethonium,ChemicalEntity,D018738,1641,1654,train
16810074,35,LNNA,ChemicalEntity,D019335,1694,1698,train
16810074,36,hypertensive,DiseaseOrPhenotypicFeature,D006973,1699,1711,train
16810074,37,rats,OrganismTaxon,10116,1712,1716,train
16810074,38,rats,OrganismTaxon,10116,1756,1760,train
16810074,39,LNNA,ChemicalEntity,D019335,1838,1842,train
16810074,40,rats,OrganismTaxon,10116,1843,1847,train
16810074,41,superoxide,ChemicalEntity,D013481,1875,1885,train
16810074,42,rats,OrganismTaxon,10116,1919,1923,train
16810074,43,NO,ChemicalEntity,D009569,1955,1957,train
16810074,44,hypertension,DiseaseOrPhenotypicFeature,D006973,2129,2141,train
16920333,0,eslicarbazepine acetate,ChemicalEntity,C416835,25,48,train
16920333,1,BIA 2-093,ChemicalEntity,C416835,50,59,train
16920333,2,seizures,DiseaseOrPhenotypicFeature,D012640,64,72,train
16920333,3,picrotoxin,ChemicalEntity,D010852,102,112,train
16920333,4,rats,OrganismTaxon,10116,149,153,train
16920333,5,Eslicarbazepine acetate,ChemicalEntity,C416835,155,178,train
16920333,6,BIA 2-093,ChemicalEntity,C416835,180,189,train
16920333,7,"S-(-)-10-acetoxy-10,11-dihydro-5H-dibenzo/b,f/azepine-5-carboxamide",ChemicalEntity,C416835,191,258,train
16920333,8,antiepileptic drug,ChemicalEntity,D000927,271,289,train
16920333,9,carbamazepine,ChemicalEntity,D002220,430,443,train
16920333,10,CBZ,ChemicalEntity,D002220,445,448,train
16920333,11,oxcarbazepine,ChemicalEntity,C036006,454,467,train
16920333,12,OXC,ChemicalEntity,C036006,469,472,train
16920333,13,eslicarbazepine acetate,ChemicalEntity,C416835,526,549,train
16920333,14,seizures,DiseaseOrPhenotypicFeature,D012640,591,599,train
16920333,15,seizure,DiseaseOrPhenotypicFeature,D012640,677,684,train
16920333,16,picrotoxin,ChemicalEntity,D010852,742,752,train
16920333,17,seizures,DiseaseOrPhenotypicFeature,D012640,776,784,train
16920333,18,seizure,DiseaseOrPhenotypicFeature,D012640,812,819,train
16920333,19,picrotoxin,ChemicalEntity,D010852,894,904,train
16920333,20,seizures,DiseaseOrPhenotypicFeature,D012640,930,938,train
16920333,21,rats,OrganismTaxon,10116,957,961,train
16920333,22,seizures,DiseaseOrPhenotypicFeature,D012640,1008,1016,train
16920333,23,seizures,DiseaseOrPhenotypicFeature,D012640,1086,1094,train
16920333,24,seizure,DiseaseOrPhenotypicFeature,D012640,1122,1129,train
16920333,25,eslicarbazepine acetate,ChemicalEntity,C416835,1184,1207,train
17042910,0,atorvastatin,ChemicalEntity,C065179,24,36,train
17042910,1,dexamethasone,ChemicalEntity,D003907,40,53,train
17042910,2,hypertension,DiseaseOrPhenotypicFeature,D006973,62,74,train
17042910,3,rat,OrganismTaxon,10116,82,85,train
17042910,4,Dexamethasone,ChemicalEntity,D003907,90,103,train
17042910,5,Dex,ChemicalEntity,D003907,105,108,train
17042910,6,hypertension,DiseaseOrPhenotypicFeature,D006973,118,130,train
17042910,7,nitric oxide,ChemicalEntity,D009569,191,203,train
17042910,8,NO,ChemicalEntity,D009569,205,207,train
17042910,9,superoxide,ChemicalEntity,D013481,234,244,train
17042910,10,O2-,ChemicalEntity,D013481,246,249,train
17042910,11,Atorvastatin,ChemicalEntity,C065179,263,275,train
17042910,12,Ato,ChemicalEntity,C065179,277,280,train
17042910,13,NO,ChemicalEntity,D009569,405,407,train
17042910,14,O2-,ChemicalEntity,D013481,420,423,train
17042910,15,hypertension,DiseaseOrPhenotypicFeature,D006973,455,467,train
17042910,16,Ato,ChemicalEntity,C065179,539,542,train
17042910,17,endothelial NO synthase,GeneOrGeneProduct,24598,557,580,train
17042910,18,eNOS,GeneOrGeneProduct,24598,582,586,train
17042910,19,O2-,ChemicalEntity,D013481,623,626,train
17042910,20,rats,OrganismTaxon,10116,650,654,train
17042910,21,rats,OrganismTaxon,10116,700,704,train
17042910,22,Ato,ChemicalEntity,C065179,732,735,train
17042910,23,Dexamethasone,ChemicalEntity,D003907,799,812,train
17042910,24,Ato,ChemicalEntity,C065179,880,883,train
17042910,25,rats,OrganismTaxon,10116,908,912,train
17042910,26,acetylcholine,ChemicalEntity,D000109,1069,1082,train
17042910,27,phenylephrine,ChemicalEntity,D010656,1110,1123,train
17042910,28,eNOS,GeneOrGeneProduct,24598,1178,1182,train
17042910,29,rats,OrganismTaxon,10116,1277,1281,train
17042910,30,Dex,ChemicalEntity,D003907,1295,1298,train
17042910,31,Ato,ChemicalEntity,C065179,1412,1415,train
17042910,32,Dex,ChemicalEntity,D003907,1418,1421,train
17042910,33,Dex,ChemicalEntity,D003907,1586,1589,train
17042910,34,eNOS,GeneOrGeneProduct,24598,1645,1649,train
17042910,35,Dex,ChemicalEntity,D003907,1686,1689,train
17042910,36,Ato,ChemicalEntity,C065179,1692,1695,train
17042910,37,Dex,ChemicalEntity,D003907,1714,1717,train
17042910,38,superoxide,ChemicalEntity,D013481,1777,1787,train
17042910,39,Dex,ChemicalEntity,D003907,1816,1819,train
17042910,40,Ato,ChemicalEntity,C065179,1822,1825,train
17042910,41,Dex,ChemicalEntity,D003907,1869,1872,train
17042910,42,Ato,ChemicalEntity,C065179,1911,1914,train
17042910,43,superoxide,ChemicalEntity,D013481,1954,1964,train
17042910,44,Dex,ChemicalEntity,D003907,1995,1998,train
17042910,45,rats,OrganismTaxon,10116,2010,2014,train
17194457,0,anabolic androgenic steroid,ChemicalEntity,D045165,31,58,train
17194457,1,rats,OrganismTaxon,10116,76,80,train
17194457,2,serotonin,ChemicalEntity,D012701,90,99,train
17194457,3,anabolic androgenic steroid,ChemicalEntity,D045165,173,200,train
17194457,4,AAS,ChemicalEntity,D045165,202,205,train
17194457,5,serotonin,ChemicalEntity,D012701,226,235,train
17194457,6,5-hydroxytryptamine,ChemicalEntity,D012701,237,256,train
17194457,7,5-HT,ChemicalEntity,D012701,258,262,train
17194457,8,rats,OrganismTaxon,10116,303,307,train
17194457,9,Serotonin,ChemicalEntity,D012701,309,318,train
17194457,10,parachlorophenylalanine,ChemicalEntity,D010134,367,390,train
17194457,11,PCPA,ChemicalEntity,D010134,392,396,train
17194457,12,PCPA,ChemicalEntity,D010134,479,483,train
17194457,13,rats,OrganismTaxon,10116,492,496,train
17194457,14,rats,OrganismTaxon,10116,525,529,train
17194457,15,testosterone,ChemicalEntity,D013739,551,563,train
17194457,16,T,ChemicalEntity,D013739,565,566,train
17194457,17,irritability,DiseaseOrPhenotypicFeature,D001523,632,644,train
17194457,18,aggression,DiseaseOrPhenotypicFeature,D001523,682,692,train
17194457,19,aggression,DiseaseOrPhenotypicFeature,D001523,718,728,train
17194457,20,5-HT,ChemicalEntity,D012701,827,831,train
17194457,21,5-hydroxyindoleacetic acid,ChemicalEntity,D006897,852,878,train
17194457,22,5-HIAA,ChemicalEntity,D006897,880,886,train
17194457,23,PCPA,ChemicalEntity,D010134,917,921,train
17194457,24,5-HT,ChemicalEntity,D012701,963,967,train
17194457,25,5-HIAA,ChemicalEntity,D006897,972,978,train
17194457,26,T,ChemicalEntity,D013739,1018,1019,train
17194457,27,5-HT,ChemicalEntity,D012701,1054,1058,train
17194457,28,5-HIAA,ChemicalEntity,D006897,1063,1069,train
17194457,29,PCPA,ChemicalEntity,D010134,1127,1131,train
17194457,30,PCPA,ChemicalEntity,D010134,1153,1157,train
17194457,31,irritability,DiseaseOrPhenotypicFeature,D001523,1221,1233,train
17194457,32,aggression,DiseaseOrPhenotypicFeature,D001523,1295,1305,train
17194457,33,T,ChemicalEntity,D013739,1307,1308,train
17194457,34,irritability,DiseaseOrPhenotypicFeature,D001523,1344,1356,train
17194457,35,aggression,DiseaseOrPhenotypicFeature,D001523,1414,1424,train
17194457,36,T,ChemicalEntity,D013739,1464,1465,train
17194457,37,PCPA,ChemicalEntity,D010134,1466,1470,train
17194457,38,AAS,ChemicalEntity,D045165,1679,1682,train
17194457,39,5-HT,ChemicalEntity,D012701,1706,1710,train
17194457,40,aggressive behavior,DiseaseOrPhenotypicFeature,D001523,1746,1765,train
17244258,0,cyclophosphamide,ChemicalEntity,D003520,74,90,train
17244258,1,cystitis,DiseaseOrPhenotypicFeature,D003556,99,107,train
17244258,2,rat,OrganismTaxon,10116,115,118,train
17244258,3,cyclophosphamide,ChemicalEntity,D003520,123,139,train
17244258,4,cystitis,DiseaseOrPhenotypicFeature,D003556,148,156,train
17244258,5,rat,OrganismTaxon,10116,164,167,train
17244258,6,muscarinic receptors,GeneOrGeneProduct,25229,233,253,train
17244258,7,cystitis,DiseaseOrPhenotypicFeature,D003556,323,331,train
17244258,8,cyclophosphamide,ChemicalEntity,D003520,417,433,train
17244258,9,rats,OrganismTaxon,10116,445,449,train
17244258,10,"muscarinic, adrenergic and purinergic receptor antagonists",ChemicalEntity,"D018674,D018727,D058914",543,601,train
17244258,11,atropine,ChemicalEntity,D001285,614,622,train
17244258,12,"alpha,beta-methylene adenosine-5'-triphosphate",ChemicalEntity,C002630,830,876,train
17244258,13,"alpha,beta-meATP",ChemicalEntity,C002630,878,894,train
17244258,14,muscarinic receptor,GeneOrGeneProduct,25229,955,974,train
17244258,15,atropine,ChemicalEntity,D001285,987,995,train
17244258,16,4-diphenylacetoxy-N-methylpiperidine,ChemicalEntity,C042375,997,1033,train
17244258,17,4-DAMP,ChemicalEntity,C042375,1035,1041,train
17244258,18,methoctramine,ChemicalEntity,C054938,1073,1086,train
17244258,19,pirenzepine,ChemicalEntity,D010890,1110,1121,train
17244258,20,4-DAMP,ChemicalEntity,C042375,1278,1284,train
17244258,21,methoctramine,ChemicalEntity,C054938,1349,1362,train
17244258,22,pirenzepine,ChemicalEntity,D010890,1367,1378,train
17244258,23,muscarinic receptor antagonism,ChemicalEntity,D018674,1410,1440,train
17244258,24,pirenzepine,ChemicalEntity,D010890,1542,1553,train
17244258,25,4-DAMP,ChemicalEntity,C042375,1558,1564,train
17244258,26,methoctramine,ChemicalEntity,C054938,1666,1679,train
17244258,27,carbachol,ChemicalEntity,D002217,1780,1789,train
17244258,28,ATP,ChemicalEntity,D000255,1794,1797,train
17244258,29,potassium,ChemicalEntity,D011188,1874,1883,train
17244258,30,isoprenaline,ChemicalEntity,D007545,1894,1906,train
17244258,31,cystitis,DiseaseOrPhenotypicFeature,D003556,1969,1977,train
17244258,32,beta-adrenoceptor,GeneOrGeneProduct,24925,2063,2080,train
17244258,33,muscarinic receptors,GeneOrGeneProduct,25229,2151,2171,train
17379047,0,valsartan,ChemicalEntity,C081489,14,23,train
17379047,1,hydrochlorothiazide,ChemicalEntity,D006852,24,43,train
17379047,2,hypertensive,DiseaseOrPhenotypicFeature,D006973,195,207,train
17379047,3,patients,OrganismTaxon,9606,241,249,train
17379047,4,hypertension,DiseaseOrPhenotypicFeature,D006973,262,274,train
17379047,5,hypertension,DiseaseOrPhenotypicFeature,D006973,392,404,train
17379047,6,hypertensive,DiseaseOrPhenotypicFeature,D006973,510,522,train
17379047,7,valsartan,ChemicalEntity,C081489,602,611,train
17379047,8,VAL,ChemicalEntity,C081489,613,616,train
17379047,9,hydrochlorothiazide,ChemicalEntity,D006852,621,640,train
17379047,10,HCTZ,ChemicalEntity,D006852,642,646,train
17379047,11,patients,OrganismTaxon,9606,692,700,train
17379047,12,essential hypertension,DiseaseOrPhenotypicFeature,D000075222,706,728,train
17379047,13,Patients,OrganismTaxon,9606,864,872,train
17379047,14,essential hypertension,DiseaseOrPhenotypicFeature,D000075222,878,900,train
17379047,15,VAL,ChemicalEntity,C081489,1012,1015,train
17379047,16,HCTZ,ChemicalEntity,D006852,1031,1035,train
17379047,17,VAL,ChemicalEntity,C081489,1051,1054,train
17379047,18,HCTZ,ChemicalEntity,D006852,1055,1059,train
17379047,19,VAL,ChemicalEntity,C081489,1215,1218,train
17379047,20,HCTZ,ChemicalEntity,D006852,1219,1223,train
17379047,21,patients,OrganismTaxon,9606,1650,1658,train
17379047,22,men,OrganismTaxon,9606,1707,1710,train
17379047,23,women,OrganismTaxon,9606,1716,1721,train
17379047,24,VAL,ChemicalEntity,C081489,2017,2020,train
17379047,25,HCTZ,ChemicalEntity,D006852,2025,2029,train
17379047,26,VAL,ChemicalEntity,C081489,2233,2236,train
17379047,27,HCTZ,ChemicalEntity,D006852,2237,2241,train
17379047,28,VAL,ChemicalEntity,C081489,2369,2372,train
17379047,29,HCTZ,ChemicalEntity,D006852,2373,2377,train
17379047,30,VAL,ChemicalEntity,C081489,2402,2405,train
17379047,31,HCTZ,ChemicalEntity,D006852,2406,2410,train
17379047,32,hypokalemia,DiseaseOrPhenotypicFeature,D007008,2609,2620,train
17379047,33,VAL,ChemicalEntity,C081489,2636,2639,train
17379047,34,HCTZ,ChemicalEntity,D006852,2640,2644,train
17379047,35,HCTZ,ChemicalEntity,D006852,2680,2684,train
17379047,36,VAL,ChemicalEntity,C081489,2830,2833,train
17379047,37,HCTZ,ChemicalEntity,D006852,2834,2838,train
17379047,38,patients,OrganismTaxon,9606,2894,2902,train
17379047,39,VAL,ChemicalEntity,C081489,2971,2974,train
17379047,40,HCTZ,ChemicalEntity,D006852,2975,2979,train
17379047,41,hypokalemia,DiseaseOrPhenotypicFeature,D007008,3122,3133,train
17379047,42,HCTZ,ChemicalEntity,D006852,3139,3143,train
17439425,0,xanthine oxidase,ChemicalEntity,D014969,8,24,train
17439425,1,dexamethasone,ChemicalEntity,D003907,28,41,train
17439425,2,hypertension,DiseaseOrPhenotypicFeature,D006973,50,62,train
17439425,3,rats,OrganismTaxon,10116,66,70,train
17439425,4,Glucocorticoid,ChemicalEntity,D005938,75,89,train
17439425,5,hypertension,DiseaseOrPhenotypicFeature,D006973,98,110,train
17439425,6,GC,ChemicalEntity,D005938,112,114,train
17439425,7,HT,DiseaseOrPhenotypicFeature,D006973,115,117,train
17439425,8,rat,OrganismTaxon,10116,126,129,train
17439425,9,nitric oxide,ChemicalEntity,D009569,149,161,train
17439425,10,xanthine oxidase,ChemicalEntity,D014969,205,221,train
17439425,11,XO,ChemicalEntity,D014969,223,225,train
17439425,12,reactive oxygen species,ChemicalEntity,D017382,269,292,train
17439425,13,dexamethasone,ChemicalEntity,D003907,297,310,train
17439425,14,hypertension,DiseaseOrPhenotypicFeature,D006973,319,331,train
17439425,15,dex,ChemicalEntity,D003907,333,336,train
17439425,16,HT,DiseaseOrPhenotypicFeature,D006973,337,339,train
17439425,17,rats,OrganismTaxon,10116,372,376,train
17439425,18,dexamethasone,ChemicalEntity,D003907,435,448,train
17439425,19,dex,ChemicalEntity,D003907,450,453,train
17439425,20,allopurinol,ChemicalEntity,D000493,456,467,train
17439425,21,allopurinol,ChemicalEntity,D000493,485,496,train
17439425,22,dex,ChemicalEntity,D003907,502,505,train
17439425,23,glucocorticoid,ChemicalEntity,D005938,629,643,train
17439425,24,urate,ChemicalEntity,D014527,664,669,train
17439425,25,XO,ChemicalEntity,D014969,680,682,train
17439425,26,Dex,ChemicalEntity,D003907,698,701,train
17439425,27,Allopurinol,ChemicalEntity,D000493,816,827,train
17439425,28,urate,ChemicalEntity,D014527,844,849,train
17439425,29,dex,ChemicalEntity,D003907,954,957,train
17439425,30,Allopurinol,ChemicalEntity,D000493,988,999,train
17439425,31,dex,ChemicalEntity,D003907,1016,1019,train
17439425,32,HT,DiseaseOrPhenotypicFeature,D006973,1020,1022,train
17439425,33,allopurinol,ChemicalEntity,D000493,1071,1082,train
17439425,34,adrenocorticotrophic hormone,GeneOrGeneProduct,5443,1101,1129,train
17439425,35,hypertension,DiseaseOrPhenotypicFeature,D006973,1138,1150,train
17439425,36,XO,ChemicalEntity,D014969,1166,1168,train
17439425,37,GC,ChemicalEntity,D005938,1208,1210,train
17439425,38,HT,DiseaseOrPhenotypicFeature,D006973,1211,1213,train
17439425,39,rat,OrganismTaxon,10116,1221,1224,train
17572393,0,melatonin,ChemicalEntity,D008550,27,36,train
17572393,1,rat,OrganismTaxon,10116,81,84,train
17572393,2,BCNU,ChemicalEntity,D002330,94,98,train
17572393,3,cortical dysplasia,DiseaseOrPhenotypicFeature,D054220,107,125,train
17572393,4,Cortical dysplasia,DiseaseOrPhenotypicFeature,D054220,127,145,train
17572393,5,rat,OrganismTaxon,10116,298,301,train
17572393,6,carmustine,ChemicalEntity,D002330,345,355,train
17572393,7,"1,3-bis (2-chloroethyl)-1-nitrosoure",ChemicalEntity,D002330,357,393,train
17572393,8,BCNU,ChemicalEntity,D002330,396,400,train
17572393,9,melatonin,ChemicalEntity,D008550,446,455,train
17572393,10,BCNU,ChemicalEntity,D002330,472,476,train
17572393,11,cortical dysplasia,DiseaseOrPhenotypicFeature,D054220,485,503,train
17572393,12,rats,OrganismTaxon,10116,566,570,train
17572393,13,melatonin,ChemicalEntity,D008550,633,642,train
17572393,14,BCNU,ChemicalEntity,D002330,652,656,train
17572393,15,BCNU,ChemicalEntity,D002330,669,673,train
17572393,16,melatonin,ChemicalEntity,D008550,687,696,train
17572393,17,Rats,OrganismTaxon,10116,698,702,train
17572393,18,BCNU,ChemicalEntity,D002330,719,723,train
17572393,19,melatonin,ChemicalEntity,D008550,748,757,train
17572393,20,malondialdehyde,ChemicalEntity,D008315,890,905,train
17572393,21,superoxide,ChemicalEntity,D013481,910,920,train
17572393,22,BCNU,ChemicalEntity,D002330,1117,1121,train
17572393,23,cortical dysplasia,DiseaseOrPhenotypicFeature,D054220,1130,1148,train
17572393,24,BCNU,ChemicalEntity,D002330,1251,1255,train
17572393,25,glial fibrillary acidic protein,GeneOrGeneProduct,24387,1307,1338,train
17572393,26,synaptophysin,GeneOrGeneProduct,24804,1340,1353,train
17572393,27,transforming growth factor beta1,GeneOrGeneProduct,59086,1358,1390,train
17572393,28,melatonin,ChemicalEntity,D008550,1442,1451,train
17572393,29,Malondialdehyde,ChemicalEntity,D008315,1490,1505,train
17572393,30,BCNU,ChemicalEntity,D002330,1515,1519,train
17572393,31,melatonin,ChemicalEntity,D008550,1578,1587,train
17572393,32,malondialdehyde,ChemicalEntity,D008315,1598,1613,train
17572393,33,BCNU,ChemicalEntity,D002330,1624,1628,train
17572393,34,superoxide dismutase,GeneOrGeneProduct,24786,1696,1716,train
17572393,35,BCNU,ChemicalEntity,D002330,1793,1797,train
17572393,36,melatonin,ChemicalEntity,D008550,1871,1880,train
17572393,37,BCNU,ChemicalEntity,D002330,1928,1932,train
17615423,0,rhabdomyolysis,DiseaseOrPhenotypicFeature,D012206,7,21,train
17615423,1,acute renal failure,DiseaseOrPhenotypicFeature,D058186,26,45,train
17615423,2,simvastatin,ChemicalEntity,D019821,78,89,train
17615423,3,amiodarone,ChemicalEntity,D000638,91,101,train
17615423,4,atazanavir,ChemicalEntity,C413408,107,117,train
17615423,5,simvastatin,ChemicalEntity,D019821,179,190,train
17615423,6,amiodarone,ChemicalEntity,D000638,192,202,train
17615423,7,atazanavir,ChemicalEntity,C413408,208,218,train
17615423,8,rhabdomyolysis,DiseaseOrPhenotypicFeature,D012206,232,246,train
17615423,9,acute renal failure,DiseaseOrPhenotypicFeature,D058186,251,270,train
17615423,10,man,OrganismTaxon,9606,304,307,train
17615423,11,human immunodeficiency virus,OrganismTaxon,12721,324,352,train
17615423,12,atrial fibrillation,DiseaseOrPhenotypicFeature,D001281,354,373,train
17615423,13,coronary artery disease,DiseaseOrPhenotypicFeature,D003324,375,398,train
17615423,14,hyperlipidemia,DiseaseOrPhenotypicFeature,D006949,404,418,train
17615423,15,pain,DiseaseOrPhenotypicFeature,D010146,446,450,train
17615423,16,fatigue,DiseaseOrPhenotypicFeature,D005221,452,459,train
17615423,17,patient,OrganismTaxon,9606,499,506,train
17615423,18,simvastatin,ChemicalEntity,D019821,524,535,train
17615423,19,amiodarone,ChemicalEntity,D000638,576,586,train
17615423,20,atazanavir,ChemicalEntity,C413408,683,693,train
17615423,21,creatine kinase,ChemicalEntity,D003402,783,798,train
17615423,22,blood urea nitrogen,ChemicalEntity,D001806,809,828,train
17615423,23,creatinine,ChemicalEntity,D003404,840,850,train
17615423,24,aspartate aminotransferase,ChemicalEntity,D001219,861,887,train
17615423,25,alanine aminotransferase,ChemicalEntity,D000410,901,925,train
17615423,26,Simvastatin,ChemicalEntity,D019821,927,938,train
17615423,27,amiodarone,ChemicalEntity,D000638,940,950,train
17615423,28,patient,OrganismTaxon,9606,960,967,train
17615423,29,human immunodeficiency virus,OrganismTaxon,12721,970,998,train
17615423,30,patient,OrganismTaxon,9606,1053,1060,train
17615423,31,patient,OrganismTaxon,9606,1141,1148,train
17615423,32,creatine kinase,ChemicalEntity,D003402,1151,1166,train
17615423,33,creatinine,ChemicalEntity,D003404,1195,1205,train
17615423,34,patient,OrganismTaxon,9606,1225,1232,train
17615423,35,outpatient,OrganismTaxon,9606,1262,1272,train
17615423,36,rhabdomyolysis,DiseaseOrPhenotypicFeature,D012206,1354,1368,train
17615423,37,simvastatin,ChemicalEntity,D019821,1432,1443,train
17615423,38,Simvastatin,ChemicalEntity,D019821,1456,1467,train
17615423,39,CYP3A4,GeneOrGeneProduct,1576,1486,1492,train
17615423,40,Amiodarone,ChemicalEntity,D000638,1494,1504,train
17615423,41,atazanavir,ChemicalEntity,C413408,1509,1519,train
17615423,42,CYP3A4,GeneOrGeneProduct,1576,1535,1541,train
17615423,43,statins,ChemicalEntity,D019821,1598,1605,train
17615423,44,patients,OrganismTaxon,9606,1695,1703,train
17615423,45,statins,ChemicalEntity,D019821,1736,1743,train
17615423,46,CYP3A4,GeneOrGeneProduct,1576,1748,1754,train
17615423,47,pravastatin,ChemicalEntity,D017035,1767,1778,train
17615423,48,fluvastatin,ChemicalEntity,C065180,1780,1791,train
17615423,49,rosuvastatin,ChemicalEntity,C422923,1797,1809,train
17615423,50,atorvastatin,ChemicalEntity,C065179,1854,1866,train
17615423,51,simvastatin,ChemicalEntity,D019821,1898,1909,train
17615423,52,lovastatin,ChemicalEntity,D008148,1914,1924,train
17615423,53,patients,OrganismTaxon,9606,1972,1980,train
17615423,54,CYP3A4 inhibitors,ChemicalEntity,D065692,2000,2017,train
17854040,0,lamivudine,ChemicalEntity,D019259,26,36,train
17854040,1,hepatitis B virus (HBV) infected,DiseaseOrPhenotypicFeature,D006509,66,98,train
17854040,2,patients,OrganismTaxon,9606,99,107,train
17854040,3,HIV co-infection,DiseaseOrPhenotypicFeature,D015658,125,141,train
17854040,4,HBV and HIV co-infected,DiseaseOrPhenotypicFeature,"D006509,D015658",186,209,train
17854040,5,patients,OrganismTaxon,9606,224,232,train
17854040,6,lamivudine,ChemicalEntity,D019259,279,289,train
17854040,7,hepatitis B virus,OrganismTaxon,10407,300,317,train
17854040,8,HBV,OrganismTaxon,10407,319,322,train
17854040,9,lamivudine,ChemicalEntity,D019259,344,354,train
17854040,10,HBV,OrganismTaxon,10407,362,365,train
17854040,11,human immunodeficiency virus (HIV) co-infection,DiseaseOrPhenotypicFeature,D015658,392,439,train
17854040,12,patients,OrganismTaxon,9606,457,465,train
17854040,13,lamivudine,ChemicalEntity,D019259,479,489,train
17854040,14,HBV infected,DiseaseOrPhenotypicFeature,D006509,497,509,train
17854040,15,patients,OrganismTaxon,9606,510,518,train
17854040,16,HIV co-infection,DiseaseOrPhenotypicFeature,D015658,535,551,train
17854040,17,HBV mono-infected,DiseaseOrPhenotypicFeature,D006509,577,594,train
17854040,18,patients,OrganismTaxon,9606,595,603,train
17854040,19,HBV-HIV co-infected,DiseaseOrPhenotypicFeature,"D006509,D015658",611,630,train
17854040,20,patients,OrganismTaxon,9606,631,639,train
17854040,21,HBV,OrganismTaxon,10407,697,700,train
17854040,22,HBsAg,ChemicalEntity,D006514,702,707,train
17854040,23,HBV,OrganismTaxon,10407,730,733,train
17854040,24,HBsAg,ChemicalEntity,D006514,735,740,train
17854040,25,patients,OrganismTaxon,9606,752,760,train
17854040,26,HBsAg,ChemicalEntity,D006514,762,767,train
17854040,27,HIV 1/2,OrganismTaxon,"11676,11709",798,805,train
17854040,28,HBV,OrganismTaxon,10407,950,953,train
17854040,29,HBV,OrganismTaxon,10407,1137,1140,train
17854040,30,HBV,OrganismTaxon,10407,1152,1155,train
17854040,31,HBV,OrganismTaxon,10407,1195,1198,train
17854040,32,HBV,OrganismTaxon,10407,1257,1260,train
17854040,33,lamivudine,ChemicalEntity,D019259,1261,1271,train
17854040,34,hepatitis B,DiseaseOrPhenotypicFeature,D006509,1337,1348,train
17854040,35,patients,OrganismTaxon,9606,1349,1357,train
17854040,36,HBV-HIV co-infected,DiseaseOrPhenotypicFeature,"D006509,D015658",1371,1390,train
17854040,37,patients,OrganismTaxon,9606,1391,1399,train
17854040,38,HBV,OrganismTaxon,10407,1468,1471,train
17854040,39,lamivudine,ChemicalEntity,D019259,1472,1482,train
17854040,40,HBV-HIV co-infected,DiseaseOrPhenotypicFeature,"D006509,D015658",1519,1538,train
17854040,41,patients,OrganismTaxon,9606,1539,1547,train
17854040,42,HBV,OrganismTaxon,10407,1553,1556,train
17854040,43,patients,OrganismTaxon,9606,1603,1611,train
17854040,44,HBV,OrganismTaxon,10407,1811,1814,train
17854040,45,lamivudine,ChemicalEntity,D019259,1838,1848,train
17854040,46,HBV-HIV co-infected,DiseaseOrPhenotypicFeature,"D006509,D015658",2031,2050,train
17854040,47,patients,OrganismTaxon,9606,2051,2059,train
17975693,0,Anxiogenic,DiseaseOrPhenotypicFeature,D001008,0,10,train
17975693,1,ciprofloxacin,ChemicalEntity,D002939,24,37,train
17975693,2,norfloxacin,ChemicalEntity,D009643,42,53,train
17975693,3,rats,OrganismTaxon,10116,57,61,train
17975693,4,anxiogenic,DiseaseOrPhenotypicFeature,D001008,90,100,train
17975693,5,fluoroquinolones,ChemicalEntity,D024841,112,128,train
17975693,6,ciprofloxacin,ChemicalEntity,D002939,137,150,train
17975693,7,norfloxacin,ChemicalEntity,D009643,155,166,train
17975693,8,rats,OrganismTaxon,10116,217,221,train
17975693,9,ciprofloxacin,ChemicalEntity,D002939,595,608,train
17975693,10,norfloxacin,ChemicalEntity,D009643,614,625,train
17975693,11,rats,OrganismTaxon,10116,634,638,train
17975693,12,anxious behaviour,DiseaseOrPhenotypicFeature,D001008,646,663,train
17975693,13,rats,OrganismTaxon,10116,689,693,train
17975693,14,ciprofloxacin,ChemicalEntity,D002939,734,747,train
17975693,15,norfloxacin,ChemicalEntity,D009643,753,764,train
17975693,16,rats,OrganismTaxon,10116,773,777,train
17975693,17,anxiogenic,DiseaseOrPhenotypicFeature,D001008,941,951,train
17975693,18,ciprofloxacin,ChemicalEntity,D002939,965,978,train
17975693,19,norfloxacin,ChemicalEntity,D009643,983,994,train
18083142,0,Norepinephrine,ChemicalEntity,D009638,0,14,train
18083142,1,beta-adrenergic receptors,GeneOrGeneProduct,11554,33,58,train
18083142,2,cocaine,ChemicalEntity,D003042,89,96,train
18083142,3,anxiety,DiseaseOrPhenotypicFeature,D001008,105,112,train
18083142,4,Cocaine,ChemicalEntity,D003042,126,133,train
18083142,5,cocaine,ChemicalEntity,D003042,250,257,train
18083142,6,cocaine,ChemicalEntity,D003042,385,392,train
18083142,7,anxiety,DiseaseOrPhenotypicFeature,D001008,402,409,train
18083142,8,dopamine beta-hydroxylase,GeneOrGeneProduct,13166,467,492,train
18083142,9,Dbh,GeneOrGeneProduct,13166,503,506,train
18083142,10,mice,OrganismTaxon,10090,512,516,train
18083142,11,norepinephrine,ChemicalEntity,D009638,529,543,train
18083142,12,NE,ChemicalEntity,D009638,545,547,train
18083142,13,cocaine,ChemicalEntity,D003042,640,647,train
18083142,14,anxiety,DiseaseOrPhenotypicFeature,D001008,656,663,train
18083142,15,cocaine,ChemicalEntity,D003042,688,695,train
18083142,16,anxiety,DiseaseOrPhenotypicFeature,D001008,723,730,train
18083142,17,Dbh,GeneOrGeneProduct,13166,757,760,train
18083142,18,mice,OrganismTaxon,10090,766,770,train
18083142,19,Dbh,GeneOrGeneProduct,13166,827,830,train
18083142,20,mice,OrganismTaxon,10090,835,839,train
18083142,21,cocaine,ChemicalEntity,D003042,942,949,train
18083142,22,Cocaine,ChemicalEntity,D003042,951,958,train
18083142,23,anxiety,DiseaseOrPhenotypicFeature,D001008,967,974,train
18083142,24,Dbh,GeneOrGeneProduct,13166,998,1001,train
18083142,25,mice,OrganismTaxon,10090,1006,1010,train
18083142,26,disulfiram,ChemicalEntity,D004221,1039,1049,train
18083142,27,dopamine beta-hydroxylase,GeneOrGeneProduct,13166,1053,1078,train
18083142,28,DBH,GeneOrGeneProduct,13166,1080,1083,train
18083142,29,adrenergic antagonists,ChemicalEntity,D018674,1126,1148,train
18083142,30,beta-adrenergic receptor,GeneOrGeneProduct,11554,1186,1210,train
18083142,31,propranolol,ChemicalEntity,D011433,1222,1233,train
18083142,32,cocaine,ChemicalEntity,D003042,1242,1249,train
18083142,33,anxiety,DiseaseOrPhenotypicFeature,D001008,1258,1265,train
18083142,34,Dbh,GeneOrGeneProduct,13166,1283,1286,train
18083142,35,mice,OrganismTaxon,10090,1314,1318,train
18083142,36,alpha(1),GeneOrGeneProduct,11549,1330,1338,train
18083142,37,prazosin,ChemicalEntity,D011224,1350,1358,train
18083142,38,alpha(2),GeneOrGeneProduct,11551,1367,1375,train
18083142,39,yohimbine,ChemicalEntity,D015016,1387,1396,train
18083142,40,beta-adrenergic receptors,GeneOrGeneProduct,11554,1481,1506,train
18083142,41,cocaine,ChemicalEntity,D003042,1523,1530,train
18083142,42,anxiety,DiseaseOrPhenotypicFeature,D001008,1539,1546,train
18083142,43,mice,OrganismTaxon,10090,1550,1554,train
18165598,0,bupivacaine,ChemicalEntity,D002045,28,39,train
18165598,1,lidocaine,ChemicalEntity,D008012,44,53,train
18165598,2,prostaglandin E2,GeneOrGeneProduct,5732,57,73,train
18165598,3,cyclooxygenase,GeneOrGeneProduct,"4512,4513",83,97,train
18165598,4,pain,DiseaseOrPhenotypicFeature,D010146,118,122,train
18165598,5,pain,DiseaseOrPhenotypicFeature,D010146,137,141,train
18165598,6,inflammation,DiseaseOrPhenotypicFeature,D007249,278,290,train
18165598,7,bupivacaine,ChemicalEntity,D002045,357,368,train
18165598,8,prostaglandin E2,GeneOrGeneProduct,5732,378,394,train
18165598,9,PGE2,GeneOrGeneProduct,5732,396,400,train
18165598,10,cyclooxygenase,GeneOrGeneProduct,"4512,4513",417,431,train
18165598,11,COX,GeneOrGeneProduct,"4512,4513",433,436,train
18165598,12,postoperative pain,DiseaseOrPhenotypicFeature,D010149,469,487,train
18165598,13,human,OrganismTaxon,9606,491,496,train
18165598,14,lidocaine,ChemicalEntity,D008012,601,610,train
18165598,15,bupivacaine,ChemicalEntity,D002045,619,630,train
18165598,16,rofecoxib,ChemicalEntity,C116926,657,666,train
18165598,17,PGE2,GeneOrGeneProduct,5732,889,893,train
18165598,18,thromboxane B2,ChemicalEntity,D013929,898,912,train
18165598,19,TXB2,ChemicalEntity,D013929,914,918,train
18165598,20,bupivacaine,ChemicalEntity,D002045,947,958,train
18165598,21,rofecoxib,ChemicalEntity,C116926,959,968,train
18165598,22,pain,DiseaseOrPhenotypicFeature,D010146,1003,1007,train
18165598,23,bupivacaine,ChemicalEntity,D002045,1127,1138,train
18165598,24,pain,DiseaseOrPhenotypicFeature,D010146,1181,1185,train
18165598,25,PGE2,GeneOrGeneProduct,5732,1198,1202,train
18165598,26,bupivacaine,ChemicalEntity,D002045,1306,1317,train
18165598,27,COX-2,GeneOrGeneProduct,4513,1342,1347,train
18165598,28,lidocaine,ChemicalEntity,D008012,1393,1402,train
18165598,29,Thromboxane,ChemicalEntity,D013931,1418,1429,train
18165598,30,COX-2,GeneOrGeneProduct,4513,1563,1568,train
18165598,31,COX-1,GeneOrGeneProduct,4512,1578,1583,train
18165598,32,bupivacaine,ChemicalEntity,D002045,1625,1636,train
18165598,33,COX-2,GeneOrGeneProduct,4513,1648,1653,train
18165598,34,tissue injury,DiseaseOrPhenotypicFeature,D017695,1676,1689,train
18165598,35,PGE2,GeneOrGeneProduct,5732,1723,1727,train
18165598,36,pain,DiseaseOrPhenotypicFeature,D010146,1743,1747,train
18182964,0,Clonidine,ChemicalEntity,D003000,0,9,train
18182964,1,attention-deficit/hyperactivity disorder,DiseaseOrPhenotypicFeature,D001289,14,54,train
18182964,2,clonidine,ChemicalEntity,D003000,154,163,train
18182964,3,methylphenidate,ChemicalEntity,D008774,183,198,train
18182964,4,attention-deficit/hyperactivity disorder,DiseaseOrPhenotypicFeature,D001289,216,256,train
18182964,5,ADHD,DiseaseOrPhenotypicFeature,D001289,258,262,train
18182964,6,ADHD,DiseaseOrPhenotypicFeature,D001289,337,341,train
18182964,7,clonidine,ChemicalEntity,D003000,368,377,train
18182964,8,methylphenidate,ChemicalEntity,D008774,388,403,train
18182964,9,clonidine,ChemicalEntity,D003000,414,423,train
18182964,10,methylphenidate,ChemicalEntity,D008774,428,443,train
18182964,11,clonidine,ChemicalEntity,D003000,525,534,train
18182964,12,methylphenidate,ChemicalEntity,D008774,553,568,train
18182964,13,bradycardia,DiseaseOrPhenotypicFeature,D001919,757,768,train
18182964,14,clonidine,ChemicalEntity,D003000,794,803,train
18182964,15,clonidine,ChemicalEntity,D003000,841,850,train
18182964,16,clonidine,ChemicalEntity,D003000,1036,1045,train
18182964,17,methylphenidate,ChemicalEntity,D008774,1050,1065,train
18182964,18,clonidine,ChemicalEntity,D003000,1167,1176,train
18182964,19,Drowsiness,DiseaseOrPhenotypicFeature,D006970,1272,1282,train
18182964,20,clonidine,ChemicalEntity,D003000,1297,1306,train
18182964,21,Clonidine,ChemicalEntity,D003000,1361,1370,train
18182964,22,methylphenidate,ChemicalEntity,D008774,1391,1406,train
18182964,23,ADHD,DiseaseOrPhenotypicFeature,D001289,1453,1457,train
18182964,24,clonidine,ChemicalEntity,D003000,1482,1491,train
18182964,25,bradycardia,DiseaseOrPhenotypicFeature,D001919,1511,1522,train
18182964,26,patients,OrganismTaxon,9606,1534,1542,train
18182964,27,drowsiness,DiseaseOrPhenotypicFeature,D006970,1580,1590,train
18340638,0,Azathioprine,ChemicalEntity,D001379,0,12,train
18340638,1,Azathioprine,ChemicalEntity,D001379,61,73,train
18340638,2,azathioprine,ChemicalEntity,D001379,139,151,train
18340638,3,anemia,DiseaseOrPhenotypicFeature,D000740,160,166,train
18340638,4,bone marrow suppression,DiseaseOrPhenotypicFeature,D001855,197,220,train
18340638,5,anemia,DiseaseOrPhenotypicFeature,D000740,237,243,train
18340638,6,phosphatidylserine,ChemicalEntity,D010718,353,371,train
18340638,7,PS,ChemicalEntity,D010718,373,375,train
18340638,8,azathioprine,ChemicalEntity,D001379,477,489,train
18340638,9,annexin V,GeneOrGeneProduct,308,525,534,train
18340638,10,patients,OrganismTaxon,9606,562,570,train
18340638,11,PS,ChemicalEntity,D010718,611,613,train
18340638,12,azathioprine,ChemicalEntity,D001379,655,667,train
18340638,13,Ca2+,ChemicalEntity,D002118,699,703,train
18340638,14,Fluo3,ChemicalEntity,C059715,714,719,train
18340638,15,PS,ChemicalEntity,D010718,770,772,train
18340638,16,annexin V,GeneOrGeneProduct,308,783,792,train
18340638,17,azathioprine,ChemicalEntity,D001379,897,909,train
18340638,18,Ca2+,ChemicalEntity,D002118,963,967,train
18340638,19,annexin V,GeneOrGeneProduct,308,981,990,train
18340638,20,azathioprine,ChemicalEntity,D001379,1044,1056,train
18340638,21,annexin V,GeneOrGeneProduct,308,1065,1074,train
18340638,22,Ca2+,ChemicalEntity,D002118,1169,1173,train
18340638,23,Azathioprine,ChemicalEntity,D001379,1188,1200,train
18340638,24,azathioprine,ChemicalEntity,D001379,1275,1287,train
18340638,25,anemia,DiseaseOrPhenotypicFeature,D000740,1296,1302,train
18410508,0,Methamphetamine,ChemicalEntity,D008694,0,15,train
18410508,1,neurotoxicity,DiseaseOrPhenotypicFeature,D020258,24,37,train
18410508,2,fractalkine receptor,GeneOrGeneProduct,13051,84,104,train
18410508,3,Methamphetamine,ChemicalEntity,D008694,116,131,train
18410508,4,METH,ChemicalEntity,D008694,133,137,train
18410508,5,dopamine,ChemicalEntity,D004298,147,155,train
18410508,6,DA,ChemicalEntity,D004298,157,159,train
18410508,7,fractalkine receptor,GeneOrGeneProduct,13051,408,428,train
18410508,8,CX3CR1,GeneOrGeneProduct,13051,430,436,train
18410508,9,MPTP,ChemicalEntity,D015632,466,470,train
18410508,10,neurodegeneration,DiseaseOrPhenotypicFeature,D009422,479,496,train
18410508,11,DA,ChemicalEntity,D004298,500,502,train
18410508,12,CNS damage,DiseaseOrPhenotypicFeature,D009422,524,534,train
18410508,13,METH,ChemicalEntity,D008694,545,549,train
18410508,14,MPTP,ChemicalEntity,D015632,554,558,train
18410508,15,DA,ChemicalEntity,D004298,587,589,train
18410508,16,mouse,OrganismTaxon,10090,609,614,train
18410508,17,neurotoxicity,DiseaseOrPhenotypicFeature,D020258,625,638,train
18410508,18,CX3CR1,GeneOrGeneProduct,13051,665,671,train
18410508,19,METH,ChemicalEntity,D008694,688,692,train
18410508,20,neurotoxicity,DiseaseOrPhenotypicFeature,D020258,701,714,train
18410508,21,Mice,OrganismTaxon,10090,742,746,train
18410508,22,CX3CR1,GeneOrGeneProduct,13051,760,766,train
18410508,23,enhanced green fluorescent protein,ChemicalEntity,C485184,823,857,train
18410508,24,eGFP,ChemicalEntity,C485184,859,863,train
18410508,25,METH,ChemicalEntity,D008694,883,887,train
18410508,26,neurotoxicity,DiseaseOrPhenotypicFeature,D020258,914,927,train
18410508,27,METH,ChemicalEntity,D008694,929,933,train
18410508,28,DA,ChemicalEntity,D004298,943,945,train
18410508,29,CX3CR1,GeneOrGeneProduct,13051,1011,1017,train
18410508,30,mice,OrganismTaxon,10090,1027,1031,train
18410508,31,METH,ChemicalEntity,D008694,1124,1128,train
18410508,32,CX3CR1,GeneOrGeneProduct,13051,1132,1138,train
18410508,33,mice,OrganismTaxon,10090,1148,1152,train
18410508,34,eGFP,ChemicalEntity,C485184,1249,1253,train
18410508,35,METH,ChemicalEntity,D008694,1302,1306,train
18410508,36,eGFP,ChemicalEntity,C485184,1432,1436,train
18410508,37,METH,ChemicalEntity,D008694,1498,1502,train
18410508,38,CX3CR1,GeneOrGeneProduct,13051,1540,1546,train
18410508,39,METH,ChemicalEntity,D008694,1575,1579,train
18410508,40,neurotoxicity,DiseaseOrPhenotypicFeature,D020258,1580,1593,train
18410508,41,METH,ChemicalEntity,D008694,1688,1692,train
18422462,0,HIV-infected,DiseaseOrPhenotypicFeature,D015658,66,78,train
18422462,1,patients,OrganismTaxon,9606,79,87,train
18422462,2,HIV-infected,DiseaseOrPhenotypicFeature,D015658,249,261,train
18422462,3,HIV-infected,DiseaseOrPhenotypicFeature,D015658,326,338,train
18422462,4,3TC,ChemicalEntity,D019259,528,531,train
18422462,5,d4T,ChemicalEntity,D018119,534,537,train
18422462,6,nevirapine,ChemicalEntity,D019829,540,550,train
18422462,7,NVP,ChemicalEntity,D019829,552,555,train
18422462,8,zidovudine,ChemicalEntity,D015215,566,576,train
18422462,9,AZT,ChemicalEntity,D015215,578,581,train
18422462,10,3TC,ChemicalEntity,D019259,585,588,train
18422462,11,NVP,ChemicalEntity,D019829,591,594,train
18422462,12,3TC,ChemicalEntity,D019259,604,607,train
18422462,13,d4T,ChemicalEntity,D018119,610,613,train
18422462,14,efavirenz,ChemicalEntity,C098320,616,625,train
18422462,15,EFV,ChemicalEntity,C098320,627,630,train
18422462,16,AZT,ChemicalEntity,D015215,645,648,train
18422462,17,3TC,ChemicalEntity,D019259,651,654,train
18422462,18,EFV,ChemicalEntity,C098320,657,660,train
18422462,19,CD4,GeneOrGeneProduct,920,711,714,train
18422462,20,rash,DiseaseOrPhenotypicFeature,D005076,737,741,train
18422462,21,CD4,GeneOrGeneProduct,920,750,753,train
18422462,22,peripheral neuropathy,DiseaseOrPhenotypicFeature,D010523,777,798,train
18422462,23,anemia,DiseaseOrPhenotypicFeature,D000740,851,857,train
18422462,24,hemoglobin,GeneOrGeneProduct,3039,859,869,train
18422462,25,patients,OrganismTaxon,9606,903,911,train
18422462,26,CD4,GeneOrGeneProduct,920,913,916,train
18422462,27,hepatitis,DiseaseOrPhenotypicFeature,D056486,940,949,train
18422462,28,jaundice,DiseaseOrPhenotypicFeature,D007565,960,968,train
18422462,29,alanine aminotransferase,ChemicalEntity,D000410,974,998,train
18422462,30,patients,OrganismTaxon,9606,1044,1052,train
18422462,31,CD4,GeneOrGeneProduct,920,1054,1057,train
18422462,32,Women,OrganismTaxon,9606,1078,1083,train
18422462,33,lactic acidosis,DiseaseOrPhenotypicFeature,D000140,1129,1144,train
18422462,34,men,OrganismTaxon,9606,1152,1155,train
18422462,35,immune reconstitution syndrome,DiseaseOrPhenotypicFeature,D054019,1201,1231,train
18422462,36,patients,OrganismTaxon,9606,1254,1262,train
18422462,37,NVP,ChemicalEntity,D019829,1289,1292,train
18422462,38,rash,DiseaseOrPhenotypicFeature,D005076,1346,1350,train
18422462,39,d4T,ChemicalEntity,D018119,1355,1358,train
18422462,40,peripheral neuropathy,DiseaseOrPhenotypicFeature,D010523,1383,1404,train
18422462,41,Anemia,DiseaseOrPhenotypicFeature,D000740,1417,1423,train
18422462,42,hepatitis,DiseaseOrPhenotypicFeature,D056486,1428,1437,train
18422462,43,toxicities,DiseaseOrPhenotypicFeature,D064420,1535,1545,train
18442015,0,verapamil,ChemicalEntity,D014700,21,30,train
18442015,1,gastric hemorrhagic ulcers,DiseaseOrPhenotypicFeature,"D006471,D013276",34,60,train
18442015,2,atherosclerotic,DiseaseOrPhenotypicFeature,D050197,71,86,train
18442015,3,rats,OrganismTaxon,10116,87,91,train
18442015,4,gastric hemorrhage,DiseaseOrPhenotypicFeature,D006471,133,151,train
18442015,5,atherosclerotic,DiseaseOrPhenotypicFeature,D050197,187,202,train
18442015,6,rats,OrganismTaxon,10116,203,207,train
18442015,7,histamine,ChemicalEntity,D006632,308,317,train
18442015,8,lipid peroxide,ChemicalEntity,D008054,327,341,train
18442015,9,LPO,ChemicalEntity,D008054,343,346,train
18442015,10,gastric hemorrhage and ulcer,DiseaseOrPhenotypicFeature,"D006471,D013276",412,440,train
18442015,11,rats,OrganismTaxon,10116,444,448,train
18442015,12,atherosclerosis,DiseaseOrPhenotypicFeature,D050197,454,469,train
18442015,13,vitamin D2,ChemicalEntity,D004872,501,511,train
18442015,14,cholesterol,ChemicalEntity,D002784,516,527,train
18442015,15,verapamil,ChemicalEntity,D014700,568,577,train
18442015,16,ulcer,DiseaseOrPhenotypicFeature,D013276,586,591,train
18442015,17,rats,OrganismTaxon,10116,625,629,train
18442015,18,corn oil,ChemicalEntity,D003314,703,711,train
18442015,19,vitamin D2,ChemicalEntity,D004872,723,733,train
18442015,20,cholesterol,ChemicalEntity,D002784,738,749,train
18442015,21,atherosclerosis,DiseaseOrPhenotypicFeature,D050197,760,775,train
18442015,22,rats,OrganismTaxon,10116,785,789,train
18442015,23,corn oil,ChemicalEntity,D003314,799,807,train
18442015,24,rat,OrganismTaxon,10116,837,840,train
18442015,25,LPO,ChemicalEntity,D008054,964,967,train
18442015,26,histamine,ChemicalEntity,D006632,980,989,train
18442015,27,luminal,ChemicalEntity,D010634,1033,1040,train
18442015,28,hemoglobin,GeneOrGeneProduct,25632,1041,1051,train
18442015,29,ulcer,DiseaseOrPhenotypicFeature,D013276,1064,1069,train
18442015,30,atherosclerotic,DiseaseOrPhenotypicFeature,D050197,1102,1117,train
18442015,31,calcium,ChemicalEntity,D002118,1144,1151,train
18442015,32,cholesterol,ChemicalEntity,D002784,1159,1170,train
18442015,33,low-density lipoprotein,ChemicalEntity,D008077,1175,1198,train
18442015,34,atherosclerotic,DiseaseOrPhenotypicFeature,D050197,1230,1245,train
18442015,35,rats,OrganismTaxon,10116,1246,1250,train
18442015,36,gastric ulcers,DiseaseOrPhenotypicFeature,D013276,1259,1273,train
18442015,37,histamine,ChemicalEntity,D006632,1361,1370,train
18442015,38,LPO,ChemicalEntity,D008054,1380,1383,train
18442015,39,luminal,ChemicalEntity,D010634,1399,1406,train
18442015,40,hemoglobin,GeneOrGeneProduct,25632,1407,1417,train
18442015,41,rats,OrganismTaxon,10116,1454,1458,train
18442015,42,histamine,ChemicalEntity,D006632,1496,1505,train
18442015,43,gastric hemorrhage,DiseaseOrPhenotypicFeature,D006471,1509,1527,train
18442015,44,ulcer,DiseaseOrPhenotypicFeature,D013276,1535,1540,train
18442015,45,atherosclerotic,DiseaseOrPhenotypicFeature,D050197,1560,1575,train
18442015,46,rats,OrganismTaxon,10116,1576,1580,train
18442015,47,hemorrhagic ulcer,DiseaseOrPhenotypicFeature,"D006471,D013276",1587,1604,train
18442015,48,verapamil,ChemicalEntity,D014700,1696,1705,train
18442015,49,Atherosclerosis,DiseaseOrPhenotypicFeature,D050197,1707,1722,train
18442015,50,gastric hemorrhagic ulcer,DiseaseOrPhenotypicFeature,"D006471,D013276",1737,1762,train
18442015,51,LPO,ChemicalEntity,D008054,1811,1814,train
18442015,52,histamine,ChemicalEntity,D006632,1827,1836,train
18442015,53,verapamil,ChemicalEntity,D014700,1905,1914,train
18442015,54,rats,OrganismTaxon,10116,1918,1922,train
18544179,0,fentanyl,ChemicalEntity,D005283,9,17,train
18544179,1,nausea,DiseaseOrPhenotypicFeature,D009325,26,32,train
18544179,2,vomiting,DiseaseOrPhenotypicFeature,D014839,37,45,train
18544179,3,pain,DiseaseOrPhenotypicFeature,D010146,66,70,train
18544179,4,sevoflurane,ChemicalEntity,C009250,78,89,train
18544179,5,sevoflurane,ChemicalEntity,C009250,201,212,train
18544179,6,postoperative nausea and vomiting,DiseaseOrPhenotypicFeature,D020250,214,247,train
18544179,7,Fentanyl,ChemicalEntity,D005283,267,275,train
18544179,8,postoperative nausea and vomiting and pain,DiseaseOrPhenotypicFeature,"D010149,D020250",447,489,train
18544179,9,sevoflurane,ChemicalEntity,C009250,514,525,train
18544179,10,patients,OrganismTaxon,9606,563,571,train
18544179,11,Patients,OrganismTaxon,9606,573,581,train
18544179,12,fentanyl,ChemicalEntity,D005283,643,651,train
18544179,13,dexamethasone,ChemicalEntity,D003907,682,695,train
18544179,14,fentanyl,ChemicalEntity,D005283,711,719,train
18544179,15,fentanyl,ChemicalEntity,D005283,742,750,train
18544179,16,postoperative nausea and vomiting,DiseaseOrPhenotypicFeature,D020250,791,824,train
18544179,17,vomiting,DiseaseOrPhenotypicFeature,D014839,858,866,train
18544179,18,nausea,DiseaseOrPhenotypicFeature,D009325,893,899,train
18544179,19,fentanyl,ChemicalEntity,D005283,941,949,train
18544179,20,fentanyl,ChemicalEntity,D005283,954,962,train
18544179,21,dexamethasone,ChemicalEntity,D003907,963,976,train
18544179,22,Dexamethasone,ChemicalEntity,D003907,1085,1098,train
18544179,23,postoperative nausea and vomiting,DiseaseOrPhenotypicFeature,D020250,1157,1190,train
18544179,24,fentanyl,ChemicalEntity,D005283,1210,1218,train
18544179,25,postoperative nausea and vomiting,DiseaseOrPhenotypicFeature,D020250,1304,1337,train
18544179,26,nausea,DiseaseOrPhenotypicFeature,D009325,1342,1348,train
18544179,27,nausea,DiseaseOrPhenotypicFeature,D009325,1447,1453,train
18544179,28,Pain,DiseaseOrPhenotypicFeature,D010146,1515,1519,train
18544179,29,fentanyl,ChemicalEntity,D005283,1591,1599,train
18544179,30,Fentanyl,ChemicalEntity,D005283,1601,1609,train
18544179,31,sevoflurane,ChemicalEntity,C009250,1662,1673,train
18544179,32,respiratory depression,DiseaseOrPhenotypicFeature,D012131,1703,1725,train
18544179,33,hypotension,DiseaseOrPhenotypicFeature,D007022,1727,1738,train
18544179,34,bradycardia,DiseaseOrPhenotypicFeature,D001919,1743,1754,train
18544179,35,fentanyl,ChemicalEntity,D005283,1771,1779,train
18544179,36,postoperative nausea and vomiting,DiseaseOrPhenotypicFeature,D020250,1792,1825,train
18544179,37,postoperative pain,DiseaseOrPhenotypicFeature,D010149,1852,1870,train
18544179,38,sevoflurane,ChemicalEntity,C009250,1990,2001,train
18674790,0,fat,ChemicalEntity,D004041,5,8,train
18674790,1,obese,DiseaseOrPhenotypicFeature,D009765,18,23,train
18674790,2,rats,OrganismTaxon,10116,24,28,train
18674790,3,doxorubicin,ChemicalEntity,D004317,53,64,train
18674790,4,cardiotoxicity,DiseaseOrPhenotypicFeature,D066126,73,87,train
18674790,5,doxorubicin,ChemicalEntity,D004317,112,123,train
18674790,6,Adriamycin,ChemicalEntity,D004317,125,135,train
18674790,7,cardiotoxicity,DiseaseOrPhenotypicFeature,D066126,172,186,train
18674790,8,patients,OrganismTaxon,9606,190,198,train
18674790,9,doxorubicin,ChemicalEntity,D004317,306,317,train
18674790,10,cardiotoxicity,DiseaseOrPhenotypicFeature,D066126,326,340,train
18674790,11,triglycerides,ChemicalEntity,D014280,421,434,train
18674790,12,fatty-acid,ChemicalEntity,D005227,457,467,train
18674790,13,ATP,ChemicalEntity,D000255,479,482,train
18674790,14,JAK,GeneOrGeneProduct,84598,510,513,train
18674790,15,STAT3,GeneOrGeneProduct,25125,514,519,train
18674790,16,fat,ChemicalEntity,D004041,624,627,train
18674790,17,obesity,DiseaseOrPhenotypicFeature,D009765,654,661,train
18674790,18,rats,OrganismTaxon,10116,685,689,train
18674790,19,doxorubicin,ChemicalEntity,D004317,717,728,train
18674790,20,cardiotoxicity,DiseaseOrPhenotypicFeature,D066126,737,751,train
18674790,21,doxorubicin,ChemicalEntity,D004317,773,784,train
18674790,22,cardiotoxicity,DiseaseOrPhenotypicFeature,D066126,857,871,train
18674790,23,cardiac dysfunction,DiseaseOrPhenotypicFeature,D006331,873,892,train
18674790,24,lipid,ChemicalEntity,D008055,894,899,train
18674790,25,obese,DiseaseOrPhenotypicFeature,D009765,939,944,train
18674790,26,OB,DiseaseOrPhenotypicFeature,D009765,946,948,train
18674790,27,rats,OrganismTaxon,10116,950,954,train
18674790,28,renal or hepatic toxicity,DiseaseOrPhenotypicFeature,"D007674,D056486",989,1014,train
18674790,29,Doxorubicin,ChemicalEntity,D004317,1016,1027,train
18674790,30,doxorubicin,ChemicalEntity,D004317,1089,1100,train
18674790,31,doxorubicinol,ChemicalEntity,C010013,1105,1118,train
18674790,32,OB,DiseaseOrPhenotypicFeature,D009765,1170,1172,train
18674790,33,OB,DiseaseOrPhenotypicFeature,D009765,1215,1217,train
18674790,34,rats,OrganismTaxon,10116,1218,1222,train
18674790,35,uncoupling proteins 2 and 3,GeneOrGeneProduct,"25708,54315",1302,1329,train
18674790,36,peroxisome proliferators activated receptor-alpha,GeneOrGeneProduct,25747,1361,1410,train
18674790,37,adiponectin,GeneOrGeneProduct,246253,1433,1444,train
18674790,38,fatty-acid,ChemicalEntity,D005227,1475,1485,train
18674790,39,OB,DiseaseOrPhenotypicFeature,D009765,1573,1575,train
18674790,40,AMP-alpha2 protein kinase,GeneOrGeneProduct,65248,1606,1631,train
18674790,41,ATP,ChemicalEntity,D000255,1661,1664,train
18674790,42,ATP,ChemicalEntity,D000255,1697,1700,train
18674790,43,ADP,ChemicalEntity,D000244,1701,1704,train
18674790,44,doxorubicin,ChemicalEntity,D004317,1717,1728,train
18674790,45,erythropoietin,GeneOrGeneProduct,24335,1763,1777,train
18674790,46,SOCS3,GeneOrGeneProduct,89829,1792,1797,train
18674790,47,JAK,GeneOrGeneProduct,84598,1841,1844,train
18674790,48,STAT3,GeneOrGeneProduct,25125,1845,1850,train
18674790,49,obese,DiseaseOrPhenotypicFeature,D009765,1887,1892,train
18674790,50,rats,OrganismTaxon,10116,1893,1897,train
18674790,51,doxorubicin,ChemicalEntity,D004317,1923,1934,train
18674790,52,cardiotoxicity,DiseaseOrPhenotypicFeature,D066126,1943,1957,train
18674790,53,ATP,ChemicalEntity,D000255,2012,2015,train
18674790,54,JAK,GeneOrGeneProduct,84598,2079,2082,train
18674790,55,STAT3,GeneOrGeneProduct,25125,2083,2088,train
18752389,0,Simvastatin-ezetimibe,ChemicalEntity,D000069499,0,21,train
18752389,1,hepatic failure,DiseaseOrPhenotypicFeature,D017093,30,45,train
18752389,2,Serum aminotransferase,ChemicalEntity,D001219,92,114,train
18752389,3,3-hydroxy-3-methylglutaryl coenzyme A reductase,GeneOrGeneProduct,3156,165,212,train
18752389,4,statin,ChemicalEntity,D019821,224,230,train
18752389,5,hepatotoxic,DiseaseOrPhenotypicFeature,D056486,250,261,train
18752389,6,ezetimibe,ChemicalEntity,D000069438,305,314,train
18752389,7,simvastatin-ezetimibe,ChemicalEntity,D000069499,340,361,train
18752389,8,woman,OrganismTaxon,9606,398,403,train
18752389,9,fulminant hepatic failure,DiseaseOrPhenotypicFeature,D017114,418,443,train
18752389,10,simvastatin,ChemicalEntity,D019821,511,522,train
18752389,11,simvastatin,ChemicalEntity,D019821,536,547,train
18752389,12,ezetimibe,ChemicalEntity,D000069438,554,563,train
18752389,13,patient,OrganismTaxon,9606,579,586,train
18752389,14,lipid,ChemicalEntity,D008055,589,594,train
18752389,15,simvastatin,ChemicalEntity,D019821,626,637,train
18752389,16,hepatotoxicity,DiseaseOrPhenotypicFeature,D056486,694,708,train
18752389,17,serum aminotransferase,ChemicalEntity,D001219,783,805,train
18752389,18,Simvastatinezetimibe,ChemicalEntity,D000069499,814,834,train
18752389,19,escitalopram,ChemicalEntity,D015283,839,851,train
18752389,20,depression,DiseaseOrPhenotypicFeature,D003866,878,888,train
18752389,21,hepatotoxicity,DiseaseOrPhenotypicFeature,D056486,939,953,train
18752389,22,aminotransferase,ChemicalEntity,D000637,1017,1033,train
18752389,23,drug toxicity,DiseaseOrPhenotypicFeature,D064420,1099,1112,train
18752389,24,aminotransferase,ChemicalEntity,D000637,1195,1211,train
18752389,25,Ezetimibe,ChemicalEntity,D000069438,1314,1323,train
18752389,26,uridine diphosphate glucoronosyltransferases,GeneOrGeneProduct,7361,1363,1407,train
18752389,27,UGT,GeneOrGeneProduct,7361,1409,1412,train
18752389,28,simvastatin hydroxy acid,ChemicalEntity,C532833,1487,1511,train
18752389,29,simvastatin,ChemicalEntity,D019821,1536,1547,train
18752389,30,hepatotoxicity,DiseaseOrPhenotypicFeature,D056486,1572,1586,train
18752389,31,simvastatin-ezetimibe,ChemicalEntity,D000069499,1639,1660,train
18752389,32,liver failure,DiseaseOrPhenotypicFeature,D017093,1669,1682,train
18752389,33,simvastatinezetimibe,ChemicalEntity,D000069499,1762,1782,train
18752389,34,hepatotoxicity,DiseaseOrPhenotypicFeature,D056486,1791,1805,train
18752389,35,simvastatin,ChemicalEntity,D019821,1823,1834,train
18752389,36,ezetimibe,ChemicalEntity,D000069438,1847,1856,train
18752389,37,UGT,GeneOrGeneProduct,7361,1871,1874,train
18752389,38,hepatotoxicity,DiseaseOrPhenotypicFeature,D056486,1924,1938,train
18752389,39,simvastatin-ezetimibe,ChemicalEntity,D000069499,1944,1965,train
18752389,40,patients,OrganismTaxon,9606,1988,1996,train
18752389,41,serum aminotransferase,ChemicalEntity,D001219,2026,2048,train
18754075,0,proteinuria,DiseaseOrPhenotypicFeature,D011507,8,19,train
18754075,1,acute renal failure,DiseaseOrPhenotypicFeature,D058186,24,43,train
18754075,2,bisphosphonate,ChemicalEntity,D004164,55,69,train
18754075,3,alendronate,ChemicalEntity,D019386,71,82,train
18754075,4,patient,OrganismTaxon,9606,104,111,train
18754075,5,focal segmental glomerulosclerosis,DiseaseOrPhenotypicFeature,D005923,117,151,train
18754075,6,man,OrganismTaxon,9606,176,179,train
18754075,7,nephrotic syndrome,DiseaseOrPhenotypicFeature,D009404,185,203,train
18754075,8,focal segmental glomerulosclerosis,DiseaseOrPhenotypicFeature,D005923,211,245,train
18754075,9,steroid,ChemicalEntity,D013256,279,286,train
18754075,10,bisphosphonate,ChemicalEntity,D004164,389,403,train
18754075,11,alendronate sodium,ChemicalEntity,D019386,405,423,train
18754075,12,acute renal failure,DiseaseOrPhenotypicFeature,D058186,513,532,train
18754075,13,alendronate,ChemicalEntity,D019386,563,574,train
18754075,14,patient,OrganismTaxon,9606,580,587,train
18754075,15,creatinine,ChemicalEntity,D003404,684,694,train
18754075,16,bisphosphonates,ChemicalEntity,D004164,860,875,train
18754075,17,proteinuria,DiseaseOrPhenotypicFeature,D011507,890,901,train
18754075,18,acute renal failure,DiseaseOrPhenotypicFeature,D058186,906,925,train
18945509,0,coronary artery disease,DiseaseOrPhenotypicFeature,D003324,8,31,train
18945509,1,sulphonylurea,ChemicalEntity,D013453,56,69,train
18945509,2,patients,OrganismTaxon,9606,83,91,train
18945509,3,type 2 diabetes,DiseaseOrPhenotypicFeature,D003924,97,112,train
18945509,4,coronary artery disease,DiseaseOrPhenotypicFeature,D003324,201,224,train
18945509,5,CAD,DiseaseOrPhenotypicFeature,D003324,226,229,train
18945509,6,type 2 diabetes,DiseaseOrPhenotypicFeature,D003924,268,283,train
18945509,7,sulphonylureas,ChemicalEntity,D013453,299,313,train
18945509,8,type 2 diabetic,DiseaseOrPhenotypicFeature,D003924,327,342,train
18945509,9,patients,OrganismTaxon,9606,343,351,train
18945509,10,CAD,DiseaseOrPhenotypicFeature,D003324,373,376,train
18945509,11,CAD,DiseaseOrPhenotypicFeature,D003324,455,458,train
18945509,12,diabetes,DiseaseOrPhenotypicFeature,D003920,475,483,train
18945509,13,CAD,DiseaseOrPhenotypicFeature,D003324,578,581,train
18945509,14,CAD,DiseaseOrPhenotypicFeature,D003324,640,643,train
18945509,15,glibenclamide,ChemicalEntity,D005905,733,746,train
18945509,16,glipizide,ChemicalEntity,D005913,779,788,train
18945509,17,metformin,ChemicalEntity,D008687,854,863,train
18945509,18,glimepiride,ChemicalEntity,C057619,919,930,train
18945509,19,gliclazide,ChemicalEntity,D005907,965,975,train
18945509,20,type 2 diabetes,DiseaseOrPhenotypicFeature,D003924,1058,1073,train
18945509,21,glibenclamide,ChemicalEntity,D005905,1079,1092,train
18945509,22,glipizide,ChemicalEntity,D005913,1096,1105,train
18945509,23,CAD,DiseaseOrPhenotypicFeature,D003324,1143,1146,train
18945509,24,gliclazide,ChemicalEntity,D005907,1164,1174,train
18945509,25,glimepiride,ChemicalEntity,C057619,1178,1189,train
18945509,26,patients,OrganismTaxon,9606,1247,1255,train
18945509,27,sulphonylureas,ChemicalEntity,D013453,1282,1296,train
18987260,0,adriamycin,ChemicalEntity,D004317,23,33,train
18987260,1,nephropathy,DiseaseOrPhenotypicFeature,D007674,34,45,train
18987260,2,hypertensive,DiseaseOrPhenotypicFeature,D006973,63,75,train
18987260,3,rats,OrganismTaxon,10116,76,80,train
18987260,4,losartan,ChemicalEntity,D019808,92,100,train
18987260,5,angiotensin II type-1 receptor,GeneOrGeneProduct,24180,186,216,train
18987260,6,losartan,ChemicalEntity,D019808,226,234,train
18987260,7,renal disease,DiseaseOrPhenotypicFeature,D007674,270,283,train
18987260,8,hypertensive,DiseaseOrPhenotypicFeature,D006973,313,325,train
18987260,9,rats,OrganismTaxon,10116,326,330,train
18987260,10,adriamycin,ChemicalEntity,D004317,342,352,train
18987260,11,ADR,ChemicalEntity,D004317,354,357,train
18987260,12,nephropathy,DiseaseOrPhenotypicFeature,D007674,359,370,train
18987260,13,ADR,ChemicalEntity,D004317,504,507,train
18987260,14,ADR,ChemicalEntity,D004317,512,515,train
18987260,15,LOS,ChemicalEntity,D019808,516,519,train
18987260,16,ADR,ChemicalEntity,D004317,527,530,train
18987260,17,ADR,ChemicalEntity,D004317,540,543,train
18987260,18,LOS,ChemicalEntity,D019808,544,547,train
18987260,19,ADR,ChemicalEntity,D004317,561,564,train
18987260,20,ADR,ChemicalEntity,D004317,619,622,train
18987260,21,LOS,ChemicalEntity,D019808,623,626,train
18987260,22,losartan,ChemicalEntity,D019808,639,647,train
18987260,23,ADR,ChemicalEntity,D004317,701,704,train
18987260,24,LOS,ChemicalEntity,D019808,705,708,train
18987260,25,ADR,ChemicalEntity,D004317,752,755,train
18987260,26,losartan,ChemicalEntity,D019808,1020,1028,train
18987260,27,glomerulosclerosis,DiseaseOrPhenotypicFeature,D005921,1125,1143,train
18987260,28,proteinuria,DiseaseOrPhenotypicFeature,D011507,1167,1178,train
18987260,29,losartan,ChemicalEntity,D019808,1205,1213,train
18987260,30,glomerulosclerosis,DiseaseOrPhenotypicFeature,D005921,1242,1260,train
18987260,31,atrophy,DiseaseOrPhenotypicFeature,D001284,1308,1315,train
18987260,32,interstitial fibrosis,DiseaseOrPhenotypicFeature,D005355,1320,1341,train
18987260,33,proteinuria,DiseaseOrPhenotypicFeature,D011507,1365,1376,train
18987260,34,chronic renal failure,DiseaseOrPhenotypicFeature,D007676,1381,1402,train
18987260,35,Losartan,ChemicalEntity,D019808,1404,1412,train
18987260,36,uraemia,DiseaseOrPhenotypicFeature,D014511,1421,1428,train
18987260,37,urea,ChemicalEntity,D014508,1443,1447,train
18987260,38,ADR,ChemicalEntity,D004317,1470,1473,train
18987260,39,nephropathy,DiseaseOrPhenotypicFeature,D007674,1474,1485,train
18987260,40,losartan,ChemicalEntity,D019808,1531,1539,train
18987260,41,atrophy,DiseaseOrPhenotypicFeature,D001284,1562,1569,train
18987260,42,fibrosis,DiseaseOrPhenotypicFeature,D005355,1601,1609,train
18987260,43,ADR,ChemicalEntity,D004317,1613,1616,train
18987260,44,nephropathy,DiseaseOrPhenotypicFeature,D007674,1617,1628,train
18987260,45,Losartan,ChemicalEntity,D019808,1642,1650,train
18987260,46,ADR,ChemicalEntity,D004317,1686,1689,train
18987260,47,focal segmental glomerulosclerosis,DiseaseOrPhenotypicFeature,D005923,1698,1732,train
18987260,48,end-stage renal disease,DiseaseOrPhenotypicFeature,D007676,1736,1759,train
19058010,0,green tea,ChemicalEntity,D010936,10,19,train
19058010,1,vitamin E,ChemicalEntity,D014810,24,33,train
19058010,2,isoproterenol,ChemicalEntity,D007545,49,62,train
19058010,3,myocardial infarction,DiseaseOrPhenotypicFeature,D009203,71,92,train
19058010,4,rats,OrganismTaxon,10116,96,100,train
19058010,5,green tea,ChemicalEntity,D010936,169,178,train
19058010,6,vitamin E,ChemicalEntity,D014810,183,192,train
19058010,7,lipid,ChemicalEntity,D008055,245,250,train
19058010,8,antioxidants,ChemicalEntity,D000975,276,288,train
19058010,9,isoproterenol,ChemicalEntity,D007545,319,332,train
19058010,10,ISO,ChemicalEntity,D007545,334,337,train
19058010,11,myocardial infarction,DiseaseOrPhenotypicFeature,D009203,347,368,train
19058010,12,rats,OrganismTaxon,10116,372,376,train
19058010,13,rats,OrganismTaxon,10116,396,400,train
19058010,14,ISO,ChemicalEntity,D007545,415,418,train
19058010,15,lipid,ChemicalEntity,D008055,550,555,train
19058010,16,Ca+2 ATPase,ChemicalEntity,D000252,573,584,train
19058010,17,antioxidants,ChemicalEntity,D000975,668,680,train
19058010,18,Na+/ K+ ATPase,ChemicalEntity,D000254,682,696,train
19058010,19,Mg+2 ATPase,ChemicalEntity,D017301,701,712,train
19058010,20,green tea,ChemicalEntity,D010936,739,748,train
19058010,21,vitamin E,ChemicalEntity,D014810,775,784,train
19058010,22,ISO,ChemicalEntity,D007545,860,863,train
19058010,23,lipid,ChemicalEntity,D008055,968,973,train
19058010,24,Ca+2 ATPase,ChemicalEntity,D000252,988,999,train
19058010,25,antioxidants,ChemicalEntity,D000975,1058,1070,train
19058010,26,Na+/K+ ATPase,ChemicalEntity,D000254,1072,1085,train
19058010,27,Mg+2 ATPase,ChemicalEntity,D017301,1090,1101,train
19058010,28,ISO,ChemicalEntity,D007545,1121,1124,train
19058010,29,green tea,ChemicalEntity,D010936,1143,1152,train
19058010,30,vitamin E,ChemicalEntity,D014810,1156,1165,train
19058010,31,green tea,ChemicalEntity,D010936,1249,1258,train
19058010,32,vitamin E,ChemicalEntity,D014810,1263,1272,train
19058010,33,ISO,ChemicalEntity,D007545,1280,1283,train
19058010,34,myocardial infarction,DiseaseOrPhenotypicFeature,D009203,1292,1313,train
19058010,35,rats,OrganismTaxon,10116,1317,1321,train
19108278,0,propranolol,ChemicalEntity,D011433,52,63,train
19108278,1,cardiac arrhythmias,DiseaseOrPhenotypicFeature,D001145,85,104,train
19108278,2,propranolol,ChemicalEntity,D011433,132,143,train
19108278,3,isoprenaline,ChemicalEntity,D007545,285,297,train
19108278,4,propranolol,ChemicalEntity,D011433,303,314,train
19108278,5,propranolol,ChemicalEntity,D011433,362,373,train
19108278,6,propranolol,ChemicalEntity,D011433,397,408,train
19108278,7,isoprenaline,ChemicalEntity,D007545,443,455,train
19108278,8,isoprenaline,ChemicalEntity,D007545,568,580,train
19108278,9,dogs,OrganismTaxon,9615,584,588,train
19108278,10,glucose,ChemicalEntity,D005947,617,624,train
19108278,11,lactate,ChemicalEntity,D019344,626,633,train
19108278,12,fatty acids,ChemicalEntity,D005227,643,654,train
19108278,13,propranolol,ChemicalEntity,D011433,680,691,train
19108278,14,Propranolol,ChemicalEntity,D011433,697,708,train
19108278,15,fatty acid,ChemicalEntity,D005227,726,736,train
19108278,16,lactate,ChemicalEntity,D019344,799,806,train
19108278,17,glucose,ChemicalEntity,D005947,811,818,train
19108278,18,propranolol,ChemicalEntity,D011433,838,849,train
19108278,19,guinea-pigs,OrganismTaxon,10141,924,935,train
19108278,20,propranolol,ChemicalEntity,D011433,954,965,train
19108278,21,procaine,ChemicalEntity,D011343,1095,1103,train
19108278,22,propranolol,ChemicalEntity,D011433,1194,1205,train
19108278,23,adrenaline,ChemicalEntity,D004837,1233,1243,train
19108278,24,cardiac arrhythmias,DiseaseOrPhenotypicFeature,D001145,1252,1271,train
19108278,25,cats,OrganismTaxon,9685,1275,1279,train
19108278,26,halothane,ChemicalEntity,D006221,1299,1308,train
19108278,27,propranolol,ChemicalEntity,D011433,1335,1346,train
19108278,28,propranolol,ChemicalEntity,D011433,1389,1400,train
19108278,29,propranolol,ChemicalEntity,D011433,1457,1468,train
19108278,30,arrhythmias,DiseaseOrPhenotypicFeature,D001145,1563,1574,train
19108278,31,adrenaline,ChemicalEntity,D004837,1636,1646,train
19108278,32,propranolol,ChemicalEntity,D011433,1666,1677,train
19108278,33,ventricular tachycardia,DiseaseOrPhenotypicFeature,D017180,1709,1732,train
19108278,34,ouabain,ChemicalEntity,D010042,1743,1750,train
19108278,35,cats,OrganismTaxon,9685,1768,1772,train
19108278,36,dogs,OrganismTaxon,9615,1777,1781,train
19108278,37,propranolol,ChemicalEntity,D011433,1799,1810,train
19108278,38,propranolol,ChemicalEntity,D011433,1854,1865,train
19445921,0,salvianolic acid A,ChemicalEntity,C066201,27,45,train
19445921,1,isoproterenol,ChemicalEntity,D007545,49,62,train
19445921,2,myocardial infarction,DiseaseOrPhenotypicFeature,D009203,71,92,train
19445921,3,rats,OrganismTaxon,10116,96,100,train
19445921,4,salvianolic acid A,ChemicalEntity,C066201,179,197,train
19445921,5,isoproterenol,ChemicalEntity,D007545,201,214,train
19445921,6,myocardial infarction,DiseaseOrPhenotypicFeature,D009203,223,244,train
19445921,7,rats,OrganismTaxon,10116,248,252,train
19445921,8,Isoproterenol,ChemicalEntity,D007545,556,569,train
19445921,9,rats,OrganismTaxon,10116,578,582,train
19445921,10,lactate dehydrogenase,GeneOrGeneProduct,24533,629,650,train
19445921,11,aspartate transaminase,GeneOrGeneProduct,25721,652,674,train
19445921,12,creatine kinase,GeneOrGeneProduct,24264,676,691,train
19445921,13,malondialdehyde,ChemicalEntity,D008315,696,711,train
19445921,14,superoxide dismutase,GeneOrGeneProduct,24786,759,779,train
19445921,15,catalase,GeneOrGeneProduct,24248,781,789,train
19445921,16,glutathione peroxidase,GeneOrGeneProduct,24404,794,816,train
19445921,17,rats,OrganismTaxon,10116,843,847,train
19445921,18,mitochondrial respiratory dysfunction,DiseaseOrPhenotypicFeature,D028361,1059,1096,train
19445921,19,ADP,ChemicalEntity,D000244,1154,1157,train
19445921,20,isoproterenol,ChemicalEntity,D007545,1176,1189,train
19445921,21,rats,OrganismTaxon,10116,1198,1202,train
19445921,22,salvianolic acid A,ChemicalEntity,C066201,1222,1240,train
19445921,23,isoproterenol,ChemicalEntity,D007545,1289,1302,train
19445921,24,cardiac dysfunction,DiseaseOrPhenotypicFeature,D006331,1311,1330,train
19445921,25,myocardial injury,DiseaseOrPhenotypicFeature,D009202,1335,1352,train
19445921,26,salvianolic acid A,ChemicalEntity,C066201,1425,1443,train
19445921,27,isoproterenol,ChemicalEntity,D007545,1452,1465,train
19445921,28,myocardial damage,DiseaseOrPhenotypicFeature,D009202,1474,1491,train
19445921,29,salvianolic acid A,ChemicalEntity,C066201,1586,1604,train
19445921,30,isoproterenol,ChemicalEntity,D007545,1681,1694,train
19445921,31,myocardial infarction,DiseaseOrPhenotypicFeature,D009203,1703,1724,train
19631624,0,Learning and memory deficits,DiseaseOrPhenotypicFeature,"D007859,D008569",0,28,train
19631624,1,ecstasy,ChemicalEntity,D018817,32,39,train
19631624,2,ecstasy,ChemicalEntity,D018817,139,146,train
19631624,3,impairments in learning and memory,DiseaseOrPhenotypicFeature,"D007859,D008569",161,195,train
19631624,4,ecstasy,ChemicalEntity,D018817,251,258,train
19631624,5,ecstasy,ChemicalEntity,D018817,616,623,train
19631624,6,cannabis,ChemicalEntity,D002188,693,701,train
19631624,7,ecstasy,ChemicalEntity,D018817,713,720,train
19631624,8,cannabis,ChemicalEntity,D002188,782,790,train
19631624,9,Deficits in learning and memory,DiseaseOrPhenotypicFeature,"D007859,D008569",854,885,train
19631624,10,hyperactivity,DiseaseOrPhenotypicFeature,D006948,903,916,train
19631624,11,cannabis,ChemicalEntity,D002188,952,960,train
19631624,12,Ecstasy,ChemicalEntity,D018817,995,1002,train
19631624,13,cannabis,ChemicalEntity,D002188,1087,1095,train
19631624,14,ecstasy,ChemicalEntity,D018817,1179,1186,train
19631624,15,hyperactivity,DiseaseOrPhenotypicFeature,D006948,1196,1209,train
19631624,16,Ecstasy,ChemicalEntity,D018817,1330,1337,train
19631624,17,ecstasy,ChemicalEntity,D018817,1471,1478,train
19631624,18,cannabis,ChemicalEntity,D002188,1483,1491,train
19631624,19,ecstasy,ChemicalEntity,D018817,1665,1672,train
19631624,20,cannabis,ChemicalEntity,D002188,1733,1741,train
19631624,21,ecstasy,ChemicalEntity,D018817,1753,1760,train
19631624,22,neurotoxic,DiseaseOrPhenotypicFeature,D020258,1861,1871,train
19631624,23,ecstasy,ChemicalEntity,D018817,1883,1890,train
19692487,0,Mice,OrganismTaxon,10090,0,4,train
19692487,1,mPGES-1,GeneOrGeneProduct,64292,13,20,train
19692487,2,lithium,ChemicalEntity,D008094,38,45,train
19692487,3,polyuria,DiseaseOrPhenotypicFeature,D011141,54,62,train
19692487,4,Cyclooxygenase-2,GeneOrGeneProduct,19225,64,80,train
19692487,5,lithium,ChemicalEntity,D008094,125,132,train
19692487,6,polyuria,DiseaseOrPhenotypicFeature,D011141,141,149,train
19692487,7,prostaglandin,ChemicalEntity,D011453,200,213,train
19692487,8,PG,ChemicalEntity,D011453,215,217,train
19692487,9,lithium,ChemicalEntity,D008094,296,303,train
19692487,10,polyuria,DiseaseOrPhenotypicFeature,D011141,312,320,train
19692487,11,mice,OrganismTaxon,10090,324,328,train
19692487,12,microsomal prostaglandin E synthase-1,GeneOrGeneProduct,64292,342,379,train
19692487,13,mPGES-1,GeneOrGeneProduct,64292,381,388,train
19692487,14,LiCl,ChemicalEntity,D018021,416,420,train
19692487,15,mPGES-1,GeneOrGeneProduct,64292,451,458,train
19692487,16,mice,OrganismTaxon,10090,463,467,train
19692487,17,polyuria,DiseaseOrPhenotypicFeature,D011141,484,492,train
19692487,18,mPGES-1,GeneOrGeneProduct,64292,556,563,train
19692487,19,PGE(2),ChemicalEntity,D015232,603,609,train
19692487,20,mPGES-1,GeneOrGeneProduct,64292,634,641,train
19692487,21,mice,OrganismTaxon,10090,646,650,train
19692487,22,lithium,ChemicalEntity,D008094,677,684,train
19692487,23,polyuria,DiseaseOrPhenotypicFeature,D011141,693,701,train
19692487,24,PGE(2),ChemicalEntity,D015232,790,796,train
19692487,25,cAMP,ChemicalEntity,D000242,801,805,train
19692487,26,aquaporin-2,GeneOrGeneProduct,11827,928,939,train
19692487,27,AQP2,GeneOrGeneProduct,11827,941,945,train
19692487,28,lithium,ChemicalEntity,D008094,1006,1013,train
19692487,29,mice,OrganismTaxon,10090,1026,1030,train
19692487,30,mice,OrganismTaxon,10090,1086,1090,train
19692487,31,AQP2,GeneOrGeneProduct,11827,1140,1144,train
19692487,32,Na-K-2Cl cotransporter,GeneOrGeneProduct,20495,1234,1256,train
19692487,33,NKCC2,GeneOrGeneProduct,20495,1258,1263,train
19692487,34,mice,OrganismTaxon,10090,1313,1317,train
19692487,35,lithium,ChemicalEntity,D008094,1347,1354,train
19692487,36,NKCC2,GeneOrGeneProduct,20495,1416,1421,train
19692487,37,mice,OrganismTaxon,10090,1473,1477,train
19692487,38,mPGES-1,GeneOrGeneProduct,64292,1496,1503,train
19692487,39,PGE(2),ChemicalEntity,D015232,1512,1518,train
19692487,40,lithium,ChemicalEntity,D008094,1528,1535,train
19692487,41,polyuria,DiseaseOrPhenotypicFeature,D011141,1544,1552,train
19692487,42,AQP2,GeneOrGeneProduct,11827,1578,1582,train
19692487,43,NKCC2,GeneOrGeneProduct,20495,1587,1592,train
19719056,0,Dextran,ChemicalEntity,D003911,0,7,train
19719056,1,etodolac,ChemicalEntity,D017308,8,16,train
19719056,2,Etodolac,ChemicalEntity,D017308,73,81,train
19719056,3,E,ChemicalEntity,D017308,83,84,train
19719056,4,antiinflammatory drug,ChemicalEntity,D000893,119,140,train
19719056,5,dextran,ChemicalEntity,D003911,166,173,train
19719056,6,etodolac,ChemicalEntity,D017308,222,230,train
19719056,7,dextran,ChemicalEntity,D003911,231,238,train
19719056,8,ED,ChemicalEntity,"D003911,D017308",251,253,train
19719056,9,N-acylimidazole,ChemicalEntity,-,357,372,train
19719056,10,etodolac,ChemicalEntity,D017308,387,395,train
19719056,11,EAI,ChemicalEntity,-,397,400,train
19719056,12,dextran,ChemicalEntity,D003911,449,456,train
19719056,13,ester,ChemicalEntity,D004952,563,568,train
19719056,14,Etodolac,ChemicalEntity,D017308,596,604,train
19719056,15,ED,ChemicalEntity,"D003911,D017308",789,791,train
19719056,16,human,OrganismTaxon,9606,854,859,train
19719056,17,etodolac,ChemicalEntity,D017308,903,911,train
19719056,18,ED,ChemicalEntity,"D003911,D017308",925,927,train
19719056,19,human,OrganismTaxon,9606,989,994,train
19719056,20,acetic acid,ChemicalEntity,D019342,1165,1176,train
19719056,21,mice,OrganismTaxon,10090,1201,1205,train
19719056,22,carrageenan,ChemicalEntity,D002351,1211,1222,train
19719056,23,rat,OrganismTaxon,10116,1231,1234,train
19719056,24,edema,DiseaseOrPhenotypicFeature,D004487,1239,1244,train
19719056,25,E,ChemicalEntity,D017308,1292,1293,train
19719056,26,etodolac,ChemicalEntity,D017308,1579,1587,train
19721134,0,pilocarpine,ChemicalEntity,D010862,59,70,train
19721134,1,pilocarpine,ChemicalEntity,D010862,140,151,train
19721134,2,aconitine,ChemicalEntity,D000157,207,216,train
19721134,3,rat,OrganismTaxon,10116,225,228,train
19721134,4,ouabain,ChemicalEntity,D010042,233,240,train
19721134,5,guinea pig,OrganismTaxon,10141,249,259,train
19721134,6,arrhythmia,DiseaseOrPhenotypicFeature,D001145,260,270,train
19721134,7,calcium,ChemicalEntity,D002118,338,345,train
19721134,8,Ca(2+),ChemicalEntity,D002118,363,369,train
19721134,9,pilocarpine,ChemicalEntity,D010862,426,437,train
19721134,10,arrhythmias,DiseaseOrPhenotypicFeature,D001145,469,480,train
19721134,11,ventricular tachycardia and fibrillation,DiseaseOrPhenotypicFeature,D017180|D014693,511,551,train
19721134,12,arrhythmia,DiseaseOrPhenotypicFeature,D001145,561,571,train
19721134,13,arrhythmic,DiseaseOrPhenotypicFeature,D001145,614,624,train
19721134,14,rats,OrganismTaxon,10116,625,629,train
19721134,15,guinea pigs,OrganismTaxon,10141,634,645,train
19721134,16,Ca(2+),ChemicalEntity,D002118,648,654,train
19721134,17,aconitine,ChemicalEntity,D000157,679,688,train
19721134,18,ouabain,ChemicalEntity,D010042,692,699,train
19721134,19,pilocarpine,ChemicalEntity,D010862,749,760,train
19721134,20,M(3)-muscarinic acetylcholine receptor,GeneOrGeneProduct,"100379235,24260",772,810,train
19721134,21,mAChR,GeneOrGeneProduct,"100379235,24260",812,817,train
19721134,22,4-DAMP,ChemicalEntity,C042375,830,836,train
19721134,23,4-diphenylacetoxy-N-methylpiperidine-methiodide,ChemicalEntity,C042375,838,885,train
19721134,24,pilocarpine,ChemicalEntity,D010862,933,944,train
19721134,25,pilocarpine,ChemicalEntity,D010862,970,981,train
19721134,26,arrhythmic,DiseaseOrPhenotypicFeature,D001145,1017,1027,train
19721134,27,rat,OrganismTaxon,10116,1028,1031,train
19721134,28,guinea pig,OrganismTaxon,10141,1036,1046,train
19721134,29,aconitine,ChemicalEntity,D000157,1065,1074,train
19721134,30,ouabain,ChemicalEntity,D010042,1078,1085,train
19721134,31,M(3)-mAChR,GeneOrGeneProduct,"100379235,24260",1114,1124,train
19721134,32,Ca(2+),ChemicalEntity,D002118,1177,1183,train
19923525,0,Nimodipine,ChemicalEntity,D009553,0,10,train
19923525,1,memory impairment,DiseaseOrPhenotypicFeature,D008569,20,37,train
19923525,2,nitroglycerin,ChemicalEntity,D005996,48,61,train
19923525,3,hypotension,DiseaseOrPhenotypicFeature,D007022,70,81,train
19923525,4,mice,OrganismTaxon,10090,91,95,train
19923525,5,Hypotension,DiseaseOrPhenotypicFeature,D007022,109,120,train
19923525,6,cognitive dysfunction,DiseaseOrPhenotypicFeature,D003072,212,233,train
19923525,7,nimodipine,ChemicalEntity,D009553,265,275,train
19923525,8,NIMO,ChemicalEntity,D009553,277,281,train
19923525,9,nitroglycerin,ChemicalEntity,D005996,312,325,train
19923525,10,NTG,ChemicalEntity,D005996,327,330,train
19923525,11,hypotension,DiseaseOrPhenotypicFeature,D007022,340,351,train
19923525,12,mice,OrganismTaxon,10090,712,716,train
19923525,13,NTG,ChemicalEntity,D005996,790,793,train
19923525,14,NTG,ChemicalEntity,D005996,825,828,train
19923525,15,NTG,ChemicalEntity,D005996,852,855,train
19923525,16,NIMO,ChemicalEntity,D009553,860,864,train
19923525,17,NIMO,ChemicalEntity,D009553,885,889,train
19923525,18,hypotension,DiseaseOrPhenotypicFeature,D007022,911,922,train
19923525,19,Mice,OrganismTaxon,10090,1120,1124,train
19923525,20,hypotensive,DiseaseOrPhenotypicFeature,D007022,1138,1149,train
19923525,21,NTG,ChemicalEntity,D005996,1263,1266,train
19923525,22,NIMO,ChemicalEntity,D009553,1269,1273,train
19923525,23,NTG,ChemicalEntity,D005996,1286,1289,train
19923525,24,mice,OrganismTaxon,10090,1508,1512,train
19923525,25,NTG,ChemicalEntity,D005996,1567,1570,train
19923525,26,NTG,ChemicalEntity,D005996,1583,1586,train
19923525,27,NIMO,ChemicalEntity,D009553,1589,1593,train
19923525,28,mice,OrganismTaxon,10090,1809,1813,train
19923525,29,NIMO,ChemicalEntity,D009553,1827,1831,train
19923525,30,NTG,ChemicalEntity,D005996,2042,2045,train
19923525,31,NTG,ChemicalEntity,D005996,2117,2120,train
19923525,32,NIMO,ChemicalEntity,D009553,2123,2127,train
19923525,33,NTG,ChemicalEntity,D005996,2259,2262,train
19923525,34,mice,OrganismTaxon,10090,2359,2363,train
19923525,35,hypotension,DiseaseOrPhenotypicFeature,D007022,2389,2400,train
19923525,36,NIMO,ChemicalEntity,D009553,2416,2420,train
19923525,37,NTG,ChemicalEntity,D005996,2494,2497,train
19923525,38,hypotension,DiseaseOrPhenotypicFeature,D007022,2544,2555,train
19923525,39,NIMO,ChemicalEntity,D009553,2580,2584,train
19923525,40,calcium,ChemicalEntity,D002118,2635,2642,train
19923525,41,hypotension,DiseaseOrPhenotypicFeature,D007022,2662,2673,train
20080983,0,modafinil,ChemicalEntity,C048833,23,32,train
20080983,1,cocaine,ChemicalEntity,D003042,53,60,train
20080983,2,modafinil,ChemicalEntity,C048833,157,166,train
20080983,3,daytime sleepiness,DiseaseOrPhenotypicFeature,D012893,180,198,train
20080983,4,cocaine,ChemicalEntity,D003042,210,217,train
20080983,5,cocaine,ChemicalEntity,D003042,240,247,train
20080983,6,modafinil,ChemicalEntity,C048833,305,314,train
20080983,7,inpatient,OrganismTaxon,9606,394,403,train
20080983,8,cocaine,ChemicalEntity,D003042,919,926,train
20080983,9,modafinil,ChemicalEntity,C048833,1029,1038,train
20080983,10,cocaine,ChemicalEntity,D003042,1111,1118,train
20080983,11,modafinil,ChemicalEntity,C048833,1157,1166,train
20080983,12,cocaine,ChemicalEntity,D003042,1389,1396,train
20080983,13,modafinil,ChemicalEntity,C048833,1465,1474,train
20080983,14,cocaine,ChemicalEntity,D003042,1478,1485,train
20080983,15,Modafinil,ChemicalEntity,C048833,1510,1519,train
20080983,16,daytime sleepiness,DiseaseOrPhenotypicFeature,D012893,1669,1687,train
20080983,17,modafinil,ChemicalEntity,C048833,1716,1725,train
20080983,18,daytime sleepiness,DiseaseOrPhenotypicFeature,D012893,1797,1815,train
20080983,19,cocaine,ChemicalEntity,D003042,1829,1836,train
20080983,20,cocaine,ChemicalEntity,D003042,1894,1901,train
20447294,0,morphine,ChemicalEntity,D009020,27,35,train
20447294,1,sodium channel blocker,ChemicalEntity,D026941,48,70,train
20447294,2,CNSB002,ChemicalEntity,C401121,72,79,train
20447294,3,rat,OrganismTaxon,10116,84,87,train
20447294,4,inflammatory,DiseaseOrPhenotypicFeature,D007249,98,110,train
20447294,5,neuropathic pain,DiseaseOrPhenotypicFeature,D009437,115,131,train
20447294,6,CNSB002,ChemicalEntity,C401121,197,204,train
20447294,7,sodium channel blocker,ChemicalEntity,D026941,208,230,train
20447294,8,morphine,ChemicalEntity,D009020,296,304,train
20447294,9,rat,OrganismTaxon,10116,308,311,train
20447294,10,inflammatory,DiseaseOrPhenotypicFeature,D007249,322,334,train
20447294,11,neuropathic pain,DiseaseOrPhenotypicFeature,D009437,339,355,train
20447294,12,morphine,ChemicalEntity,D009020,411,419,train
20447294,13,CNSB002,ChemicalEntity,C401121,424,431,train
20447294,14,rat,OrganismTaxon,10116,582,585,train
20447294,15,pain,DiseaseOrPhenotypicFeature,D010146,586,590,train
20447294,16,carrageenan,ChemicalEntity,D002351,599,610,train
20447294,17,inflammation,DiseaseOrPhenotypicFeature,D007249,623,635,train
20447294,18,streptozotocin,ChemicalEntity,D013311,640,654,train
20447294,19,STZ,ChemicalEntity,D013311,656,659,train
20447294,20,diabetic neuropathy,DiseaseOrPhenotypicFeature,D003929,669,688,train
20447294,21,morphine,ChemicalEntity,D009020,735,743,train
20447294,22,CNSB002,ChemicalEntity,C401121,756,763,train
20447294,23,CNSB002,ChemicalEntity,C401121,786,793,train
20447294,24,morphine,ChemicalEntity,D009020,799,807,train
20447294,25,hyperalgesia,DiseaseOrPhenotypicFeature,D006930,880,892,train
20447294,26,carrageenan,ChemicalEntity,D002351,940,951,train
20447294,27,STZ,ChemicalEntity,D013311,998,1001,train
20447294,28,neuropathy,DiseaseOrPhenotypicFeature,D009422,1010,1020,train
20447294,29,CNSB002,ChemicalEntity,C401121,1031,1038,train
20447294,30,morphine,ChemicalEntity,D009020,1043,1051,train
20447294,31,morphine,ChemicalEntity,D009020,1168,1176,train
20447294,32,CNSB002,ChemicalEntity,C401121,1208,1215,train
20447294,33,carrageenan,ChemicalEntity,D002351,1290,1301,train
20447294,34,neuropathy,DiseaseOrPhenotypicFeature,D009422,1331,1341,train
20447294,35,morphine,ChemicalEntity,D009020,1394,1402,train
20447294,36,CNSB002,ChemicalEntity,C401121,1455,1462,train
20447294,37,hyperalgesia,DiseaseOrPhenotypicFeature,D006930,1514,1526,train
20447294,38,inflammatory,DiseaseOrPhenotypicFeature,D007249,1534,1546,train
20447294,39,neuropathic,DiseaseOrPhenotypicFeature,D009422,1551,1562,train
20447294,40,morphine,ChemicalEntity,D009020,1763,1771,train
20447294,41,CNSB002,ChemicalEntity,C401121,1845,1852,train
20510337,0,Coenzyme Q10,ChemicalEntity,C024989,0,12,train
20510337,1,cisplatin,ChemicalEntity,D002945,41,50,train
20510337,2,nephrotoxicity,DiseaseOrPhenotypicFeature,D007674,51,65,train
20510337,3,mice,OrganismTaxon,10090,69,73,train
20510337,4,coenzyme Q10,ChemicalEntity,C024989,106,118,train
20510337,5,mice,OrganismTaxon,10090,139,143,train
20510337,6,acute renal injury,DiseaseOrPhenotypicFeature,D058186,149,167,train
20510337,7,cisplatin,ChemicalEntity,D002945,206,215,train
20510337,8,Coenzyme Q10,ChemicalEntity,C024989,227,239,train
20510337,9,cisplatin,ChemicalEntity,D002945,329,338,train
20510337,10,Coenzyme Q10,ChemicalEntity,C024989,355,367,train
20510337,11,blood urea nitrogen,ChemicalEntity,D001806,390,409,train
20510337,12,creatinine,ChemicalEntity,D003404,420,430,train
20510337,13,cisplatin,ChemicalEntity,D002945,462,471,train
20510337,14,Coenzyme Q10,ChemicalEntity,C024989,473,485,train
20510337,15,glutathione,ChemicalEntity,D005978,568,579,train
20510337,16,superoxide dismutase,GeneOrGeneProduct,20655,590,610,train
20510337,17,lipid,ChemicalEntity,D008055,633,638,train
20510337,18,tumor necrosis factor-alpha,GeneOrGeneProduct,21926,681,708,train
20510337,19,nitric oxide,ChemicalEntity,D009569,710,722,train
20510337,20,platinum,ChemicalEntity,D010984,727,735,train
20510337,21,selenium,ChemicalEntity,D012643,788,796,train
20510337,22,zinc,ChemicalEntity,D015032,801,805,train
20510337,23,cisplatin,ChemicalEntity,D002945,841,850,train
20510337,24,renal tissue damage,DiseaseOrPhenotypicFeature,D007674,891,910,train
20510337,25,cisplatin,ChemicalEntity,D002945,923,932,train
20510337,26,coenzyme Q10,ChemicalEntity,C024989,952,964,train
20510337,27,coenzyme Q10,ChemicalEntity,C024989,1019,1031,train
20510337,28,cisplatin,ChemicalEntity,D002945,1060,1069,train
20510337,29,nitric oxide synthase,GeneOrGeneProduct,18125,1106,1127,train
20510337,30,nuclear factor-kappaB,GeneOrGeneProduct,18033,1129,1150,train
20510337,31,caspase-3,GeneOrGeneProduct,12367,1152,1161,train
20510337,32,p53,GeneOrGeneProduct,22060,1166,1169,train
20510337,33,coenzyme Q10,ChemicalEntity,C024989,1209,1221,train
20510337,34,cisplatin,ChemicalEntity,D002945,1289,1298,train
20510337,35,nephrotoxicity,DiseaseOrPhenotypicFeature,D007674,1299,1313,train
20520283,0,asenapine,ChemicalEntity,C522667,23,32,train
20520283,1,haloperidol,ChemicalEntity,D006220,51,62,train
20520283,2,patients,OrganismTaxon,9606,83,91,train
20520283,3,schizophrenia,DiseaseOrPhenotypicFeature,D012559,119,132,train
20520283,4,Asenapine,ChemicalEntity,C522667,134,143,train
20520283,5,schizophrenia,DiseaseOrPhenotypicFeature,D012559,226,239,train
20520283,6,manic,DiseaseOrPhenotypicFeature,D001714,246,251,train
20520283,7,bipolar I disorder,DiseaseOrPhenotypicFeature,D001714,286,304,train
20520283,8,psychotic,DiseaseOrPhenotypicFeature,D011618,321,330,train
20520283,9,patients,OrganismTaxon,9606,377,385,train
20520283,10,schizophrenia,DiseaseOrPhenotypicFeature,D012559,397,410,train
20520283,11,asenapine,ChemicalEntity,C522667,463,472,train
20520283,12,asenapine,ChemicalEntity,C522667,500,509,train
20520283,13,haloperidol,ChemicalEntity,D006220,536,547,train
20520283,14,asenapine,ChemicalEntity,C522667,761,770,train
20520283,15,haloperidol,ChemicalEntity,D006220,795,806,train
20520283,16,asenapine,ChemicalEntity,C522667,950,959,train
20520283,17,haloperidol,ChemicalEntity,D006220,1015,1026,train
20520283,18,asenapine,ChemicalEntity,C522667,1194,1203,train
20520283,19,asenapine,ChemicalEntity,C522667,1423,1432,train
20520283,20,haloperidol,ChemicalEntity,D006220,1453,1464,train
20520283,21,Extrapyramidal symptoms,DiseaseOrPhenotypicFeature,D001480,1500,1523,train
20520283,22,asenapine,ChemicalEntity,C522667,1585,1594,train
20520283,23,haloperidol,ChemicalEntity,D006220,1615,1626,train
20520283,24,patients,OrganismTaxon,9606,1700,1708,train
20520283,25,asenapine,ChemicalEntity,C522667,1810,1819,train
20520283,26,haloperidol,ChemicalEntity,D006220,1824,1835,train
20520283,27,extrapyramidal symptoms,DiseaseOrPhenotypicFeature,D001480,1884,1907,train
20528871,0,nelarabine,ChemicalEntity,C104457,21,31,train
20528871,1,etoposide,ChemicalEntity,D005047,33,42,train
20528871,2,cyclophosphamide,ChemicalEntity,D003520,48,64,train
20528871,3,T-cell lymphoblastic leukaemia and lymphoma,DiseaseOrPhenotypicFeature,D015458|D016399,99,142,train
20528871,4,nelarabine,ChemicalEntity,C104457,168,178,train
20528871,5,AraG,ChemicalEntity,C104457,180,184,train
20528871,6,etoposide,ChemicalEntity,D005047,198,207,train
20528871,7,VP,ChemicalEntity,D005047,209,211,train
20528871,8,cyclophosphamide,ChemicalEntity,D003520,217,233,train
20528871,9,CPM,ChemicalEntity,D003520,235,238,train
20528871,10,T-cell leukaemia or lymphoma,DiseaseOrPhenotypicFeature,D015458|D016399,356,384,train
20528871,11,AraG,ChemicalEntity,C104457,435,439,train
20528871,12,neuropathy,DiseaseOrPhenotypicFeature,D009422,481,491,train
20528871,13,musculoskeletal pain,DiseaseOrPhenotypicFeature,D059352,496,516,train
20528871,14,Haematological toxicity,DiseaseOrPhenotypicFeature,D006402,518,541,train
20528871,15,AraG,ChemicalEntity,C104457,579,583,train
20528871,16,patients,OrganismTaxon,9606,697,705,train
20528871,17,AraG,ChemicalEntity,C104457,827,831,train
20528871,18,VP,ChemicalEntity,D005047,832,834,train
20528871,19,CPM,ChemicalEntity,D003520,835,838,train
20528871,20,AraG,ChemicalEntity,C104457,885,889,train
20528871,21,etoposide,ChemicalEntity,D005047,927,936,train
20528871,22,cyclophosphamide,ChemicalEntity,D003520,941,957,train
20528871,23,neurological toxicity,DiseaseOrPhenotypicFeature,D009422,968,989,train
20533999,0,Dopamine,ChemicalEntity,D004298,0,8,train
20533999,1,methamphetamine,ChemicalEntity,D008694,49,64,train
20533999,2,neurotoxicity,DiseaseOrPhenotypicFeature,D020258,73,86,train
20533999,3,dopamine,ChemicalEntity,D004298,115,123,train
20533999,4,DA,ChemicalEntity,D004298,125,127,train
20533999,5,methamphetamine,ChemicalEntity,D008694,138,153,train
20533999,6,METH,ChemicalEntity,D008694,155,159,train
20533999,7,toxicity,DiseaseOrPhenotypicFeature,D064420,169,177,train
20533999,8,DA,ChemicalEntity,D004298,243,245,train
20533999,9,toxicity,DiseaseOrPhenotypicFeature,D064420,273,281,train
20533999,10,DA,ChemicalEntity,D004298,311,313,train
20533999,11,toxicity,DiseaseOrPhenotypicFeature,D064420,340,348,train
20533999,12,DA,ChemicalEntity,D004298,428,430,train
20533999,13,L-dihydroxyphenylalanine,ChemicalEntity,D007980,537,561,train
20533999,14,alpha-methyl-para-tyrosine,ChemicalEntity,D019805,598,624,train
20533999,15,METH,ChemicalEntity,D008694,628,632,train
20533999,16,DA,ChemicalEntity,D004298,641,643,train
20533999,17,neurotoxicity,DiseaseOrPhenotypicFeature,D020258,644,657,train
20533999,18,mice,OrganismTaxon,10090,736,740,train
20533999,19,DA,ChemicalEntity,D004298,789,791,train
20533999,20,METH,ChemicalEntity,D008694,800,804,train
20533999,21,neurotoxicity,DiseaseOrPhenotypicFeature,D020258,805,818,train
20533999,22,METH,ChemicalEntity,D008694,854,858,train
20533999,23,mice,OrganismTaxon,10090,907,911,train
20533999,24,DA,ChemicalEntity,D004298,960,962,train
20533999,25,METH,ChemicalEntity,D008694,980,984,train
20533999,26,dopaminergic deficits,DiseaseOrPhenotypicFeature,D009461,993,1014,train
20533999,27,DA,ChemicalEntity,D004298,1124,1126,train
20533999,28,METH,ChemicalEntity,D008694,1167,1171,train
20533999,29,neurotoxicity,DiseaseOrPhenotypicFeature,D020258,1193,1206,train
20533999,30,DA,ChemicalEntity,D004298,1250,1252,train
20558148,0,NMDA receptors,GeneOrGeneProduct,24408,44,58,train
20558148,1,haloperidol,ChemicalEntity,D006220,99,110,train
20558148,2,catalepsy,DiseaseOrPhenotypicFeature,D002375,119,128,train
20558148,3,catalepsy,DiseaseOrPhenotypicFeature,D002375,742,751,train
20558148,4,dopamine receptor,GeneOrGeneProduct,24316,767,784,train
20558148,5,haloperidol,ChemicalEntity,D006220,793,804,train
20558148,6,rats,OrganismTaxon,10116,851,855,train
20558148,7,Haloperidol,ChemicalEntity,D006220,857,868,train
20558148,8,catalepsy,DiseaseOrPhenotypicFeature,D002375,877,886,train
20558148,9,glutamate NMDA receptor,GeneOrGeneProduct,24408,948,971,train
20558148,10,MK-801,ChemicalEntity,D016291,985,991,train
20558148,11,AP7,ChemicalEntity,C031231,1023,1026,train
20558148,12,NMDA receptor,GeneOrGeneProduct,24408,1065,1078,train
20558148,13,N-methyl-d-aspartate,ChemicalEntity,D016202,1087,1107,train
20558148,14,NMDA,ChemicalEntity,D016202,1109,1113,train
20558148,15,MK-801,ChemicalEntity,D016291,1200,1206,train
20558148,16,AP7,ChemicalEntity,C031231,1211,1214,train
20558148,17,haloperidol,ChemicalEntity,D006220,1250,1261,train
20558148,18,catalepsy,DiseaseOrPhenotypicFeature,D002375,1291,1300,train
20558148,19,NMDA,ChemicalEntity,D016202,1419,1423,train
20558148,20,glutamate,ChemicalEntity,D018698,1496,1505,train
20558148,21,haloperidol,ChemicalEntity,D006220,1575,1586,train
20558148,22,catalepsy,DiseaseOrPhenotypicFeature,D002375,1595,1604,train
20667451,0,Curcumin,ChemicalEntity,D003474,0,8,train
20667451,1,cognitive dysfunction,DiseaseOrPhenotypicFeature,D003072,21,42,train
20667451,2,phenobarbitone,ChemicalEntity,D010634,67,81,train
20667451,3,carbamazepine,ChemicalEntity,D002220,86,99,train
20667451,4,rats,OrganismTaxon,10116,113,117,train
20667451,5,antiepileptic drugs,ChemicalEntity,D000927,123,142,train
20667451,6,phenobarbitone,ChemicalEntity,D010634,144,158,train
20667451,7,carbamazepine,ChemicalEntity,D002220,163,176,train
20667451,8,cognitive impairment,DiseaseOrPhenotypicFeature,D003072,201,221,train
20667451,9,cognitive impairment,DiseaseOrPhenotypicFeature,D003072,336,356,train
20667451,10,antiepileptic drugs,ChemicalEntity,D000927,360,379,train
20667451,11,Curcumin,ChemicalEntity,D003474,381,389,train
20667451,12,antioxidant,ChemicalEntity,D000975,400,411,train
20667451,13,inflammatory,DiseaseOrPhenotypicFeature,D007249,418,430,train
20667451,14,curcumin,ChemicalEntity,D003474,546,554,train
20667451,15,phenobarbitone,ChemicalEntity,D010634,573,587,train
20667451,16,carbamazepine,ChemicalEntity,D002220,593,606,train
20667451,17,cognitive impairment,DiseaseOrPhenotypicFeature,D003072,615,635,train
20667451,18,rats,OrganismTaxon,10116,660,664,train
20667451,19,curcumin,ChemicalEntity,D003474,698,706,train
20667451,20,phenobarbitone,ChemicalEntity,D010634,712,726,train
20667451,21,carbamazepine,ChemicalEntity,D002220,731,744,train
20667451,22,rats,OrganismTaxon,10116,828,832,train
20667451,23,phenobarbitone,ChemicalEntity,D010634,963,977,train
20667451,24,carbamazepine,ChemicalEntity,D002220,982,995,train
20667451,25,malondialdehyde,ChemicalEntity,D008315,1009,1024,train
20667451,26,glutathione,ChemicalEntity,D005978,1037,1048,train
20667451,27,phenobarbitone,ChemicalEntity,D010634,1094,1108,train
20667451,28,carbamazepine,ChemicalEntity,D002220,1113,1126,train
20667451,29,impairment of learning and memory,DiseaseOrPhenotypicFeature,D003072,1159,1192,train
20667451,30,curcumin,ChemicalEntity,D003474,1247,1255,train
20667451,31,cognitive impairment,DiseaseOrPhenotypicFeature,D003072,1285,1305,train
20667451,32,antiepileptic drugs,ChemicalEntity,D000927,1368,1387,train
20667451,33,Curcumin,ChemicalEntity,D003474,1389,1397,train
20667451,34,phenobarbitone,ChemicalEntity,D010634,1493,1507,train
20667451,35,carbamazepine,ChemicalEntity,D002220,1519,1532,train
20667451,36,curcumin,ChemicalEntity,D003474,1558,1566,train
20667451,37,deterioration of cognitive functions,DiseaseOrPhenotypicFeature,D003072,1607,1643,train
20667451,38,rats,OrganismTaxon,10116,1668,1672,train
20667451,39,phenobarbitone,ChemicalEntity,D010634,1686,1700,train
20667451,40,carbamazepine,ChemicalEntity,D002220,1705,1718,train
20667451,41,curcumin,ChemicalEntity,D003474,1804,1812,train
20667451,42,phenobarbitone,ChemicalEntity,D010634,1877,1891,train
20667451,43,carbamazepine,ChemicalEntity,D002220,1896,1909,train
20667451,44,cognitive impairment,DiseaseOrPhenotypicFeature,D003072,1932,1952,train
20683499,0,constituents of Crocus sativus L.,ChemicalEntity,D010936,18,51,train
20683499,1,crocin,ChemicalEntity,C029036,53,59,train
20683499,2,streptozocin,ChemicalEntity,D013311,63,75,train
20683499,3,Alzheimer's disease,DiseaseOrPhenotypicFeature,D000544,102,121,train
20683499,4,rats,OrganismTaxon,10116,130,134,train
20683499,5,carotenoids,ChemicalEntity,D002338,181,192,train
20683499,6,crocins,ChemicalEntity,C029036,194,201,train
20683499,7,Crocus sativus L. extract,ChemicalEntity,D010936,240,265,train
20683499,8,crocins,ChemicalEntity,C029036,354,361,train
20683499,9,Alzheimer's disease,DiseaseOrPhenotypicFeature,D000544,374,393,train
20683499,10,streptozocin,ChemicalEntity,D013311,435,447,train
20683499,11,STZ,ChemicalEntity,D013311,449,452,train
20683499,12,rats,OrganismTaxon,10116,462,466,train
20683499,13,rats,OrganismTaxon,10116,512,516,train
20683499,14,crocins,ChemicalEntity,C029036,579,586,train
20683499,15,STZ,ChemicalEntity,D013311,609,612,train
20683499,16,STZ,ChemicalEntity,D013311,623,626,train
20683499,17,crocins,ChemicalEntity,C029036,629,636,train
20683499,18,Alzheimer's disease,DiseaseOrPhenotypicFeature,D000544,666,685,train
20683499,19,rats,OrganismTaxon,10116,694,698,train
20683499,20,STZ,ChemicalEntity,D013311,718,721,train
20683499,21,STZ,ChemicalEntity,D013311,789,792,train
20683499,22,STZ,ChemicalEntity,D013311,826,829,train
20683499,23,crocin,ChemicalEntity,C029036,832,838,train
20683499,24,crocin,ChemicalEntity,C029036,854,860,train
20683499,25,crocin,ChemicalEntity,C029036,975,981,train
20683499,26,crocin,ChemicalEntity,C029036,1210,1216,train
20683499,27,STZ,ChemicalEntity,D013311,1236,1239,train
20683499,28,rats,OrganismTaxon,10116,1249,1253,train
20683499,29,STZ,ChemicalEntity,D013311,1330,1333,train
20683499,30,rats,OrganismTaxon,10116,1343,1347,train
20683499,31,crocin,ChemicalEntity,C029036,1362,1368,train
20683499,32,learning and memory impairment,DiseaseOrPhenotypicFeature,"D007859,D008569",1422,1452,train
20683499,33,STZ,ChemicalEntity,D013311,1464,1467,train
20683499,34,crocin,ChemicalEntity,C029036,1580,1586,train
20683499,35,cognitive deficits,DiseaseOrPhenotypicFeature,D003072,1618,1636,train
20683499,36,STZ,ChemicalEntity,D013311,1647,1650,train
20683499,37,rats,OrganismTaxon,10116,1658,1662,train
20683499,38,neurodegenerative diseases,DiseaseOrPhenotypicFeature,D019636,1701,1727,train
20683499,39,Alzheimer's disease,DiseaseOrPhenotypicFeature,D000544,1736,1755,train
21195121,0,nitric oxide,ChemicalEntity,D009569,12,24,train
21195121,1,convulsions,DiseaseOrPhenotypicFeature,D012640,28,39,train
21195121,2,lindane,ChemicalEntity,D001556,51,58,train
21195121,3,rats,OrganismTaxon,10116,62,66,train
21195121,4,Lindane,ChemicalEntity,D001556,68,75,train
21195121,5,organochloride,ChemicalEntity,D006843,82,96,train
21195121,6,pesticide,ChemicalEntity,D010575,97,106,train
21195121,7,scabicide,ChemicalEntity,D056810,111,120,train
21195121,8,convulsions,DiseaseOrPhenotypicFeature,D012640,132,143,train
21195121,9,GABA(A) receptors,GeneOrGeneProduct,29705,174,191,train
21195121,10,Nitric oxide,ChemicalEntity,D009569,193,205,train
21195121,11,NO,ChemicalEntity,D009569,207,209,train
21195121,12,L-arginine,ChemicalEntity,D001120,306,316,train
21195121,13,NO syntheses,GeneOrGeneProduct,24598,331,343,train
21195121,14,NOS,GeneOrGeneProduct,24598,345,348,train
21195121,15,L-NAME,ChemicalEntity,D019331,355,361,train
21195121,16,NOS,GeneOrGeneProduct,24598,363,366,train
21195121,17,epilepsy,DiseaseOrPhenotypicFeature,D004827,400,408,train
21195121,18,NO,ChemicalEntity,D009569,478,480,train
21195121,19,lindane,ChemicalEntity,D001556,526,533,train
21195121,20,epilepsy,DiseaseOrPhenotypicFeature,D004827,542,550,train
21195121,21,rats,OrganismTaxon,10116,573,577,train
21195121,22,L-arginine,ChemicalEntity,D001120,601,611,train
21195121,23,convulsion,DiseaseOrPhenotypicFeature,D012640,693,703,train
21195121,24,convulsion,DiseaseOrPhenotypicFeature,D012640,763,773,train
21195121,25,lindane,ChemicalEntity,D001556,792,799,train
21195121,26,L-NAME,ChemicalEntity,D019331,857,863,train
21195121,27,convulsion,DiseaseOrPhenotypicFeature,D012640,905,915,train
21195121,28,convulsion,DiseaseOrPhenotypicFeature,D012640,969,979,train
21195121,29,convulsive,DiseaseOrPhenotypicFeature,D012640,1007,1017,train
21195121,30,lindane,ChemicalEntity,D001556,1026,1033,train
21195121,31,rats,OrganismTaxon,10116,1130,1134,train
21195121,32,l-arginine,ChemicalEntity,D001120,1145,1155,train
21195121,33,lindane,ChemicalEntity,D001556,1165,1172,train
21195121,34,rats,OrganismTaxon,10116,1204,1208,train
21195121,35,L-NAME,ChemicalEntity,D019331,1225,1231,train
21195121,36,NO,ChemicalEntity,D009569,1275,1277,train
21195121,37,convulsant,DiseaseOrPhenotypicFeature,D012640,1305,1315,train
21195121,38,rat,OrganismTaxon,10116,1319,1322,train
21195121,39,lindane,ChemicalEntity,D001556,1332,1339,train
21195121,40,seizures,DiseaseOrPhenotypicFeature,D012640,1340,1348,train
23949582,0,ifosfamide,ChemicalEntity,D007069,26,36,train
23949582,1,mesna,ChemicalEntity,D015080,38,43,train
23949582,2,rabbit,OrganismTaxon,9986,81,87,train
23949582,3,Ifosfamide,ChemicalEntity,D007069,140,150,train
23949582,4,IFO,ChemicalEntity,D007069,152,155,train
23949582,5,alkylating nitrogen mustard,ChemicalEntity,D008357,163,190,train
23949582,6,hemorrhagic,DiseaseOrPhenotypicFeature,D006470,297,308,train
23949582,7,cystitis,DiseaseOrPhenotypicFeature,D003556,309,317,train
23949582,8,IFO,ChemicalEntity,D007069,339,342,train
23949582,9,sodium 2-sulfanylethanesulfonate,ChemicalEntity,D015080,397,429,train
23949582,10,Mesna,ChemicalEntity,D015080,431,436,train
23949582,11,IFO,ChemicalEntity,D007069,479,482,train
23949582,12,Mesna,ChemicalEntity,D015080,487,492,train
23949582,13,rabbit,OrganismTaxon,9986,526,532,train
23949582,14,Mesna,ChemicalEntity,D015080,716,721,train
23949582,15,IFO,ChemicalEntity,D007069,752,755,train
23949582,16,IFO,ChemicalEntity,D007069,840,843,train
23949582,17,Mesna,ChemicalEntity,D015080,916,921,train
23949582,18,IFO,ChemicalEntity,D007069,1002,1005,train
23949582,19,Mesna,ChemicalEntity,D015080,1059,1064,train
23949582,20,IFO,ChemicalEntity,D007069,1087,1090,train
23949582,21,genotoxicity,DiseaseOrPhenotypicFeature,D030342,1093,1105,train
24132704,0,Crocin,ChemicalEntity,C029036,0,6,train
24132704,1,lipid,ChemicalEntity,D008055,16,21,train
24132704,2,diazinon,ChemicalEntity,D003976,48,56,train
24132704,3,ERK1/2,GeneOrGeneProduct,"116590,50689",74,80,train
24132704,4,rat,OrganismTaxon,10116,92,95,train
24132704,5,Diazinon,ChemicalEntity,D003976,117,125,train
24132704,6,organophosphorus,ChemicalEntity,D010755,159,175,train
24132704,7,diazinon,ChemicalEntity,D003976,240,248,train
24132704,8,lipid,ChemicalEntity,D008055,268,273,train
24132704,9,crocin,ChemicalEntity,C029036,324,330,train
24132704,10,Extracellular signal-regulated kinase,GeneOrGeneProduct,"116590,50689",396,433,train
24132704,11,ERK,GeneOrGeneProduct,"116590,50689",435,438,train
24132704,12,low-density lipoprotein receptor,GeneOrGeneProduct,300438,452,484,train
24132704,13,LDLr,GeneOrGeneProduct,300438,486,490,train
24132704,14,lipid,ChemicalEntity,D008055,571,576,train
24132704,15,ERK,GeneOrGeneProduct,"116590,50689",589,592,train
24132704,16,LDLr,GeneOrGeneProduct,300438,597,601,train
24132704,17,rats,OrganismTaxon,10116,629,633,train
24132704,18,diazinon,ChemicalEntity,D003976,654,662,train
24132704,19,crocin,ChemicalEntity,C029036,699,705,train
24132704,20,diazinon,ChemicalEntity,D003976,709,717,train
24132704,21,cholesterol,ChemicalEntity,D002784,736,747,train
24132704,22,Rats,OrganismTaxon,10116,785,789,train
24132704,23,Corn oil,ChemicalEntity,D003314,864,872,train
24132704,24,diazinon,ChemicalEntity,D003976,884,892,train
24132704,25,crocin,ChemicalEntity,C029036,923,929,train
24132704,26,diazinon,ChemicalEntity,D003976,996,1004,train
24132704,27,cholesterol,ChemicalEntity,D002784,1031,1042,train
24132704,28,triglyceride,ChemicalEntity,D014280,1044,1056,train
24132704,29,LDL,ChemicalEntity,D008077,1061,1064,train
24132704,30,rats,OrganismTaxon,10116,1077,1081,train
24132704,31,LDLr,GeneOrGeneProduct,300438,1121,1125,train
24132704,32,ERK1/2,GeneOrGeneProduct,"116590,50689",1130,1136,train
24132704,33,ERK1/2,GeneOrGeneProduct,"116590,50689",1195,1201,train
24132704,34,rat,OrganismTaxon,10116,1205,1208,train
24132704,35,diazinon,ChemicalEntity,D003976,1364,1372,train
24132704,36,cholesterol,ChemicalEntity,D002784,1415,1426,train
24132704,37,triglyceride,ChemicalEntity,D014280,1428,1440,train
24132704,38,LDL,ChemicalEntity,D008077,1445,1448,train
24132704,39,diazinon,ChemicalEntity,D003976,1459,1467,train
24132704,40,ERK1/2,GeneOrGeneProduct,"116590,50689",1478,1484,train
24132704,41,LDLr,GeneOrGeneProduct,300438,1513,1517,train
24132704,42,Crocin,ChemicalEntity,C029036,1530,1536,train
24132704,43,ERK,GeneOrGeneProduct,"116590,50689",1559,1562,train
24132704,44,diazinon,ChemicalEntity,D003976,1578,1586,train
24132704,45,hyperlipemia,DiseaseOrPhenotypicFeature,D006949,1595,1607,train
24132704,46,LDLr,GeneOrGeneProduct,300438,1632,1636,train
24132704,47,Crocin,ChemicalEntity,C029036,1662,1668,train
24132704,48,diazinon,ChemicalEntity,D003976,1718,1726,train
24132704,49,hyperlipemia,DiseaseOrPhenotypicFeature,D006949,1735,1747,train
24132704,50,ERK,GeneOrGeneProduct,"116590,50689",1770,1773,train
24132704,51,LDLr,GeneOrGeneProduct,300438,1798,1802,train
24309294,0,Cholecystokinin-octapeptide,ChemicalEntity,D012844,0,27,train
24309294,1,morphine,ChemicalEntity,D009020,37,45,train
24309294,2,rats,OrganismTaxon,10116,103,107,train
24309294,3,Cholecystokinin-octapeptide,ChemicalEntity,D012844,109,136,train
24309294,4,CCK-8,ChemicalEntity,D012844,138,143,train
24309294,5,CCK-8,ChemicalEntity,D012844,293,298,train
24309294,6,morphine,ChemicalEntity,D009020,324,332,train
24309294,7,amnesia,DiseaseOrPhenotypicFeature,D000647,341,348,train
24309294,8,morphine,ChemicalEntity,D009020,426,434,train
24309294,9,CCK-8,ChemicalEntity,D012844,489,494,train
24309294,10,rat,OrganismTaxon,10116,587,590,train
24309294,11,morphine,ChemicalEntity,D009020,629,637,train
24309294,12,rats,OrganismTaxon,10116,646,650,train
24309294,13,morphine,ChemicalEntity,D009020,759,767,train
24309294,14,CCK-8,ChemicalEntity,D012844,839,844,train
24309294,15,morphine,ChemicalEntity,D009020,911,919,train
24309294,16,CCK-8,ChemicalEntity,D012844,962,967,train
24309294,17,rats,OrganismTaxon,10116,1068,1072,train
24309294,18,CCK2 receptor,GeneOrGeneProduct,25706,1095,1108,train
24309294,19,"L-365,260",ChemicalEntity,C058121,1120,1129,train
24309294,20,CCK-8,ChemicalEntity,D012844,1168,1173,train
24309294,21,CCK1 receptor,GeneOrGeneProduct,24889,1183,1196,train
24309294,22,"L-364,718",ChemicalEntity,D020109,1208,1217,train
24309294,23,CCK-8,ChemicalEntity,D012844,1278,1283,train
24309294,24,morphine,ChemicalEntity,D009020,1309,1317,train
24309294,25,CCK2 receptors,GeneOrGeneProduct,25706,1345,1359,train
24309294,26,CCK-8,ChemicalEntity,D012844,1400,1405,train
24309294,27,morphine,ChemicalEntity,D009020,1409,1417,train
24309294,28,memory impairment,DiseaseOrPhenotypicFeature,D008569,1426,1443,train
24341598,0,sodium chloride,ChemicalEntity,D012965,34,49,train
24341598,1,diltiazem,ChemicalEntity,D004110,55,64,train
24341598,2,contrast,ChemicalEntity,D003287,82,90,train
24341598,3,nephropathy,DiseaseOrPhenotypicFeature,D007674,99,110,train
24341598,4,Contrast,ChemicalEntity,D003287,140,148,train
24341598,5,nephropathy,DiseaseOrPhenotypicFeature,D007674,157,168,train
24341598,6,CIN,DiseaseOrPhenotypicFeature,D007674,170,173,train
24341598,7,patients,OrganismTaxon,9606,230,238,train
24341598,8,sodium chloride,ChemicalEntity,D012965,327,342,train
24341598,9,sodium bicarbonate,ChemicalEntity,D017693,348,366,train
24341598,10,sodium chloride,ChemicalEntity,D012965,389,404,train
24341598,11,diltiazem,ChemicalEntity,D004110,419,428,train
24341598,12,calcium,ChemicalEntity,D002118,432,439,train
24341598,13,CIN,DiseaseOrPhenotypicFeature,D007674,471,474,train
24341598,14,patients,OrganismTaxon,9606,518,526,train
24341598,15,contrast,ChemicalEntity,D003287,571,579,train
24341598,16,creatinine,ChemicalEntity,D003404,641,651,train
24341598,17,Patients,OrganismTaxon,9606,686,694,train
24341598,18,patients,OrganismTaxon,9606,748,756,train
24341598,19,patients,OrganismTaxon,9606,777,785,train
24341598,20,sodium chloride,ChemicalEntity,D012965,812,827,train
24341598,21,dextrose,ChemicalEntity,D005947,885,893,train
24341598,22,sodium bicarbonate,ChemicalEntity,D017693,898,916,train
24341598,23,sodium chloride,ChemicalEntity,D012965,966,981,train
24341598,24,contrast,ChemicalEntity,D003287,1003,1011,train
24341598,25,diltiazem,ChemicalEntity,D004110,1075,1084,train
24341598,26,contrast,ChemicalEntity,D003287,1127,1135,train
24341598,27,patients,OrganismTaxon,9606,1158,1166,train
24341598,28,blood urea nitrogen,ChemicalEntity,D001806,1175,1194,train
24341598,29,BUN,ChemicalEntity,D001806,1196,1199,train
24341598,30,creatinine,ChemicalEntity,D003404,1205,1215,train
24341598,31,contrast,ChemicalEntity,D003287,1307,1315,train
24341598,32,creatinine,ChemicalEntity,D003404,1345,1355,train
24341598,33,patients,OrganismTaxon,9606,1429,1437,train
24341598,34,patients,OrganismTaxon,9606,1464,1472,train
24341598,35,acute renal failure,DiseaseOrPhenotypicFeature,D058186,1483,1502,train
24341598,36,ARF,DiseaseOrPhenotypicFeature,D058186,1504,1507,train
24341598,37,contrast,ChemicalEntity,D003287,1533,1541,train
24341598,38,patients,OrganismTaxon,9606,1587,1595,train
24341598,39,ARF,DiseaseOrPhenotypicFeature,D058186,1610,1613,train
24341598,40,sodium chloride,ChemicalEntity,D012965,1833,1848,train
24341598,41,sodium bicarbonate,ChemicalEntity,D017693,1850,1868,train
24341598,42,sodium chloride,ChemicalEntity,D012965,1882,1897,train
24341598,43,diltiazem,ChemicalEntity,D004110,1903,1912,train
24341598,44,CIN,DiseaseOrPhenotypicFeature,D007674,1942,1945,train
24535067,0,etomidate,ChemicalEntity,D005045,14,23,train
24535067,1,myoclonus,DiseaseOrPhenotypicFeature,D009207,32,41,train
24535067,2,Fentanyl,ChemicalEntity,D005283,62,70,train
24535067,3,midazolam,ChemicalEntity,D008874,72,81,train
24535067,4,fentanyl,ChemicalEntity,D005283,230,238,train
24535067,5,midazolam,ChemicalEntity,D008874,240,249,train
24535067,6,fentanyl,ChemicalEntity,D005283,272,280,train
24535067,7,midazolam,ChemicalEntity,D008874,285,294,train
24535067,8,etomidate,ChemicalEntity,D005045,306,315,train
24535067,9,myoclonus,DiseaseOrPhenotypicFeature,D009207,324,333,train
24535067,10,etomidate,ChemicalEntity,D005045,494,503,train
24535067,11,patients,OrganismTaxon,9606,509,517,train
24535067,12,fentanyl,ChemicalEntity,D005283,576,584,train
24535067,13,midazolam,ChemicalEntity,D008874,606,615,train
24535067,14,midazolam,ChemicalEntity,D008874,644,653,train
24535067,15,fentanyl,ChemicalEntity,D005283,670,678,train
24535067,16,Patients,OrganismTaxon,9606,703,711,train
24535067,17,etomidate,ChemicalEntity,D005045,875,884,train
24535067,18,Myoclonic movements,DiseaseOrPhenotypicFeature,D009069,940,959,train
24535067,19,etomidate,ChemicalEntity,D005045,1064,1073,train
24535067,20,pain,DiseaseOrPhenotypicFeature,D010146,1101,1105,train
24535067,21,etomidate,ChemicalEntity,D005045,1113,1122,train
24535067,22,myoclonus,DiseaseOrPhenotypicFeature,D009207,1246,1255,train
24535067,23,fentanyl,ChemicalEntity,D005283,1454,1462,train
24535067,24,fentanyl,ChemicalEntity,D005283,1481,1489,train
24535067,25,midazolam,ChemicalEntity,D008874,1494,1503,train
24535067,26,etomidate,ChemicalEntity,D005045,1532,1541,train
24535067,27,myoclonus,DiseaseOrPhenotypicFeature,D009207,1550,1559,train
24902786,0,Testosterone,ChemicalEntity,D013739,0,12,train
24902786,1,streptozotocin,ChemicalEntity,D013311,25,39,train
24902786,2,memory impairment,DiseaseOrPhenotypicFeature,D008569,48,65,train
24902786,3,rats,OrganismTaxon,10116,74,78,train
24902786,4,testosterone,ChemicalEntity,D013739,109,121,train
24902786,5,streptozotocin,ChemicalEntity,D013311,125,139,train
24902786,6,STZ,ChemicalEntity,D013311,141,144,train
24902786,7,memory impairment,DiseaseOrPhenotypicFeature,D008569,154,171,train
24902786,8,rats,OrganismTaxon,10116,180,184,train
24902786,9,rats,OrganismTaxon,10116,213,217,train
24902786,10,STZ,ChemicalEntity,D013311,268,271,train
24902786,11,STZ,ChemicalEntity,D013311,376,379,train
24902786,12,rats,OrganismTaxon,10116,434,438,train
24902786,13,Testosterone,ChemicalEntity,D013739,513,525,train
24902786,14,androgen receptor,GeneOrGeneProduct,367,555,572,train
24902786,15,flutamide,ChemicalEntity,D005485,584,593,train
24902786,16,estrogen receptor,GeneOrGeneProduct,2099,624,641,train
24902786,17,tamoxifen,ChemicalEntity,D013629,653,662,train
24902786,18,aromatase,GeneOrGeneProduct,25147,694,703,train
24902786,19,letrozole,ChemicalEntity,C067431,714,723,train
24902786,20,STZ,ChemicalEntity,D013311,803,806,train
24902786,21,STZ,ChemicalEntity,D013311,817,820,train
24902786,22,STL1,GeneOrGeneProduct,369068,875,879,train
24902786,23,STL2,GeneOrGeneProduct,369140,903,907,train
24902786,24,Testosterone,ChemicalEntity,D013739,954,966,train
24902786,25,STL1,GeneOrGeneProduct,369068,999,1003,train
24902786,26,STL2,GeneOrGeneProduct,369140,1008,1012,train
24902786,27,rats,OrganismTaxon,10116,1026,1030,train
24902786,28,STL1,GeneOrGeneProduct,369068,1064,1068,train
24902786,29,STL2,GeneOrGeneProduct,369140,1073,1077,train
24902786,30,STZ,ChemicalEntity,D013311,1081,1084,train
24902786,31,rats,OrganismTaxon,10116,1093,1097,train
24902786,32,flutamide,ChemicalEntity,D005485,1117,1126,train
24902786,33,letrozole,ChemicalEntity,C067431,1128,1137,train
24902786,34,tamoxifen,ChemicalEntity,D013629,1141,1150,train
24902786,35,rats,OrganismTaxon,10116,1195,1199,train
24902786,36,testosterone,ChemicalEntity,D013739,1234,1246,train
24902786,37,STZ,ChemicalEntity,D013311,1272,1275,train
24902786,38,memory impairment,DiseaseOrPhenotypicFeature,D008569,1300,1317,train
24902786,39,Testosterone,ChemicalEntity,D013739,1331,1343,train
24902786,40,STZ,ChemicalEntity,D013311,1371,1374,train
24902786,41,memory impairment,DiseaseOrPhenotypicFeature,D008569,1399,1416,train
24902786,42,rats,OrganismTaxon,10116,1432,1436,train
24927617,0,Rhabdomyolysis,DiseaseOrPhenotypicFeature,D012206,0,14,train
24927617,1,hepatitis C virus infected,DiseaseOrPhenotypicFeature,D006526,20,46,train
24927617,2,patient,OrganismTaxon,9606,47,54,train
24927617,3,telaprevir,ChemicalEntity,C486464,68,78,train
24927617,4,simvastatin,ChemicalEntity,D019821,83,94,train
24927617,5,man,OrganismTaxon,9606,110,113,train
24927617,6,hepatitis C virus infection,DiseaseOrPhenotypicFeature,D006526,129,156,train
24927617,7,ribavirin,ChemicalEntity,D012254,186,195,train
24927617,8,pegylated interferon,ChemicalEntity,C417083,197,217,train
24927617,9,telaprevir,ChemicalEntity,C486464,222,232,train
24927617,10,patient,OrganismTaxon,9606,238,245,train
24927617,11,simvastatin,ChemicalEntity,D019821,260,271,train
24927617,12,patient,OrganismTaxon,9606,325,332,train
24927617,13,rhabdomyolysis,DiseaseOrPhenotypicFeature,D012206,383,397,train
24927617,14,simvastatin,ChemicalEntity,D019821,412,423,train
24927617,15,antiviral drugs,ChemicalEntity,D000998,432,447,train
24927617,16,toxicity,DiseaseOrPhenotypicFeature,D064420,474,482,train
24927617,17,creatine kinase,ChemicalEntity,D003402,533,548,train
24927617,18,patient,OrganismTaxon,9606,579,586,train
24927617,19,patient,OrganismTaxon,9606,635,642,train
24927617,20,creatine kinase,ChemicalEntity,D003402,718,733,train
24927617,21,patient,OrganismTaxon,9606,773,780,train
24927617,22,Telaprevir,ChemicalEntity,C486464,797,807,train
24927617,23,simvastatin,ChemicalEntity,D019821,875,886,train
24927617,24,CYP3A4,GeneOrGeneProduct,1576,980,986,train
24927617,25,simvastatin,ChemicalEntity,D019821,996,1007,train
24927617,26,Simvastatin,ChemicalEntity,D019821,1019,1030,train
24927617,27,patient,OrganismTaxon,9606,1079,1086,train
24927617,28,statin,ChemicalEntity,D019821,1091,1097,train
24927617,29,muscle toxicity,DiseaseOrPhenotypicFeature,D009135,1106,1121,train
24927617,30,statin,ChemicalEntity,D019821,1161,1167,train
24927617,31,telaprevir,ChemicalEntity,C486464,1227,1237,train
24927617,32,statins,ChemicalEntity,D019821,1249,1256,train
